0,1,2,3,4,5,6,oximetry
-0.3836210834504489,-0.801588866721673,0.5817442090129686,0.26203080759233666,0.8128050577600354,-0.6095326696368542,0.0,1.0
0.21642878696745677,1.361306891381317,-1.2682881658090792,-1.3716298067377304,0.8430109224162332,-0.4010782026517876,0.0,0.0
1.0193340357846732,-0.9054767014048596,1.0501449135657228,0.7505224905107184,-0.5143714444500403,0.6367991061974628,0.0,1.0
-1.1531798493755503,0.47888398702840507,-0.9493780523542144,-1.150801333092973,0.47378797020195806,-0.6886623826324788,0.0,0.0
0.2504514147259667,-0.4927829744401106,0.9801850715412864,0.8604030666827326,0.97161829758816,-0.38108477664276474,0.0,1.0
-0.9723595371622101,-0.6848204459378185,1.4939132405724131,0.5089086182766531,0.602446243693607,-0.6791232812397466,0.0,1.0
-0.5363437520440536,-0.8867735191704004,0.8889003781477031,0.8269077355294698,0.5402631409647758,-0.6306643228832998,0.0,1.0
1.1146822408687085,1.8511031389498527,-2.0726277957406394,-1.4975632389358564,1.4214174221581914,0.8952643311411812,0.0,0.0
-1.1049249514111268,-0.325374683529399,0.004643636016499898,0.22593691154614376,-1.2810794603186657,-0.6868363062460593,0.0,0.0
-0.9003307390309165,0.47595371588121616,-0.6147781426999598,-0.4433742558665653,-0.17525066406502463,-0.6741908836177593,0.0,1.0
-1.2290196100825252,-0.892913649521287,0.7934553838820319,0.6001173712353166,0.3273954307147699,-0.6935359899041538,0.0,1.0
-0.9148734277249688,-1.179812314000572,0.7344753569601888,0.6827079571777287,0.5479253956633713,-0.6723940014916183,0.0,1.0
-0.9557198562074415,0.7130855893785644,-0.020364631884932052,-0.23445968228107622,-1.5472270360915965,-0.6760005089168473,0.0,0.0
-0.368478700034714,0.0898222483130721,-0.6766871946462563,-1.1584589697711634,1.0320789926971645,-0.6045564028810434,0.0,0.0
-0.7230969424726795,-0.5862237085490577,0.0679403739442064,0.9308908366468229,-0.9223406652956929,-0.6571027324368354,0.0,1.0
1.2315912265103317,1.3886566272798728,-1.6941623917191853,-1.602774537341503,0.6208399713682479,1.2751298270062028,0.0,0.0
-0.6327070599205641,-0.03676731866345374,0.0908993897567002,-0.10581070110504892,-1.1309668505079618,-0.6473255104096984,0.0,0.0
1.2595624397880296,-0.5174722809383308,1.4012170739722578,0.22743243041768896,0.1510133770232823,1.3823524538451546,0.0,1.0
-1.660473092021946,0.6041010317897124,-0.6262070475631998,-1.1090201739107468,-0.4028095458634801,-0.7046276163755125,0.0,0.0
0.16217911804529048,-1.774251920394649,0.9275669838492191,1.5033002993159075,0.8612980400301544,-0.4299884229498835,0.0,0.0
0.8635868253714607,1.3499699049561313,-1.3886112856602697,-1.6374334741064633,0.2795182680014109,0.3022012869277128,0.0,0.0
-1.4148856260154539,0.4636483543686906,-0.19988175752213536,-0.6253045738675308,1.0761988081945566,-0.6982689031777227,0.0,0.0
-1.338309454461262,-1.0818315551455167,-0.9874653546496838,-0.8295367463675847,0.9413710950565856,-0.6955024717359809,0.0,0.0
1.3521028875428185,-1.187978450068045,0.49981952230789106,0.7783417753691108,-0.43342312510792524,1.7638802040564476,0.0,1.0
-1.7104530714659796,-1.1433481825296297,-1.3527693571499664,-0.1437605253446764,-0.6437213710527405,-0.7036222414346167,0.0,0.0
0.19714567639073544,1.1683727110878475,-1.214643192081852,-1.2255731899541105,0.8160413722141892,-0.41386938540457885,0.0,0.0
0.7722333081305904,1.648027278307121,-1.560999936740461,-1.4928017021937343,1.2149700297676247,0.14757097000760996,0.0,0.0
-1.2273262774545302,-0.45730359568520745,0.39635135230534996,0.9969853490982798,-1.2561511961336744,-0.6909597438192698,0.0,1.0
-0.5021937225901526,0.19920980723588966,-0.4744440070566455,0.07247032717563444,-0.42496621796627493,-0.630577990119716,0.0,0.0
-0.20934306076647521,-0.31900036607841126,-0.16984065763137476,0.46551508982977874,1.0216176873320297,-0.5720174668720696,0.0,1.0
1.0317552394119107,-1.2627058840671186,0.9999977931101546,1.7430609281518272,-1.4488969321629845,0.6712529481485296,0.0,1.0
-1.0661466847141983,-1.1257400556006747,0.44254051004881095,0.9830269487600364,-2.6769338746968394,-0.6823920463167354,0.0,1.0
-0.23456613982773952,-0.8417435599383121,0.5913446591265954,0.9710629006696346,0.06307874533408513,-0.5772665755233247,0.0,1.0
1.3190205065812177,-0.7589188628524793,0.8687197026884561,0.4210469929619167,-2.23248496584251,1.6175080912659405,0.0,1.0
-0.9926274773812309,-0.5958477843063957,-0.1274100019838613,0.1240650415266761,0.43133859860775303,-0.6789298830730361,0.0,1.0
-0.8837569769363136,-0.9036567202472443,-0.4734758422159571,0.4335673124560114,0.8165671645793783,-0.6746698753024815,0.0,0.0
0.14437276378777417,-0.709336179411289,-1.5227866266429801,-2.2420280016731406,0.5027196182071995,-0.4371037408568935,0.0,0.0
1.014642828907051,-1.1779162134171173,0.5443033195613145,0.6856807789617986,-0.32471948358726654,0.6265180151667318,0.0,1.0
1.5074281338011397,1.577129987852179,0.3655692365190261,1.8808647973154837,0.5781434116285248,2.572190955850776,0.0,1.0
0.5962856097383955,-1.3738343687200336,0.1312453640340098,0.9533218301119342,-1.272902153052273,-0.08620633140943552,0.0,1.0
-2.194099941433039,-0.7456998213852217,1.4295126331106152,0.4059771265860946,-2.4297288922172653,-0.7146730057224221,0.0,1.0
-0.8257894936855926,-0.823932804438717,-1.013617457186525,-0.5048937937166854,0.30624421786236183,-0.6679348943712303,0.0,0.0
1.224786595574592,2.0268417215187386,0.40545829388437404,1.9455125401952826,0.20806175510053437,1.2517829784220267,0.0,1.0
0.47107069494882214,0.48511032771406615,-0.8133440585585427,-0.050085364523747726,-0.6584668022544402,-0.21586901745623036,0.0,0.0
-0.5808273880795213,-0.4138113711836691,1.351651473353265,1.151139363325131,0.2966001023309195,-0.6397489609183507,0.0,1.0
0.20848745551644068,-0.5357971219523754,-0.6118728248142233,-0.25721724421120956,-0.5595922429407214,-0.4052045063654101,0.0,1.0
-0.3753152943559095,0.6077373401408425,-1.5607567928879602,-0.8019837741411103,-0.3841208221807795,-0.6065132263130654,0.0,0.0
0.30494914207838203,-0.024741713261842917,-0.5567954248816271,-0.30393258608484214,-0.31785422100889027,-0.3456155897434916,0.0,0.0
-0.4633733038682502,-0.04812978671159849,0.5515232638095694,1.2295901666187554,0.14009198681383825,-0.6219152188175692,0.0,1.0
0.3090925951398996,-0.02690185828064147,-1.3060190673589314,0.14291234206199463,-0.32719677870861774,-0.3425187745604571,0.0,1.0
0.7484015681054866,0.6888633027785777,-0.32180119963303566,1.699743721671536,1.912016615599228,0.11480660363565028,0.0,1.0
1.510651312455292,1.0427868387747055,1.8846049803710234,-1.701979018476896,-0.02267544947509045,2.59253033577863,0.0,1.0
0.3685176531971165,-0.6251637171476607,-0.409888473375735,-0.3340929514504469,-0.6312398105766995,-0.2958351624148773,0.0,1.0
-1.2113981418972575,-1.5856381223658158,1.3083665556768649,0.7581121545755634,-0.49583409505565446,-0.6907177672635225,0.0,1.0
-0.742123806309331,0.16324712728127036,-1.0017597589428955,-0.6387929139531219,-1.6076296748011025,-0.6605677551947419,0.0,0.0
0.3292288065016392,2.074922143933002,0.7732625986151522,-2.630878674579446,1.189268687640266,-0.3303002092569298,0.0,1.0
0.14196677997370263,-1.1591143241045063,-1.412236223294606,-0.9516926227935977,0.011014551338957243,-0.4397029456436724,0.0,0.0
-1.0803133444190987,-0.9597447142419219,-1.1810898971304706,-1.064307728493563,0.028916488249686467,-0.6877705725465638,0.0,0.0
0.4548951908015565,2.0400610136412136,0.44972201045676524,-0.9249148890398718,-2.594159167319944,-0.2279916935741031,0.0,1.0
-0.3135713969353342,-0.4556161214070368,-0.31600471977049477,0.45750244791573724,0.6647943091159983,-0.5936044619108265,0.0,1.0
-0.6200626054978937,-0.2717055767815251,-0.3935088456091129,-0.7980161442339576,0.06569742150058473,-0.6470184443136056,0.0,0.0
0.7420964874650712,1.0387280931704,-2.3563361156828964,-1.1062192217807745,-0.03408798500227919,0.10146150261980681,0.0,0.0
0.5361215227338747,-0.25608528188760465,-0.10465844211045007,0.003928830447767479,-0.0006346883727959271,-0.15247524285274816,0.0,0.0
0.8061236565672024,-0.4626281212299542,-0.5626778950710801,0.7201055582826172,0.1817360759149716,0.20589690792972778,0.0,1.0
0.46804963254738674,-0.5341931920742238,0.6498107769174858,1.2975549561086932,-0.18624420082498805,-0.21778553214512164,0.0,1.0
-0.5174985467954657,1.4831938746149111,-0.38574394221744995,1.857214131675941,0.5789057278791891,-0.6295299664238961,0.0,1.0
1.082853729904761,-0.9210406264326099,-0.7846977295878718,0.45041780037095475,0.6464065928397871,0.8028460901582086,0.0,1.0
-0.7210810908084369,-1.7273080115654222,-1.6647802897452466,-0.568685750358832,-0.45077703444484796,-0.6565463793009652,0.0,0.0
-1.1542956442213312,0.9975015391209309,-1.2672666921041829,-1.2425219782655004,-0.0795838520402264,-0.6894402624351257,0.0,0.0
1.6459328099297736,0.7978134646579645,1.6130154068150806,-1.3227394569376558,-0.9857383271038264,3.510998796537129,0.0,1.0
0.6827886806998829,-1.2935993562294097,0.7063671597461598,0.9522465591968319,-0.8482936271164158,0.019503884764613486,0.0,1.0
1.3751706878886185,-0.912001457806105,0.7177161780726086,0.6098460223613237,-1.173729999834014,1.8697415949194034,0.0,1.0
-1.6537342515235365,-1.5750041847735408,0.3984770050131739,0.9584456839613997,-2.417943689854352,-0.7039594574352436,0.0,1.0
-0.18643781421207042,-0.9705479323721897,0.316073268271204,0.8011190696645791,0.6531377773223725,-0.5604643085451515,0.0,1.0
-1.3884028426301618,-0.5824554666608078,-0.29328686438710383,0.4436213728673003,-1.0978425195334582,-0.696145007955678,0.0,0.0
-0.8375080948646243,0.2041431710910741,-0.5068322424662336,-0.13926478590837185,1.1851159900662829,-0.6717070029735565,0.0,0.0
1.046750507763861,1.94458338909075,0.5323775995930534,-2.2611533691611196,0.7282684439125691,0.7074998792819867,0.0,1.0
-0.8610961134395407,-0.7859896670318721,-0.14099629492143448,0.08487886367299065,-0.18694666137777222,-0.6699850283373288,0.0,1.0
0.6367666893186374,-0.6686672319462279,0.7564029244598064,1.2626982784249567,-1.4928102517732018,-0.039175270124000995,0.0,1.0
-1.3867875283150026,-1.1128861025567496,-1.086840889596516,-0.6600090299169834,0.5934735295893003,-0.6944924708255974,0.0,0.0
1.0247721004280974,1.5895234190557002,1.1023436823576487,0.7288161317441169,2.007782827971936,0.6520545597789389,0.0,1.0
1.0145489022455039,1.0262272560132213,1.354646545497035,-1.8487689253158852,-0.24741788141176965,0.6261367131354922,0.0,1.0
0.9981495894838571,-1.1489046136651913,1.4945013776526686,1.26093234039884,0.18199666368600811,0.5880286796065929,0.0,1.0
-1.5739377764605913,0.9936370742974189,-1.7808527499282967,-1.6318022563237484,-0.01688997248018572,-0.702417351224707,0.0,0.0
1.18251352255999,1.0391762232894184,2.0216738900627504,-1.259128282748934,-1.1276762764043775,1.104100533719751,0.0,1.0
-0.5321116051948197,-0.17029915874391588,0.8782193537951595,0.542366085246299,0.9445482205348426,-0.632489884460136,0.0,1.0
-1.1159342871215026,0.9447074978153164,0.34790352873797936,-0.8714141957707914,-0.8656061511613008,-0.6850664329162481,0.0,0.0
-0.03339146538632753,-0.2673345024030327,0.4907360774427954,0.8722807709355084,-0.21942404944364916,-0.5158282555845374,0.0,0.0
1.2942253769699799,1.5431573299018717,1.4174247931242345,-0.9851630702379,-1.6960782685632063,1.51761535864681,0.0,1.0
-0.6145497403755592,-0.7501868014264882,-0.8456162235876172,-0.41993399784851887,-0.7834479783536358,-0.6488370892310041,0.0,0.0
1.481117020783312,0.6536256723472268,2.435308974922915,-1.6670323372957203,0.009805914798832823,2.417618474325901,0.0,1.0
0.8402453754061843,2.1938652208155403,0.3653985922930326,-1.3381691613521405,-1.3889052497698966,0.26407617158319957,0.0,1.0
-0.6902463145091698,-0.4607658667113985,0.5334717660267385,1.0293081090388374,-0.5245063336597611,-0.6535813427125322,0.0,1.0
0.7119979044616698,-0.11592184665635061,-0.7186136448573726,0.24538523478478783,-0.20095467506264336,0.05868150459192183,0.0,1.0
-1.2814797055227833,-0.6374865010608434,-0.6414784064318334,-0.1964142058817469,1.3593458243237395,-0.6918693377752662,0.0,0.0
-0.13476986115402853,-0.06489327092885637,-0.23654031074616916,-0.368408770555236,-0.8526519463337389,-0.549012893499942,0.0,0.0
-0.19606742138012925,0.7246493596743535,-1.0844125454494555,-0.651445670409836,-0.7349431930085981,-0.5647593904722871,0.0,0.0
-2.333263996667525,-0.9612147694588912,0.8338427079007105,0.4107086013899791,-1.8912699210144566,-0.7082780630898523,0.0,1.0
-0.6756508631092533,0.36647232934622903,0.5646731006464264,0.22740156890923227,-0.9797404828898592,-0.6499538205672624,0.0,0.0
1.035259983448182,1.6635488308283028,1.3356176167256268,-1.6662145719438592,-0.3391666512468428,0.6787959715114436,0.0,1.0
0.49080781334073903,-0.049497855558994,-0.8211506790921634,-0.10569521392866942,0.3625946690118557,-0.19691323917478631,0.0,1.0
-0.9785306151344709,-0.24199857928731583,0.510618406467418,0.9014619056175657,1.8147466429460073,-0.6777584425610446,0.0,1.0
1.6065513326513126,0.7751152083147345,1.9583073260993245,-1.9010735047830094,0.40380195803111596,3.225043492598584,0.0,1.0
-1.4952482921002015,-0.6303280719177201,-0.16161932872498036,0.9436650329395283,1.0649387934064654,-0.7024805041102787,0.0,0.0
0.21926698838185743,-0.15949555488362335,-0.37930794670332496,0.23921778566407506,0.26282970580970877,-0.3972406742317783,0.0,0.0
0.7882329031225151,1.2998016794438672,1.32360879899718,1.012571552685526,-0.08697922669168057,0.17442454745296526,0.0,1.0
1.3311640311458817,1.8409536649989917,2.249400604283237,0.4262715082342673,0.4438712673736119,1.671348295681415,0.0,1.0
1.132707639460558,-1.247058293244679,0.2575283284060284,0.15246802683029606,-0.013884910483665079,0.9510831510189539,0.0,1.0
0.46620479215652505,-0.8121417389755872,-0.26953537191770727,-0.048718513997844534,0.28199829233199225,-0.2188423345442025,0.0,1.0
-0.8063295398741793,-0.08336536838421332,-0.44907166958062616,0.35911832081369843,-0.23282674086260968,-0.6648653936500686,0.0,0.0
-1.0137190228172948,0.8645964243582911,-1.129802635015947,-1.0629406202938774,-0.45345643994887175,-0.6789026728683208,0.0,0.0
0.8359271053910597,-0.8055652628523123,1.4560269514454491,1.188099113629536,0.3466035045412377,0.2524729304425939,0.0,1.0
1.2313269139902903,2.24061474513372,0.30445315807352336,-1.084069445572881,-1.7629587834332034,1.2741169710699243,0.0,1.0
1.2405575741247181,-1.8894091527349843,0.36812949394494027,0.3948819755311571,-0.5575651920158687,1.3096146612804394,0.0,1.0
0.5198014949161024,-0.434639116699549,-1.0127424102302114,0.43400164554628856,0.9556355358653194,-0.17228024052848578,0.0,1.0
-2.056744958151805,-1.2390393487407025,0.3843475449026367,0.05142526111189563,-1.8375385409423548,-0.7113022376357726,0.0,1.0
-0.8947590090691363,-1.018152852730736,0.48241103166802873,0.6516224089708335,0.4156619879211947,-0.6720742573557734,0.0,1.0
-0.6698545348389279,0.19569803837108288,-0.35840028851231337,-0.6553763370869726,-0.09156072542700051,-0.6513965273549206,0.0,0.0
0.9676231300925106,1.5721017425189394,0.9987892619208615,-0.8932849818753851,-2.294523422614539,0.5153865915412817,0.0,1.0
-0.4903789360228272,-0.2191629017294642,-0.6358765247088276,-0.039848590400837464,2.2088329767830466,-0.6311766547161042,0.0,1.0
0.771907457368703,1.7251456914925831,0.9382610989056709,0.6980880387954385,1.546951704846063,0.14811663638934877,0.0,1.0
0.693111730925404,1.5668941720890546,-2.861177302825613,-1.0774388133068706,1.2223531502923344,0.03199124590561287,0.0,0.0
-0.4151960207445251,-0.49085995050334147,-0.4497984929751466,0.3290058267101112,1.0267580522759523,-0.6143279353812089,0.0,1.0
-0.02753671717808213,2.506303524470609,0.6740634136208562,1.2508549384971883,0.9100280557988533,-0.5168052882447083,0.0,1.0
-1.2892749326304571,-1.2502180979829354,0.7708526498641213,0.567846260531374,-0.29402787158681476,-0.693417721707585,0.0,1.0
-1.0475326778727105,-0.8973216279671367,-0.12819822186609459,0.9042096717480392,1.2828728838882753,-0.6861420352795787,0.0,0.0
-0.618094860092715,-1.4721582803560977,1.1165805814402205,1.4898499703250474,1.092313914776856,-0.6464151067994058,0.0,1.0
-1.55439610333516,-0.8547123577137181,-0.32337215040082107,-0.5219562238994988,-1.5074741003765788,-0.7041681517274121,0.0,0.0
1.0735085233236163,-0.8444156436248462,1.1196925837854605,1.6251496610347114,-0.5560208940379956,0.776669766860159,0.0,1.0
-0.454449218500859,-0.6137052517087768,-0.3220230735511257,1.5225253970069255,2.048524585273825,-0.6176148066668297,0.0,0.0
-0.030521665805332242,-0.12220031316486925,-0.44866892271770353,-0.07857778597879289,-1.1840155749721064,-0.5123279716341502,0.0,1.0
-0.159496308698978,-0.42199874730095543,1.2040640919835326,0.957966332688166,0.35713963354521916,-0.5571435266966309,0.0,1.0
0.3473829139087995,-0.3159075759473807,-1.1255113844332467,0.12351153930436023,0.06420431130068159,-0.3145477788849039,0.0,1.0
-1.4390345834401554,0.5421290807856474,1.3503405286679289,0.64667077825426,-1.444884495789634,-0.6983369713368692,0.0,0.0
1.615597546121701,-1.6657330207714303,0.8631297019691228,0.4050809893862903,-0.4962245517172774,3.286255908746011,0.0,1.0
-0.21097376547238006,-1.3372696134969382,0.8379115289369845,0.7082894558877167,1.6214525269989557,-0.5702117392922695,0.0,1.0
1.127463034757181,-0.1487581522195341,-1.2679190424115703,-0.005630541394397345,-0.2723991879943449,0.9330388912783181,0.0,1.0
-0.029467633592999427,-0.8305651637812571,1.3171821506822416,0.29934700056977853,1.2602536301396827,-0.512865440357156,0.0,1.0
0.16794021074568355,-0.1604470238731381,-0.7233648486611169,-0.24764557115361688,-0.6634647317732508,-0.42827392156537564,0.0,0.0
1.0953002489154202,1.5926042608845614,0.9445088518739321,-2.5446995458383634,1.383618948418114,0.8378633468414585,0.0,1.0
1.5930554403045827,1.142541816510032,-1.5613628927359493,-1.7372347222515476,-0.1148486102850929,3.127447852412849,0.0,0.0
-1.5193046208365457,-0.6005817244702573,-0.5105585022499868,-0.05095847479554994,-0.15347043285195472,-0.7020670001939502,0.0,0.0
1.1766409929717152,1.6525666897657694,-1.9536713273073436,-1.4148442914088613,1.4579362450693112,1.0899766610078545,0.0,0.0
0.6843102743624214,1.4667738790022202,-1.9491600171938295,-1.351076872805927,1.293301921814257,0.024245050891573378,0.0,0.0
0.9901154498034065,-1.2158041094485776,0.777843978926478,0.07823710372106059,-0.8479694729063498,0.5691324520148441,0.0,1.0
-0.38306732255849923,0.04334438396432308,-0.4851874298444765,1.3961621975904486,1.4994399952786992,-0.6114562744306327,0.0,0.0
1.497490290403369,0.8183571469913457,-2.3868837730132375,-1.4407093128952697,-0.45766769271349583,2.5115255014494764,0.0,0.0
-0.7517817407919375,-0.8043464917061542,0.4860697946646066,0.9190448989543564,0.6177002962880848,-0.6601027236267918,0.0,1.0
-0.3827210371044317,1.3071403670794572,-2.499350246966218,-0.7964687972397534,1.1311651124815871,-0.6120658023321062,0.0,0.0
1.6614114341785244,1.7511322560908598,-1.452174926444542,-1.8655764651132964,1.6012525731573326,3.6338583046923363,0.0,0.0
-0.9744102427062049,-0.43354722983674987,0.592478391531606,0.8453208361298788,1.5306471088467033,-0.6779300884856633,0.0,1.0
-1.3010367805469623,-1.2402804568643673,0.8758862097071659,0.8733220671338682,-0.44908221282452704,-0.6961797019488047,0.0,0.0
0.7141678938494034,-0.6441782589826986,1.0924552456464243,0.8086047826882234,-0.03767410305880619,0.06133836519693714,0.0,1.0
0.9943997095465851,-1.7224304639464758,0.4674379210855713,1.5506596933029486,-0.8301724461583162,0.5794351790974577,0.0,1.0
-0.3079224788072463,0.18426498039916017,-1.4252120560023158,-0.7073973629945528,-0.05175141738278379,-0.5925515782120139,0.0,0.0
-0.15007998618737733,-0.3259598788204432,-0.17220013826445252,0.5091618201234385,-0.43491172977260056,-0.5515669778783512,0.0,1.0
1.4966257237874647,-0.19155944539885345,-1.3994384453233502,0.24961952370430204,0.12003367659797692,2.50999505839885,0.0,1.0
-0.5107694083078514,-1.1055056385252877,0.3630740696934802,0.5686803539538583,0.16321397728464884,-0.6258068955928312,0.0,1.0
-0.7195162102424738,0.24660237469860805,0.43571514393412425,0.21102212067883133,-0.41194931434675075,-0.6553255126516614,0.0,0.0
0.2933730114080908,-0.72010996521698,1.0246395944141353,1.1403835061927265,0.9182009858577276,-0.35123446154368654,0.0,1.0
-0.1599135791388656,-0.08195988888810397,-0.9058117018754119,0.1142442345381986,-0.45944582769412723,-0.5569742416925577,0.0,1.0
-0.5158892184934029,0.17959750338920855,-0.39523036575735526,-0.411356048416175,0.6630018205296033,-0.6336210717285837,0.0,0.0
1.099121922480195,0.11857507346170035,-1.0642267516947121,0.07875793348427283,-0.18968088383486723,0.8474468297350833,0.0,1.0
0.6345518467331867,-0.10304348085185432,-0.6242531960847323,-0.8334750414990453,-1.2222039818960229,-0.04155321962718284,0.0,0.0
-0.4764392675625137,-0.18309471671928604,-0.2079355133566752,-0.350613815973796,-0.42829773941882465,-0.6265654094868583,0.0,0.0
1.210392313862102,1.8514674466506857,-2.139426721175,-1.4067059631026593,1.5087917563424806,1.2020230664111133,0.0,1.0
-0.5107331480579586,0.8582437360870935,-1.3172316631675787,-1.7320002965554382,0.8389187397614303,-0.6290068355044138,0.0,0.0
1.1341955852589674,1.1904001482675683,-0.30775613691142356,2.5390510712334886,-0.2295279212076365,0.9494185545966105,0.0,1.0
-1.7418896396165064,0.7681150559211016,-1.741932126074353,-1.2926323685837464,-1.5344293930667083,-0.7049092634092735,0.0,0.0
0.5460518720505492,-0.9046501670264611,-0.6654370911832519,0.41364048196876435,1.878432425175497,-0.14496404581713274,0.0,0.0
0.42980138731384226,0.3645892978522252,-0.08243285067221935,0.515864302485563,0.1409333682153281,-0.2514698860015472,0.0,1.0
0.020241302911136464,-0.38331678958769605,-0.5961008056243818,-0.297963926392707,-0.7309046012726618,-0.49388517619128003,0.0,1.0
0.5569778902527648,-0.9019326391268995,1.5023032044465325,0.8656611955149717,-0.22065862631574804,-0.13129841201368894,0.0,1.0
0.9926340966481886,-0.9749748132193846,0.560888795664497,0.9231337249208912,-0.8172852812238843,0.5744846021642095,0.0,1.0
-0.9384764755325198,1.274253792348915,-1.2644527035136763,-1.070885327077635,-0.9367383010227687,-0.6766013073426526,0.0,0.0
0.6026265176403092,-0.9384852766439026,0.9464279540592606,1.510633870317189,0.5049991667622077,-0.0780829241993423,0.0,1.0
1.6054893480948822,-0.3710924696995384,-0.8080826789545181,-0.35113389736154144,-1.2831286129042156,3.2104493200579887,0.0,1.0
0.03856812302256029,0.8526921615116908,0.1665829326806684,1.8807909670295637,0.21553786045172305,-0.48902168893054443,0.0,1.0
0.643072642816789,-1.1117664378081773,0.985486423248058,0.7122493315931596,-0.5414756153291516,-0.031022751628419335,0.0,1.0
0.5217113388097443,1.7315150503952437,0.8591513181787631,-2.1271143101887695,0.13435934580372935,-0.16863248569580974,0.0,1.0
0.8573280031889688,1.4673828301137264,0.8081407432507325,-1.8643982901468703,-0.39394141680329514,0.28945045858043694,0.0,1.0
-0.727465088127179,-0.8699274777915864,1.0935304992011965,1.0565803623684884,1.1185515474695633,-0.6573977568417052,0.0,1.0
1.4299794949097582,-0.5420858865939336,0.7062750174878285,1.3508341471776788,-1.190671404336933,2.1410114949354915,0.0,0.0
1.552879235708164,0.747357785556979,2.0084253319619747,0.3878498265854261,0.10333320390364553,2.855818883782422,0.0,1.0
0.09920591380194055,0.17149663041712823,-0.766670529078438,0.41652244817938905,-1.3963124787274768,-0.46069223462419817,0.0,1.0
-1.75438435087115,1.7037968398703163,-1.0143544455798752,-1.4108288040831094,0.4157892007832309,-0.7035786711958292,0.0,0.0
-1.921493127514606,-1.3649429414990195,0.49807701221811984,0.479780061849013,-1.1009554979267167,-0.7086503061254812,0.0,1.0
0.7441213747591501,1.570924270257822,1.2716382332848,0.8379696537069301,0.6799433125007387,0.10514899688824361,0.0,1.0
0.14568677146075776,0.8409851505559791,1.2542265224254108,0.19099979319496452,1.349080010876019,-0.4360810107671972,0.0,1.0
1.1503707362629763,0.9404532194622982,1.9955123719842662,-2.4541330076079437,1.3722766454259765,1.0014192701622824,0.0,1.0
0.07842302115680043,-1.8789795765517223,0.3933794079798537,1.316525711977756,-0.053423824635272135,-0.46968574830062304,0.0,1.0
0.41505229221972245,1.795302146986674,-2.028935913470037,-1.085195854245219,1.5530676538846149,-0.25986570174071516,0.0,0.0
-1.196024609412386,-0.2112208369702732,0.47107013809555753,0.5998537466319477,0.7879745359064141,-0.6904192537830566,0.0,1.0
0.29446611055331856,-0.2667648267321078,-0.6706052770121934,-0.9330236753862104,-1.1668310464088387,-0.3492240715181395,0.0,0.0
-0.7618802814242397,-0.9676337847399181,1.0245762159486953,0.6166922634482,-0.01908667083022117,-0.6582450547907261,0.0,1.0
-1.762878051348549,-1.2372497561841846,0.7945122559647481,0.31103158340882386,0.32887922295843025,-0.7034836574641982,0.0,1.0
0.9764795737292651,0.5613375684089089,0.4400890548545752,1.599944738620982,0.39475586690992753,0.5325466406403812,0.0,1.0
1.1416200912365442,1.4209309889292445,1.4628454084912588,-1.721253517830411,-0.1828972162454507,0.9746360765466588,0.0,1.0
0.37705190171939473,0.7509196725395588,-1.6105327411008183,-0.7277171145531875,1.0856323065188573,-0.2932560120059715,0.0,0.0
-1.4778081933164031,1.3464665812023129,-0.8305209930821427,-1.2068599727104132,0.1603433282356854,-0.6978924167439233,1.0,0.0
-0.9650454041664397,-0.9079977852990564,0.24540348784602206,0.8543787871800701,-0.6231072099343098,-0.6765753441884433,0.0,1.0
-0.1635709923331772,-0.5445513887575933,-0.7160702831805104,0.5471006430588593,0.6832845119008947,-0.5544999464148335,0.0,0.0
0.6150727991582907,0.08554187711840613,-0.3907178020220802,-0.5985861396314258,-0.7210079918964071,-0.06473642589081076,0.0,0.0
1.1868969899157877,-1.1800622706363213,0.8819592457710222,1.0761692696869303,-0.4054506360192121,1.1225163403966008,0.0,1.0
-0.8543781531485476,-0.09877981035452858,-0.9721901588060196,-0.5449459120782199,-1.4071405173984668,-0.6708415855268406,0.0,0.0
-1.5396650746082046,-0.6181923805137746,0.045495740253917595,0.3576521111161879,-0.2537247566928119,-0.698887377923216,0.0,1.0
0.18157054447806753,0.26627104959799436,0.25282533122636003,-0.20044444159503194,-2.0282740654466735,-0.42105291745053014,0.0,0.0
-0.1684414094005011,0.3822996959926967,0.5312798139384031,0.010469858465372845,-1.703356465457481,-0.5561714037538542,0.0,0.0
0.007403962265517021,1.7439620206036717,1.9854533470425075,-2.0270141051280106,0.05456359736026912,-0.5008158072300766,0.0,1.0
-0.7204713627105425,-0.3326743946842659,0.5071315940934911,0.6451745459120098,0.8601460115140852,-0.6579729939997303,0.0,1.0
-1.0073051736613798,-0.6365703362944733,1.0696936614040744,0.9364963081803548,0.22186621785659325,-0.6803507777537531,0.0,1.0
1.3285855505193798,-0.16985438416897028,-0.5587360051522062,0.1840912814614424,0.29496648066314884,1.65931642476366,0.0,1.0
-0.5116811455032261,-0.35135438038237166,-0.22740352314342144,-1.0277261211025643,-0.2791824894736697,-0.63238489820137,0.0,1.0
1.322940786548604,0.8352959424168598,2.5992266352310107,-0.6559507312008515,1.8950634686908758,1.6374779224940477,0.0,1.0
-1.9614719851157536,-0.443390803272,0.5801580726079438,-0.339572128673039,-1.482047217723918,-0.7049948925578605,0.0,0.0
1.2274914211824464,-0.17240823009804943,-1.4811349167591894,-2.3300664940252718,1.053030426408121,1.2622927604254117,0.0,0.0
-0.6446061303219711,-0.8394087724784929,0.19807105675528716,0.13174087317541627,1.565710740905875,-0.6482419062416016,0.0,1.0
1.634513653175962,0.5113914549127756,2.3161606719334245,-1.390489579764994,-0.6653154585196926,3.427169483034603,0.0,1.0
0.8762350319939755,-0.6777288723796296,-0.04450848313160621,-0.13067393014724094,-0.0105650901011984,0.3292520473396084,0.0,1.0
1.6687876232018872,-0.7078287790057046,0.8041277332309493,0.845125065119245,-1.560307220621012,3.6948616779709607,0.0,1.0
1.330847206578095,1.5571676438588347,-2.012814861179941,-1.4979019091726422,0.9589615655319392,1.6687275030425193,0.0,0.0
-0.18339872599505858,-0.6170774260479602,0.02271530032916322,-0.0692511473016267,1.1135428312846622,-0.561367829249056,0.0,1.0
1.3379367360176215,-0.801501589906023,0.7765822199925347,0.5294569064513478,-0.3840273397929158,1.6998295824960659,0.0,1.0
-0.6965601920757388,0.1451243859267864,-0.22733959317697908,0.5837888980894036,0.3918848249054441,-0.6571301076045771,0.0,1.0
-0.4299691038410139,0.18991143347964598,0.8206428832067681,0.4698508182203636,-1.1924856293444144,-0.6181367139767028,0.0,0.0
-0.7894062414895827,-1.9331393229647564,-1.5289150203460697,0.26288821340229934,0.646119575779494,-0.6642114436205006,0.0,0.0
0.7022939389094628,-0.5075948909318437,-1.473698200311648,-0.7400261937623785,1.9683212763011142,0.04432331403827804,0.0,0.0
-0.4374972287852011,-0.6253276375959246,-0.7866022506909317,-0.003513991741891073,0.33892324148266617,-0.6199292387288969,0.0,1.0
-0.8428633490256227,0.7720577875385777,-1.4552846635169008,-0.8422839272734514,-2.3704127628599436,-0.6664934384946672,0.0,0.0
0.36128100877225716,0.794579149837062,2.1521281720054635,-1.3901987324385028,-1.4523543362591878,-0.3031479397512972,0.0,1.0
0.8175337613477391,-0.8121534229799411,1.2196850126140184,0.8763270663090896,-0.6664337490722106,0.22257281031775392,0.0,1.0
-0.7618649892677212,-0.43796818058802695,-0.11592984557465857,0.05696684307035025,-0.47272666476940106,-0.6616855439389234,0.0,1.0
-0.5765683167989736,-0.4542937994830703,-0.5366439993203486,-0.7875387912113379,0.3434763037734244,-0.642461032205451,0.0,0.0
1.1143206076957373,-0.6477020108787597,1.002157797924628,0.59935189066132,-0.6972473073187682,0.8941644519388959,0.0,0.0
0.6312730166967816,1.5632362544435485,0.9108563052237437,1.2829630630897855,0.6025117591236323,-0.04807414172148903,0.0,1.0
1.0226987409434425,1.435946261402934,1.9378927574613778,-1.3830698632674743,-0.8380905834456751,0.6452093720609963,0.0,1.0
0.6432936402385045,-1.287149862811145,0.7707141201081829,1.7005042965020676,-0.4876244490057976,-0.03132999573681638,0.0,1.0
-0.7612462363335099,-0.4007181021121147,-0.4134586072705819,-0.28001893447749215,0.3854438523494677,-0.660037103382965,0.0,1.0
-0.39003705601729344,-0.8893990578759874,1.1507858928441863,0.9931423769080078,-0.25242710250506273,-0.6128856793521297,0.0,1.0
-0.27411548961706816,0.19008800260922112,-0.08699677798238306,0.30026959355347926,0.2613341340437121,-0.5869511002394188,0.0,0.0
-1.4894431423828816,-0.9006885855087833,0.8286470689679483,0.485212734102842,0.6970204178770989,-0.7035268729541523,0.0,1.0
1.498811764311363,-0.8376827754609059,1.1059309574320206,1.4905275470768191,-0.6889081052025061,2.5218039908331145,0.0,1.0
-0.10643735881719395,-0.9808082058437729,0.8884204040384597,1.1007861278221844,-0.6532482055820924,-0.5435609419996879,0.0,1.0
1.0576063799200663,1.8336581924106945,1.19329601273015,-1.1153126857206128,-1.5448712173337455,0.7337042112912658,0.0,1.0
-1.2627223163858534,-1.7351039970285433,-1.6941203834113296,-0.2960742271284052,0.9529865081469298,-0.6959621522850764,0.0,0.0
-1.3076199470768162,-0.8411939675884031,0.7993080392759846,0.7757356231898359,0.4522418141590434,-0.6934323437008542,0.0,1.0
-0.04001489046608516,-0.2178891812023798,-0.19412792098263196,0.021154740353015306,0.4370024670014737,-0.5158552845787336,0.0,0.0
-1.4157294495478816,1.0694531352620018,0.35980005047511976,-0.7128455201789562,-1.3378333101042248,-0.6965328219023695,0.0,0.0
0.04183820425760175,0.570550996130746,-0.6634057870083607,-1.643851294990569,-0.5627696445435526,-0.4860712761749666,0.0,0.0
0.8854750674491081,2.0099258597015988,-0.21086993499275938,-0.9626019754411502,-2.612324814307994,0.3455866804747072,0.0,1.0
1.0836429275825907,-0.44104324724848765,2.105006856433968,0.05955881040100753,-0.17177316485411528,0.8083270830540137,0.0,1.0
0.9443261211640451,0.8233472979972342,0.747556447239301,1.1149279126836211,0.9971683006086702,0.46777038169206064,0.0,1.0
0.10741403044004069,-0.5049617498063861,-0.9707516181358518,-1.4892976303462613,0.4853401851852895,-0.45491546221013496,0.0,0.0
1.111233851352056,-1.4279424521282114,0.37184713398547903,0.7217216871526808,-0.5570842108766858,0.8841775168927123,0.0,1.0
0.5736122920208213,0.2621381085143649,-1.7735130186160462,-0.7412914681604195,0.8426963974344445,-0.11366944994845835,0.0,0.0
0.42397811015063797,-0.47734995656997975,-0.41602025850519253,-0.040004751149157705,-0.2573281901641632,-0.2590586673435406,0.0,1.0
-0.6099168131008391,-0.0033121539068951965,0.04118972299723364,0.4779732821811692,0.19583527940543477,-0.6425907998193909,0.0,1.0
1.5299696643436067,1.8681290260806838,-1.7688011180419765,-1.565321604522976,2.0226919496322298,2.709312680143938,0.0,0.0
-0.6208098578197365,-0.6325347219569426,0.9020089361235546,0.7957069389228874,0.8943764715488229,-0.6446501507230535,0.0,0.0
-0.2890165588616676,-1.0561552389667241,0.3074524704333694,-0.03199906803699148,0.14554223502004188,-0.5888057712861824,0.0,1.0
-0.08993187093138816,-0.4786557414399136,-0.5885751677489829,-0.6895385353103365,-1.559108256536599,-0.53390161382581,0.0,0.0
0.1358170112365052,1.1533337677756015,-2.20449169302642,-0.8620798638428813,0.31671245597778697,-0.4442099314535153,0.0,0.0
-1.1931266271990093,-1.345200348589585,0.31336192017663983,0.29865840548309663,-0.8531129639812953,-0.6935164523724217,0.0,1.0
-1.1844141769487675,1.5005547231195777,-0.8586418675517261,-1.3077640736511844,0.9445697709475143,-0.6878645148042549,0.0,0.0
0.21985454164356039,1.1758235513956068,-1.4104888283764845,-0.6641976389254983,-0.3931439404007825,-0.39837113801724094,0.0,0.0
-0.859379087270029,-1.4902504873205993,1.3732987016006888,0.3699974338511481,-0.841292620207125,-0.6678217150390663,0.0,1.0
0.49275019222702954,-0.5688572855571226,-0.8674060873064718,1.1130839305624414,1.4654802574373764,-0.19479109299748634,0.0,0.0
1.1256083289634562,0.5288692931937622,1.0181953996129454,1.5450844582441616,-0.44859091654780514,0.9246380259323838,0.0,1.0
1.61521472265382,1.3964870034317638,1.1343836284024038,-2.0117204745087824,0.600368550165738,3.2849698749258414,0.0,1.0
1.2721472600775112,-1.1637184260473814,1.3891660786674063,1.5725527346649406,-0.6405432522995752,1.425670990845802,0.0,1.0
-1.3648892439773965,0.16032304781670492,-0.6444723097423668,-0.8779850721962467,-1.0785213675424719,-0.6991513459425153,0.0,0.0
-1.561775789295979,-1.3591944621872547,0.5907107056754188,0.27962047175754684,0.18194680956879003,-0.7019731680403578,0.0,1.0
0.35341548132534656,-0.6730514378776623,-0.5703158000767565,0.1544691602495559,-0.10398328425385994,-0.3103956463528818,0.0,1.0
-0.4139823294816933,1.260404882951273,-2.063799458729725,-0.9692966743894859,-1.6536559838769145,-0.6111345964749317,0.0,0.0
1.3983054393524155,-1.3835197659382872,0.7149451789727652,1.9507245735578573,-1.034786797032355,1.9784721022614615,0.0,1.0
-0.1495513344140309,-2.030356075934203,0.6230051404533279,1.156148850780126,0.03253720928433792,-0.5528952986473473,0.0,1.0
0.7526342710170892,1.5029588661358022,-1.8086313813569332,-1.2363958210013721,1.6815217846044233,0.12147072484302648,0.0,0.0
1.6141080000411256,1.4250144813033772,1.0131714769678117,-1.4057259888306104,-0.740896081926673,3.277284387931963,0.0,1.0
-0.6353790900946275,-0.27629331779686517,-0.32069898068851954,0.7828850592977444,1.0017500838091842,-0.6466451577823733,0.0,1.0
-0.09095976562963366,1.3925657258060322,-1.6864108578140713,-1.018110151908943,1.1049528694436714,-0.5356437050428591,0.0,0.0
-1.2554402627969192,-0.8874509177176929,0.3433881983670792,0.6799764737149069,-0.5566797019672571,-0.6922348261734567,0.0,1.0
1.3935514111690905,0.32944651519515517,-1.7899556417463147,-0.08369762519593972,-0.9700237519358448,1.9593469151726681,0.0,0.0
0.2763418961300175,1.726366914723956,-1.7116447910736654,-1.3122511157417498,1.0742473151987744,-0.361903948225393,0.0,1.0
0.5342496389643799,-0.12779919668197645,-0.6051572969744937,-0.24327056154290674,-0.3052181741102447,-0.1570827484928532,0.0,0.0
1.1133477451764755,1.154767319968189,0.06570046543491119,2.3139410071173967,-0.7020332012611475,0.8905027248053682,0.0,1.0
-0.9232773697261152,0.2037591315490438,0.13611775622086905,0.7682251988311654,0.47363105524842714,-0.6761537557603048,0.0,0.0
1.2355616853097284,1.7817625733968814,0.9545568731535926,-1.739290758308607,-0.16683949814453958,1.290749104901959,0.0,1.0
-0.050588036410506396,-1.4818547004321867,0.6068926212261886,2.028094177693885,0.34792438693538436,-0.5193392064822074,0.0,1.0
-0.7523623421090956,-0.7631408914846104,-0.8325892686856574,0.558463497541276,-0.6388171746215406,-0.6632011370199331,0.0,0.0
1.0856669162739614,-0.5157769906464121,-0.3102300692971805,0.34741184787459023,1.3172799263016752,0.81323567031673,0.0,1.0
-0.3448636430922126,-0.517991449004968,-0.5152351659283887,0.32742506616570777,-0.3956048917838374,-0.6023781081632483,0.0,1.0
-0.039599263822711776,0.9790469330686059,-1.4305445680348987,-0.6236766911700138,-0.7516758795211413,-0.5134414699651536,0.0,0.0
-1.2710218033054481,-0.8783639570609355,-0.741233979251588,-0.8596900261425503,-1.3476440173028854,-0.6925192685558409,0.0,0.0
-1.0280207045331102,0.5510622047306775,-0.9057303550992611,-1.226857979864551,0.24510565665787734,-0.6795695808090959,0.0,0.0
1.3654785461875765,1.840294930268861,-2.5093556980134832,-1.2033640177163052,1.3306916182338493,1.8226871192833844,0.0,0.0
0.3850106607431675,0.6453009515089996,1.6603979858162534,0.4144417287038168,0.48017443994127607,-0.2852287593264973,0.0,1.0
0.7113309079693415,1.7572319126161233,0.6396933985634699,-2.6132966507794846,1.2184908504966334,0.05581815165381922,0.0,1.0
0.33655103208939513,-0.14436301623487607,-0.39810905746552855,0.41149397138543675,0.09595087649232126,-0.32440054333502594,0.0,1.0
0.7818735113159618,-0.3551208363585501,-0.44917831547512665,-0.39332907066903305,-0.0533651565921583,0.16518134883874702,0.0,0.0
-0.5325945537808938,0.2842259730709123,-1.0750191748374158,-0.925500589820833,-0.4113605598989084,-0.6332632779758388,0.0,0.0
-1.140994865405812,0.8131170637812876,-1.4250735143153548,-1.3156564229444572,1.5001644673730432,-0.6897600700703301,0.0,0.0
0.8133740556566528,-0.17926919273642347,-0.9565173717076962,0.23615804545777896,-0.5011957874070764,0.21490594601950924,0.0,1.0
0.5964501115373088,1.488234620362204,-2.1631112709553078,-1.3178892162750233,1.4536285299537508,-0.0859281169022959,0.0,0.0
0.9097089751359518,1.3419052183098052,-1.602677929356721,-1.5219412472152947,1.0494738147798854,0.3958066088463655,0.0,0.0
0.8354649900141062,-1.0849019953183365,-2.0350317109820057,-0.23346630714229286,-0.4696068488088587,0.25719557430313705,0.0,0.0
0.9605788487161043,1.6793958707305867,0.07715219463918754,2.1621533814347145,0.800296907145864,0.5006068167442682,0.0,1.0
-0.11187994084740684,-0.1051042097111447,0.568533855000477,0.9479422300322414,0.8582986577559386,-0.5394288216148403,0.0,1.0
-1.5943014782700164,1.0319275950807907,-1.3404764825852065,-1.6252277645006226,0.9169865785162,-0.7023540766962365,0.0,0.0
-0.8737817668010217,-0.42128590807946437,-0.8712152295333394,-0.6789655272655737,2.025864328484811,-0.671137340516929,0.0,0.0
1.2385703153635457,-0.4164966385496637,-1.2333594022843066,-0.819154293279446,0.7891596530826476,1.3017178539273941,0.0,0.0
-1.028076321485736,0.3758987543739813,0.38034469047533165,1.2132235781996152,1.1148555052819864,-0.6845233577621088,0.0,0.0
0.30442217685313544,-0.4126692317605558,-0.49969382675078533,-0.4718187142970208,-0.4888516032157284,-0.34347419712577076,0.0,1.0
-0.6106295051716631,0.034144839011211785,0.9134460556035595,0.9857787309624509,0.9135357469069814,-0.6449940739592513,0.0,0.0
-1.126759130576788,-0.9538038179364084,0.6116266653361888,0.40185200323299,-1.300443871768792,-0.6869775491570047,0.0,1.0
-1.1200336964112212,-0.7885968516226163,1.2575033563211024,0.7012539340420194,-0.4131110102456322,-0.6852259531499525,0.0,1.0
0.15318056519949153,0.06295938926313521,-1.6393203121337239,-0.7996173079979422,0.4264341573866677,-0.4343704947615896,0.0,0.0
-2.212490392576393,1.260591544279635,-0.92712455466431,-1.6682511619550717,0.9374392407443942,-0.7085118045527973,0.0,0.0
-1.7765718059277278,0.3791342950568567,-0.6295849428949164,-1.0360701859609747,-1.7159389747243077,-0.7059094953053815,0.0,0.0
1.0897789739074686,1.539241930640139,0.6190171407970817,-1.9053637937808285,-0.2242484558017756,0.8219332188295052,0.0,1.0
-0.5389617576283661,1.0738157283012317,-1.246245449014655,-1.0974693621895066,0.8885194134618604,-0.633348153842307,0.0,0.0
0.8991715941055942,1.8921005126767205,0.8011833380039064,0.7610508981431617,1.9936791543698424,0.3708283135643876,0.0,1.0
0.08716313525384671,-0.07408113277942197,-0.9619993008969566,0.26525279209971664,-0.8091531389709812,-0.4658769437907632,0.0,1.0
0.06825509702873443,0.5859583714951184,-1.6063427589339954,-0.7447076205763344,0.3051239318809124,-0.4757136307588732,0.0,0.0
0.20614347645695213,2.6924466144484747,-0.22955308273284722,-1.9977558710722338,-0.39504196506283457,-0.4028537452638864,0.0,1.0
-1.6667665152633242,-0.9378971293990713,-1.1239187725898296,-1.0474889650497337,2.6419941380096805,-0.7032857300327684,0.0,0.0
-0.8428293365667663,0.7057000682345553,-1.2901964910193005,-1.0658287349508815,0.03586903414889485,-0.6664953579023042,0.0,0.0
0.5686842940322343,1.0962273729478114,-2.2378809106514503,-1.0232642141450237,0.9127754066324465,-0.11641361687883209,0.0,0.0
0.13418481062842252,0.1032682451527534,-0.9508454982263715,-0.13324296841003883,-1.4094385838497925,-0.44562719157119435,0.0,1.0
1.1573064617443805,-1.3021152217508678,0.6339733724329724,0.15633908000635188,0.8565128995070247,1.0236711906826634,0.0,1.0
1.5257083009136705,-1.0155551004682952,0.6965425701797736,0.894458782850833,-0.8366610162520767,2.6828770867952616,0.0,1.0
0.4344355772920861,-0.5397248792740563,-0.5210958833077042,0.19654667898579364,1.283693336617827,-0.2494731370278989,0.0,0.0
-0.11991906593001841,-0.3861955186643052,-0.40215644910777837,-0.3317960572672019,-0.862134051582624,-0.5422866836391722,0.0,1.0
-0.3739934516332253,-1.1721997723336428,-0.34362824215185334,0.5625814809112578,0.22862790537382902,-0.6105215261626569,0.0,1.0
-0.4686023426123476,0.5398597730484076,-1.4478266815853913,-1.093400930736152,1.1901117930196732,-0.6228697071622171,0.0,0.0
0.23614889261141864,-0.010821681079306434,-0.26892193158643235,0.722699274303779,0.9226348616241525,-0.3869419748965978,0.0,0.0
-0.4325012606411384,-0.04044197948400431,0.2695720649207117,0.09084601494723532,-0.3738705471613588,-0.6192642728697123,0.0,1.0
0.5455398463519265,0.12936820294465892,-0.45899171598910365,-2.0576676665473244,-0.14599584640047797,-0.1390514560376886,0.0,0.0
0.6264696742310985,-1.029067186154209,0.9743108285610782,1.3574995332551019,-1.1943141666543617,-0.05166375773077378,0.0,0.0
-0.1506339622254583,-0.10190621824692395,1.0060506441254593,0.9500205489326703,0.2848706397373837,-0.5541694179365638,0.0,1.0
0.5633574082147952,-1.4254570770971378,0.7269794665690723,1.0558236409311437,0.19585085069699398,-0.1220279346526669,0.0,1.0
1.4847135069614343,1.378653669400683,1.480642048481351,-2.2758476399055416,1.1967532996676002,2.4411498780674905,0.0,1.0
0.3953736341117806,-0.6506892443794521,-0.09866068935756812,0.5670285776407868,0.4741895176214077,-0.2778416163184706,0.0,0.0
-0.7611753192930941,-0.21630817718021375,0.6976586726997176,0.3499139538386099,-0.07664179608937952,-0.6619769308306418,0.0,0.0
0.30968834609573465,-0.01790414158487327,-1.2623138240639071,0.14632564197475806,-1.3241192109330535,-0.34205536067727443,0.0,1.0
0.512622905951872,-0.9637598223177775,0.9546400236683087,1.7172059809042692,-1.0674075340562974,-0.17515447377656135,0.0,1.0
-0.9798790791045682,-0.25979387325030906,1.0215741559606482,1.1542141282250975,-0.4139697718112144,-0.6772001045758709,0.0,1.0
0.7676467992645171,-0.4985007847012406,-0.9859593890310834,0.1496135671972539,0.5182728560956298,0.1450876445245241,0.0,1.0
-0.4828393550508842,-0.7039757566824387,-1.4066420067150862,-0.5668482239832309,-0.9102048663546021,-0.6243619405596803,0.0,0.0
0.22670776707870705,-0.3153748704104649,-0.16172085941048717,0.3089911321382276,0.04059382898565786,-0.39407851677133404,0.0,1.0
-1.1548142073614251,1.4864806549734926,-1.332650807614049,-1.1764586668897719,0.6770413992066804,-0.6899064082293279,0.0,0.0
-0.9504969435628992,-0.7432521610679519,-0.9977423942062522,-1.4970462409797218,1.4843348564321281,-0.674682042088772,0.0,0.0
-0.5277658622671412,-0.8409294031091793,-0.6364746189631248,0.15740271063437247,-1.692775089024029,-0.6318430075100848,0.0,0.0
-0.7258153215773389,0.6033193617759943,-1.0938836239225511,-0.6400153513837917,-1.5951497555514254,-0.657242663936721,0.0,0.0
1.529963244218065,1.8083639177548863,-2.205097127498875,-1.5947889282893137,1.180400584396629,2.7067086170822523,0.0,0.0
0.4381363980965341,-0.5819394684687572,-0.15180956547198213,-0.06591140046230907,0.047555840167915114,-0.24710165780577648,0.0,1.0
1.2388626476523874,-0.4249160620397378,-0.6581049381858107,0.3553813294372849,0.13461150797172136,1.3031722990390981,0.0,1.0
0.8175720251417157,-0.5122964502870686,1.0371507712553514,0.5334489454081737,-0.4035091711169511,0.22421740957665331,0.0,1.0
1.004852859896843,-0.42607420756405645,-0.5200129557079622,0.1254986685735462,-0.585640762138457,0.6072310275323508,0.0,0.0
1.201626542608875,1.2720830820882478,-1.433659022820857,-1.629637064599438,-0.2045478898079163,1.1715410724271242,0.0,0.0
-1.5235330390710928,-0.8017869741734367,1.0953916225179456,0.7008262152294471,-0.8833565423069966,-0.703494342908674,0.0,1.0
1.05572602717351,1.3990169850644398,-1.5676945895717158,-1.3952326898745373,0.744224911220867,0.7294422316781802,0.0,0.0
-1.0152457205537386,-0.2653531767975907,-0.0898128756291766,0.20239467050396645,-0.40534967507491815,-0.6776765004165497,0.0,0.0
0.5165461698200774,1.1348719113418517,0.2847132372903898,1.5486704891913288,0.7042076575679488,-0.16987812747618866,0.0,1.0
1.4087798807504273,1.5595137763500353,-1.5394657142155979,-1.87379413339555,1.2376764332932653,2.0303840085407847,0.0,0.0
0.774988017773714,-0.6442815909976146,-1.3561581584522697,-1.3153459802327592,-0.4951736286859258,0.15345132929960173,0.0,0.0
-0.030040720293268916,0.4830233701663303,1.829647509613702,0.4140440908153483,-0.0007788158926696215,-0.5160168723348363,0.0,1.0
0.6635793210063975,0.02694252050792533,-1.1273769627891497,-0.0324171410591382,-1.1289357421183788,-0.008442326673876477,0.0,1.0
1.5359205287808757,2.1120782505929165,0.6689519044503197,1.5742080615046583,0.35048897205487195,2.7468615993633656,0.0,1.0
-0.966937469179234,-0.41692899757078733,0.33642497377897873,1.0549908951658915,0.15081693797883766,-0.6768257588039058,0.0,1.0
1.0948114517744352,1.2931771078759355,0.6651952043635319,-1.3933958737147751,-1.378428224368836,0.8351208031528026,0.0,1.0
-0.5673916878966392,-0.9055601307194865,0.041722637144578904,0.812135643043571,-0.18724887639510687,-0.6397251754217476,0.0,1.0
1.4281033229933888,-0.7134350783708115,1.1712079331885725,0.6007769345285371,-0.14550592153089809,2.131632050638258,0.0,1.0
-1.2271579213941075,1.4505332553369361,-0.7815151787777407,-0.9245363047439183,-0.3675288861362061,-0.6935511996276016,0.0,0.0
-0.32263825095009846,0.0019133810344913879,-0.3908228042825675,-0.19286325584463015,0.38710022652802545,-0.5969286289241421,0.0,0.0
1.5546498771459083,1.3685636587130534,1.0630630630831799,-1.369334227601438,-0.9326697901170209,2.8671149117138195,0.0,0.0
1.4302092702042923,0.18980610074844473,1.148110877899618,1.445676465505703,-0.6853596014370764,2.1396863927961847,0.0,1.0
1.031578699211062,-0.4734366629989709,1.116481861207336,0.6059048503301587,0.2138897789412026,0.6689861146197077,0.0,1.0
0.2647651192416489,-0.8701037710389083,-0.584703220289335,-0.04058683380673336,0.9999270098029521,-0.3708378287976014,0.0,1.0
-0.5337928294083276,-0.5901245172754771,0.4797607393062624,0.4387348706194506,1.0885173283350793,-0.6297850910759916,0.0,1.0
0.881310270375505,1.5480909422767255,1.2640853303447412,0.7521974627137442,1.059176377992297,0.3379441825006008,0.0,1.0
-1.7124821917885746,-1.2459867777800295,0.35721852207925225,0.3190382968731518,-1.0062536539893454,-0.7083481280208817,0.0,1.0
1.2773967114835856,1.1806778139526706,-1.850334124256578,-1.5287387212101031,0.2882369967810175,1.4476564070587563,0.0,0.0
0.5907051736934703,-1.088649144908807,1.2089580545887872,0.9306393519691787,1.2166952377601379,-0.0974101039059959,0.0,1.0
0.19994516254363698,-0.36339843397347243,-0.7846453941411817,0.37229871231101536,-0.04363990742704289,-0.4097019453954146,0.0,1.0
0.04464454502103421,1.1771549804374348,1.368221841432051,0.5518190982689661,0.5629914509243965,-0.48455538650683505,0.0,1.0
1.474001306629148,1.472244982215754,1.4833149048596983,-1.482597494298619,-0.46785846335221964,2.3776723600309944,0.0,1.0
0.31850257556034817,-0.10383847828430803,-0.1799106929301012,0.28180063334103844,-1.9975353148179584,-0.3381241601071328,0.0,0.0
-0.06963252294315626,-0.26108689232969673,-1.2077572851761704,0.3822185559388268,0.03524947506630069,-0.5320303640455603,0.0,0.0
0.6886617918668699,-0.03949191954195701,-0.7856998672638128,-0.14332248700768177,0.016029211429744374,0.025386620503901624,0.0,1.0
-1.2546116584194487,-0.6995558318276985,-1.1725795394787755,-0.9575151454954776,2.182267950925456,-0.6888673325521214,0.0,0.0
-0.7585116891061572,3.0979562631163526,-0.10377959646331604,-1.5116276915994569,-1.879405084188414,-0.6618764296985487,0.0,1.0
-1.138250984554705,-0.5857452870743747,-0.35442404855289156,1.510773711072233,1.6448273843936316,-0.6881799155282166,0.0,0.0
0.6721722090908164,-1.0715243813000146,0.46842176651782036,0.3683108610863194,0.5929341323916951,0.006609148238891598,0.0,1.0
0.5602627487547722,-0.02270891759264093,-0.4699526294584288,-1.086015493158714,-0.5823616091697632,-0.12792870328727987,0.0,0.0
-1.0299737030538418,-0.711973733175817,0.4092136845701117,0.43806421103943005,-1.0838137724830865,-0.6843342255725015,0.0,1.0
0.8931431588207354,1.291090431241332,-1.730204764527528,-1.3800537952357728,1.2327003831394279,0.3629986127215915,0.0,0.0
1.0764581049239355,-0.3787628530932133,-0.8787422726326121,-0.5957609523740902,0.37683706741695727,0.7903421658187901,0.0,0.0
0.08299861147352663,1.8919053062869398,0.8241488524727509,-1.7976773272532354,-0.7852371818109269,-0.47013500659737595,0.0,1.0
-0.858283444914211,-1.212698941527123,0.36188142411438445,0.5845760779411094,-2.65169877408533,-0.6703698215313897,0.0,1.0
0.08562059080911026,-0.7720781326364171,-0.4628192355522938,0.0480843301450186,0.30492228405634303,-0.46833272856941355,0.0,1.0
1.4612327107729006,0.7855456126854818,1.5284268783001538,-1.7386449627598861,-0.2543113255465376,2.303824502872682,0.0,1.0
-1.357683572791188,-0.7642316143664332,0.6180804830256095,0.7735526931961144,-0.5153867369789833,-0.6962715469827568,0.0,1.0
0.5358653673191474,-1.434704104472178,0.8546102173224441,0.7300330226424566,-0.29298143928998077,-0.15025892767390917,0.0,1.0
1.6445132541195513,0.19703931539536465,1.930255928017816,0.6858323558446882,0.1381557237227323,3.499371457784046,0.0,1.0
0.06281430614688513,1.8573954068310075,1.1696987755586883,-1.7171642126913997,-0.8589663690576896,-0.4779639955585127,0.0,1.0
1.1995427190798162,-0.42424029381777606,0.6880906208391646,1.3076748016253181,-1.672078466223105,1.165668527183325,0.0,1.0
0.38093152226011767,-0.5941629037798303,-1.170199458084957,0.2661639327314059,0.45545855804530083,-0.2913084518992604,0.0,0.0
0.5337340702544092,-1.399770926147653,0.900855057212354,0.5822160409492659,1.1256917350901228,-0.15407872652896396,0.0,1.0
-0.671977151572414,0.28433339288942167,0.6275622556519403,-0.006495300030362908,-0.2526649919716209,-0.6559130769933809,0.0,0.0
1.0441105341491979,0.24380227587563197,-0.5843311966030985,0.17839378093130145,-0.1635988805990699,0.7005617467468597,0.0,1.0
1.2302588322018737,0.7981571006880407,0.710206528648033,1.7127850061068572,-0.11663305082829294,1.2722559137086815,0.0,1.0
1.5322133882940783,-0.4456577105882921,-1.9059849679813212,0.05418697287120961,0.07484993804202936,2.7257201618387796,0.0,1.0
0.4607780508302978,-0.43197039923282565,-1.3452982871632888,-0.8795592253272383,1.1785755634091977,-0.22459380297299744,0.0,0.0
-0.2754594816846026,-1.2179925908486686,-1.0606642008247793,0.301571857214498,0.5545209015270702,-0.5861653343421148,0.0,0.0
1.3685653037456216,1.9243246808715917,0.08305982997692049,-1.115101159637197,-1.8190144097335244,1.8407469267033245,0.0,1.0
0.11371954602589154,-0.40892442974327875,-0.4044394853192154,-0.012274243071964983,0.37961143569778943,-0.45366438901599765,0.0,0.0
1.338834940221573,0.813677945262552,1.8616792441879972,-1.340222869133384,-1.0395716437011762,1.7044391804448509,0.0,1.0
-1.5972081122976132,-0.6627368569554366,1.0634852297724857,1.0186023567156022,-1.2829412035908936,-0.704562909238311,0.0,1.0
-1.4435287758897812,-1.256352338651751,-0.09104117064911285,0.5215458690531196,0.6626712364971663,-0.6996448804459359,0.0,0.0
-0.1171230879802475,-0.532997039214697,-0.7796076973374604,-0.06340469346791139,-0.6220121428518786,-0.5446873581096672,0.0,0.0
-0.017101939296657407,-0.0214522271056649,0.3502434608218474,0.33926868659645704,-0.8922165727065294,-0.5112179465740139,0.0,0.0
-0.4659786956383319,0.053307768109089236,-0.7204204829870673,0.31202185352049594,-0.340260104341388,-0.6224775260396436,0.0,1.0
-0.24152278105395258,-0.2431625011078749,-0.10999565794021628,0.14451165870081825,0.6470450494536116,-0.5795334826485145,0.0,0.0
0.9119915162165214,1.0574896132785687,2.6405516982070973,-0.6635636970999967,1.55383046853468,0.3975354520277378,0.0,1.0
-0.9955282223486994,-0.7215105395922079,1.2421652912627452,0.6615302987800558,0.09160739134484765,-0.6790912945841923,0.0,1.0
-0.414262124929302,-0.3974694086561568,0.5066355817985113,0.4613429914350501,1.0392773626501124,-0.6142867688948996,0.0,1.0
-0.4130156558772747,-0.26194689911568286,0.20052813463710353,0.39024973428234977,0.4059800342032201,-0.6143130357196754,0.0,0.0
0.7352569404196826,0.7942607016802695,0.32205633199535727,1.8513931682557023,0.34143642372629807,0.09156641405691318,0.0,0.0
0.130134509174439,-0.4206371789438388,-0.2680201090375089,0.5739686288651088,0.670189348434002,-0.4471332701143213,1.0,0.0
1.6261181224614698,1.2664408144808164,-1.9897188874410456,-1.600090082302012,0.21325581159244333,3.363056060872484,0.0,0.0
-1.297072374365907,-1.1626494091593673,-0.9247610042539536,0.3209490687149724,0.34662253050058317,-0.6924130855578926,0.0,0.0
-0.5781219508074782,-0.4641878502468214,-0.6241486178984086,-0.9868636980018912,0.07436494676287295,-0.6417960388313301,0.0,0.0
-0.5538209879405768,-0.5756011732277765,0.03176725830250877,0.7887399536105434,-1.5395339191261492,-0.6360299804319189,0.0,1.0
-0.4040580318103605,0.21726667252944287,0.12131529103559402,-0.5358455559421323,-0.4207385781441579,-0.6146671211009502,0.0,0.0
1.0012882674955546,1.6215717973000414,1.3546526086543011,-1.9726516316489948,0.290807597032032,0.5924822316437763,0.0,0.0
1.4254488207427718,1.5263309439112815,-1.650467303071364,-1.661827527011805,1.5070042531914625,2.1148672601429066,0.0,0.0
-0.2920308835814715,0.1380671754943945,-0.045123196182694426,0.5566489699187553,0.679818579538838,-0.5916198557934531,0.0,0.0
-0.7198530596657703,0.8642110897440559,-0.9769556720616024,-0.6220501514075814,-0.9019108963975168,-0.6598195126945486,0.0,0.0
-0.5798014676337812,-0.7956080224004929,-0.5601277608028524,0.5444362084464861,0.8681131671650221,-0.639540225166585,0.0,0.0
-0.23002809509855876,-0.246041664597125,-0.19767624628847974,0.4020089478355184,-0.05286434892827468,-0.5757424532617327,0.0,0.0
-1.037712911586965,0.22237519976915499,0.5693438790319322,-0.13768735559426742,-0.4629428146611988,-0.6821647819789715,0.0,0.0
0.5914201044930608,1.6407825843586448,1.1069488600626567,0.6670599623769553,2.2362686953490596,-0.0920855284060054,0.0,1.0
-0.687879239661622,-0.4915736065638426,1.12491266256929,0.7615169721376249,1.5915935073057015,-0.6529314949617273,0.0,1.0
-0.30650409256853495,-0.07954751434692739,0.5431577384193592,1.106885569261354,0.34258948477802453,-0.592042573881884,0.0,1.0
0.3679603563894719,-1.325546086183618,0.8908998024384492,0.8785634846927014,0.6571913761155412,-0.3013511662152353,0.0,1.0
-0.4945918259172404,-0.28342779793727174,-0.5179652501053096,-0.8135753761986289,0.788265725718659,-0.6254420745444637,0.0,0.0
-1.561786798649765,0.47555514604595156,0.7510680127500804,0.364132360944707,-0.2848781913176397,-0.7009811711220106,0.0,0.0
0.9268961756411019,-0.4163231720550393,-0.22399082717695662,0.20912462193566492,0.16173191651061716,0.4346680287096738,0.0,1.0
1.0582943812147225,1.519866112730205,0.9949934181046987,-1.142912524598671,-1.7193358105657692,0.7362107062006827,0.0,1.0
0.5707284415823819,-0.5202987630600789,-1.0636633500345345,-0.4376655507256027,1.4862164995072222,-0.1152000661282086,0.0,0.0
-1.5446722452072,-0.12358642557599067,0.236123219763267,0.46563125526714916,0.15847054448765735,-0.698590108325842,0.0,1.0
-0.9997902093545982,-1.111866459802967,-0.20518144540469896,0.882890330628135,-1.493576288632482,-0.677814510415105,0.0,1.0
-0.6157439220261567,-1.1824396209045107,-1.2389333299709553,1.258915011209758,1.7366345915132304,-0.6441568442602001,0.0,0.0
-0.8837196906215803,-1.313708185290967,-0.7252781099063415,0.04676144772848588,0.18328686468397254,-0.6721363475795525,0.0,0.0
0.13205518869736182,-0.720818175824865,-0.034984551141583664,0.6041553526613482,1.249937505489721,-0.44339453852278915,0.0,0.0
-0.013425153622896495,-0.2590008076691594,-1.21429290765783,-1.6412865898288593,1.875621225460277,-0.5071291169861719,0.0,0.0
1.4611957887314677,0.9631466386508968,-1.3504177857630826,-1.8059843889956697,0.3512014305169263,2.3058643893586375,0.0,0.0
-1.6488194066029058,-0.28006398753150913,0.7091856907765116,1.2088977620301598,0.6835301965923054,-0.7034258139242792,0.0,1.0
0.03407009642974689,-0.24786768734131123,-0.7254055394889088,-0.07539633313574245,-0.6384311044513967,-0.488769279948444,0.0,1.0
-1.7138287126675393,-0.3006103147107575,0.45981318706867697,0.7059333069133549,-0.4515108607477344,-0.7069518991083654,0.0,1.0
1.4001861795534618,1.3045780775758238,-1.881626818825954,-1.5704382801723404,0.11402635331479383,1.991894462102975,0.0,0.0
0.7659750583428623,-1.0273606317414639,1.3716337149416888,1.3581164682903621,0.15679219069894235,0.1389468973892137,0.0,1.0
-0.008273341659668051,1.2992725101276805,-1.6276817589815358,-1.0369190823358743,0.7348243521501292,-0.5053881572357358,0.0,0.0
0.9979360244464995,-1.201532520977631,0.7893839175790169,1.9692568534870014,-0.8950495336727189,0.5890769885082815,0.0,1.0
-1.786474126387381,0.3386479584323813,-1.1079650407579955,-1.7346627239558712,1.8454956257794743,-0.7054279111885893,0.0,0.0
-0.5211470142966269,-0.711958373679834,-0.3728826138443932,0.262132684155956,0.8051002996561343,-0.6312015173675714,0.0,1.0
-1.3075343588340953,-0.7979236976015263,-0.15852121039374367,0.013883029300185895,-1.2006584350526945,-0.6981430294129336,0.0,0.0
-0.7844331448706393,-1.2839547092379222,0.09423588484663155,0.5410420144552877,-1.2051976124382673,-0.6619718088013312,0.0,1.0
1.5562623465329393,1.4193997671209198,0.5324749908430119,-1.6956031599629084,-0.3984816371724939,2.879524590506912,0.0,1.0
0.021566317991106605,0.55251356051748,-0.33041596042394605,-0.4564024848140968,-0.48488701515759686,-0.4965103821347685,0.0,0.0
0.3230936873705502,0.1646341512863163,-0.4302579690291085,1.0509685849965273,0.7981944466698827,-0.33151626347174135,0.0,0.0
0.9251240665039061,-0.5123002474896835,0.5283330944135758,0.24027780751936223,-0.15599325500398784,0.4241600976580798,0.0,1.0
1.5368372575537774,-1.6893004256416926,0.09533570650938723,-0.10549533728228426,-0.08923773259406245,2.7550096941294706,0.0,1.0
-0.9854142328761327,-0.10286135310116427,-0.3778919910695944,-0.11766511426649819,-0.41498887355596764,-0.6807880612247226,0.0,0.0
0.29206094466229093,-0.1338176490301056,0.2660393569175175,0.5333633762412524,-0.8544928812581192,-0.35744482755552004,0.0,0.0
-0.7559564473822358,0.6936826967379868,-0.748232970592757,-0.9374939696775045,1.454876085108149,-0.6590217802003927,0.0,0.0
0.5936284527783557,0.03090463417576315,-0.7756205575697627,-0.43730010669006564,-0.12664946267076316,-0.08798206485626728,0.0,0.0
1.4699180759774055,-0.9719166772927482,0.5353617443029332,0.815372552191763,-1.5356045995197112,2.3529200281879254,0.0,1.0
1.4992887069591385,-1.0330329882032374,0.8735928698798338,1.0522670031044972,-0.08726311332877734,2.5221969902927674,0.0,1.0
0.7481696274114986,0.14704475886603102,0.0243049601149066,0.7861189072001125,0.34739109908141774,0.10868126918284629,0.0,1.0
-1.0145861982304216,0.27756785298225495,0.46058805128228886,0.9292413406138038,1.0316093245614983,-0.6800524578905764,0.0,0.0
1.6277672772640335,1.1518279987760907,0.005011974817238211,1.7080041395961394,1.8600268925981869,3.3746981885029177,0.0,1.0
-1.0694149044953902,-0.6720232752018623,-0.6827709558964309,-0.9463742420972482,0.3947310893059254,-0.6869082651531644,0.0,0.0
1.1546592894515884,-0.4119719528071938,1.2784379905977867,1.2153429238198097,-0.7712997427476126,1.0131439412743177,0.0,1.0
-0.964809387638135,0.35475085864122136,-0.24014239333221812,0.1263692251771683,-0.8876395817143875,-0.6781959244548651,0.0,0.0
1.483269429657121,-0.8326473907986769,0.6435355443253565,0.31263462884025867,-0.23245292490206726,2.4289092083376773,0.0,1.0
0.3818602380462155,-0.3567726126723192,-0.8675387672023388,-0.7267937374579321,-0.7519715185789071,-0.28942999895020877,0.0,0.0
-0.05464000236023047,0.18996870857646148,-0.6045806981103021,0.2204424281474508,-0.10207072171186413,-0.5235841855097503,0.0,0.0
-1.3140171548638309,-0.6515331404165426,-0.6892252488645644,0.7117496080564946,0.5608295149441865,-0.6963006911009629,0.0,0.0
0.7247964352747465,2.256100372425028,0.3501852654207566,-0.8075261865829245,-2.629263713887523,0.07837363433909858,0.0,1.0
-2.3095796834918167,1.2585285427793236,-0.7647857033402327,-1.2991069659402297,-1.634265833946677,-0.7128370222246614,0.0,0.0
0.8519021112745455,-0.2679644826334629,0.002880217085546679,0.26164792979385004,-0.7180593854463653,0.2833547966352461,0.0,0.0
-0.29774056846328817,-0.31826583823019583,0.305748616868839,0.7423319512946982,-0.16124118057165615,-0.5892996595412563,0.0,1.0
-1.6614505554549628,0.5600230352667702,-0.5559385691810652,-1.1257408259814006,0.9262356103433034,-0.7039611564860684,0.0,0.0
-0.1726350334831684,-0.11128062429880278,-1.427331106252264,-0.3393186660376229,-1.3735372872647285,-0.5605773284449048,0.0,0.0
-0.6122826775388484,-0.08281032313397174,-0.3438771491411204,-0.2123883675020853,-0.7398468153465103,-0.6404008048378023,0.0,1.0
0.687501348570457,2.0859657654254624,1.3898437142268418,-1.6170364157685124,-0.48160467526775386,0.02537033963207986,0.0,1.0
0.4800050414355001,0.4038230726997319,-0.8028804058550031,-0.6185130779390008,-0.13775322549456792,-0.20786032844517238,0.0,0.0
0.6311459497276593,0.09800274119683093,1.7367107267316204,0.3085643359210796,0.16511631817222497,-0.046091690843416,0.0,1.0
-1.0704729373342696,-0.24108118304583148,-0.37210850480137186,-0.015649431934254634,-1.530734121566746,-0.6859343575917962,0.0,1.0
-0.3550640296069935,-0.026751439680624302,0.16057154621972336,0.15067853316018526,-0.30242746460197817,-0.6036206925013861,0.0,0.0
-1.0806963418976026,-0.7884545372820239,0.6350504662688493,0.5919616545165172,-0.23090961444060096,-0.6840938593265459,0.0,1.0
-0.43904737977100516,0.6396375764787122,0.7079962796264501,-0.041418867009498136,-2.025826484234487,-0.6216539993913832,0.0,0.0
-0.4301852055104027,-0.2660184533642281,-0.48331961733928125,0.49132663224537,0.3601100315897352,-0.6202046925266057,0.0,1.0
-0.45981444306898556,-0.7337505424789486,-1.0226429278524631,-0.4240488689478297,-0.48400249815803803,-0.6222821618018811,0.0,0.0
-1.7060809335726685,-0.8193129189775822,0.7076773349214266,0.7169021692298981,-1.9021910667494855,-0.7072326757793431,0.0,1.0
-0.991690945734819,1.0325594869447852,-1.254776520987941,-1.1126302974259965,-0.47904350755995606,-0.6774369911947249,0.0,0.0
1.488456377204672,0.07172844073110296,-1.0356258021366447,0.6094809008398516,0.30611861933985374,2.4576272119436102,0.0,1.0
0.7242370719492659,0.8315997888059956,-0.08826609561230271,2.3020484713221765,-0.5248215926067353,0.07960446201477656,0.0,1.0
0.8887555828602919,-1.6720563915530833,0.7154793882257302,0.48470138361293286,-0.20543016393911953,0.35264105968797155,0.0,1.0
1.1653625566936197,0.5995509530270597,2.396353823086056,0.21489538028102095,-0.8727886822744559,1.0480891267273105,0.0,1.0
-0.5381496480741116,-0.6749479176195369,-0.15956705965438905,0.4886992246609887,1.0025325802221594,-0.6352586709961187,0.0,1.0
1.1589190935047142,0.3812319211664203,1.4800094920366131,0.339332646857404,1.1909214277219209,1.0282923590807016,0.0,1.0
-0.22725056906566649,0.22389991223793956,-0.15434735062635063,-1.0420440260864186,-0.3775322513609355,-0.571864922362752,0.0,0.0
1.114424990109681,-0.27533661440050516,-0.592904722351976,-0.39790111197648387,-0.22729457542855008,0.8949171744286282,0.0,0.0
0.18910930942252097,-0.32685887282679804,0.19100976861465327,0.5241522998267939,0.47463092750163666,-0.41393688354747193,0.0,1.0
1.1456399967683721,-0.04039975257575112,-1.5502627164815748,0.15345128139703976,-1.321327671333279,0.9858042754203863,0.0,1.0
1.234638206686572,1.2997709118146485,-0.6605498143816617,2.7831802313112783,0.3712651146662348,1.284625868597538,0.0,1.0
0.048901815830503854,0.7883251123345169,1.284966049389882,0.9210195392060894,-0.23755262593944837,-0.47938126817089866,0.0,1.0
0.49465483376849534,0.9327196715775858,0.7738059184413973,0.8349861116180484,1.4338059059865251,-0.1926269069509083,0.0,1.0
1.0561780487693806,1.5788176794133015,0.586364132173034,-2.144484704419768,0.3661582542215047,0.7313941649591013,0.0,1.0
-0.7001709237658195,-0.9670654604590612,1.121770453848538,1.0496436530502962,-0.014649773006236563,-0.6538988235403037,0.0,1.0
0.5289279681315755,1.4972033746736793,1.017681888505743,-2.0388961122272478,-0.0895557408605341,-0.1582405246267826,0.0,1.0
-1.547961829683147,-0.361352203671066,0.5468143973727625,0.806298334289233,-0.5026170038257389,-0.7010811710703917,0.0,1.0
-0.7710039369923921,-1.7944844956993093,1.0243405206222922,-0.0721415312687135,0.7278000519808658,-0.6618605043805428,0.0,1.0
-0.6407448269082492,-0.4920622327545617,0.0945481074273043,0.8716257523793572,0.44864460550223534,-0.6465608727615981,0.0,1.0
-0.6045063965114862,0.41406979058881926,0.9332100463805324,1.091473863070609,2.058737742086516,-0.642757837852976,0.0,1.0
0.9286493284908846,-0.7066806006636488,-1.2027367993679903,-0.33968874172340785,1.6812614500020673,0.43302261224624516,0.0,0.0
-0.6168559424485824,-0.4238398742123953,-0.422582861232806,1.010645663448307,1.1679451864354933,-0.6473428389038327,0.0,0.0
-0.6205546751950547,-0.37025807066023325,-0.602272415121444,0.23728613198814508,0.17564509044860777,-0.6459849253776179,0.0,0.0
0.13787779804621142,-0.27836989014385904,0.828975130394329,1.1803143841097163,-0.9945171875939562,-0.443340237537512,0.0,1.0
1.4898630100839716,-0.17940723643255244,1.2396311905213726,1.8363813936019138,-2.216670198445644,2.4655377861144663,0.0,1.0
-0.3119782138646879,0.167850033479559,0.30663243708522264,0.2357494507519795,-0.6928480398203685,-0.5912226085786833,0.0,0.0
-0.9935363613145353,0.858805200050642,-0.4440319640676193,-1.0765861589859114,2.13809650202942,-0.6814940714200263,0.0,0.0
0.2392078036250039,-0.36233246089182947,-1.0654870882581584,-0.2989093771980501,-0.41981363768938496,-0.382209628202976,0.0,1.0
0.6370685022373609,-0.20884719827767284,-0.6468128075303596,0.11740209837961804,-0.15040385744876594,-0.03881671169710373,0.0,1.0
-0.729265056604745,-0.44073113077926745,-0.7838455096592285,-0.545050258539589,-0.6762928305305583,-0.6584528101908051,1.0,0.0
-1.3351935147957465,-1.3429390581790188,1.2172518805117518,0.6926813409547965,0.46509046606980536,-0.6972085932420439,0.0,1.0
-0.47323142163885956,0.3664324271514228,0.5843881125274251,0.11694380404982306,-1.2320987498759768,-0.6215257036016156,0.0,0.0
-0.8852854959009058,-0.8117887747785545,-1.178730963152167,-0.4705918719472459,-0.7903647443045216,-0.6718805506447105,0.0,0.0
1.0613651565700875,-1.2248547072563485,1.3085135399025756,0.789566712938629,-0.38981181130183057,0.7470753556058108,0.0,1.0
0.44504230982229337,-1.1360807225963154,1.0077528042220545,1.3829132169839373,0.6137058573743773,-0.23900746493817082,0.0,1.0
1.4655779259226165,1.9709847686378048,1.32689453429646,0.8827864366001333,0.974255332620211,2.330352042101418,0.0,1.0
-1.5372746972867195,-0.28217830707962827,1.110390951076103,1.0996708367986088,0.5016129521122623,-0.6988229229828302,0.0,1.0
0.7743414490366303,1.6572628579703559,-2.2114780540397825,-1.1908243561243232,1.152422390860336,0.15416112158825718,0.0,0.0
-1.48515669938842,-1.093744528634511,0.7062913402940885,0.4425435147113792,-0.6842318365836682,-0.6979653598118665,0.0,1.0
0.39266628572080575,0.1467762299465893,0.08520415017357984,1.0095915681713452,0.502211699839501,-0.2822397227132639,0.0,1.0
0.42677326109910213,0.6152753071966075,1.0003918817149853,1.1230455239773913,-0.256314030381635,-0.2514466828206265,0.0,1.0
0.030048432270501926,-0.5651284322522104,0.2996888875941307,0.5427799442139112,0.5808676244429781,-0.49051854894939717,0.0,1.0
0.37671334216670094,-0.5210944681657843,-1.056002691736154,-1.6023368280312134,-0.02940378484250531,-0.2915329656691091,0.0,0.0
-0.6939761243880868,-0.03469907542296056,-0.35963933695060163,0.0849681911889894,0.21554987681000176,-0.6562983370224144,0.0,1.0
1.5238934387352128,1.8760508535794447,1.1346421940196354,-1.3071098534439527,-0.8584573112855324,2.669051639166075,0.0,1.0
-0.6132796009689708,-0.338124474920585,-0.6792604852055604,-0.4745040910189844,1.3185719412649493,-0.6460650933439598,0.0,0.0
1.0013063652174201,-1.2895787033658515,0.623710313122207,1.3232638186574222,-1.3783690178852797,0.5934178472472657,0.0,1.0
-0.09680611013185811,0.00182564394361436,-0.7308540416208826,-0.6343915409109683,0.7386967692033103,-0.5349020600682359,0.0,0.0
-0.43696209071526776,0.1500878214113908,-0.24613942656314391,-0.1295039468437858,0.6441367380017532,-0.6159082440240915,0.0,0.0
0.9266510429471283,1.4002719987618577,-2.3001787114167445,-1.3387333105381427,0.910698741787713,0.4305368176038195,0.0,0.0
0.07184225726358319,-0.17522513733363687,-0.4840241174729326,-0.20976755796140006,0.5876449202993819,-0.4728890704737047,0.0,0.0
0.4605136194379256,2.4211327541493763,0.16338625821888383,-1.4673852658558468,-1.311214952196456,-0.22584316308633057,0.0,1.0
0.5361212639816292,-0.09841360682323565,-0.9670183903071206,-0.6858809287393542,1.003989282505434,-0.15369631210874787,0.0,0.0
0.032030874342374026,-0.2357636314361769,0.17151811827246458,0.3246303214748059,-0.28654928325800094,-0.4862208201336783,0.0,0.0
-0.8349216055333831,0.5395401087031827,1.5643895481419412,0.29476289655421495,-0.20572226764055876,-0.6665776355123998,0.0,1.0
-1.2914291928822086,-1.0942489516368938,-0.04231800448298175,0.6212865689711585,0.42535305748164065,-0.6943165013039522,0.0,1.0
-0.5509296393295551,0.8073653788697035,-0.702950051318188,-0.4278217976743725,-1.5093622722854463,-0.6380134725531231,0.0,0.0
-2.3803082626434517,-1.1425720943233968,0.22338513353778552,0.7076336506827678,-1.4278187061882153,-0.7142630709976912,0.0,1.0
0.8630863932769672,2.3786531453946083,0.7169375867923048,0.9133586091437429,2.482802837439069,0.30404590107588286,0.0,1.0
-0.506943382844837,-1.5487662161985767,1.4508979898570908,0.7787616988366904,1.8972510146521713,-0.6291332378167728,0.0,1.0
-1.4239630662430371,0.5578534961871854,0.9394135065012224,0.2206924970071192,-1.0850407307657484,-0.6997639631149911,0.0,0.0
-0.2897411159175065,-0.015947730968591246,-0.28657891067286334,0.6570116807306906,0.81229760028595,-0.5945940999960074,0.0,0.0
0.10167131420925384,1.4658922945444295,2.0120327363551995,-0.3815486505139333,2.200531514022919,-0.45548927355503904,0.0,1.0
1.0719828477156919,1.999725606403203,0.37094171440374546,-2.723837412131225,1.7123790756879909,0.775884872573384,0.0,1.0
-1.4714148291551716,-0.7516228706390764,1.2736513527223816,0.6381080796007064,0.21170837397386283,-0.6967209696248234,0.0,1.0
1.0315799240332746,-0.6216111681888538,-0.11869427129805225,0.7681077903118116,0.00638317157896494,0.6678469792629469,0.0,0.0
-1.2386713619468883,0.6697003618095368,0.1855341817668694,-0.48358419717110607,-0.3175173108926026,-0.6904668845890585,0.0,0.0
-1.4729490526012579,-0.5647011240442621,0.0245779715371537,0.679082151447491,-1.8665266675536478,-0.7007468453738176,0.0,1.0
1.6719677304891236,1.1503670128653392,-1.7587055974903094,-1.805718621199526,0.533599958349925,3.719844833644947,0.0,0.0
-0.08819687408043646,-0.29442373334620264,-0.9320144540075531,-0.4648029949617485,0.917032851715285,-0.5329039292219252,0.0,0.0
0.09579429707952015,-0.2715602632800496,0.06478163422681843,0.5157197884946974,-0.11155709350856245,-0.46030352244342027,0.0,0.0
0.6983236012658671,1.2931092966687487,-2.043090757722871,-1.4154571064225325,0.6138149814942204,0.040594136890318676,0.0,0.0
-1.3548153928704945,-0.6772676161765835,-0.3979224542090551,0.30941376725669467,0.32532169443044795,-0.6962397714566709,0.0,0.0
0.12675367612866242,-0.2231494529307353,-0.6960169552328452,0.6313346320442779,-0.6915382084412116,-0.4486396769783105,0.0,1.0
-0.50924822321036,-0.5811556553690447,0.25533972347843326,0.3027382475201884,0.5330213943104355,-0.633360741194561,0.0,1.0
1.150398343437336,1.7374260665332601,-1.5247815235918787,-1.6006821887388496,1.670279038764734,1.0019425181992363,0.0,0.0
1.323981718576029,1.7589682938864966,0.8075993293097418,-2.326208025025637,1.0876341831582759,1.6380082335104302,0.0,1.0
1.471029367960282,-0.5452383023668045,0.9787353907652184,0.8754432988571255,-0.9950076985022152,2.3620702445296375,0.0,1.0
-0.4662860924212588,-0.9586741762083881,0.3972839463488744,1.0290327965305794,0.30797619977361074,-0.6258436315862403,0.0,1.0
0.030472943241883765,1.7650151599943766,-1.9502557194186019,-1.0244478148424572,1.892476230629755,-0.492085128887699,0.0,0.0
0.11516590445284268,1.4777905472157733,-1.320839563604765,-0.4594410653741033,-1.2610493154807125,-0.4524427835169687,0.0,0.0
0.21281609982799984,-0.5779286822706298,-0.8498670455177696,-0.17834376120296488,-1.3273932781357511,-0.40383244992781187,0.0,0.0
0.46779907378017827,-0.151211601462821,-1.1988509626534476,-0.6315561108420717,0.9129488672157868,-0.22064147696716355,0.0,0.0
0.5375007179764257,-0.3896781393648711,-0.44673195634628243,0.021780706164906478,-0.8138229493431982,-0.14920655122027845,0.0,1.0
-1.1077396961577721,0.5070384505612853,-1.0536032567869773,-0.9697908852187584,-1.1150474591461257,-0.6901003903199916,0.0,0.0
-0.2952113154499341,-0.13612845257071304,-1.8589530624256165,-0.956910214954497,-0.441633758856485,-0.5914528495676845,0.0,0.0
-0.4252279367927478,-0.7015629198274634,0.30936577884879685,0.6706701787522983,1.821092763012945,-0.6174704376121599,0.0,1.0
1.0881928231184121,-1.2419510591241323,0.7430261190842203,0.6014666465400755,-0.8755026229302088,0.8196392031873438,0.0,1.0
-0.4481813543738171,0.20122683164719996,-0.497347981860301,-0.6679918867698439,0.8193447913145733,-0.6206910230975152,0.0,0.0
-0.9145692787942536,-0.8681799516529406,-0.1596260097740328,0.36406937325650157,-2.470974797211342,-0.6727975190125375,0.0,0.0
-1.061302591688021,-1.0998541814116842,0.08584195274639306,0.7054931611976947,-0.8094799507270677,-0.6846962847975224,0.0,1.0
1.5175850776848772,-0.68468877838644,1.091578722709875,1.3191707525467882,-1.5341185227786847,2.6344983641598194,0.0,1.0
-0.9576187202861135,-0.210546556779667,-0.29281574299616386,0.36508858856346665,-0.08139798409898061,-0.6795022484063368,0.0,1.0
1.2482956583974567,1.474672762456651,1.0367015889060534,-1.9065010573656145,0.08635358918900905,1.3334915664740612,0.0,1.0
-1.6724799719705976,-0.4988996553405168,1.1845665728589312,0.6772701891298559,-0.30242056477474494,-0.7029529915115584,0.0,1.0
-0.022516255184150874,0.12224899020213074,-0.10673877648588416,-0.3062034733598811,-0.8833143345910064,-0.507948354110477,0.0,0.0
-0.858229963883286,1.494781439498354,-0.9768518434896206,-0.8157560113599057,-0.06718991593230018,-0.6696418275411965,0.0,0.0
-0.1255873209685861,-0.08086932853991113,0.9201840131366562,1.1805089536403395,-0.9469285963154083,-0.5476534507857413,0.0,1.0
-0.45418218944863775,-0.6076778202614826,-1.1746282030560327,-2.166741307401403,1.1675950280245084,-0.622077838288842,0.0,0.0
1.0065709743731053,-0.7604845743238476,1.2408077928098762,2.2664674741056663,-1.1476397223711996,0.6083680760094043,0.0,1.0
-1.1559212536753647,-1.0790345975981992,-0.6585509571645904,0.8173170114484501,1.0028414641882022,-0.6870516870329118,0.0,0.0
0.6231072367098771,0.7629125187617362,-1.473615783220684,-1.4187732180862627,-0.39434128738768,-0.05535545829241993,0.0,0.0
0.4676493109746721,-1.0705173485754031,1.0973011919857456,0.9468414371452197,0.09004144303643528,-0.21693373130822333,0.0,1.0
0.41026661175081003,-0.7104727516903474,-1.1605947993901422,0.8540182762250508,1.2122597005112363,-0.26831467820441857,0.0,0.0
-3.1080054715368184,1.7600331622193899,-0.8975197357553419,-1.9857025031097473,0.47421931398398703,-0.7144907269591669,0.0,0.0
-0.9613304315833766,-0.5526531646312278,0.7438422860334083,0.6886837090309103,-2.133439418451227,-0.6727351715119445,0.0,1.0
-1.0956219078954,-0.35256429997911315,0.6181984203662325,1.01045156859084,-0.5655417578650883,-0.6871177566106205,0.0,1.0
-0.9634212385927555,-0.5953426592717473,-0.7121822861065928,0.0368852923846931,-1.0950785094192166,-0.6781550720524563,0.0,0.0
1.6009246563982829,1.0049967402397253,-2.0346394123103164,-1.6093642916744633,-0.7007125087334355,3.179658240684535,0.0,0.0
-1.6721680150522378,-0.14527368522613018,0.12506155330747676,0.8661156970694862,-0.5094119982706349,-0.7100570170555484,0.0,0.0
-0.42761949569428626,-1.5136878565859135,1.4078831681007218,0.6818876241965764,0.1040571236607943,-0.6178586927193973,0.0,1.0
-0.27721941527414,1.9885074119385606,0.31038107486988037,-1.4900848127299626,-1.8917578393367416,-0.5839145403856694,0.0,1.0
-0.4213610787364838,-0.6172623596596974,0.034276091278533725,0.7945191577564075,-1.134884956332981,-0.6158794210082407,0.0,1.0
0.14294881690948383,-0.05310631234184992,0.29100898118874413,0.4428183904804206,-0.29267987125516487,-0.4396709165556733,0.0,0.0
0.317787894596999,0.37494415759597033,1.6250047438484987,0.4861521951397995,-0.06914773875289888,-0.33890183319146705,0.0,1.0
-0.7718900267718097,0.3003814727057822,0.6509858540563426,0.2318870293180488,-0.8488244060885914,-0.6625637000234569,0.0,0.0
1.338407632450367,1.0708456808082336,1.3580193048316611,-1.7620380856110516,-0.19499121296446942,1.7011982350261925,0.0,1.0
0.8728324770611489,-0.36075393421752083,-1.014488856713252,0.20261986214721397,0.3987179298955554,0.32445869316651704,0.0,1.0
0.6119990848063559,0.5842800378936762,0.18934435254606646,2.115599141347813,-0.6954621840535777,-0.06689498978130026,0.0,1.0
-1.5810818305788286,-0.3537445961388558,0.04580548458739323,0.28901547716828563,-0.39590957863299664,-0.7027267319244409,0.0,0.0
-1.191996743272185,-0.035699412006360044,-0.5941409704692664,-0.22266772095047896,-2.113450577101985,-0.690325810910149,0.0,1.0
-0.07224179221327942,-0.6004194172924752,1.021024047667942,0.72556191783383,0.6402792075152919,-0.526473270430734,0.0,1.0
-0.4586082823776581,-0.056240977990640956,-0.06808718122497796,-0.0824292787217469,-0.3270020358656174,-0.6223455976722662,0.0,0.0
1.62679573405264,0.7149012721664367,-1.5200196342131305,-1.6831083394521134,-0.6836290556935966,3.3680910534817596,0.0,0.0
-0.3502027687842998,-0.45744536090308446,0.3823784124043916,0.31770135649581,0.4558987176826604,-0.6006438210885031,0.0,1.0
0.4850173155701855,1.576289363110741,0.8313174637588747,1.2845015231441745,0.6547406449546919,-0.20325590706722174,0.0,1.0
-0.2723596278216515,0.03402199737344582,-1.4263330516762927,-0.7761720551227146,-0.6870513817792576,-0.5854355635544573,0.0,0.0
-0.4929873453712719,-0.9749389058597566,0.03473143671997384,0.13673871114866323,1.1470888581895304,-0.6273639912644082,0.0,1.0
-0.5707838330649709,-0.4173888109580374,-0.22568989232082187,-0.3530092338000292,-1.1075265317597438,-0.6394948974613073,0.0,0.0
1.6171789007481683,0.9251383947984488,1.9971205408226327,-2.6996893561137556,2.2728104543853194,3.2986494617495223,0.0,1.0
1.267407345869262,0.11522997510264103,-0.9844410405470891,0.3187914761051053,-0.18695500650102656,1.40674366865977,0.0,1.0
1.611563675951831,1.3298561601064178,-2.137174636633907,-1.790935517518899,0.634711012893543,3.2556166843660055,0.0,0.0
-0.08772278047397464,-0.1118328466551584,-0.22012597718619095,0.13000042991144561,-0.1779055975737405,-0.5315426218264172,0.0,0.0
1.2655737276821777,-0.43536594573092724,-1.2930069806742779,0.895348153025182,1.275057008640258,1.404116569371625,0.0,0.0
0.5454324459544521,2.1393403204348616,0.6089346787573291,-0.8435897428358128,-2.5802246092771655,-0.14366514867896676,0.0,1.0
0.6776372628677756,0.5617266560735348,0.676958254217993,1.6665938781043599,-0.147995367649621,0.01151886716827308,0.0,1.0
-0.8676427870488125,-0.40779046764471105,0.6306663545521768,0.8467619887203932,-0.4591095833564654,-0.6728129007555057,0.0,1.0
-0.20588446794436116,-0.14636025261541807,-0.12101479770481,0.660402121581121,0.5219806668483326,-0.5657180830957632,0.0,1.0
1.627566992806909,1.0479782757066753,-1.1083649659471808,-2.129702064181498,0.43568419721582125,3.3728120217138944,0.0,0.0
0.1877368571819615,1.7742013461570423,-0.04465925160215087,1.6874554000396649,1.0444360095238703,-0.4139393643181478,0.0,1.0
0.89806695013661,2.1115837131172044,0.5993895072700467,-1.639204481438766,-0.6482437997750966,0.3661959992335878,0.0,1.0
-0.18538890751880374,-0.11536807951966196,-0.8892275720199505,-0.2970474772824385,1.2124543638333658,-0.5629481677331156,0.0,0.0
-0.3143910085849158,1.645876846170658,0.5064285259922271,1.6078135043142556,-0.3010440095514527,-0.5945392827387186,0.0,1.0
0.8924313738965514,-1.1649264940117405,0.46764710057362563,1.9014317879130342,-1.8701772337007478,0.3595862763053251,0.0,1.0
0.47347727257691824,1.3998362537475961,1.240014335043851,-1.2969563677656764,-1.723024419174938,-0.21155417314731031,0.0,1.0
0.7986336687749085,-0.31275145187243897,-1.1312097084169488,0.0896850420103213,-0.23838382369480426,0.19466709930338325,0.0,0.0
-0.6351259923917003,0.5874039720735486,-1.8101772920914214,-1.0455897545223212,-0.6545735530983229,-0.6438354250774684,0.0,0.0
1.0749211114736137,-0.5787668638873886,1.1867775903068076,0.5762383915945682,0.44088800064696027,0.7852360554920882,0.0,1.0
0.8400061059916579,1.5447861563437066,-1.0412321227879113,-1.4469615507687594,1.9605368051489482,0.2621203372648059,0.0,0.0
-0.9539979581210921,1.5469530083963101,-1.2194701691536447,-1.089308429649347,-0.018249849824705087,-0.678637185034376,0.0,0.0
0.39551580721248675,1.0598298496337948,1.6792039591383228,0.5135654041250229,0.39513326400640447,-0.2767794939253921,0.0,1.0
0.6745094751335161,-0.446331841707916,-0.34532011835856086,0.06712867937229391,-0.28343744841777013,0.00932573851428767,0.0,0.0
-0.978380295376272,-1.5181373376295868,0.8437410023370511,0.3724642178647251,1.554092013611643,-0.6771562768058539,0.0,1.0
0.0411489525640876,-0.3154533479327938,-0.7464590373584067,0.6167054919702484,0.544621321934677,-0.4861424933536912,0.0,0.0
1.3260099582501366,-0.8456411795632286,1.2205244913359885,2.282008249444384,-1.7748361837543902,1.6471729506934796,0.0,1.0
0.6056434333608272,0.963589257939867,0.009844070877553332,1.79144631441207,0.49058249206381427,-0.07835644017153366,0.0,1.0
0.28361435583020655,-0.3491601035511746,-0.5237891562049984,0.1573879997933597,0.9065039087057756,-0.359810586945786,0.0,0.0
-0.9598175716513409,1.5296836332103467,-1.3816714227795113,-0.8062113022697356,-0.9709376592357084,-0.6799350316457013,0.0,0.0
1.331291835852549,0.9901339807700489,1.263627958976968,0.7355656469210272,0.8946725418534208,1.669499710113944,0.0,1.0
-1.7942484665975973,-0.49921779293727697,0.6709212273795927,0.580688800747726,-0.004369637405786681,-0.706178227711718,0.0,1.0
-1.1478563183388677,-0.6120148893314304,0.9911999575330002,0.6478615657285479,0.5297893656703395,-0.6886156455881137,0.0,1.0
-1.407803035078042,-0.16387471327884642,0.26274291644663444,0.6871034094463615,0.45016560398235794,-0.6947195899680665,0.0,1.0
0.8487001310613548,1.1709074840596976,-1.807212326027514,-1.3940048918528782,0.29439923643054866,0.28025109248019564,0.0,0.0
0.1756924967962903,-0.28044670080430856,-0.10950454025835218,0.7469907283401511,0.6105809275528883,-0.41785929650102427,0.0,1.0
-0.3948486619640711,1.324472843130051,-1.7029428116318086,-0.4964041487709285,-1.6825009200703938,-0.6118188787665797,0.0,0.0
0.055423296149225525,-0.1897172320196441,0.4096597133560817,1.1737037832280404,2.2501168084945036,-0.48160938674121845,0.0,1.0
0.9036046227271107,-0.4694063200388728,-1.0008664854386102,0.3770855931492878,1.0047665106037535,0.3810108562460926,0.0,1.0
0.6989889719256779,-0.5631578919878109,-0.06240357453747348,0.4100435649128023,0.9494642237724963,0.03927047650916005,0.0,1.0
1.5018175905397242,1.3304997681439767,-1.1609558717104427,-1.695050753690377,0.8973848800832804,2.539123422912028,0.0,0.0
1.0419611098048196,1.5102194706669179,0.974005100912626,-2.346124124012917,0.9457039764764831,0.6965226298754584,0.0,1.0
0.15830052718699347,-0.6430751120318806,-0.436835635526502,1.413281620036184,1.8087446200025732,-0.4284653181292307,0.0,0.0
1.4948934695214406,0.6681058122604299,1.983779516445331,-1.470736226164052,-0.6797181962295107,2.499126657309209,0.0,1.0
0.2777243655737974,-0.731017297794703,0.9059212971459635,1.7509695381326527,0.21524525375946368,-0.3634119143287612,0.0,1.0
1.5925030210630682,-1.0049790620551657,-0.9648620352548926,0.20220185908930485,0.276826371319373,3.121652024661836,0.0,0.0
0.20060661956498466,1.7187159658501479,1.1164552358162345,-2.672558064886726,1.2311270003720838,-0.4079506796814083,0.0,1.0
-0.8197666500946695,-0.2758846799248682,-0.5615013587184033,-0.9270717506459671,0.9012548463727863,-0.664265126467531,0.0,0.0
0.39997725848128934,1.4255437244861324,1.4808494932800231,-1.6356396896189103,-0.8843720897443239,-0.27668173778778526,0.0,1.0
-0.5471833047174106,-0.42087427415791623,0.2802283328075528,0.7432380873690853,1.2367525452816108,-0.6355804189688107,0.0,0.0
-1.124495750173441,0.7823618233634289,-1.4768423183309143,-1.2665354155745359,0.09954007269492482,-0.687702842385471,0.0,0.0
-1.3903922167966456,-0.26047167169467883,-0.023434327449364134,0.48103376241701223,-0.44569841490672824,-0.701565320451752,0.0,0.0
-1.1481649170030899,-0.8500012059972996,-0.2259741049713093,0.5613084948232416,-0.6513122972971865,-0.689073761943962,0.0,0.0
-1.631410628803629,-1.946014234023444,0.4367332873915567,0.4856440405509026,-2.8095192080428415,-0.7028271315750027,0.0,1.0
1.4308394508566187,2.0272720487702016,0.33206478944305545,-1.4552534214109722,-0.8443322296963442,2.1422895961243347,0.0,1.0
0.23828713842849816,-0.46041698381624147,-0.9991782954696349,-0.7816788121374729,1.187807445191526,-0.3846076656995543,0.0,0.0
0.7973808075171697,-1.2700143358088691,1.0953317771538496,1.426391224984235,-0.03754219119566352,0.18712299494010867,0.0,1.0
-1.1566927912238734,-0.02693266424516608,0.44333039492781806,0.24153875446875822,0.2669136060419078,-0.689332415422877,0.0,1.0
-0.2620091072458406,-0.18629370907709875,0.6928804270037373,1.2014274692305709,1.5870229850212783,-0.5826159909321427,0.0,1.0
-1.256005650160982,0.3475841356033599,-0.41330740688489065,-0.7804148478234485,-0.31190524776028017,-0.6940446049343483,0.0,0.0
-0.10579152535252946,-0.7165349515117202,0.23031175831128609,0.11662201756996855,0.26063919818167397,-0.5383785071074069,0.0,1.0
-0.3142713870591643,-0.7011595736138041,0.16774459381861015,0.6756178633343654,0.38451980602253555,-0.5956473913681285,0.0,1.0
0.16358189340729942,1.466011196716315,-1.8954416050610594,-0.9348151014474976,1.7984167071965695,-0.42632735968136104,0.0,0.0
0.9440764837871917,0.09656553213242172,-1.2259539056681015,0.2177644181956912,-1.4306902258870176,0.4650611007134726,0.0,1.0
-0.20862931869443901,-0.17551434015660938,0.49655010612894573,0.8261004599144065,-0.5199685460860665,-0.5718659099132328,0.0,0.0
1.363491672921681,0.6945106318605005,0.9328395738440876,1.2546367623758699,0.03572111572009065,1.8148962539080529,0.0,1.0
1.435707766439422,1.1930495281842122,-1.453285645975583,-1.6989130965058414,-0.31999818144091263,2.170625337420772,0.0,0.0
-0.360644427539106,-1.5236322824121165,0.6650575025478165,0.29841891650537933,1.4130873345803165,-0.6045064194262408,0.0,1.0
-1.4386520268674459,-1.1901217012975742,-1.0211328020882515,-0.33539951473376745,-0.6015746195802375,-0.6982721167047751,0.0,0.0
0.8796717568023442,1.496829602776504,1.3199768317718508,-1.9560697986915767,0.08759734049966764,0.3364153122571651,0.0,1.0
-2.8110818281336707,1.0038415710748363,-0.3390394351324479,-1.851360681301697,2.6651667167903095,-0.7117837575038185,0.0,0.0
-1.7592989469778755,-1.9157850947697097,0.22259719718799592,0.0389294670689299,-1.8788197059825922,-0.7081840821862292,0.0,1.0
-0.4069668359676487,-0.7974424348958116,1.2446348076926996,0.5688928194982747,0.659066060169975,-0.6152720459933382,0.0,1.0
-1.090264868181475,-0.8603538819874147,1.466164711968824,1.1852496667930765,-2.0225613152803956,-0.6849108928103469,0.0,1.0
-0.9944892482120751,0.36538472763486396,0.3991306004403601,1.2273207891704545,0.42330549134185813,-0.6783249028811132,0.0,1.0
-1.4466525227036209,-1.5523389169524098,-1.159550319796104,-0.1700072642693691,-0.09714518202039502,-0.696401739777872,0.0,0.0
-1.7371173328731508,0.7066397792101806,-1.0610899398725386,-1.3278812811851994,0.6048871523398266,-0.7045830839905464,0.0,0.0
1.3692768856576507,2.1095784771840873,0.8757979245017468,0.8831022555380985,1.649173404599671,1.84320409449381,0.0,1.0
-1.1459347216436824,0.6417529349487727,0.6052521945473563,-0.4495255874190359,-1.2453034412980843,-0.6866193694821089,0.0,0.0
-0.8572183458024588,-0.5123614291510027,-0.41749874580159857,-0.6668696598176912,0.1605641153923571,-0.6705252932505933,0.0,0.0
0.8733166320455712,-0.8153211595141043,-0.7137163611439999,0.6467428950844035,2.415224945260392,0.3199637148197433,0.0,1.0
-0.5081806333487896,-1.320842782249666,0.9464674803810791,0.5329158466454788,0.688081670719119,-0.6276215756412095,0.0,1.0
0.5121014865045665,2.159436243253787,-0.20633683799198493,-1.5693215440607773,-1.3840382165888854,-0.17560853035662535,0.0,1.0
-1.1837443954518476,-0.9784150936271148,-0.9875143553224827,-0.11363667755438693,-0.14959802958909757,-0.6908792936532303,0.0,0.0
0.6304186380799345,-0.4393659930751079,-0.6449433526485392,-0.25126317002641174,-0.45946199664604753,-0.046837911825485926,0.0,1.0
-1.1958688587922592,-0.7696622472549963,-0.6871386735708933,-0.9046266234898418,-0.8921213619822631,-0.691029626216726,0.0,0.0
0.05015818266484802,-0.23692198211826299,-1.2210250221436114,-1.4220310846393103,2.46209993663566,-0.4799983039401837,0.0,0.0
0.24875301113450912,-0.30329703175718126,0.10116629675644372,0.7453374740703427,0.9268209042070333,-0.38321312900452154,0.0,1.0
0.2600501938339557,-1.3133356086727104,1.0552914805825562,1.514498632582107,0.9102090596130866,-0.3728594830769283,0.0,1.0
-1.2230763464599756,0.50730978669572,0.15752013666739695,-0.07550349484115791,-0.3798727033922878,-0.6915164913758847,0.0,0.0
-0.5558630133661103,0.05691997513655913,-0.13196151543890677,-0.12826474948368952,0.22153906997355105,-0.6373041210814292,0.0,0.0
-0.489737509657798,-0.1836342502253035,-0.12374238677339756,-0.23528709614484195,-0.9928567798056581,-0.6249721495788403,0.0,0.0
1.0906222397881051,-0.8761389170338066,1.1910642555551259,2.0840458335564866,-0.31330521891451235,0.8232717757691571,0.0,1.0
1.3172813518003141,1.5124393634313424,0.8205309932313775,-1.4438533430947225,-0.8887789165967469,1.606405531988113,0.0,1.0
-1.0836244787380749,1.1660368052391774,1.6460580849027442,-0.3426289563194466,1.832175284070808,-0.6867198822792857,0.0,1.0
0.6650028955443987,1.9322673370623815,1.2930946628816011,-0.7634602949234242,-2.4669295785372487,-0.00493804845944365,0.0,0.0
-1.5011488447628536,-0.49434100562417344,0.9398970337430018,0.6343888378566558,0.9876322554477358,-0.7019887212689123,0.0,1.0
-0.5086391605875136,-0.2954730294274557,0.7014690540345649,0.9541736441291118,-1.4339593171940344,-0.6324961324331441,0.0,1.0
-0.8413170057587442,0.7307151120470334,-2.3652886990373405,-1.3018804541441584,-0.9209981260257356,-0.6706115012807126,0.0,0.0
0.04498556803278383,-0.2688441757889757,-0.26245652812291587,-0.6979392218969708,-1.7014165498650902,-0.483513998947866,0.0,0.0
-0.5548973119957065,-0.7139026638180584,-0.4958493150012314,0.5214353225286096,-1.3235692065187348,-0.6372492785485859,0.0,1.0
1.3287289668347557,1.426275293468329,-2.820690335337539,-1.218767302228421,0.6040314853959596,1.6594552920376815,0.0,0.0
1.4775188246991675,0.36818975118541725,2.7483319781164495,0.24489543549485734,-0.8773120190000621,2.4012778076572845,0.0,1.0
-1.242219870934649,-0.6024631180841856,-0.7532633585402234,-0.8276167570666696,0.9594710022460387,-0.692996121133406,0.0,0.0
-1.1315305217657392,-0.3250828803853644,1.1357984247829607,0.8506483610545822,1.1491674746716787,-0.6902457356787972,0.0,0.0
0.13320789597978572,-0.6048121718175865,-0.18873488971142477,0.7791786517708503,-0.24507227660050854,-0.44059591980391727,0.0,1.0
0.6076014148989493,-0.10248784194623421,-1.611626590446602,-0.29448378241461975,-0.8051879160431687,-0.07169579737077207,0.0,1.0
1.455360564244946,-1.0764462454050696,0.36417845494836865,0.1985695459596733,-0.04079612000804853,2.2761183109970005,0.0,1.0
1.2234546487303148,0.4853233731277245,2.342170785567387,-2.055264454404884,0.5082183418682008,1.2467078601322,0.0,1.0
1.4252435274318025,1.3054482726076353,-1.4865157048716424,-1.8783169039478103,-0.44757075846588346,2.1158913643559045,0.0,0.0
0.5792581938083012,1.0500974607720264,1.8448148262477395,0.3753221550923737,0.23944885481609043,-0.10490665418762521,0.0,1.0
0.07317721346769472,-0.3957344287162456,-0.8724970660721583,0.07833216235326698,-0.2736083250684104,-0.4727466104019417,0.0,1.0
0.7464482357729084,-1.3262447323110946,0.8702370395979138,1.7551553363772496,0.3786051825303028,0.11085987312692651,0.0,1.0
-0.6353384949289059,0.09430210072476425,0.558273242383712,0.2255139309255493,-0.4471464079108627,-0.6467653180561401,0.0,0.0
-1.635977940028526,-0.685028405365144,0.47451512179586686,0.695085045668104,0.262341952108445,-0.701196765991063,0.0,1.0
0.1800752123213746,0.03526662533057781,0.3018667434145347,0.19061381734462782,-1.112413881963709,-0.42118493693461656,0.0,0.0
0.8268779021690841,-0.8321104175745373,1.0078107610636482,1.3679348812832863,-0.15010037694571357,0.23831874394332586,0.0,1.0
1.493277355259668,1.3460583969134257,1.1790333202082397,-1.9235846942464125,0.3217327122981286,2.4841163910102653,0.0,1.0
-0.1287667070770876,-0.5202680374142891,-0.4978811210692793,0.166053787527187,1.5686443579275429,-0.544667121826406,0.0,0.0
-1.8346169487936543,1.6142555620051893,-1.1269093685576828,-1.3442517156811415,-0.8943469760924039,-0.7103416329391319,0.0,0.0
-0.9172903047991514,-1.283259776572612,0.9329699018301028,0.7500816957208307,-0.8404596204689518,-0.6760014351474427,0.0,1.0
-0.26703544901360143,0.3994293486670943,-1.8771183439974917,-1.1179873201468569,1.1489765128367488,-0.583598847364848,0.0,0.0
0.4031702166245492,1.979442107956442,-1.935522188464955,-1.205666167126015,2.2620709148523197,-0.2739260114319668,0.0,0.0
0.3041202391084853,-0.053717081024696474,-0.603463924675678,0.666242903160676,-0.15002083151023257,-0.34705239948919947,0.0,1.0
0.3200692575923872,-0.42980687078459096,-1.469411224333732,-0.32297666897237587,-1.3889141104931342,-0.3340650091755405,0.0,1.0
1.1932882616508043,0.22742977273482676,2.1302214560555415,-2.2197991421810164,0.6641296602951644,1.1418623044886997,0.0,1.0
-0.21940359004539922,2.0995191254576473,-1.528615525365858,-1.2152882855379818,1.9906097670606735,-0.5711577906379866,0.0,0.0
0.933882083842919,1.4158265175350235,1.5898282306415672,-1.7597589100109854,-0.2249553521914974,0.44482068685722004,0.0,1.0
1.0653320636649435,-0.3992320975227982,-0.2889198087967342,-0.20511213968693257,-1.1563072247991308,0.7592118639583659,0.0,1.0
0.994665964218099,0.03407496977183398,-0.9830109437523161,-2.4393059274063527,0.6918108281148457,0.5772170617091517,0.0,0.0
-0.08118471550087845,-0.2343576102507379,-0.42114326926399004,-0.08381670556610987,-0.11904558955293676,-0.5278111649334659,0.0,1.0
-0.5867843584324112,-1.2127148508872183,0.5011039545590973,0.6859170208319711,-1.4072600165969957,-0.6392918304064574,0.0,1.0
0.07807241997869206,-0.5266103286213106,-0.6274591190254212,0.05537293471025183,0.9687548893030103,-0.4699508798463036,0.0,1.0
0.3438061627391174,1.8241176717268577,-2.3578940150036045,-0.8859135938539233,1.758354074472453,-0.31964130568991,0.0,0.0
1.3458709783683998,0.6488522481082443,0.6777337310658373,1.5226631722536765,0.4107856627710259,1.732502054559355,0.0,1.0
1.3769627193304577,0.6568393465561421,1.9112981986465187,-2.1409938932699846,0.689979064593493,1.8781593491762418,0.0,1.0
0.9918393547832662,0.5313045430414641,1.4908289193214854,0.5572952876000223,0.3803037144949994,0.5739442181489692,0.0,1.0
-0.39906141179141924,0.06773304779704675,-0.02530461992931698,-0.06173256269043118,-0.10356734406730352,-0.6117705838895142,0.0,0.0
0.8701958623297541,1.7802264022629424,-1.7795895789976117,-1.4423934329907222,1.6550860181235996,0.3176485240883199,0.0,0.0
1.008207473821463,-0.5298313457364869,-1.2683563799553532,-0.01477445531734761,-0.43192084937111175,0.6133831056020751,0.0,1.0
0.6058283596764674,0.3888021829372695,0.05248520161894739,-0.246129395162344,-1.6132272821081233,-0.06959748877969073,0.0,0.0
0.11048297464310793,-0.2306922263123991,-0.25332770942606553,-0.10632974269984755,0.3627453618395861,-0.45564344320356603,0.0,1.0
-1.937887484858871,-0.7072166791089436,0.8850297858275277,0.6328100736208265,-0.8420807392410985,-0.7080546641339377,0.0,1.0
-0.6115808218144281,-0.8461833820667349,0.6257650876210982,0.644473054977155,1.0321866856134518,-0.645076155591628,0.0,1.0
-0.035395299756632706,-0.151170131184033,-0.5357433416489336,0.3651770591735094,0.4296124131912194,-0.5158916314048055,0.0,1.0
-0.43477505318291276,-0.09039893459018374,-0.5845933243342474,-0.13562069458861303,-0.8515166388709935,-0.6225352202952896,0.0,0.0
-1.2251149004879636,-1.057751852755978,0.8128832090371111,0.7336114159543917,-0.2023082285088152,-0.692702591587957,0.0,1.0
1.125248098965639,-0.28735767695329867,-0.9476142158064547,-0.1415351114275539,-0.2812427823710259,0.9286198604807547,0.0,0.0
0.8852574699294221,1.5209346078141337,-2.077728074387177,-1.4085849201293088,1.2014613348286118,0.34020991551158825,0.0,0.0
0.8640052530785755,-0.02218009215609429,-1.756113022187792,-0.34420751971839175,-1.5568535387980895,0.3027206816187442,0.0,1.0
-1.1322046836702044,0.7432335009962169,-0.7416866201461415,-0.5808999499346597,-1.633755295831573,-0.6874377006234285,0.0,0.0
-1.95639937799869,-0.715962559271732,-0.9474186619363161,-1.1426090660499764,2.1059448921998065,-0.71040801307311,0.0,0.0
1.156217768510894,1.8233933971532157,0.3739430542712413,2.2534980258908037,-0.21560189561561033,1.0186376859858122,0.0,1.0
0.7593592384872314,-1.815504825879691,0.6018682441779754,0.815259737314818,-0.8698865842733305,0.13052058322431903,0.0,1.0
0.07783894851571589,0.10429816538829137,-1.4544813259872245,-0.2862020395368549,-0.4639534570108566,-0.468792296531393,0.0,1.0
-0.9594022341454644,-0.2471648215955417,-0.4770216976385607,-0.16822978974753558,-0.8699533009504135,-0.6797241737637914,0.0,1.0
-0.27981829236214645,2.01115620217331,0.456346074760917,-1.3210907732935242,-2.267391797199727,-0.5875402132844418,0.0,1.0
0.690650181350949,1.553724755143097,1.3191040966932122,0.32215974691753435,2.5369277546109648,0.030925118233304634,1.0,1.0
-0.6022249785050748,-0.09182509250450016,-0.3083848053995862,0.4958463551991017,0.22069689328074113,-0.6442249053024828,0.0,0.0
-1.6840100024859774,-0.9720808092886924,-0.21587160027142924,1.137451621477116,1.7204740840361366,-0.702284544829734,0.0,0.0
-0.841351844229828,-0.5159704908334874,0.43352152683070283,0.9268903852236204,0.6785503874792423,-0.6653899479218313,0.0,1.0
-0.6602356209868476,-0.742037997202368,-1.4483510043076342,-0.5213030111955741,-1.1520938812110946,-0.6529855363190014,0.0,0.0
1.2891653400681178,1.4746641018591826,-2.328099054428672,-1.5168420727150458,1.2636103648119115,1.494241878940889,0.0,0.0
-1.0996973577102347,-0.4656918236537831,-0.4653197233535249,-0.299187661633635,0.2872334378205293,-0.6841588634848543,0.0,0.0
0.11899067230063722,-0.16943875846511278,-0.08844828778124604,-1.1043967461912507,-2.0961495613975076,-0.45208685390189457,0.0,0.0
-0.0889353077818834,-0.6310966301349841,-1.0444134814489108,0.8085931268718021,0.9226057969941872,-0.5364654300332973,0.0,0.0
-1.1144775668155738,0.31919741822477427,0.3628754252439495,0.19989925129739425,-0.48156466991628744,-0.6875237260186395,0.0,0.0
0.768662936701906,2.007538864388111,1.1022984853405677,-2.008300823646122,0.28469322468843566,0.14363229921101617,0.0,1.0
-0.20762220195516734,1.7990142050471425,1.111009022045024,-2.6415999048350916,0.9354974360134953,-0.5656776446970249,0.0,1.0
1.58159848168104,-0.2900901706376079,-0.49103548651059686,0.8609313990929602,1.3133609488997795,3.04565710406008,0.0,1.0
-0.835094674675845,-0.7727579488136647,-0.9566558322773822,-1.37900088807892,0.8267468592090647,-0.6646554882279054,0.0,0.0
0.8754795225914769,-0.41903309613395673,-0.7308740109280424,0.1233709394846547,-0.20604772949192668,0.326722137875243,0.0,1.0
-1.880221320613056,-1.3953729659120613,-0.8309546187726518,0.11956127995335769,0.3163209066840593,-0.7101119256351424,0.0,0.0
0.9588295684626293,-0.20789199393093685,-0.6125870490395596,0.8774109762723294,1.3449121038223515,0.498636050902469,0.0,0.0
-1.1114323075598844,-0.7144892425427554,-0.29240489216173804,0.257991428416552,-0.5824372105347555,-0.6851569284950588,0.0,0.0
0.8632813779729519,1.7750112127503954,-1.9057470301476616,-1.27235067825706,1.7537976433889535,0.3023415492399481,0.0,0.0
1.1329552524261626,1.1813255252491597,-1.6100563411411863,-1.538452742159227,-0.49546117352054125,0.9463833835458877,0.0,0.0
-0.5565940833065454,1.5398440581639976,0.5917743910879425,0.5231490843121172,2.137106763834871,-0.6355949304070555,0.0,1.0
0.8915839892831053,-0.8185566113036465,1.148270373900803,2.2511522591586357,-1.4251301704977934,0.3586588227386727,0.0,1.0
0.46463962387189683,0.85849930013111,1.748345963475159,0.7275727945846384,-1.0548524098037704,-0.22028053880296816,0.0,1.0
0.6360847023286222,1.3647126062924215,-1.8623122775343077,-1.2269751726033806,0.7198326699908231,-0.04293336498620686,0.0,0.0
-2.3127293456794087,-0.8061136313590116,-0.09745395387828067,0.3158748280313524,0.4215509197341486,-0.712790243457967,0.0,0.0
-1.0912012881931314,-1.0653891741023462,0.9549394083486143,0.6196678185703415,0.10730669495836143,-0.6865992430034074,0.0,1.0
-0.2838601507961659,0.717012279952772,-0.7831687448615053,-0.5319550428814632,-0.8840240290209417,-0.586906211849865,0.0,0.0
0.7679527213455758,-0.845161591463021,1.4919591360544433,0.9380102856521088,0.121179364977276,0.14389490298025345,0.0,1.0
-1.1080698214846696,0.22566853156346378,0.8292060249544998,0.6138420160045416,-0.9989239193253239,-0.6849306586997417,0.0,0.0
0.2052190196458211,0.1343446979620832,-0.11984203835273972,0.8910627558012036,-0.12220874309786012,-0.41073823878559595,0.0,1.0
0.7457411735578825,-1.6726978843466045,0.8028211560865255,0.17393397276873349,1.3016052171046664,0.10609492261635531,0.0,1.0
0.7429817516059865,-1.1937091341708965,0.7775702040680151,1.0199912561699733,-0.16189316584294253,0.10301333299337688,0.0,0.0
-0.4317573345578448,-1.5529518820596897,0.33259103598289863,0.8260465085945545,-1.434066575276333,-0.6191077082061619,0.0,1.0
-1.0183929475142182,0.18811003441955984,0.04111209466048955,-0.17089868988425191,0.1617223054199237,-0.6777644542930448,0.0,0.0
-0.4747694578968142,-1.0773844553897787,-0.39454313063233015,-0.3569284943002746,0.23168427742911132,-0.6235470489983959,0.0,1.0
-0.8352539667591429,-0.1843194144357717,-0.02017482326613914,0.8816405736112888,0.8873992004902744,-0.6673284288370672,0.0,0.0
1.4313503568969155,1.9075046271462002,1.2564399558206933,0.9118857090411431,1.1906854257175972,2.147646919498937,0.0,0.0
-0.663629158885561,0.0005671701964339251,0.42476102800325005,-0.1324132189585621,-0.3464805558904137,-0.6492394991997713,0.0,0.0
1.1568545631626532,1.1516551640475747,0.6868888533130699,-1.5924095904263937,-0.9634466749902161,1.0227859185676345,0.0,1.0
-1.2535858339227022,1.4919611222046172,-1.1349043762137603,-0.8831794645487737,-1.716685102730303,-0.6943720921185366,0.0,0.0
1.0689565948882567,1.0234202039713522,1.964923549243838,-2.181747617694603,0.7434678218850163,0.7669932052045579,0.0,1.0
-0.9748962574205811,-0.46882998394326914,1.3800163033093935,0.9508966792116662,-0.06838095449100938,-0.6788363862636889,0.0,1.0
-0.16201206603125534,2.321156449941699,0.29938626230440657,-1.2814470459140002,-2.194213773228043,-0.5606301394237563,0.0,1.0
0.8507904548299712,1.3211642838967115,-2.2153793378258415,-1.1291702428471353,0.03322370351311756,0.28287466775216497,0.0,0.0
0.8154770546449778,-0.29873868530899145,-1.1251942132319557,-0.05818239537364285,-0.4010836552725163,0.21813190585357856,0.0,1.0
-1.5076739484821713,-0.9032118143269744,0.5793422591106849,0.570674910771914,-0.5217686608019318,-0.7005841464173465,0.0,1.0
1.4026697590254769,-0.7163341242760163,0.9643790076940937,0.6007332217689204,-1.6729155906580477,2.0026480236617723,0.0,1.0
1.3723793527608137,-0.23474852506863364,-0.598228994240963,0.08775264409302408,-0.008762908761596834,1.854366408329789,0.0,1.0
1.4543266926987286,1.537210360480216,-2.4971615954591058,-1.4025531206841442,0.5221054697654707,2.269064565455664,0.0,0.0
0.05143216928880344,-0.18055774030674476,-0.8076217556798337,-0.02452680502213127,0.3008571136208626,-0.48258009455356216,0.0,1.0
1.4047289400652823,-0.4563438005980612,-1.1826882015089664,-0.40105366443627516,-1.5013239503298859,2.0128750534546125,0.0,0.0
-0.41811844392208763,0.4751780474294061,-0.9888146147905373,-0.6180290888496932,0.10641672390734999,-0.6144522895047617,0.0,0.0
-1.0098301964167922,0.745283973907011,0.015920161513755273,-0.5501026681428542,-0.2707651237609926,-0.677884586381955,0.0,0.0
0.7867154294391328,-0.15723514254284265,-0.6010147277185994,0.15332402777601714,0.09195783908465922,0.16822769235646623,0.0,1.0
1.0894979914048277,-0.3573554707704458,1.13498075627864,1.1023448048394549,-0.4980754058583596,0.82463566158,0.0,0.0
-0.7801265406357628,-0.17824771041509757,-0.09144574076137438,0.43254410716293856,0.173911376438964,-0.659431465568308,0.0,0.0
-0.2410922805020572,-0.24833502141185196,-0.7819320704533123,-0.36733750499113466,-0.822546700200607,-0.5782907701051849,0.0,0.0
-1.354976698411605,-1.1590068953616364,1.2795173563764781,0.6725435132600198,0.5850118071645726,-0.6966506873531633,0.0,1.0
0.6112397403807363,-0.1563668456820928,0.19462500878680744,0.5721843388710635,-1.3425468996993752,-0.07273161047967917,0.0,0.0
1.5377420908069372,-0.6856335519242988,0.5570638372179557,0.28637728012016095,-0.3336949116150728,2.7567680226296294,0.0,1.0
-0.8679190873019204,-0.9026101805414566,-0.9116278638683697,-0.38661683772510363,0.11908056334902697,-0.6676054949427783,0.0,1.0
-0.17763055568961092,-0.27175722612265246,-0.8652281472159463,0.6057150532524748,0.3300913938431996,-0.5604656123178876,0.0,0.0
-1.4728555548018383,-1.7422124011831888,-1.1583117843240538,-0.48531977431413037,-0.4077952064980597,-0.6979457985818959,0.0,0.0
-1.6813464697680558,-0.5411245464547064,0.4561047934005261,0.48852384777840796,-0.06609739060421228,-0.7036338697340301,0.0,1.0
0.08354859686767772,-0.9131694535573488,-0.4352755746283167,-0.8559880548316234,-1.109053603089695,-0.46470340124977894,0.0,1.0
-1.2015132630323953,0.5988469291962705,-0.8929907497630216,-0.7823002328236356,-1.6831344129843366,-0.6900106429275932,0.0,0.0
1.3189389528088344,2.022399438369524,-1.7560127768309985,-1.5524773501685194,2.040905191858439,1.6191508996739874,0.0,0.0
1.4823178758985147,1.4616886490559646,-1.947650989981328,-1.5011281560231524,0.1510271540660624,2.426411155549233,0.0,0.0
0.06901766427527133,-1.1589124161233586,-0.018632348778600254,0.0175302303638106,0.6912599499761349,-0.47624580113724174,0.0,1.0
-2.471773241780835,-1.3306777674270576,-1.070084105119104,-0.41100253678755794,-0.8856915716459062,-0.7137161022047714,0.0,0.0
1.5649797305551048,2.0242163696577324,1.3039184834879947,-1.1744393450220714,-0.8753039428905073,2.935572916662528,0.0,1.0
-1.6968272775008229,-0.29392916429140425,-1.021448373446018,-0.7610968472925154,-1.840478051530692,-0.7025903935558709,0.0,0.0
0.06605784294552115,0.3191289458708658,-0.8901560144213484,0.7809967939401683,-0.49269522710090913,-0.4735564352913563,0.0,1.0
1.5719833959816198,-1.1164851487320249,0.708325748926715,-0.06566851868827316,-0.7275726133599613,2.9797132032105824,0.0,1.0
-2.1834137294128495,0.5852774602259262,0.05351859993949824,-1.0581788290426244,-0.44452784033858106,-0.7113655962079797,0.0,0.0
0.5586276330845162,-0.3390531791205295,-0.4838031088182217,0.14208780971977222,0.9291767296123689,-0.13021297071796253,0.0,1.0
-0.2518498191005517,-0.9367537789555039,0.31777337482719525,1.402554307968097,-1.1511713376700037,-0.577782511445493,0.0,1.0
1.2582054052353053,-0.4981948231082,-0.3616550639811506,0.14064520306935058,-0.12237529873097966,1.3771339529697182,0.0,1.0
-1.849199156706741,0.3105907803807782,0.572833689680845,0.11319331047300799,-0.274655469608793,-0.7044396695718633,0.0,0.0
0.5882866438661531,1.8070973353799054,-1.526511371960388,-1.3857007575206406,1.7504455540884678,-0.09867234615300009,0.0,0.0
-0.6060795870286987,-0.14772768935739233,-0.8506683233396045,-0.014776921851855319,-0.2717266207348018,-0.6437322645135736,0.0,1.0
1.342508312413552,1.3745583787093298,0.588227508308424,-1.0034810044434612,-2.0694530677762626,1.7202670856330438,0.0,1.0
0.6586787962875836,1.846663063713536,0.9653463932165769,0.8478026162197068,1.8411580076189906,-0.012333806099083971,0.0,1.0
0.5923081153417191,-0.47497152844356694,0.5221673722227416,1.0620305664223528,1.990659087054002,-0.09179972553419911,0.0,1.0
-0.4973975685300783,0.018036177392528895,0.3785660487241352,0.19528659185180317,-2.020732433346056,-0.6262607145788023,0.0,0.0
0.025400027712295326,-0.24300366015917865,-0.38864561910273354,-0.25435928856101525,0.2486233373731892,-0.4929426803918849,0.0,0.0
1.331631242030703,1.1229878144103989,-1.8136779744531384,-1.5734579142323248,-0.7331513528706461,1.6722949937937688,0.0,0.0
-0.7550922551557108,0.3458713190083016,-0.16287130818679607,-0.8112630754282277,-0.07112519643163343,-0.6618388343666265,0.0,0.0
0.47825863543063274,-0.005108832254068102,-1.4228544694304834,-0.7729236894884721,1.1843923283588254,-0.2085788605550677,0.0,0.0
0.8991066126271043,-0.08489026415329132,-0.4021873008053785,0.1405774143057,-0.6786187523779506,0.3748317489933624,0.0,0.0
0.29735868146903927,-0.11997852565339381,-0.4765324708432579,-0.053867042250712746,-0.33104418690834814,-0.35131301023423894,0.0,0.0
-0.20548186851446745,0.6177048881198809,-0.9211935096780789,-0.5093645502004267,0.28652659123596536,-0.5676345790161054,0.0,0.0
0.7384952353342862,-0.2289981963080275,-0.8282300996122194,0.17377693303062494,-0.44571251406118256,0.09502284738206618,0.0,1.0
-2.251495926659725,1.712923863729239,-1.1997301473570692,-1.469519451836949,-0.6320750780995424,-0.7093796458722397,0.0,0.0
0.2616957748676835,-0.5111860147938511,-1.2043834518619088,0.2503262290828879,-0.9135728566050069,-0.3696066213377827,0.0,1.0
-0.6069182112386893,-0.11834892380908577,-0.10566679368412382,0.803846804238849,0.9021207852720061,-0.6426380981906039,0.0,0.0
-0.8775724267823106,-0.41593189087654997,-0.9882055469056701,0.1258511923119287,-0.24968042929602263,-0.6702877818050698,0.0,0.0
0.5268379064566481,-0.4444675230462897,-0.5857866223788455,0.09139476913526451,0.6567377562827043,-0.16307710023194422,0.0,0.0
0.25523667371770536,1.4780618049860261,-2.084039934720509,-1.2679252741849403,0.6917544419309725,-0.3767538661043378,0.0,0.0
-1.752443313325577,-0.6179586793883511,-0.3503344437860344,-0.4725200932768891,-1.1090015242217488,-0.7038921229678979,0.0,0.0
0.2767781987377021,-0.41123831516745785,-0.9371188591984688,-1.1380794823903773,0.044876187011497634,-0.3646927723787665,0.0,0.0
1.287727153734424,-0.3314959461550318,1.0984543300965481,0.7062823850321341,-1.0437583616815076,1.4895563371882872,0.0,1.0
-0.9907102942658275,-0.8521954259197835,0.7456155503807711,0.3819494854662011,-0.9420590012536374,-0.6812343441634156,0.0,1.0
-1.0361336019965959,-1.0604288243853157,0.4452271369910181,0.6764471499752647,-1.6581708963112163,-0.6820229552253875,0.0,1.0
1.6045328188796328,1.0278666597905286,2.036957929577215,-0.24516355572730272,2.1311436464372107,3.2064551163279256,0.0,1.0
0.4255229312605247,-0.44216958159832076,-0.8823258980378672,-0.21606244824441526,-0.5107688687709983,-0.25387104222282897,0.0,1.0
-0.8204164136779942,0.6932224062950829,-0.6825261618179412,-0.783407781730375,-0.5900751867570923,-0.6643727443601016,0.0,0.0
-0.9826538431280651,0.6229443492012954,0.2610370505762298,1.3859575405397064,-0.3602062645373134,-0.6798816193221964,0.0,1.0
-0.47220005096105666,0.1612566078827616,0.13324287004469176,0.01610516463840709,0.3987951399822044,-0.6236999012150505,0.0,0.0
0.10489130579159543,-0.5126541874335673,-0.8671403266788258,-0.5010638688669764,1.512586757994166,-0.4560852416795003,0.0,0.0
0.03341373749909158,-0.16488760716630282,-0.5249810807431549,-0.3279562465935362,-0.38617625028117847,-0.49441927304671585,0.0,0.0
0.02622291253389353,-0.41358871013777715,-1.353660086851051,-0.6563666020999994,-0.8177851884440618,-0.49537059766372366,0.0,0.0
0.9972460588610783,1.6540782406923642,0.9727457663403966,-2.2331065655275975,0.7036739736034932,0.5861249986758876,0.0,1.0
-0.7895565433386785,-0.4535336589934362,0.662745429739902,0.5855460682988524,0.6773334586320156,-0.6664045689476771,0.0,1.0
1.0714468575256093,0.8598330358112922,0.5902433479522663,1.8299063385283065,-1.031645344096811,0.7738183077845047,0.0,1.0
-0.13405979954382916,0.4576547991669674,-1.611694502053655,-0.3824923358650082,-2.332485048604531,-0.546342038368737,0.0,0.0
1.4806144052311945,1.6147165776269798,1.133304764042477,-1.107384281197774,-1.3832440783549864,2.4147013345501924,0.0,1.0
0.7908501620435354,0.05878262177723773,-0.8008003993636904,-0.2651224849238693,-0.5660517805335102,0.1780586290390662,0.0,0.0
0.38327840183544387,1.0069960710532022,0.7261752693661696,1.4264878795461682,-0.16909657240836257,-0.2916821318007714,0.0,1.0
-0.538925151853602,-0.005291090087191794,-0.08078592047658442,-0.12815025009120448,-1.2278219730300648,-0.6342121736033149,0.0,1.0
0.5141901273439902,0.11944686389796064,1.2452950682964035,0.7553283142158673,0.11478181982001538,-0.17417023618146305,0.0,1.0
-0.8783414138042464,0.44294773780362867,-0.5662982441963196,-0.8346605532719811,0.5902277099389485,-0.6713330335260171,0.0,0.0
1.5240768969236718,0.690448455423147,-1.231507981085521,-1.923605769515807,-0.5148832042601575,2.6711300510708247,0.0,0.0
-0.5137597271263531,-1.6507579499835439,0.8408871370887482,0.7654805211385824,-0.03087069801292003,-0.6304836985329236,0.0,1.0
0.7496258883594525,-0.8590665204742566,1.5269027662915642,0.7999753609001391,0.8578275821644574,0.11543829777657179,0.0,1.0
0.08226995027829764,1.8649476069695774,1.4296473089646802,-2.1513372347942936,0.19831303356606528,-0.47057202690485717,0.0,1.0
-1.4559403991454982,0.9302342765057954,-0.7782263696048721,-0.8968571606965828,-1.561404741001123,-0.6974427852672119,0.0,0.0
-0.711093448350135,-0.2664047225221195,0.7796848187000165,1.0240603419913574,-0.09881421041223958,-0.6542169707510568,0.0,0.0
1.1951402876102408,-0.776255785542309,-0.35935905419751013,0.3339140470901748,-0.06577986090503121,1.1511181418551546,0.0,0.0
1.3645585240850926,1.83991674524954,1.009993416303705,1.0974707553612508,1.450687252887326,1.8175478108055263,0.0,1.0
-0.17557068458195002,-0.1950263549727058,-0.48769145729462954,-0.6137968431985574,0.07690653725394843,-0.5611599689888911,0.0,0.0
-0.5929208357186095,-0.4959165122021604,-0.5680156042737827,-0.7064333521867121,1.0267195202517612,-0.6448167507856835,0.0,0.0
1.242554555120386,-1.2704337481673067,1.1423671303011493,1.5266009858318486,-0.8481093495284207,1.313695935191414,0.0,1.0
0.3465806426513351,-0.30757490627233847,-0.4762799388740494,0.37884075495147806,0.849807098309391,-0.31408641167142526,0.0,1.0
-0.11095191611258481,-0.31307016356021466,-1.3065661147924172,-0.0015263300480357778,-0.7202131476438913,-0.5388680109781169,0.0,1.0
-0.7605014292556789,-0.6306261176046803,-0.9881691474839718,-1.0099819218657453,1.852814871948846,-0.6612857173826346,0.0,0.0
1.2526289345825696,-1.2876603062202836,0.5800129960061312,0.40733742673164913,-0.20423670254320198,1.3539539226851098,0.0,1.0
-0.54487391042889,0.019073362290667157,0.0025474449605910345,0.10415891063738301,0.5504390870639491,-0.6367902857560103,0.0,0.0
0.3153107160735164,-0.7236345994944019,0.5940792499034252,0.6129048027586605,0.34643154555170214,-0.3381187269029161,0.0,1.0
-1.4322419916282352,-0.09416629093687724,0.8873062884186056,1.1149672938392694,1.5104964584910554,-0.6994472769232885,0.0,0.0
-0.020201230861434313,-0.3432510173459558,-0.8083721115075629,-0.09568434335678687,0.017723974403926254,-0.5131364260199892,0.0,1.0
-0.4997192909621928,-0.5999706775516223,0.5599311619397356,0.9879680155444689,0.22234311038820437,-0.6317791468587824,0.0,1.0
-0.18714400258964192,2.1006599050732424,0.5555408315260826,-2.263175289274833,-0.010384585358763894,-0.5662578095021299,0.0,1.0
-1.0518473777641015,-0.8743234987811759,-1.0482067847354026,-0.6321394065737594,1.4275735012877675,-0.6819332685701209,0.0,0.0
0.14082430209928637,0.06801171141200832,-0.6193023649243055,-0.674870211126731,0.3082587942301052,-0.43677116159684104,0.0,0.0
-0.24338924497299946,0.750910834178724,-1.5372097196457681,-0.39773637259100164,-2.5569261748445724,-0.5784903733636891,0.0,0.0
-2.415928167584535,0.6923833933100182,-0.8391564009760025,-1.7686458915425438,1.481098502621052,-0.7108715954079868,0.0,0.0
-0.6111625141470498,0.7555190887149922,-2.034643704779585,-1.228099496078121,-0.5688628282147165,-0.6447201889025477,0.0,0.0
-0.860453050195551,1.2765289395326846,-1.5300150201930711,-1.287959803920192,0.6833655438511839,-0.6697313860365487,0.0,0.0
1.0613712522622856,1.9825142800669169,1.2169010103719908,-1.234788980776181,-1.201968031065886,0.7430152016065351,0.0,1.0
0.15611962478375885,-0.9838932913864783,-0.11928751004271282,-0.14698403799026616,0.09835593191165308,-0.43589270602142766,0.0,1.0
0.8773290433112465,-1.3017973475503966,0.9774543132122766,0.9802127565962923,1.468665696171998,0.3301904176200116,0.0,1.0
0.6664059017057185,1.8227292708377496,0.7906911556424883,-1.230956219612661,-1.738285348114157,-0.004905823298088779,0.0,1.0
1.1032828393706848,2.5767429377122233,-0.1290618574491226,-1.0065287105580543,-2.0111357231006783,0.8594848791705102,0.0,1.0
-0.027004700063563536,0.17732344424735166,-1.6134384989371204,-1.1600473853540545,0.8951133727572608,-0.5113557738669726,0.0,0.0
-0.6783724954128261,0.20352319020154333,-0.9305223877043121,-0.6310559291705913,-1.038655424965298,-0.649586302092755,0.0,0.0
-0.9958779313798736,-0.5503043435364727,0.6571841548314684,0.6172433372937359,1.3206655627344812,-0.6837443491278687,0.0,1.0
0.3519495133666169,-0.9670768343097711,0.5681842411364604,0.7664417976502804,0.15642650637787892,-0.313784713155849,0.0,1.0
-0.03528431411279066,-0.06140910193494381,0.23081695129820196,-0.6548202571776693,-2.439104540888116,-0.5125337962872286,0.0,0.0
0.7919046486601438,1.495864415409872,1.3211262677419697,-2.0658395952178954,0.2535170289219643,0.18061183537293932,0.0,1.0
-0.4607734461596901,0.12431436549381807,0.1416653659307045,0.14633324749013304,-0.28958388884023273,-0.6222709320793365,0.0,0.0
-1.0520487416163251,0.6631033806035337,0.5679550218568039,0.0033423443329125358,-1.2069525183883432,-0.6806311748284758,0.0,0.0
0.0493738963217424,-0.2682822456037045,-0.44730108234397115,-0.6861589819456355,-0.3868602216488451,-0.4843334815842601,0.0,0.0
0.5550950051093663,0.13314674141915614,-0.5686484089365386,0.2008201037823294,-1.379077642542876,-0.13326116965730433,0.0,1.0
-0.9573983520264838,-0.674543625660424,-0.11280726387673058,-0.0818305508738306,-1.0242131872162183,-0.6764890642094983,0.0,0.0
-0.5626755106675869,-0.6255487976943487,-1.370803704821126,-0.9145094100751668,1.6554417802157175,-0.6417685748959125,0.0,0.0
-1.6052609112781466,-0.09701978880605004,0.34214490572305084,0.6284350250977703,0.7043134332081533,-0.7072916654703745,0.0,0.0
-2.32338822886382,-0.2712974020963535,-0.5741391127936434,-0.5816999906529522,-1.8153852550093108,-0.7112098335788825,0.0,0.0
-1.8151383230203122,-1.4854960695480666,0.24545857260571538,0.3953365903808807,-2.15088715716057,-0.7093181257460284,0.0,1.0
-0.505568586879739,0.279114294684009,0.38663923261366107,1.681427913966158,1.8984880832908513,-0.6325306031056387,1.0,0.0
1.4241096108397713,0.7619722353925256,0.06409964728140298,2.3018669095881115,-0.4028017611583485,2.112443332695467,0.0,1.0
-0.22756346045957757,1.71710594586869,-2.715746180484707,-0.5948852198859009,2.0368182248137954,-0.5739417980721498,0.0,1.0
0.12156946927170488,1.825903893722366,0.7930386896238337,-2.2943631111195084,0.2306548892840567,-0.4526694687666802,0.0,1.0
-1.2000639403173796,1.4091251365009863,-1.3694498289718615,-1.0258012559838312,-2.1538972890125097,-0.6905518329569214,0.0,0.0
1.6265747383599034,-0.53793770338286,1.4149493955811643,1.763332615690896,-1.7713140097086468,3.3660789244437943,0.0,1.0
1.1075753678601827,0.0030525946763212265,-1.5672820378943284,0.1893205552405151,-0.3951595960424396,0.874541625771247,0.0,1.0
-1.3266039991308385,0.20858159664003056,0.7302672587589355,0.5235816442198074,0.14342852758432428,-0.6967257357091461,0.0,0.0
0.6731748158729355,1.8121326071871315,-2.2360278280925385,-1.2931930149580952,2.515709150069179,0.008604600840960182,0.0,0.0
-0.650637986388193,0.10979100389714218,0.17435930165316965,0.3929091780694569,0.20336118707119144,-0.64951141940514,0.0,0.0
-0.49696423786109184,0.9289730518803023,0.9691664450675589,1.457918437926853,-1.0878269475454247,-0.6279840792682666,0.0,1.0
0.2736789236679755,0.03052953141354429,-0.815337347021059,-1.0971981321882749,1.1297932442045573,-0.36701517077254,0.0,0.0
0.33170016340607794,1.9953942179035493,-0.16768373954423624,2.3537590210676447,-0.05877876799705998,-0.32825847974903755,0.0,1.0
1.142541034144314,1.44128636154611,-2.142988038042647,-1.2648094002523491,1.5174907907596444,0.9801130644543031,0.0,0.0
-1.302032058323237,0.5088146004266552,-1.1282786351879057,-1.391841054393287,1.6637264356605452,-0.6974211381684206,0.0,0.0
0.3413224113668173,0.5962529706707896,0.43301487675475037,1.5390079215316554,1.195224077358517,-0.32111564441893997,0.0,1.0
-1.8348656719612086,-1.3621859813731243,-0.10802067164488093,0.34740838972522,-1.6849717549525596,-0.706456826442953,0.0,1.0
0.20581955862076468,0.47451815887239396,-0.38160349330443827,-0.526214027084369,-1.7025049621932042,-0.40244268306203335,0.0,0.0
-0.678979945035887,-0.3159828077501583,-0.7625002416728554,-0.9984535751901858,0.9357022009124628,-0.6513254276287817,0.0,0.0
-0.05989567416179082,-2.096359366985232,1.1883386128714266,0.8501104725055983,1.4826427946160952,-0.5217779679756427,0.0,1.0
1.0930462193742887,-0.7024081380187378,1.2489570231818845,1.655344913973115,-0.8195280188632711,0.8300939234183773,0.0,1.0
0.9150028800821118,-1.2450627596298318,0.5536024496395527,1.2712985950544016,-1.3583932642832277,0.4082077258194337,0.0,1.0
0.5184199964880921,0.5119993608361082,0.5820767886278586,0.9780059982425877,0.6114480054617426,-0.17258831394032695,0.0,1.0
-0.4231539691837596,-0.22699470281541503,-0.3512532242813857,0.05753389470135422,-0.07749202755932072,-0.6162824062950261,0.0,1.0
-0.09900206773654296,-0.07903073668362434,0.5722267859950445,0.5550343970830682,-1.1675344301917183,-0.5389114723342168,0.0,0.0
1.4228961544644665,-0.4974743812233248,-1.3592729886819908,1.6290882629622554,2.4731873090838548,2.1052866023891847,0.0,0.0
-1.3134498303718403,-0.4865055533066737,0.7983813745499996,0.8159457667292841,-0.5630887164469652,-0.6952252014727469,0.0,1.0
-1.2664446071582205,-0.18719587044197034,0.558456795700668,0.6081817635827237,0.7138106369523088,-0.6947995134464504,0.0,1.0
-0.8422204435586791,1.4267979990131787,-0.5544682224210957,-0.5372501038557955,-1.1949485167229421,-0.6690959734574877,0.0,0.0
1.0914396585585422,0.7053657029878451,2.3457211228641075,-0.006990418106841323,-0.12026142732752834,0.828246861335175,0.0,1.0
0.5602402755142177,0.2910173892754556,-0.4980635605074831,-0.6525335902328707,-0.6589366881585906,-0.12768050427371025,0.0,0.0
-0.44681282402378636,-0.6888177934281363,-1.3352176459194274,-1.2808019299276685,0.4315658550053236,-0.6220837748647151,0.0,0.0
0.7983490535945553,1.6398675230682025,0.8863143990395967,-1.4353226676127298,-1.2724268111524109,0.1936234135341084,0.0,1.0
0.984071063363515,-0.5498133354222265,-0.40548492308666323,-0.16834127429468346,0.4940802497063543,0.5543341164775052,0.0,1.0
-0.45218401366074973,0.6308477548065852,-1.3843109917059715,-0.8193061953810643,-0.36176388582021785,-0.6221563239811659,0.0,0.0
1.1215845493441765,1.6719941415308919,-2.2233218074772463,-1.2907368155145156,1.0219060017639992,0.9154853525676699,0.0,1.0
1.2436638196873244,-0.8858847886749991,-1.0502232459908283,-0.3121176644887922,1.2366517393212648,1.3183073462602808,0.0,0.0
0.544202680670336,-0.261970207618044,-1.3164014966840503,0.057635409123544507,-1.1003220694690061,-0.141522567087595,0.0,1.0
0.40007878028216937,-1.535196775719054,0.9928237531337181,0.7626771652682502,0.3957803024003787,-0.27866328366403664,0.0,1.0
0.8243840594128995,0.9459429069801149,1.6114252973471106,1.0001752820746668,-0.7906110024571382,0.23367263609969993,0.0,1.0
-2.0509267258024932,1.0230844258592733,1.3753778816596902,0.44428290988318064,-1.9032170426039257,-0.7099386376346507,0.0,0.0
-0.029855741216318076,0.0656107354733307,-0.7588078800544704,0.03877961373954653,-1.0200975326041721,-0.5112289175910434,0.0,1.0
0.5764652764482611,-0.5799505904345186,-0.180611910935658,0.3530779411027405,0.3664151492603543,-0.10961378701951165,0.0,1.0
0.0720302540866716,-0.30507663200880797,0.21318828368352893,0.6100264689633281,1.319554155403687,-0.4730081590919603,0.0,1.0
-0.5304318482454445,0.17525260360811762,-0.029311693982190277,-0.25628267446881314,0.4013149270502854,-0.6336457243737386,0.0,0.0
-0.7183581311784154,-0.6663934460644468,0.7697272882765523,0.635024366229888,0.40890981466344234,-0.6604380011587778,0.0,1.0
1.246446669107554,2.062528264119401,1.0209724889401826,0.7792749167195808,2.353832372774671,1.3285145608355682,0.0,0.0
-1.2266191087988065,-0.5190567690895557,-0.3843419745449294,0.07616027962508792,0.16280107962275137,-0.6925094951738389,0.0,0.0
-0.39374997998978284,-0.11469653165058524,-0.1153941416433529,-1.2367555063736289,-1.0781197344943947,-0.6092800340995617,0.0,0.0
1.1443611172530221,-1.1863639651051634,0.8506663226930447,1.2574918701455675,-1.4020066209655466,0.9843129979009575,0.0,1.0
0.5612605044976628,-1.1293340383985269,-0.9433306596175814,1.0421868354070472,2.310558141335719,-0.12508169487328524,0.0,0.0
1.0952819540732317,-1.286696612742902,0.4416079202093847,0.765831564023823,-0.140002729875812,0.8370059455438795,0.0,1.0
-0.6982450939823766,0.7650263467460906,-0.014047478000539328,1.2083955737891345,1.0683555040810462,-0.6534056134441786,0.0,1.0
-0.6720812226671056,-1.7032044296227908,0.26507715091899414,0.48226691566278695,0.4135034365105541,-0.6500305342384229,0.0,1.0
-1.1972793981836034,0.9255630683760692,-1.1556575495052763,-1.169536288613137,-1.0190510187854511,-0.6900655480525545,0.0,0.0
-1.4598899877992215,-0.9021588463295662,-0.5746878306942004,-0.9745897055132227,0.5245022653795041,-0.6972258563599637,0.0,0.0
1.1856322248723785,1.146525027261319,1.6428599390487766,-1.2100724936892981,-1.3448354294285585,1.1145477488479727,0.0,1.0
-1.7304795620863247,-0.8823335633738443,0.7457722747783377,0.39408851045418825,0.057785330470424556,-0.705340718803124,0.0,0.0
-1.0247691369593661,-1.2133011630276733,-0.14053192033213413,0.7955404138413638,0.004148524957129729,-0.6805615345770285,0.0,1.0
-1.52949613831992,-0.5850714548709449,-0.5944848489535065,-0.34591455901068036,-0.9125905491606808,-0.7016219558007013,0.0,0.0
0.646981767926053,-0.7883209763228531,-0.2594704720830812,0.5601271560326734,0.9775056663888,-0.024453566811528764,0.0,0.0
0.4885521394041225,1.5860279730569393,-1.434550821894955,-1.5047959349774973,1.0527062376626828,-0.19985089069651935,0.0,0.0
-0.20627405626531709,-0.2820759840940715,-0.12251612306105204,0.20871409352370127,0.7282576084587506,-0.5676529937680118,0.0,0.0
0.13981032487501413,0.06221330346953028,-0.6951425742398349,-0.27946645623676886,-0.3011133704038485,-0.443976075385685,0.0,0.0
0.8980607527200022,-0.3484146221282075,-0.9287087653065572,-1.0616339440744356,-1.339546445385081,0.36878825232517465,0.0,0.0
0.562818329147596,0.008738085325533754,-0.4576134175796484,0.422139502647124,-0.5203695660368712,-0.12904971419340158,0.0,1.0
1.330194392633862,-1.0071146032178395,0.46563432179435854,0.9717479565117749,-1.2955658850182552,1.6653406403945856,0.0,1.0
-1.4250742111289092,-0.20209850275936503,0.8136489716928829,0.8739516110355604,0.4089180196071285,-0.6969286569363577,0.0,1.0
1.3141367084896627,2.1549066711785287,0.19808424908917488,-1.2412104603372354,-1.3212524984925331,1.595582615247751,0.0,1.0
0.8334788369532833,-0.22686774933632056,-0.3220586809649295,0.8476806898532381,0.899928576935385,0.2511779060875878,0.0,1.0
0.20480366919034623,-0.6280694985844462,-0.304768406379316,-0.36160675614639,0.943032274000695,-0.406740762247617,0.0,1.0
1.0282513993904048,-0.16480058280728493,-0.7597276866673822,-1.052435256539012,-0.6162444566958243,0.6600920168016937,0.0,0.0
0.7072738164795317,-0.4204586027203807,-0.5238758602151462,0.2671497534172151,-0.5146228847891606,0.05144008314915899,0.0,1.0
-0.14390252204904805,0.6739922661538286,-1.5422300027832874,-0.853202704415252,-0.2533847097176216,-0.5513117682135218,0.0,0.0
1.4034214646810979,0.36574290064038983,-1.0186161503555928,0.50570689017386,0.22245148792825475,2.0034254021781397,0.0,1.0
0.8607011249941037,1.450889970111974,-2.2517403174301167,-1.2125934653495563,1.445585099134167,0.3006526703942865,0.0,0.0
1.0658002320320694,-0.32541321316430344,-0.6233791298110405,0.20473151879289025,0.12479639710589144,0.7581190456228731,0.0,1.0
-1.587982375854933,-0.4510454058564889,0.11554326620317258,0.6448723833703177,-1.3162331828775025,-0.7028567273323865,0.0,1.0
-0.512253855329054,-0.2323086857892195,-0.7910609042436572,-0.5155418876693518,-0.8070875810922983,-0.6333065899366283,0.0,0.0
-0.04981816057744766,1.1448222658208993,1.7861777949713862,-0.4135234965305272,2.271966284907756,-0.520820534484185,0.0,1.0
-1.7982512347075967,-1.2361532739555265,0.5700524156023318,0.2705334472332807,-1.3356091146572384,-0.7050354950658234,0.0,1.0
-0.19924451308692512,-0.37168692316229646,-0.9825815246299883,-0.0008097343682286898,-0.237522616997901,-0.5662289232194665,0.0,1.0
-2.006960170172074,-0.6880581519004729,0.03238573123682422,0.3243488608899823,-0.9716164961609988,-0.7085298362071525,0.0,0.0
-0.05257507622101172,-0.3030847810527762,0.06699475337493555,0.22440665569075,0.04727354147563703,-0.5209834120189274,0.0,1.0
-1.562883664595428,-0.4647989663289022,0.8969992834435809,0.4341065921513508,0.18583629350851433,-0.7042319475872556,0.0,1.0
0.7337469790640593,-1.2563448947713245,1.006745996592383,1.0176726013361748,0.4909347002386943,0.08989565342500969,0.0,1.0
0.14326725152518427,-0.1304508339151506,-0.42872991963870377,-0.6991806743713741,0.3063581984801166,-0.43842849208932155,0.0,0.0
1.6065238986612325,1.0389586069769052,-1.3438376047740497,-1.8715024184209348,-0.3738722907556675,3.219692943685517,0.0,0.0
-0.42230614457357785,0.06114836639351177,-0.7410482876331508,0.21666752209518683,-0.25704295859675763,-0.6171585667426911,0.0,1.0
-0.7265600995262319,0.3730229542184622,-0.11471231002000541,-0.6850407562685306,-0.20540902132681815,-0.6580835462721822,0.0,0.0
0.4484500576801165,0.03178321064532018,-1.205044418021976,-0.9749070121380233,0.5887555912130766,-0.23540481167878521,0.0,0.0
1.1015341452951914,-0.42159612333473895,0.7427677595269517,0.4812175064011559,-1.4163458221675547,0.8541557081375909,0.0,1.0
0.42751998365999344,0.969065522966644,1.8860205651613426,0.2599504401119676,0.12580491946023403,-0.2528845822741191,0.0,1.0
-0.6007814349714595,-0.873519362533953,0.4293020937201537,0.7301730766401117,0.23861939183168562,-0.6449298382380452,0.0,1.0
-0.6352960133117979,-0.21056984199120068,-0.03935945471106704,0.4307086102259265,-0.5517415892602291,-0.6462829400166287,0.0,0.0
-0.4657382720253049,0.2708588764140327,-0.7734597651501028,-0.6935090556725032,-0.053963789223960223,-0.6232780944665035,0.0,0.0
1.1671376490866212,1.4186779946886972,1.4673076892825379,-1.6727702900904988,-0.3066934098267622,1.0561717732324554,0.0,0.0
-0.684959707467026,-1.2778172134161323,0.23419831064571842,0.6623946709306073,-1.1522640160489392,-0.653216938336582,0.0,1.0
-0.5516682020147339,0.5650180351541267,0.32570682559771397,1.9193443098454157,-1.169599586844243,-0.6332385006366448,0.0,1.0
-0.4013668525341177,-0.494906060823073,0.1540185880537777,0.1405816231930223,0.5905604517832392,-0.6145108422307963,0.0,1.0
1.3594397650299292,-0.33204137637736625,-0.741448272443829,0.785877286878341,0.5548589456419651,1.7978954419997846,0.0,1.0
1.4184604276279793,-0.9707703759200038,0.7260051277599076,0.33373995406562423,-0.7749945074100313,2.082653964159773,0.0,1.0
0.3210499788373217,1.3904685354453454,-2.0004884294443457,-1.1939716833884206,1.1540542987301228,-0.3373498534443013,0.0,0.0
-0.8439445937226813,-0.049194308909740636,0.21185874450101178,0.9424318889970661,1.022695098525638,-0.6720081026783181,0.0,0.0
0.6616685321042158,-1.3197311193295171,0.6012076736792227,0.715465275817451,-0.6284657924611763,-0.006479193766465432,0.0,1.0
0.9373844583141374,2.182140889429111,-0.4867600950401005,-1.1077827265763482,-2.202345732316204,0.4529517014167516,0.0,1.0
-0.6023397138040709,0.8889640670093265,0.22420392637400033,0.7820317441729444,1.657416504856001,-0.6450029157854844,0.0,1.0
1.0554265737792177,0.21745346364591234,1.6003743856517103,0.7821294743260648,-0.30086379227251037,0.7333165565880213,0.0,1.0
1.3673443909317065,1.0341897304742171,0.8254229947597482,1.4104642757026657,0.2505206655927213,1.8331462646926169,0.0,1.0
-1.2589392697207744,1.679549434746438,-1.4046015338921085,-0.9603772867639454,-1.8251500810171166,-0.6925657681832185,0.0,0.0
-1.7343952412806491,1.27248461682187,-0.8034279883134818,-1.3189334612539947,-0.018945932479579517,-0.7032760415355225,0.0,0.0
1.0291831322322795,0.5252513308007468,2.048890958877427,-1.732072436775577,-0.39295552185674365,0.6649964158217802,0.0,1.0
0.4312066583657474,2.3546336481368866,0.776641181570023,-1.093246456707037,-1.9412145424652782,-0.2473215435521771,0.0,1.0
0.1488499739703672,-0.27659170108352044,-1.1645201684322382,-0.30878449734267044,-0.894175370942439,-0.434939950845337,0.0,0.0
-1.7936422254558548,-1.152584269724072,0.8881072098291017,0.45885109240721866,0.5849914112975487,-0.7047706128421534,0.0,1.0
-0.16163138879370395,-0.05998818470201452,-0.6561854746225225,-0.0473331182214414,-0.17196582448822156,-0.5561541351519822,0.0,0.0
-2.703916935314248,-0.1494272380988192,1.172992447788993,0.5408193295228871,0.6301444030641055,-0.713470052452503,0.0,0.0
0.8750707325026421,-1.638126063158214,0.9049610320076378,1.2528773648752012,-0.10141575056671068,0.32555191684538154,0.0,1.0
-0.4991723824571256,1.2932896449113331,2.159827981520115,-0.01999909424173394,-0.041553752030308866,-0.6269604098769825,0.0,1.0
-0.7059490750774046,-0.5682898460714202,0.08742130906473262,0.5449749846542543,0.8979135037513236,-0.6538420341015198,0.0,1.0
-0.370845051560177,-0.5805968987942374,-1.0906982940475192,-0.0755899192763099,-0.46916298410930596,-0.611606501224953,0.0,0.0
1.1282354891050503,1.6576876340302957,1.1774070027509413,-1.3731931445191456,-0.9768402365011482,0.9363401810352626,0.0,1.0
-0.6399746474956234,-1.2926678964110334,-0.5163177509924426,1.1053995222414217,1.7260631253314387,-0.6501605528576443,0.0,0.0
0.33472856059040246,0.7159559644564009,0.7799238782112006,1.3397464246277686,-0.2666428337767702,-0.3246661091481574,0.0,1.0
0.919870402140521,-0.9502198461980239,1.9481376752896071,0.09094250794323816,0.3624334273801085,0.41336943811574034,0.0,1.0
-0.03788806026305066,0.742568929384892,-0.8857179574229842,-0.30799826015799786,-0.20473994943701737,-0.5161312464795843,0.0,0.0
1.4232471439981786,-0.503387726311422,0.8726192465386637,1.7753394752309068,-1.2426946029066532,2.105258185943353,0.0,1.0
-1.1760273050125538,-0.31166530927777053,0.45369137601288095,0.9775574521862791,0.4399390081426274,-0.6872638119369614,0.0,1.0
-1.0490674638344368,0.9431330584827355,-1.5970323332997225,-1.1529856408772787,-0.9846020741800321,-0.6860362157321899,0.0,0.0
1.6682809079286651,0.9824449583175777,1.2582097353847108,-1.791564804121561,0.0018191206906368078,3.6864133675173933,0.0,1.0
-0.5783245890526142,-0.3817683265207485,-0.5212200730887205,0.0019114989314322527,-0.5940175925655338,-0.6377136354787499,0.0,0.0
-1.098983692261307,0.8626837237914828,-0.014683043140939546,-0.8546611149056894,-0.47001774653812317,-0.685405116050835,0.0,0.0
-0.32771731790832453,0.6064911621034582,0.6204707839166305,-0.35804732338529444,-1.9750197047254028,-0.5977426693100851,0.0,0.0
1.5069478591078458,-0.585975674260776,1.1147827283568474,0.6966685473122253,-1.1514416482960492,2.567711215628375,0.0,1.0
-0.7595576261612659,0.6505624655479223,-0.9317685669749579,-0.8574643402305643,1.0721846604023761,-0.659025041345227,0.0,0.0
-0.6412235156725304,0.2582552835854569,-0.4095398048208771,-0.549917655327235,-0.14868742949999306,-0.6505761337140649,0.0,0.0
-1.9482179123834962,-0.7641379293234782,0.7787474739074158,0.7621577788615735,-0.4429081168705738,-0.7085225913965659,0.0,1.0
0.08953168862463586,-1.9785954058359383,0.8353455815304215,0.9882489724856084,0.9242698542475342,-0.46578622433166755,0.0,1.0
-2.6205726293052543,-0.6014877633644318,-0.18801226979488295,-0.0379003930233591,-0.5119592919691982,-0.7164039718296809,0.0,0.0
-1.0016838598072009,-1.1793739265877912,0.3851546823199231,0.6269825982472781,-1.1354384238787418,-0.6779559972351047,0.0,1.0
0.9677541103961388,-0.8945167267945094,-1.080564215947876,-0.043675506344705614,1.6206231863835228,0.5189162995986815,0.0,0.0
0.41482442135810976,0.11108099943843318,0.01605326178179416,-0.1702885039764813,-1.5638971603638983,-0.2642636604607384,0.0,0.0
-2.461703515658705,-1.0884435598183186,-0.06449833626412428,-0.14679299587368752,-0.1783377404981409,-0.7096880000709395,0.0,0.0
0.045140015926285915,1.3123700030974481,1.0566557235382814,0.7487011473204206,1.2609176937768527,-0.48435778331837775,0.0,1.0
-0.5149140283341601,-0.4789953196208292,-0.7229849860027862,-0.5601112115149761,-0.3714802517690881,-0.6311806466037038,0.0,0.0
0.7540263639487357,-1.3599843791375443,1.0052624478757877,1.200197530831339,0.6097040235462258,0.12252022768008847,0.0,1.0
0.06213436740457744,-0.29749120368849996,0.19346389795282518,0.5133279235896825,-0.07505143685199746,-0.4752704185825933,0.0,0.0
1.2821925051948853,-0.3608296869828301,-0.5346524442333034,0.3152560318050164,0.11945748222254103,1.4678668058381754,0.0,1.0
1.0800119138698576,-0.10368256443716656,-0.7443163101507125,0.3757297938831639,0.5836418859260363,0.7976612052655389,0.0,1.0
1.074825748342225,0.5795787040888541,0.9931328348726584,1.233193361085429,0.11181011332667565,0.7831835000101507,0.0,1.0
0.8577060217924554,1.387143257047669,1.5634460766905764,0.8374861181533213,0.002852516325126625,0.29377858994550504,0.0,1.0
-0.6275193991600443,0.3172873754309093,-1.5693521843948948,-1.155506672957724,0.7006792701562619,-0.6478126564645972,0.0,0.0
1.5388506442274394,0.7029826931698927,0.7989200961570121,1.8580797705894463,-0.8657687437055536,2.7655967699839614,0.0,1.0
-0.6433812870493213,0.8583571497189914,-0.2054078267996013,-0.9257214774078724,-0.6830100373197509,-0.6471948888494112,0.0,0.0
0.3039662274317197,-0.027042538791365103,-0.4155177857848354,-0.5593073728009242,-0.43584080458943214,-0.3456596532846483,0.0,0.0
1.613808165252976,-0.7170167150279132,1.0809000605677614,0.3106213435377867,-0.8302374787249873,3.2749124810732146,0.0,1.0
-1.3963701530300425,-0.11466416895513605,-0.555955471533834,-0.30331597721219944,-1.0056258309561494,-0.6983971988740095,0.0,0.0
-1.4501007969045245,-0.718832298958438,0.2032577145908842,0.791964811372032,1.0670347196036092,-0.7008170076511989,0.0,0.0
1.1593750927144955,0.017136615147513704,-1.2537822309754938,-1.1223012448204215,0.3136234844467293,1.0278975462633373,0.0,0.0
-0.856940731514058,0.705951832713979,0.23243773667247122,0.43676291272964035,-0.05904244299643146,-0.6690246503763737,0.0,0.0
-0.9958290215328648,-1.13218414101557,-0.8598171884961023,0.37184775538625797,0.5444152098031556,-0.6798348985528908,0.0,0.0
-0.41890007562183923,-0.14337425139764468,-0.6048395500659515,0.5448717562261063,0.029661474933276293,-0.6137228805054912,0.0,0.0
-0.0005360553199675327,-0.12234862428636942,-0.7072059021429743,-0.3991007356636571,-1.31011770867244,-0.5019274319696783,0.0,1.0
1.2728615361733393,-0.018771889539646622,-0.29683086105127154,-0.04334754858430792,0.4986821869042713,1.4308742894189679,0.0,1.0
-1.1256571589989597,0.08084772811572427,-0.3266056292845117,0.17746729359338165,-0.26029376667621934,-0.6879340559364485,0.0,0.0
-1.5370485760267831,-1.209220128558883,0.22456186495044628,0.47506219196936805,0.1246330011045387,-0.6999705026058484,0.0,1.0
-0.9716461861460146,-1.8493576609524054,0.11197461906652317,0.48560452085398115,-2.511700821067918,-0.6763269076998264,0.0,0.0
0.657617147049263,-1.2880442270912844,0.8549235984024938,1.179939882622653,0.7355719693555726,-0.013248545790483632,0.0,1.0
-1.5078696042610717,-1.1493406565685615,0.7282723841645068,0.7375283400337204,-1.979946684577676,-0.6996108816651571,0.0,1.0
0.7963293135021774,-0.2738860270576428,-1.6110829850909483,-0.47906761441775636,0.16565532895761562,0.1880762690175327,0.0,0.0
1.1042825276085926,-0.23933043906501128,0.3328477970319009,-0.11360606238462775,0.053613207666651966,0.8653012625336219,0.0,1.0
1.2719880717978342,1.6401431752509577,-2.0458831243899422,-1.3784702384516836,1.3658764684656666,1.4278118188676179,0.0,0.0
1.3568774862616428,-0.6665447419495288,2.04817995470539,0.44218525968354233,0.6833414682371372,1.784654128572152,0.0,1.0
1.296995037107948,1.2107076384962085,1.5339186357372987,-2.591138346403225,1.7210666296744115,1.5266643730680338,0.0,1.0
-0.8295144941924444,0.663089874947914,-1.576037753812744,-0.8819048129656507,-0.9876252691088897,-0.6671779944730966,0.0,0.0
0.012869577378962598,0.9841659340298454,0.30646845735158457,0.6062954761792492,2.486470068568329,-0.4997785666244694,0.0,1.0
-0.028430003051438047,-0.1053560441993788,-0.4345995967087071,-0.7144951140593595,-0.5557811263681595,-0.5117545628115604,0.0,0.0
-0.007033763169302648,-0.6949397135662054,-0.5560527058294978,0.3383166571187808,0.6831466450846131,-0.5077109544637197,0.0,0.0
-1.0370691939219834,-0.408950796798133,0.7275222581446237,0.5240409861456344,0.9114158049128563,-0.6790141164240124,0.0,1.0
0.15955657047804953,-1.0316843796960202,-0.7288050013029003,0.44446617342030775,0.6285287953037962,-0.43049844556104816,0.0,1.0
1.5424371711747975,1.1820745028652284,1.8605452254114048,-1.5522297279583097,-0.21584063027366193,2.7869821424084704,0.0,1.0
0.8600326277840049,-0.8397271939937465,0.6128433919553797,-0.025525450677675966,-0.2727796714363383,0.29947489463376237,0.0,1.0
0.439410923018243,2.284855195316024,1.0702970363826063,-1.8188777896588282,-0.23340854828654176,-0.24094628620634584,0.0,1.0
-0.4970357734793331,-0.912183794123969,1.0615200808928205,0.8830040241607756,0.8628845541185789,-0.6306665676817059,0.0,1.0
0.5395066929329436,-1.436713054236866,0.4224841355443407,1.201879612207859,0.0862430070294205,-0.14837786454205532,0.0,1.0
-1.8034816441451482,1.7496067962953898,-0.9953018522793983,-1.4760517164168228,0.4091875167366667,-0.7037490389750128,0.0,0.0
0.44670329872746894,-0.29204351580014504,-0.5856020233529222,-0.32164355700501096,-1.8616242811140118,-0.2362977196489009,0.0,0.0
0.7758632336714547,2.561495832715925,0.42624115137701796,-1.2740993667003961,-1.3864538262741135,0.15342934641934594,0.0,1.0
0.6347004850736256,2.6336080152379986,0.10982349340826754,-1.5933402899324103,-0.8882612229687106,-0.0426002171084174,0.0,1.0
0.9017574156999691,-1.089309521400316,1.2731661022710057,0.041902552022459516,1.0455473902683372,0.37824094390486257,0.0,0.0
-0.9615461320099089,0.29335343857264096,-1.118041400566309,-0.9554702796920072,-0.05074422314227,-0.6776381905479277,0.0,0.0
-2.5159567144040045,1.189872090365101,-1.2922290568190193,-1.630023569285755,-1.0189512193249468,-0.7103344450486714,0.0,0.0
0.751345296123257,-0.19705155206879887,-0.5278961820221209,0.4519533607541491,0.1453631141507498,0.11704666865269701,0.0,1.0
-0.1535479877452045,-0.21878027074879874,-0.8700841587247318,-0.640189024926883,1.201354272562101,-0.5539614787767263,0.0,0.0
-0.050540730527429294,-0.29057939609255523,-0.19230028609657532,-0.9259427007592367,-1.935649912853722,-0.5226547849670851,0.0,1.0
0.7169480491366587,-0.38660916589133676,-0.19914706186311532,0.10522990913905267,0.08712636718323574,0.06355008846288111,0.0,0.0
-0.5573136059700519,-1.0019956826867418,0.3131332839390478,0.5848425086181405,-1.26332415269851,-0.6370639031981826,0.0,1.0
-0.3348175311740837,-0.5067978086135901,1.1825342468769051,0.8792221859026467,1.6256289192993636,-0.5954319749847906,0.0,1.0
1.610433667806323,1.6107078450174899,-1.8027903478622191,-1.7093059999069513,0.9312208598183629,3.2495469460823743,0.0,0.0
-1.179475454645004,-0.3083764809520115,-0.4018191954251871,0.19794288481699793,0.021673061291537368,-0.6902672531230589,0.0,1.0
-0.07529840972054543,-0.24869821281869983,-0.3724124576608475,-0.4174322886828088,0.687356432361479,-0.5310386718451654,0.0,0.0
0.3708490231881631,-0.880164945578908,-1.3644018829845108,0.5651383658501546,0.7856271511907462,-0.2988564695004116,0.0,0.0
-0.6279741293103573,0.582782599736983,-1.3953462344370735,-0.8908241163994317,-0.7785185063338632,-0.649311540799684,0.0,0.0
-1.2109016861155866,-1.0467514306322614,-0.8985458186652494,0.5818538748863001,0.7609332756316568,-0.6884565567054739,0.0,0.0
-0.3446639970285044,-0.17437569190657448,0.297284682185,0.763735884491808,-0.15542778474349,-0.5996949098181567,0.0,0.0
1.6153937706153723,-1.0129223745014062,0.21695431553611405,0.6206944076655233,-1.1249610597075723,3.28509393297788,0.0,1.0
-1.9422504697246652,-0.8625736327175036,0.9841152414152076,0.3055012730301843,-1.0495723763924643,-0.7103714397728524,0.0,1.0
1.1033828331128253,1.7689901677971565,-1.458225048957005,-1.6630450586148955,1.6757589767101873,0.8606124756717681,0.0,0.0
-1.8322729927592627,-0.2959229583293148,-0.002309094126553757,-0.6209784412741531,-0.3107585737003515,-0.7069710780084982,0.0,0.0
-0.9241594811696068,1.0429589311447556,-1.0428012205771233,-1.1498444717077476,0.4875650087649298,-0.6732630984005098,0.0,0.0
0.34650783152655373,1.8628578886908882,1.758252732784832,-1.841363531212145,-0.11653447043786377,-0.3159986638004229,0.0,1.0
0.5809385892087637,1.9945698787195927,0.9058642312372711,-1.0467749779249915,-2.097885612244996,-0.10439191899166621,0.0,1.0
1.499612691243593,1.9213576275440092,-1.8111361164838684,-1.588914550996927,2.432752793814387,2.521085446020914,0.0,0.0
0.9313216758879467,1.2530674885688418,-0.8168856397720423,-1.6534020354669898,1.9247750514734296,0.4374105334085054,0.0,0.0
0.19248471748764695,-1.030222933358732,1.3170619170298479,0.5878718121162915,1.0193714091044346,-0.4101772933678354,0.0,1.0
-1.600257819201784,0.858006909872586,0.7246659154138785,-0.157084706476153,-1.21573739684036,-0.7008861274598801,0.0,0.0
-0.8582316562586315,0.15166852146478849,0.4087916327035886,0.9050554616157707,0.8255906230983943,-0.6709656341832084,0.0,1.0
-1.7366870212969017,-0.7633116676729923,0.6399964819451802,0.6462257789542853,0.28072447316155485,-0.7047631297436829,0.0,1.0
1.5048678934281483,2.126708217342685,0.4113755395838038,2.226058972647209,0.43361266629707873,2.5549615709000078,0.0,1.0
1.56122964715337,0.2202689959845413,1.886443259162095,0.09879798373289116,1.6230502795676867,2.914374754490001,0.0,1.0
0.35265654268943836,-0.06344972950234637,-0.1794958710241846,0.18267770542420766,-0.4044012940399685,-0.3109586858020186,0.0,0.0
-0.09933069968233801,-0.013428122944191528,-0.4424650337835617,-0.7885125474417406,0.009036807615632327,-0.5381370899332745,0.0,0.0
0.5668063954199728,-0.91916130239253,0.6821907438050492,0.22704842655925847,1.1000160497565241,-0.11989018521885744,0.0,1.0
0.7247896999800274,-0.4824598395732648,-0.3933691584429037,0.319914226902558,0.39705287777705717,0.07479243752426488,0.0,1.0
1.2443328811844032,1.533827450476888,0.5239382544988203,-2.609030026729708,1.454228473934031,1.3222150478382555,0.0,1.0
-0.04966621683610583,-0.4123371943089471,-0.11394969157015815,0.3790990364426792,0.6249320702716038,-0.5245172674322572,0.0,0.0
-1.3459839841956223,0.7241212562185525,-0.8388202313551977,-1.06860902491762,-0.5635095535318606,-0.6972549775972339,0.0,0.0
-0.03832758842692981,0.732929568590694,1.6795701821306257,0.47877054617338877,0.15074638147702452,-0.5190367645267968,0.0,1.0
-0.7856819856515135,-0.3109824228292004,-0.20677030347253947,0.0872065006026373,0.3795761644710683,-0.6632170195993329,0.0,0.0
-0.24000516670482377,0.2241203428023082,-0.3664601810593976,-0.2801663614640925,0.31440554459937486,-0.5782943755471718,0.0,0.0
-0.3760321370683241,-1.538700882357218,-1.215939153922811,0.31614122693349106,0.9692716343837817,-0.6088351620561733,0.0,0.0
-1.190265599506164,1.3577472580278063,-0.39591835691535227,1.5761125763234096,0.41982040868491943,-0.6856907871017279,0.0,1.0
1.2499476172970956,1.6000104145388052,0.6894791472317205,-1.6048244579864068,-0.6551541579853252,1.3402288821476822,0.0,1.0
-1.4134317623482289,-0.6594323176394081,0.49370969113914637,0.3922670182001576,-0.6260111914353412,-0.6985795216197664,0.0,1.0
0.9922768411020783,1.3155342251949695,0.939206811620171,-1.5097810159091183,-1.0503341329571432,0.5732457946461496,0.0,1.0
-0.022533532317346804,0.12050596626613777,-0.5216004292691914,-0.057407252365215856,-0.36737527294510486,-0.5083729557123683,0.0,1.0
0.7667315788783811,0.5183980825419149,-2.207694079385426,-0.7768312003086981,-0.7288784196181545,0.13826426943729261,0.0,0.0
1.4063672651818242,-0.10357864505938127,-2.1233731163088994,-0.4833235329936262,-1.3203971722256627,2.0190857146954007,0.0,1.0
1.131874838427558,2.0246763421855767,1.3938533832087903,-1.2948244740181347,-0.8999842995917271,0.947034680568883,0.0,1.0
-0.43721262935370725,0.3292280373642702,-0.6271688784770247,-0.6710825178789169,0.6566314938109026,-0.6163753607401203,0.0,0.0
0.7913336809053093,0.10194571248207761,-0.5787142735990722,-0.22654958880242243,-1.3445530319465366,0.17827862916550533,0.0,1.0
-1.256118319660467,-0.23275440967185668,1.2853069625427849,1.1760406224283368,-0.5318512728368006,-0.6925079620996993,0.0,1.0
-0.871474999920243,-0.053092326922215966,0.6633213600337525,0.9907647920420148,0.97032614604834,-0.6701847610678671,0.0,1.0
0.8253499661125102,-0.7948046854035885,1.0008327933468542,0.4439521249320297,-0.03691083648597198,0.2349773861138949,0.0,1.0
-0.2703289940711632,0.16952053617617843,-1.0616845852478536,-0.9060396773119328,1.722494028507461,-0.585084499983979,0.0,0.0
0.2589181550371842,0.1486375784983858,-0.37594544870307045,1.0059371003980662,-0.4049278927903156,-0.37429516038101956,0.0,1.0
-0.09379042520693291,-0.8851638633982764,-1.0230075970452084,-0.056254808354913165,-0.26626463462986577,-0.5339314257090356,0.0,0.0
0.42938242705749047,-0.4098442548976023,-1.0069369394092929,-0.3489550846305072,-0.26179128077613856,-0.25240151279106204,0.0,1.0
0.4291521743201569,-0.8902839743074054,-0.844687293320248,0.7533710579908786,1.5975470796992182,-0.24888155960599706,0.0,0.0
0.936510632131418,-1.0234067115464935,1.0766563839723178,0.5557777373898831,-0.25942934466223705,0.44949744380073775,0.0,1.0
0.6542765105662651,1.0897418144728788,1.2490616704057236,1.1579530006526686,-0.239793577943768,-0.014914686844401174,0.0,1.0
0.4828426830639956,-0.6600296485726429,-0.4651092537190337,0.22965075723728717,0.33614797074114583,-0.20424892423308932,0.0,1.0
0.855645475552536,1.3820610305213552,-1.4559666210106792,-1.4115529944381726,1.3644808892248266,0.2895964916192221,0.0,0.0
-1.6988430401006465,0.3896526821923879,1.218639559137578,1.4055610053165462,1.5341686909969143,-0.7053509489565093,0.0,0.0
-0.2202865335245982,-0.975342493312112,-0.5088204313138115,0.575873182388838,1.1410803185612368,-0.5723246652692624,0.0,1.0
0.4701119946247835,-0.7790416097458153,-1.2318150709059639,0.43718224827980334,0.5236314866025943,-0.21205017739282436,0.0,1.0
0.5631959635545458,-1.113463201577081,0.6773099486857123,0.703774807029212,0.10888591509814177,-0.1265789709873458,0.0,1.0
0.5101791966953344,1.3426023903393631,0.8712409153258502,1.3968314485103854,-0.2860465452339604,-0.17738141422516934,0.0,1.0
0.9737501002823291,0.4379618679244983,-0.12387085778585935,-0.06540081387328157,-1.0326586941068987,0.5326889850600272,0.0,1.0
-1.6464199804980015,0.6478583321014793,1.1037107993211515,0.16648826446216033,-0.7632050891419497,-0.7046701071887912,0.0,0.0
-0.6845954375756534,-0.4863936456891238,-0.5207788775534814,-0.5906107225954188,-0.2885351735980587,-0.6512678310546017,0.0,0.0
-1.4967743607719843,-1.5047018117861335,0.6758914227859963,0.3935311141102788,-1.084373083532566,-0.6987676560149642,0.0,1.0
-0.25427431991226285,-0.27371834768906816,0.05506825271789489,0.15995498097039018,0.30895756829279974,-0.5805033859712624,0.0,0.0
1.4956318806266689,-0.4810664665879814,0.43481528419019483,1.0128906967563107,-0.7257406567934207,2.5008835299114347,0.0,1.0
-0.3579365562097994,-0.32872036206593386,0.28217698833273236,0.7428226649453765,1.1658994193201173,-0.6050245191657696,0.0,1.0
1.5919251024492655,0.24379409941594832,0.8698170687617138,0.8169702121359972,-1.2080739724728968,3.1173058140252463,0.0,1.0
-1.43554030436643,-0.5563192001635344,-0.24709007585500992,-0.39105734712357904,0.2817352342061935,-0.6971407279158263,0.0,0.0
-0.42527875162037654,-1.461883457327484,1.1004522560981502,0.7550800386792044,1.9105487904938085,-0.6143221744310294,0.0,1.0
0.18304960316580615,0.09473068043034177,-0.6103053627084463,0.29773072127010225,-0.23683942559514104,-0.41714763946899763,0.0,1.0
-1.4589936392298541,1.7770644495034458,-0.8492953591317398,-1.2864072623347336,-0.0901653264061998,-0.6993482651146102,0.0,0.0
-1.1382727039391307,0.6157815519392462,-0.45042345125112604,-0.7618243653067613,-0.6015122139504713,-0.6881414109675066,0.0,0.0
-1.9206860443870075,-0.7978402481383747,0.16125594746647837,0.6038158104734296,1.0531960228867117,-0.7060873540600665,0.0,0.0
1.3294835907036153,0.7241854134696539,1.8094342584152878,-1.7653714081079117,-0.16173790680369673,1.6628211505911263,0.0,1.0
0.17348414671739754,-0.015282442787328675,-0.313554878611197,0.28443671137645293,-0.7365430579290814,-0.4243570269488976,0.0,0.0
0.18283055634342155,0.7265177009331432,1.16597897435805,0.8131746122320263,0.03259947084089818,-0.41880216016798677,0.0,1.0
0.0479890731174171,-1.2397882934544118,-1.800096399894245,0.35701898969800316,0.5763746044984482,-0.48181633968918364,0.0,0.0
1.1559734383865954,0.6692880953635238,1.7393049651313988,0.8055340158556799,-0.019985274312362064,1.0213366122461853,0.0,1.0
-0.6646426323387079,-0.5554183488564769,0.8805834558446268,0.7066470012366752,-0.7887215173663726,-0.6516245183187511,0.0,1.0
0.8499695720430137,0.29693156184210523,1.2980550436869212,1.1138813106013863,-0.2517939900897283,0.27779791218940886,0.0,1.0
1.3353194529774646,1.3183335814774273,0.5829521596639201,1.7816383671785088,0.01872168605871622,1.687035818333935,0.0,1.0
-1.471461002664108,1.4066540945242587,-0.7206276753701657,-1.026999618077771,-1.003876036452815,-0.6993148397052306,0.0,0.0
0.30855937066934547,-0.7282379085166294,-0.30770322431817737,0.5979680374763315,0.8918733180440608,-0.3431836326002021,0.0,0.0
0.5019286639303956,1.2793519539171474,-1.540998199651889,-1.3854672164295116,0.9077174945780712,-0.1844777261152252,0.0,0.0
0.587234116514477,0.3608689109212474,0.5201458234125257,1.4922278900763353,-0.2826560473969488,-0.09817675564965653,0.0,1.0
1.5230890965706654,-0.39519478600449226,1.1731739308591504,0.6140769838503237,0.01860905376523394,2.6673576732443105,0.0,1.0
0.3641956317348809,-2.0287846928927302,0.5818828979541777,1.635932763155222,0.4139815005816864,-0.3025655716351041,0.0,1.0
-0.26699428068513276,-0.2778270446469618,-0.6523124302144813,0.0658746969656076,-0.48283563903195376,-0.5811046567529536,0.0,1.0
-0.5405496142906738,0.03133554979667205,-0.19745900029594568,-0.19667880456756176,0.8595656933709295,-0.6370224348953689,0.0,0.0
0.7703910264209363,1.6895408255553517,0.45455606575819507,1.923394474033039,-0.037329831837848715,0.14626451579436814,0.0,1.0
0.5837457991037589,1.7540530413976336,-0.312925607003874,2.282576525080387,0.1265440294440517,-0.0998200010008315,0.0,1.0
-1.049398721674244,0.5684530981201612,-1.2322972463012511,-1.117356649006334,-0.10058885188223168,-0.6832357020449902,0.0,0.0
0.10260181717093038,-0.16693580723010557,-0.9883540287074444,0.741799964277395,0.44373163936932697,-0.4604963451644427,0.0,0.0
1.03236512210684,-0.9014564770428299,1.1604687549313484,0.7461609735715725,0.3556866801033003,0.6695770150013507,0.0,1.0
0.7211243479073981,-0.5245801273926353,-0.9512738474794626,-0.766414662504411,-1.2531737151417188,0.07348573124249326,0.0,1.0
0.8867758471854436,1.5091671841521246,1.3209618600139754,-2.590858362944922,1.5262753378504776,0.3501134852970859,0.0,1.0
0.4291114033364501,1.3235571716862249,0.3175909932127192,1.6000778846131425,0.22784355784341903,-0.2498869290335256,0.0,1.0
-0.6953869729448112,-0.6858624066016987,0.9917105310368632,0.4909745957077198,0.15543270446887167,-0.6506590768072928,0.0,1.0
0.5636666885131192,0.8961099429613044,1.3414982419696635,0.8759169740929388,-0.19869017945998457,-0.12402204325243742,0.0,1.0
0.09281573523796793,0.2786814823565162,-0.5017747968275882,-0.45367008747837745,-0.2490579047847011,-0.46168392427227356,0.0,0.0
-2.4987451508773075,-1.0382946998294673,-0.5321254193189668,-0.24569003372510725,-0.5810440804212373,-0.7099344801265788,0.0,0.0
-0.5401054172830883,0.11726533207457404,1.5296410736800896,0.6554916246155494,-0.31294233536020977,-0.6356141591569598,0.0,1.0
-0.07660171093285131,0.5266262197562268,0.44706984888435786,0.008813918835468013,-2.231068728842846,-0.5279444411626524,0.0,0.0
-1.20379101877742,1.416350791584918,-1.0773654118075964,-0.931079388842288,-1.7512207939188935,-0.6908353445745047,0.0,0.0
0.8257114921970916,-1.0396578574613775,0.928454385415061,0.38057712327532295,-0.44158571609472924,0.23479008989958647,0.0,1.0
1.124436919477424,-0.21396702620629995,-1.0378614167776048,-0.016229611644379017,-0.8984812241672328,0.9221897804652945,0.0,1.0
1.3560643197776623,1.7772388316638796,-1.2070599281062777,-1.7753930727437965,1.220171347697635,1.7806453024821347,0.0,0.0
-0.28014004627971417,0.5909073027660751,-1.5643748888688431,-1.0933558834474622,1.9436113668271706,-0.5867649735083923,0.0,0.0
1.3614501041113511,-0.9129759823526548,0.7920369869600768,1.276784655274304,-1.068079664286877,1.807301349559525,0.0,1.0
0.5363323443409166,1.050849226352138,1.9237454979107842,-2.15320770531667,0.36478849039615857,-0.15125838406625644,0.0,1.0
0.5851812010889303,0.4168181430428698,-2.0095301897588085,-1.3518507457275653,-1.0574826420845702,-0.10085739664155394,0.0,0.0
-0.9643693125857105,0.02887688444375383,0.9634986443173651,0.8022831121958669,-0.39226299286460065,-0.6784341885834292,0.0,0.0
0.7525751500362794,1.487211008820561,1.3488975994830927,-1.4860082800701504,-0.9859512467074105,0.11790549132806238,0.0,0.0
-0.4820331032917192,0.024095765389086456,-0.6516520775361009,0.13492510399245375,-0.6230387572248863,-0.6240141193032693,0.0,1.0
-1.2234291943029993,-0.9782266682787836,1.3229269810363296,0.5598145329908129,0.32262716542614717,-0.6892867027835424,0.0,1.0
1.2497494424778435,1.340022715013731,0.9291588679408068,-1.559961201191693,-0.8142242708994195,1.3393204042484377,0.0,1.0
0.945844523976686,-0.28917249896834263,-0.9732322558989432,0.5190628633417605,1.0486948939326,0.4684064452060488,0.0,1.0
-1.0207321126263302,-0.9501921867072571,0.8078576418483019,0.6093323401656625,-0.12425709243653071,-0.6803994137908961,0.0,1.0
-1.0701468416976232,-0.5794210829676276,0.4908354472674392,0.8624556100386438,-1.103154902350567,-0.6833431154908172,0.0,1.0
-1.7765718059277278,0.3791342950568567,-0.6295849428949164,-1.0360701859609747,-1.7159389747243077,-0.7059094953053815,0.0,0.0
-0.2205657450188493,-0.21027743544743968,-0.37199274938676324,-0.16463434105158492,-0.6931451371184574,-0.57046815633477,0.0,0.0
-0.7944183458323045,-0.4333900022721027,1.0172567383010551,1.0740156860447312,-0.47356135326962806,-0.6643577487912359,0.0,1.0
0.5365270010559131,1.2103642021111518,-1.7535431226620752,-1.386159009194353,0.5197491525066265,-0.15808036532575095,0.0,0.0
0.06758834871761278,-0.7447972838341849,-0.8233714045781982,-0.2148953315682159,-0.4494340015388503,-0.47597189010626445,0.0,1.0
-0.5290381065037865,-1.3874884192252668,-0.5716173156165,0.9054892075424917,1.560446326942699,-0.6368261046369785,0.0,0.0
0.17469444366176676,-0.2830622925049681,-0.44737288232683414,0.26331473108388986,0.3860174028906445,-0.42550465233501955,0.0,0.0
1.2997942126458122,1.9242534376926654,0.3609869342728331,-0.805519020916962,-2.353928463288929,1.5400896036739495,0.0,1.0
-0.5409724924689966,-0.5850373322879355,-0.974297245184828,-0.988439948652215,-0.20754236666269754,-0.6317701930974889,0.0,0.0
-2.1265268914115643,1.9158397938886123,-0.3585053695128125,-1.0444270782372969,-1.4124748852062547,-0.7094193459291602,0.0,0.0
-0.14534794705875514,-0.1854625687635175,1.1963030864079647,1.033190802338979,0.6700000573259304,-0.5514152156023364,0.0,1.0
-1.050754952546968,-0.5086640122194772,-0.5124901580862139,0.41211739061021385,0.01757777060903522,-0.6813332708561767,0.0,1.0
-0.6022071946848679,-1.287002620877931,-0.8401305439441583,0.8473137250574,1.5545353943254285,-0.6418779630727821,0.0,0.0
-0.18897934043705253,-0.1785067302184196,0.21412355439274436,0.6174462314976249,-0.38841875132673315,-0.5634997362563613,0.0,0.0
0.8188335599096858,-1.021431733376873,0.9470780046380451,1.5232847980007995,-1.0558363909563748,0.22441997171856792,0.0,1.0
1.2406669879648835,-1.2383867583260695,0.6436922192704617,0.5066746423868476,-0.8027511548469974,1.3079145518749098,0.0,0.0
0.198550723169325,-0.498970969810575,0.3504609525359757,0.9500950530089319,-0.8191959923842046,-0.4106780857509869,0.0,1.0
-0.7791823192518572,-0.1415848682761109,-0.6141400384796389,-0.09477168372553951,-0.6534023587777291,-0.6622473590387665,0.0,0.0
1.380306002211441,-0.2889590721584526,0.654438625565651,0.6520208121702266,-1.1372369057465719,1.8942577181511804,0.0,1.0
1.3345495085036647,2.0603907481318178,0.5224135316675217,-1.1876462196518294,-1.4429443658166246,1.6851362189674406,0.0,1.0
-0.3678931864103748,1.3242858766703696,-0.7536715106165811,-1.3967448359482264,1.401046747460588,-0.6049952385854114,0.0,0.0
1.494478763587384,-0.688266787804107,0.8018281042720341,1.1310356479223862,-0.5030322865985192,2.492319300473793,0.0,1.0
1.5140030876900954,0.4941206503310118,-1.3173650147904716,-1.8899502391654983,-1.3283004411835369,2.6125714652910967,0.0,0.0
-0.16436131913544896,-0.21194373874283426,-0.3757974170251473,-0.28877365101860103,-0.6137231053729921,-0.554567279983716,0.0,0.0
0.6237769372030658,-0.848204126511066,0.6724137320339455,-0.22235332891813983,0.7579107181224002,-0.05590276559037657,0.0,1.0
1.4844306123331248,-0.24842308284594983,-0.5328957321398377,0.10763740393877094,-0.4370420660056108,2.436400965522719,0.0,1.0
-0.7613795753309539,-0.5900972478680213,0.5618470968085133,0.6212186657180235,-0.9149863070734081,-0.661130600985778,0.0,1.0
-0.44130809660525366,-0.7337198767648311,-0.8635824987383098,-0.7833456862310394,-0.4915985330649424,-0.6199859572540745,0.0,0.0
0.6257961366300523,0.9021535987150068,1.9637093728709625,-2.465062225835646,1.0590898581121442,-0.05093853354306317,0.0,1.0
-0.8904099727713727,-1.4982776030189187,0.8812364563374965,0.20803809967136488,-0.7203666339833208,-0.6718120623115424,0.0,1.0
0.270399553215308,-0.45621765663955977,0.16503118718200172,0.2073888525986434,0.5911289998645047,-0.36542277618842633,0.0,1.0
1.3420967587899844,1.379479811127238,-0.5725823367043038,2.4170892637375294,1.081980404129974,1.7209255650785638,0.0,1.0
0.6982309296319155,-0.29512498800975845,-1.4973020266946693,-0.9500830233735722,2.103376808111374,0.04025671846549142,0.0,0.0
1.1506074013177863,0.8785182785486393,2.30800437056209,-1.27443395729122,-1.0639796072179157,0.9985835572012577,0.0,1.0
1.4919853554595217,1.0814406754187544,-1.7426729798212246,-1.814671614203828,-0.0024634268464466453,2.4822714524498717,0.0,0.0
-0.007388000045829153,-1.531219420027993,1.2966787484025692,0.399458676750576,1.5162858034230438,-0.5064017927576688,0.0,1.0
-0.9419872306332291,-0.7356184320359608,-0.7343247023276617,-0.7000655272070193,0.33717724102781127,-0.6754626611270547,0.0,0.0
0.6606563291175405,1.9210174805880738,-2.287886582561758,-1.2353605411933444,2.2433892787917555,-0.011752278261939818,0.0,0.0
-0.4965684412472105,-0.6597814769084815,-1.3437612036594933,-0.6655609811824955,2.4106577771932614,-0.6248928369003804,1.0,0.0
-1.4480205603991905,-0.7780086343014172,-0.618080661970936,0.021245263033530713,0.49847462870217574,-0.699650969009634,0.0,0.0
0.9981103214820033,2.107783314277694,0.5900050137620777,-1.0398860166245303,-1.8655243150442746,0.5909781772317699,0.0,1.0
-0.07697379799674761,-0.835138927819318,0.5552875875542032,1.20935030198053,-0.5072538641640262,-0.5297787834069251,0.0,1.0
-0.5934257731244273,-0.45653240100180886,-0.9619588371994408,0.8067834915581219,0.8364706630904759,-0.6463775846395686,0.0,0.0
-1.593646835832841,-1.1836720956699085,0.6006243466684897,0.8956669836321078,-2.298136837124693,-0.6991737144820359,0.0,1.0
0.8287646051189348,2.2500351162206087,1.0804551993408,-1.2991064863015616,-1.1114410357826428,0.24223085461756172,0.0,1.0
1.0657599300825924,-0.38207362511224446,-1.0909410590010746,-0.0935818996040045,-1.298352459405655,0.7597239139918849,0.0,1.0
-0.5803044649699509,-0.2329025464114363,-0.7858837655718326,-0.21561267731067277,-1.0741184834024249,-0.6405248795679307,0.0,1.0
-0.2927424095956649,-1.906592036373735,1.298672177833658,0.7215635127596423,2.7584251846489134,-0.5897090554946632,0.0,1.0
1.650479323171611,1.6011248086542735,1.1391120164938522,-0.9077361107982603,-1.7469708344595654,3.548248201913654,0.0,1.0
0.657087909015229,1.3036108140349318,1.6004522357157376,-2.349453328664011,0.8566851247430963,-0.01836693341091319,0.0,1.0
0.5337378818831118,1.922557203003716,1.1473546479805734,-1.1546809626072976,-1.771965733707761,-0.1570145452343419,0.0,1.0
0.1292706999050488,2.348034606307324,0.9825515831968327,-1.3001584806263335,-1.6159106991616337,-0.44504047130766494,0.0,1.0
0.6456397037323365,0.8138071461262405,1.1538625676705694,1.141550667029853,-0.39672652680578924,-0.034038057091435994,0.0,1.0
1.1476882371835928,-1.518992311070572,0.5999057362667102,-0.25971282615902486,0.11978887610373579,0.9934671011589921,0.0,1.0
-0.19776810989018098,0.15866145711142704,0.03971296313635327,0.5438778025362964,-1.9915169530887948,-0.5665776658733442,0.0,0.0
0.315858274668978,-0.4419010525447114,-0.750319958656393,-0.08997780048006548,-0.7027443289138366,-0.33803825886232464,0.0,0.0
-1.878006864868295,-0.3208984375812686,-0.3052302267883446,0.5425622278601714,0.016265117964132478,-0.7072040395434364,0.0,1.0
-0.5572870464792319,0.026510032768100007,-0.15036052963822372,-0.31631318747755394,0.39669442485840894,-0.637978904258454,0.0,0.0
1.3425053901805462,1.3510173995716683,-1.2083843102302918,-1.6960212952442757,0.4131366253849939,1.7187127246938516,0.0,0.0
-0.684194954728664,-0.5968165941328223,-1.9184790267292582,-1.3651030789183827,-2.3598033058837102,-0.6549374110259402,0.0,0.0
0.8989100235944296,-0.9097565621703623,1.2225007653467197,1.4011110184827156,-0.6589635430275821,0.3707331640971986,0.0,1.0
0.9801422560533013,1.8715497260580132,1.2633636901975138,-1.110956920265668,-1.5535125252551631,0.5440904972356878,0.0,0.0
-1.7039164398303939,-0.791552713070948,-0.6482224465202525,-0.030494510222085727,0.733080882325756,-0.7038863424557373,0.0,0.0
-0.8929747485224545,0.34583384373475656,-1.1060255889868083,-0.978979612070777,-1.2760629861723896,-0.6734560938180572,0.0,0.0
0.5442506296221433,1.0555743058849043,1.7160124001681145,0.5525111817647608,-0.10717619936658562,-0.14538181203247103,0.0,1.0
-0.6725451719436593,-0.8922436376206057,0.6467747944719459,0.8908909580564605,-0.4013946759497531,-0.652622488897758,0.0,1.0
0.7899486011695023,-0.080338690582048,-1.6853405298575175,0.34692161671120625,-0.3774815729437547,0.17999617649472763,0.0,1.0
0.003951623055023002,-0.4494862956890498,-0.9411562612800779,-1.0789101462001836,0.232816019490847,-0.5011437769307628,0.0,0.0
-1.3716400470438952,-1.168832408777181,0.7261091192980431,0.7630622374245658,-1.0925799705308783,-0.69572208029723,0.0,0.0
0.22268199377682185,-0.8352231090477187,1.1872274813836141,1.0571762649974967,1.7853138799547634,-0.3971561068369723,0.0,1.0
0.48585971286538293,-0.42687985918304283,-0.3496601153331966,0.5276311658164375,0.275218486428944,-0.20312504803558337,0.0,1.0
1.134934249126391,-1.0439792460410207,1.200009517737225,1.8829930511607198,-1.0628983185439418,0.9531094614571501,0.0,1.0
1.5917000856357995,1.439826094834859,0.5430645640315365,1.6774695596583413,0.9094030022671035,3.1174882320473785,0.0,1.0
-0.48510510415330005,0.0781284657368782,-0.2930148546669183,0.3618619402948043,-0.042890839713627685,-0.6258785840911443,1.0,0.0
0.9531944798667056,1.2604210490448977,2.092316340203542,0.11170052867156313,0.25786265455741936,0.4855320702318487,0.0,1.0
0.5506673232041486,-1.289914650992087,0.7128811754046765,0.42896126714205435,1.0535313699935303,-0.1375107360812473,0.0,1.0
0.4588728333697046,-0.38702123374474756,-0.9426745086946018,-0.14033641718376005,1.1690983462900346,-0.22624630182906744,0.0,0.0
0.9081219298906623,1.6466922786968672,-1.9184006996113705,-1.431699255479351,2.030806868496705,0.39357275102604833,0.0,0.0
0.08988014630347396,1.66278134494332,1.446732302019786,-2.191181084562129,0.21017591735009516,-0.4637980922998569,0.0,1.0
1.0218923440935512,1.6284079966364773,1.3297253923802257,0.9724840014873679,0.8514034869500329,0.6426667593316839,0.0,1.0
-1.9416482559584427,-0.7941160464908207,-0.5056979003134778,-0.2640532865105854,-0.7067983206298442,-0.7066795416209044,0.0,0.0
0.2182490667403015,-0.1605351058210269,-0.8732475824192436,-0.785322978592422,2.198258657825114,-0.3990598136355339,0.0,0.0
-0.14101555346118477,0.6276520514679642,-0.003827058456719554,0.9688293406335238,0.39445141995907174,-0.5498377764545495,0.0,0.0
1.1079498810367305,-0.37228868507017177,1.3676769317253412,1.1129631330732068,0.13939544228197678,0.8766881709618706,0.0,1.0
-1.4352108092922577,-1.221808704318178,1.314402791468824,0.7985905044133091,-0.968213245422774,-0.6995567091978552,0.0,1.0
-2.148508532319045,0.1680550200813838,-0.8629284142203728,-1.5604303705523992,0.5270988222113039,-0.7089592003444828,0.0,0.0
-0.3371951084306353,-0.8370186959517992,-2.0770334296035777,0.015603395742728175,-0.7144187968350436,-0.6021686966066493,0.0,0.0
0.8993779010123796,-0.3821278228980844,-0.8606233022250827,-0.06514856906769637,-0.00317013647191976,0.3723283212466534,0.0,1.0
-0.5996776076468825,-0.7980364209182793,-1.046189568798152,0.24483764285497694,0.3411937695269119,-0.6428843518773967,0.0,0.0
1.5513164660319838,1.013460909119027,0.9943925434174601,0.8626827488799177,0.8044262692349788,2.8438355749655537,0.0,1.0
1.2702899561952592,-0.7584641512453824,0.7431853002145957,0.4889736192389141,-0.7118906561913158,1.423584744560855,0.0,1.0
-0.609830851685382,0.7430595079507657,0.5014685806379381,1.3363089838446016,0.4320460207813569,-0.6449132894874202,0.0,1.0
0.8468987825628649,-0.0072976458592303355,-1.4389577321459026,-0.47555705466629816,-1.9018305268044435,0.2774987400580737,0.0,1.0
-0.48494236361507703,-0.40821152647786296,-0.5958262072029689,-0.34444289359070784,1.8089237364055268,-0.625587561660872,0.0,0.0
-0.13883078108457297,-0.3794606359815676,0.0726295021169171,0.11205271545916341,0.23872143279236496,-0.5521064139095284,0.0,1.0
-1.0667602791462085,-0.38502213381213224,0.05624954589453433,0.386957311427774,-1.755053264052753,-0.6809622241396055,0.0,0.0
-1.0729548200425902,-0.7307522993919637,-0.9285390601290561,0.25908021621153327,1.710294316869686,-0.6847773515394312,0.0,0.0
-1.2345121656454183,-0.5495766366371203,-0.8291209408797985,-0.0965587838657854,0.8594393432131655,-0.6931644170960791,0.0,0.0
-0.49768376116926255,0.41218235862775715,0.5082523951230793,0.9467488999846086,0.5850041066384143,-0.6290968186155902,0.0,1.0
0.8672052078920436,-0.2664534440909244,-0.36185965758061023,0.3539648744165689,-0.18603841575130134,0.3116527242293015,0.0,0.0
-0.5288094651745667,-0.1729732637601984,-0.6685499248808702,-0.5414303371906001,-1.2149077925196057,-0.6329856925314211,0.0,0.0
0.8789840722069223,1.3618794989108423,1.0503737003653737,0.8374593081826823,0.8256146506091823,0.33521233960868424,0.0,1.0
-1.189836173901086,-1.9795275121021814,0.12001316082131323,0.6125906061747166,-1.6569996287544813,-0.6905865325177789,0.0,1.0
-1.3676606311260429,-1.1059961281439348,-0.16158580971370676,0.2821531642003989,-1.4769886470718312,-0.6943825309699646,0.0,1.0
0.30208481195066667,-0.9803015811807463,0.854504788104162,-0.02949307970172947,1.1037765544155473,-0.34746246271126907,0.0,1.0
1.2795091708755806,1.5182955237739542,0.42229606939509523,-2.580687137468639,1.328606804559784,1.4561144008682774,0.0,1.0
-0.37624351366197883,-0.5042406063278981,-0.32624671920409415,0.10683030715418775,0.09909720440712606,-0.6080747071413397,0.0,1.0
-0.6399617369617826,-0.6358803246719951,-0.63954111818535,-0.3151619289800574,-1.277441905523209,-0.6496220023907433,0.0,0.0
-2.156615327885224,-0.16955314592074414,0.5259407094508981,0.9216020284941954,-0.4873728187411241,-0.7131436280149638,0.0,0.0
-1.1838405656141187,-0.5157666165480028,1.0958424981120936,0.775984724941487,0.1344300898034198,-0.6885337698829276,0.0,1.0
0.35058812582414267,0.9140768698295376,1.6107912957936537,0.6747093715132204,-0.5986479611121247,-0.3104400062153483,0.0,1.0
0.20907845270756448,-0.03998878009924818,-0.7173348222827136,-0.18790976789664618,0.6998347337590604,-0.405927601384963,0.0,0.0
-0.5753870936098657,-0.22710490708067022,-0.025807716438150087,0.3898917147584717,-0.005697189219045632,-0.6363799689304462,0.0,1.0
-0.5584592485508935,-0.52497922917838,-0.745984948430156,-1.2370986217269073,-0.4297478614989208,-0.6404520674238237,0.0,0.0
1.146521501461492,0.7908609308543996,-1.5186449128600163,-1.6641461320938469,0.2868089650495254,0.9894923960202723,0.0,0.0
1.5040875050741926,0.815425183349321,1.7348476237697825,-0.565787661998405,-2.716682551726637,2.553453165175678,0.0,1.0
0.469971978157158,-0.5839943165639222,-0.7067389936276368,0.19778287475564302,0.6153874881001705,-0.2171619041207683,0.0,1.0
1.6412846632514146,0.7820889392023903,1.7758696982187736,0.7569537658718599,-0.13928582000648024,3.4775034690353754,0.0,1.0
1.144929450028061,-0.33946389570313706,0.6954493924939338,0.127819016047296,0.1647065961369862,0.9852112924586923,0.0,0.0
0.6795428825638816,-1.7903084307420263,0.7835522654735855,0.9905935884601142,-0.3906571841674442,0.01668375725916043,0.0,1.0
-0.09201995223814961,-0.4424495111160814,1.1573835341965024,1.131024232413122,0.9936474853659374,-0.5359849176025092,0.0,1.0
-0.6327709527486637,-0.47407130615049425,0.35779468119417646,0.9864198268597028,1.0045823676527312,-0.6489007467673951,0.0,1.0
0.21873338122181124,-0.12731424940785113,-0.971520996827042,0.70119439873909,1.2132434443174904,-0.39780099904737143,0.0,0.0
0.6367666893186374,-0.6686672319462279,0.7564029244598064,1.2626982784249567,-1.4928102517732018,-0.039175270124000995,0.0,1.0
-0.597749520937403,-0.324134673814438,-0.21923211272395585,0.1006521210214023,-0.47675679355985734,-0.6456850301218204,0.0,1.0
-1.4276011837480964,0.6111463806213346,0.38422046490592543,-0.34451979361946133,0.30517913746619457,-0.6967713393576817,0.0,0.0
1.2265013888961074,-1.2617227112765057,1.1211790732082774,2.0035529802228287,-0.9251470726253931,1.258437242589292,0.0,1.0
-0.8274324480562599,0.448020216162864,0.8314187345324205,0.319387409338662,-1.1340430770716934,-0.666477048750784,0.0,0.0
1.4897049605906516,0.19754686701409283,-1.3831234591930552,0.25554549660681053,-0.17290068087864247,2.4661286325456553,0.0,1.0
1.1763022740867284,1.2852327563717325,0.8396046472969668,1.6008780812447485,0.4756909519513919,1.0815174972185404,0.0,1.0
0.6209649293961991,0.30815158485383287,-0.9851306737685658,-1.3479050710565421,0.09471997905565714,-0.0571945459110833,0.0,0.0
0.46525383733144837,-0.05299791943171534,-0.9049111158371977,-1.6251565148396259,0.8015969926162289,-0.2236147959988286,0.0,0.0
-1.683996968349464,0.7779020078646249,0.5757865456696735,-0.3167609287873902,-0.12592581336306874,-0.7027536480310579,0.0,0.0
-1.2492011097119775,-0.7835078874538586,-1.0657238674484213,-0.4306056601625035,1.1127823189821513,-0.69087606066892,0.0,0.0
-0.5701881467982697,0.29875061228989264,-1.4809688578613869,-0.7537101686068522,-0.8661652829299664,-0.6401624026941029,0.0,1.0
-2.368198482156591,-1.2116376419274502,-1.1261526056523028,-0.47356667305926464,-1.1680203228523987,-0.7108170160925336,0.0,0.0
0.5386493665629529,0.882208364743515,0.9413539778582711,1.1736622961627292,0.07859718244498987,-0.15284556384525824,0.0,1.0
-0.9799451855228939,0.6580196090133088,-0.9168570033255513,-1.1490714444873993,1.3749212817068266,-0.6812569678239926,0.0,0.0
-0.8529685175809913,1.0133104896060887,0.7397902284593072,0.13696208263123327,-1.8003191952382778,-0.6710942974507575,0.0,0.0
0.6727498600370077,0.010056418055324569,-0.4099038822568158,-0.14550792529881482,-0.5480895555879037,0.004606462998149544,0.0,0.0
-0.8420187667331831,-0.6338532583914096,-0.7524513787474859,-1.0871797614387575,-0.29784807473083913,-0.667941646448957,0.0,0.0
1.4078142545943357,1.2010760135992993,-1.1991228210256353,-1.7887981532135397,0.5727455728135303,2.027119204206723,0.0,0.0
0.5954349406183914,-0.20057128952323877,-1.2995913443086429,0.22803222984412835,0.5315161091461522,-0.0883235015749509,0.0,1.0
0.7633674959264812,-0.23767034262898723,-0.8517965249428018,0.03631637481769587,-0.5949860267329,0.1368795961349094,0.0,1.0
-0.9405332260489686,0.033487339511105586,-0.5939347839617805,0.2091686360800077,-0.3790863915125162,-0.6771044508487265,0.0,0.0
-0.05789981326448115,-0.3139313874768874,-0.7693381735261018,-0.42022334496163954,-1.0973264482002927,-0.5233894663468833,0.0,1.0
1.224281650966263,2.040556998826962,0.5577417779685493,-0.7191389156120968,-2.504778914939996,1.247372297853005,0.0,1.0
0.20953507175140423,-0.25741762679940444,-0.6153055472806727,-0.26982628908236134,-1.1964157496009309,-0.4056523523262988,0.0,0.0
-1.3546701943238182,-0.8671471585830106,0.6459378508432878,0.4037464376335888,-1.766668795440384,-0.6952118855539676,0.0,1.0
0.1495742083197115,-0.3040112569570065,-1.1048530830298637,0.5403083570901049,0.05821335239004085,-0.4381022294935962,0.0,0.0
-0.5191020416288418,-0.12746896449677253,0.6635947124445235,0.807930916750245,1.3097309769755021,-0.6324108110867609,0.0,1.0
-0.1196195889636108,0.22251658280482342,0.9760814055485282,1.1970210169516409,1.1799171959048464,-0.5448875760534794,0.0,1.0
-2.041196022493112,-1.4242265969829078,0.5048333302700275,0.1443495146374813,-1.5973131055586303,-0.711564522789984,0.0,1.0
-1.844336574316613,-1.9460717041067692,0.37643717717745095,0.28765041587809403,-2.5099387618187246,-0.7102663291386829,0.0,1.0
0.02008819019758258,1.0587819511140284,0.589887674433038,1.2760591012467288,0.1548903494085309,-0.49256440303746885,0.0,1.0
1.3269390568806971,1.5688371901173161,1.231368360293851,-1.329304611369654,-0.9900799258960169,1.6514992247134068,0.0,1.0
1.1115150168543617,0.3409466766965843,-1.8998475073647745,-0.1388804232852645,-1.0244964713368858,0.8889968480935236,0.0,0.0
-1.0878669630108457,0.6499592732239531,-1.3688041922759988,-1.1933110158051066,-0.05558913439814909,-0.6837838808218019,0.0,1.0
1.3972177295436299,1.7502738072513635,-2.189386764180432,-1.5721365716803928,1.8081714114766663,1.9740443961224114,1.0,0.0
-1.8153486577963054,-1.1023906512808765,1.125650679935537,0.7891111142791939,-2.107195534603525,-0.7068517482243194,0.0,1.0
1.1312835918511885,0.6766577988951746,2.1103329945269507,-1.623327302804075,-0.4732072664838499,0.9435620232053296,0.0,1.0
1.2448330140483632,-0.1520039183878127,-0.9856056823814837,-0.09036680062770079,0.2556052394110486,1.3259301069733824,0.0,1.0
1.320088947264128,0.6899134698241853,2.437876812216668,-1.1802724591316938,-1.214327966462501,1.6204476587611603,0.0,1.0
-0.7679477723092867,-0.12476168438981254,-0.7873865297248426,-0.060970829384052856,-0.5020107047661527,-0.6622192269336051,0.0,0.0
0.8292233243998356,-0.5121841514094919,-0.9612303893994195,-0.5647243991933119,1.2496425493913659,0.2412866095089958,0.0,0.0
0.40320187903803184,1.3810724827954477,1.4175468800162234,-1.7802365131482756,-0.6478919813267661,-0.27503896718788484,0.0,1.0
0.8287323497059904,1.519406242967678,-2.294273472281921,-1.0356512710068957,1.1727951115125572,0.24293859681314328,0.0,0.0
0.47371466933424217,-0.31894091843367744,-1.711148700759165,-0.5776780129428268,-1.2935952293982844,-0.21420313874711228,0.0,0.0
1.0052374081400206,-1.5457526413207396,0.5204610400672113,-0.002116149635971269,0.7297089897902231,0.6016112921264816,0.0,1.0
1.3543795755183288,1.5045666732116982,0.8542901150218158,-1.8482887045006366,-0.021299989284624996,1.7740146240726513,0.0,1.0
-0.6337853028618484,-0.926407899870384,0.7365861331282539,0.9109919954814523,-0.575281986166934,-0.6472116906089186,0.0,1.0
0.1504416334307193,-0.924397460170969,-1.1947491846881066,0.12130530020164791,0.4421647621461943,-0.43616852884651297,0.0,0.0
0.8076356200851439,-1.6559701076900621,0.7860511789961852,0.06423643071680307,0.23698656571096602,0.20741969952736622,0.0,1.0
-0.976983191611888,-0.27837092752065856,-0.15565828525195435,0.1901200774823068,-0.010384923791446909,-0.6796726116255962,0.0,0.0
-0.7953519353549288,-0.6364733831124536,0.11491241989486087,0.22574630890629543,-0.8277561269281124,-0.6605163333250782,0.0,1.0
-0.8038791164413855,-0.2594037715008764,-0.7141029113260313,0.2558790379565185,0.5058666877823322,-0.662291304382725,0.0,0.0
1.458546094713051,0.7560479040237874,2.2524082348260523,-1.4938525413657842,-0.42975086049734496,2.2915442685909615,0.0,1.0
0.1650166216581618,-0.5151421454722299,-0.39437795146814525,0.4278026224956718,0.036948761993613105,-0.4276582441097346,0.0,0.0
-0.30228570473043187,-0.057458194626320326,-1.2206747187745486,-0.5064555458640845,-1.1168472089036987,-0.5925437378841566,0.0,0.0
1.0667698467685502,-0.13255802780758805,-1.1412429203619157,0.022712021988337855,-0.37571548037076735,0.7623539963142987,0.0,1.0
-0.8725718128111749,0.4636093798117318,-0.10517822912931417,-0.38886696148934374,0.1377099529522034,-0.671873492287424,0.0,0.0
-2.336316022104319,-1.5830726209870374,0.9749684214023925,0.10003789974731503,-0.9621925377860323,-0.7116280253808904,0.0,1.0
-0.3841601057577779,1.5688515493029194,0.5219625113270666,1.2781479897918002,0.1508866048744309,-0.6094822055328603,0.0,1.0
1.574335723785442,1.1022609410868216,-1.1901259174840984,-1.8137131133707627,0.15466497168580473,2.9984189616721557,0.0,0.0
-0.2882804956949982,-0.795368828515279,0.01223245773210679,0.6676887459848969,1.8989443643038544,-0.5889666667107485,0.0,0.0
1.5532528364924851,1.1503514542419908,1.3858157867194592,-2.464136330073298,1.5513562310109192,2.8587913828895273,0.0,1.0
-1.4627468726755553,0.07317534439612555,-0.2925603361652661,0.5013513601181857,0.041669850124736084,-0.7026317150574288,0.0,0.0
-1.5498504936575044,-1.6271727765241164,-0.1120338310903974,0.0996601310940485,-0.18791162468682268,-0.7013290961384521,0.0,1.0
1.101772502293617,-1.1628970229865156,0.49889826380373675,0.6875218891301111,-1.5187037334296534,0.8602486394995904,0.0,1.0
0.8361520557529684,-0.800003007004492,1.314875627120964,0.628659369652756,-0.36833234917650126,0.2524066012841616,0.0,1.0
-1.3244218044440155,1.212651106653622,-1.0930064790281857,-1.1261080422573428,-0.6478665935244087,-0.6935265895708982,0.0,0.0
0.30295577062351964,-1.0256761934907832,0.28130252452739885,0.9999403359239887,0.8381939777222603,-0.3475897370394974,0.0,1.0
1.2961833453143472,-0.9069377912576773,1.3085475659620969,1.229774000143494,-1.063633731635253,1.52316051381961,0.0,1.0
0.4058828231823261,-1.0586067810486661,1.0550534202622415,0.8907793667163924,0.8254965557578137,-0.27171286481651463,0.0,1.0
1.119195645696108,-0.28565169851405814,-0.9832528043953771,-0.010012128775366919,-1.4019783340808667,0.9075808747204995,0.0,1.0
1.418476475667152,1.738729175129434,0.43139763908954687,-2.1001898871339657,0.4339458731994881,2.0807813868680456,0.0,1.0
-0.5162382474934115,-0.4452943020318763,0.5866396632810277,0.9848231662298587,-0.3306779789224937,-0.6298058052203437,0.0,1.0
0.2751690188423623,-0.7563087877141041,0.21351431140837066,0.5282728031656679,1.4590007164438812,-0.3639223390048462,0.0,1.0
-0.2704816800282408,0.6944525590824094,-0.17516135488215723,-0.8310601951947808,-1.1990835431399867,-0.5870228857742265,0.0,0.0
-0.05437241098394984,0.8899615255565898,0.7940599675750178,0.8792477321848797,0.8454917468996263,-0.5217842426937178,0.0,1.0
1.5663543786338554,-0.3762845034262373,1.0711361626070461,-0.4005549842770758,-0.23305507696308633,2.947306255232089,0.0,1.0
1.0142961150471586,0.9820954104845101,1.6447711204745932,-1.3040510471147158,-1.3315515472986117,0.6287682164697773,0.0,1.0
-0.5479917084040181,-0.5227889547740437,-1.167001839326372,0.23762259582139905,-0.04889310438367405,-0.634418599777074,0.0,0.0
-1.2721854488371427,0.9391951114705431,-0.9586102057041296,-1.0417095149061806,-0.4809044913907421,-0.6922414938945094,0.0,0.0
-1.0238039302724933,-1.0185587416894721,-0.028678379271882604,-0.1688344082925591,0.5872503649730062,-0.681165167260891,0.0,1.0
1.3982830766850458,2.0029643619547377,0.06562394677424531,-1.874891300212207,-0.09096298096111524,1.981625357298993,0.0,1.0
-2.031152707871535,-0.9007888666710985,-0.13306235827988944,0.44102961443452987,-0.43413495405722835,-0.7084447366787778,1.0,0.0
1.4463924839236153,-0.6942395608172762,1.057288598186033,0.9322269487715423,-0.6828748872975703,2.22610582219018,0.0,1.0
1.228802223416865,1.0682238372590032,1.1234154219414836,0.7861425131821704,1.3692153541646177,1.2639896649270725,0.0,1.0
1.0562062023600496,1.3397701849493902,1.4946917592960949,-1.1365302257398486,-1.607793060203393,0.7334488382173171,0.0,1.0
-0.28606309446542705,0.8466985328146652,-1.1467538432048372,-0.7723697839036519,0.12433935745803923,-0.586714832699318,0.0,0.0
-0.8525188829244834,0.9175332272431953,1.1852504344000128,0.11987517668971001,1.2284580094908961,-0.6686195750169021,0.0,1.0
0.12574908076115246,-0.3068599251174315,0.02547481300347842,0.6556921928298737,0.895571633497339,-0.4475279753064458,1.0,1.0
-0.32186117018137567,0.27066845530840145,-1.367648185010003,-0.8313699629376368,-0.08117697346841872,-0.597505717586219,0.0,0.0
1.249027265218848,-0.3268584626175076,-0.1338131071040864,-0.158231755215126,-0.9173218367881675,1.3404529183830838,0.0,1.0
0.9187749358273283,-0.09947891298296599,-0.6764578479190904,0.14172656425665406,0.1339690018152238,0.409134906335652,0.0,1.0
1.237683342116455,1.2063311497319473,0.9741280255693949,-1.4754436352034817,-1.0249350310289527,1.2973768525790075,0.0,1.0
0.5430836875570793,-1.0992736144674908,0.7192206295256252,0.07133073394832902,-0.25643423007505445,-0.1445107722095939,0.0,1.0
-0.7132583036565626,-0.34306012070274766,0.692104153991058,0.7665911753178049,1.2172020989562298,-0.657516402192169,0.0,1.0
0.12074284419067759,0.3830785670198075,-1.1264939911494134,-0.5551914171061737,-0.14419063863145237,-0.4497086770129734,0.0,0.0
-1.208715593299001,-0.7269384720121198,0.32822438163641093,0.8444722016183682,0.16511992495511146,-0.6917444700886437,0.0,1.0
-0.18539823411638623,0.9396904673840644,0.7906222924558023,1.0098237400788066,0.16686979738752009,-0.5617365328532578,0.0,1.0
0.7233332366102382,-0.46455526334084946,-0.9194893664806306,-0.3924111761757657,1.0993703609315255,0.07480241078892821,0.0,0.0
0.06953330037031989,0.9655301528375806,1.7165449009068199,-2.5025493245655173,0.7099472602423625,-0.4758605874716222,0.0,1.0
-0.14748262096197876,-0.47721736798352044,-0.8321986582879294,0.14650342892984092,0.048150181752856784,-0.5514175054682072,0.0,0.0
-2.0502379391438232,0.23251518682063646,0.26008159454592117,0.9561163223296596,-0.07167082643678757,-0.7076153723516694,0.0,1.0
0.574269827639359,-0.15628454183669394,-0.6648356530645231,-0.6163227341032225,-0.005837524384945387,-0.11256740289589225,0.0,0.0
-1.5603793742970944,-1.4158342861488749,0.7326613827795266,0.24110956875610545,-0.534880021582273,-0.7031769199942046,0.0,1.0
0.20429953326775868,-0.4625385020330238,-0.010336717577119379,0.22103595862733919,0.317861493228908,-0.40740979729026916,0.0,1.0
-0.031354887019978364,-0.43801293993560847,0.4831101600851977,0.4446232184146278,0.6734990663661174,-0.5178430882177619,0.0,1.0
-1.8017965476185656,0.49825431185841795,0.6504456734422821,-0.855559546162402,0.9184438824110259,-0.7099191984051776,0.0,0.0
0.8738898499321627,-0.05025323967731306,-1.4978216616264424,0.3904901451018385,-0.2573586218053221,0.3224313192721722,0.0,0.0
-0.3097456425229663,0.6752723874414271,0.4944392664429045,1.2548364066213877,1.454084575026905,-0.5951294442499998,0.0,1.0
-0.03844212065928019,-0.19626970896551654,-0.4662482889178842,-0.269806938185162,-0.55818659211743,-0.5144797511689202,0.0,1.0
0.6287644915445509,0.05900327145569981,-1.0029129163996364,-0.22380109100216813,-0.9311740854731071,-0.0460692928186232,0.0,1.0
-1.2020610186649816,-0.6685074445739337,-1.062528490133157,-0.733413472317212,1.3343189047223192,-0.6890276938838714,0.0,0.0
1.11638952262674,-0.24383666154617406,-0.7506654463547963,-0.4715906236944728,-0.15460083358569973,0.8999316196980117,0.0,0.0
0.518201975960895,-1.6384969569765426,0.6791504809740283,1.4870303538073841,0.32757002887724246,-0.16803021325819592,0.0,1.0
0.9881080961779284,-0.13191302947929853,-0.9720161869585513,0.10632747114963594,-0.2801126316859773,0.5647469630387905,0.0,1.0
0.4982679590639975,0.27742630634387005,-1.4651192652670757,-0.513188538329958,-0.9306364289726051,-0.18861186765412913,0.0,0.0
-1.2857113280026884,-0.20255693117582768,-0.2632450669708182,0.18423246606279725,0.9104843777883166,-0.6946287174773021,0.0,0.0
-1.9255735588467318,1.0379790475428128,-0.9682183791326735,-1.11695406016268,-1.378049062356132,-0.7097301437589238,0.0,0.0
-0.32941970624503675,-0.08322184206599309,-0.3029154108873398,-0.12163569930219316,-1.810582524929392,-0.5977417956740867,0.0,1.0
-0.8680004856265943,-0.6889033952162914,0.5775710673943981,0.1123773567446175,0.18176743597502973,-0.670782718041749,0.0,1.0
-1.30485839607005,-0.6551375251570123,-0.47989979379746645,0.2293508538233075,0.28480726919156735,-0.6970518642245556,0.0,0.0
-1.0659033095939614,-0.5150290473082012,-0.8738679444067444,-0.11962878376895124,-0.39356858513941945,-0.6852347868413509,0.0,0.0
-2.4675252683941107,-0.4829410069638294,0.5019275464987447,0.791704968390204,-0.9797306988583137,-0.713291997885808,0.0,0.0
0.5114944354957965,-1.3918874066740632,0.29142186039676843,1.340144232927057,0.1658553596215397,-0.1761979270494519,0.0,1.0
-1.200118096752105,-1.1783542063349748,0.6696274327978022,0.3327774818163177,-1.0064982647847527,-0.688547858052735,0.0,1.0
1.165203181849316,1.594137856929106,-1.910636442625214,-1.5360241313459033,2.2105823531446456,1.0509553928117463,0.0,0.0
-0.2580331509444984,0.15254749085477318,-1.3271080321464392,-0.8487590279387914,-0.02109768116534792,-0.5799526326591095,0.0,0.0
-0.9341127109768304,-0.28303035678483895,0.2182925396116958,1.6031620121601933,1.9356207035421822,-0.6749666534797314,0.0,0.0
0.43096698257392274,-0.345546502715876,0.44953454535375037,0.31450557533659507,-0.17303703585012106,-0.25192196404449724,0.0,1.0
1.1489861242866166,-0.7294352492032902,0.7884537413986028,1.4568492120252894,-2.4088537703383164,0.9952114522952419,0.0,1.0
-0.06086548692334521,-0.019459531659808457,-0.2127657399115171,-0.2366938500367335,0.5600490106912601,-0.5221565151741157,0.0,0.0
0.17520632014178542,-0.5150585094299386,-1.4010187759180663,-0.5540713811434581,-1.4166009217943378,-0.4263617342769642,0.0,0.0
-0.1631064136440511,1.0264409618790613,0.15183336796986305,0.19852070646455808,-0.548047934549847,-0.5570132128162679,0.0,0.0
-0.814881797484626,-0.12036186903477868,0.4034138833441422,1.2772461216965638,1.340635817484015,-0.6635293748293517,0.0,0.0
0.5836695809271768,-0.20949468921253697,-0.8827525855091063,-1.3504618442994463,-0.601946763464877,-0.10569339671894304,0.0,0.0
0.0769617684934096,-0.7339112906670207,-0.1902379763496877,0.2703209550157192,0.6895834406378388,-0.4728120160964725,0.0,1.0
-1.285250818893178,-0.673925446516978,0.1539975366680249,0.8740788952560529,-0.26675995170471706,-0.6945521201794626,0.0,1.0
-2.1182764434055628,1.0708733753834245,-1.3034402119164294,-1.8363005261026697,1.0285008623500234,-0.7077126158109635,0.0,0.0
0.1534173204664399,-0.9763032868055247,0.30987288068223495,1.0098704087922368,-0.28294150089224995,-0.43379484437823373,0.0,1.0
0.012353411593028758,-0.5172571907767874,-0.734305097116631,-0.573252926715021,-0.8528448983984952,-0.497974620830037,0.0,0.0
-0.5130990499442989,-0.8998776741415565,-1.3226256991568566,-0.15658370068011987,-0.25987802511141433,-0.629599927331239,0.0,0.0
0.7265226909503093,2.585304898539186,0.7648943535091308,-0.8083999575636125,-2.2944485229548923,0.08083631460123636,0.0,1.0
-0.06056538672327825,1.2218449240041767,0.6959424161276796,1.1729021069555412,0.0015723574701124088,-0.5251436885838705,0.0,1.0
-1.2157336822076963,-1.2366275604256818,0.8868211591997365,0.7258650585229202,-0.9886407115608985,-0.6903531340943844,0.0,1.0
1.0708725224472049,1.850335496861259,0.821203463353051,-1.9741731090388044,0.21055812990950468,0.7702391240508025,0.0,1.0
0.2406083143086217,0.009942822520896523,-0.3889211562658603,0.1923381909582316,-0.5753146840156238,-0.3830250529353585,0.0,1.0
1.0417921227587141,1.1773669888850027,-1.7420790204736314,-1.562918706711877,-0.003345751722741349,0.691064550824916,0.0,0.0
-0.16337793879597037,-0.7511994633908456,-0.7637563387018413,0.26476831762313385,0.6929711235545647,-0.5562363816309578,0.0,1.0
-0.4281043782960849,-1.1060459681286765,-1.4370398209568396,0.3168557035411432,0.2874453999470707,-0.6185679467224596,0.0,0.0
-0.8672948344229552,1.1404233701371604,-1.188942496576443,-1.0832888060787653,0.038896093523807566,-0.6709997284929301,0.0,0.0
-1.1510085237432222,-0.6578953519356662,0.17610438754689278,1.4494149052677223,2.2682577722332886,-0.6847981479021025,0.0,0.0
0.4951815662119467,1.7343090067569853,-1.2789618806885765,-1.3787720347762389,2.187528426266427,-0.1927759244092342,0.0,0.0
-0.3145158474307337,0.9987768441018432,-1.572203836447948,-0.877298142516394,-0.7398919483523965,-0.5925119279366408,0.0,0.0
-0.17062681474307254,-1.045672265546708,-0.2849115013171346,0.9949528019421825,-0.5598359126128759,-0.5577946458588626,0.0,1.0
-0.37319862721677083,-0.6928280878162072,-1.267325240765313,-0.8904104690416271,1.4858628706694046,-0.6086701246755427,0.0,0.0
-0.4505044634845196,0.7562770847578442,-1.2598013800992514,-1.125634601717259,0.9078742758303641,-0.61974034747667,0.0,0.0
0.2568316122976498,0.4843795873559596,0.7676555505716343,1.0823232671627214,0.35137342608010924,-0.3749065184310252,0.0,1.0
-0.029752181798961344,-0.2946960847708546,0.5461513525645914,0.5826354681550209,0.4382668137591854,-0.5150540391690586,0.0,1.0
-0.6983374735061398,1.0375745700682268,-2.2381957146736453,-0.619644368296295,1.3261849865742268,-0.6532575726765403,0.0,0.0
-0.7457592644863787,-0.6104951123963719,0.9370399768421123,1.242374148106316,-2.5137612475346915,-0.6612460819215868,0.0,1.0
-0.9560105743992091,-0.16154863949940407,0.5835477559902053,0.12231022905985554,-0.90386903939711,-0.6767572205786149,0.0,1.0
0.05862354365120625,1.6453290180244171,1.1875582694660487,-1.9115524883300132,-0.5155631994018253,-0.4774524358700111,0.0,1.0
-0.37816204185877167,-0.6670596732384799,-1.1201096470309229,-1.639654085104015,1.1474585564622397,-0.6057235984903928,0.0,0.0
-0.8474760687731017,-1.4864782085929433,1.3078051867994536,0.6700284747811874,-0.560853042945307,-0.666162224117636,0.0,1.0
0.012668799168137445,0.8893139081558257,-1.6565706528072657,-0.6359258847380389,-0.7714887297408844,-0.5003472429029517,0.0,0.0
-1.6351909823790742,-0.5897987814489222,0.5342066148298423,0.5234506971187813,-0.22857954651307782,-0.7049303428037296,0.0,1.0
0.8757452844458625,-0.6928667550460608,-0.26726441442157,-0.030499583308216102,0.2734316743249618,0.3251885861072908,0.0,1.0
-1.1853052795318293,-0.2527810320529293,0.022426490438027583,-0.06529284016469694,0.337522316166326,-0.6897115913794507,0.0,0.0
-0.6903003832486914,-0.41181465585956284,-0.6857227826813292,1.3743987427773217,1.577145027302231,-0.6540758854122998,0.0,0.0
-0.8761009780414067,-0.7685139242710319,0.9844248640483279,0.759696825014025,0.8919439348307905,-0.6731767768458479,0.0,1.0
0.4944492060099618,-0.3814459581721264,-0.24764003876341922,-0.00796111313994053,0.01813087638292098,-0.19709098134239195,0.0,1.0
1.4844810834919748,0.8367043765888833,-1.4065964787206906,-1.6971763012871999,-1.0136357116168406,2.4384017030705563,0.0,0.0
1.429326378037409,-0.611604507177703,-0.6551638384794481,0.409026445442761,0.1611001421218802,2.1410485284052454,0.0,1.0
1.5602468950871657,1.1017284029620023,-2.4165731287127534,-1.3744006123632104,0.320220831905799,2.9037301668971125,0.0,0.0
0.6332475167437543,1.1866607972392456,0.7703994979815846,0.9395093513765685,1.800544299100358,-0.04188512892225902,0.0,1.0
-1.65845332744011,-0.44136960898778427,-0.1812369286858001,-0.5477117736267347,-1.1561540067850162,-0.7020408839611009,0.0,0.0
0.731057509060397,1.0200683589242623,1.797864927872656,0.7299891776819847,-0.5077131523674373,0.0864709382610511,0.0,1.0
1.5398902608707792,1.6725681905487266,0.28981443324772455,2.018190613671156,0.7797363300142933,2.768557301045031,0.0,1.0
0.7954113059322001,-0.6857758017309248,-1.0663051406794848,-0.4330193337617046,1.4703113004664605,0.18675580912092485,0.0,0.0
1.3731072288549282,2.0132717193717378,-2.284732345964974,-1.7252628404085348,2.25922934970309,1.8597168601173466,0.0,0.0
0.38641279864144723,2.2657879523305122,0.36525989943324827,-1.9617896815024356,-0.27410995702768737,-0.2881675005963643,0.0,1.0
1.077911300960609,1.8704749064496555,-2.186304567381329,-1.3167686935152156,1.5473813333841149,0.7917741910145534,0.0,0.0
-0.08312100218500997,0.7499686258065711,1.3560963543061515,0.5643386446508414,0.22031753340562266,-0.5324178701412283,0.0,1.0
1.150832237270961,-0.12411558376770587,-0.8385596328503387,-0.10186555997878842,-1.5109105577728499,1.007552078910188,0.0,1.0
0.9613698435633165,-0.3524640104033658,-0.6653477767325852,0.2020687660845504,-0.4269808790661818,0.5034918525268782,0.0,1.0
0.8087198594970084,-1.598920827561744,0.06860910520348114,0.936474953056062,-0.6977198432302262,0.20720187365071793,0.0,1.0
-0.13976934113961206,0.07969295560082912,-1.4194861113120871,-0.7748107880138145,-0.7209993216602937,-0.5487760858828656,0.0,0.0
1.1841629829022344,-1.065909077599887,1.1403888653716783,0.9140501738299518,-0.8997773871745613,1.1111415434175307,0.0,1.0
-1.6872565581338153,-0.7363744091017745,-0.31642614479880565,0.6442919943618228,0.6746369555631341,-0.70441538051002,0.0,0.0
0.4056314094404203,-0.49606670084624127,-0.16227151938346965,0.32542971621041406,0.24826601864752787,-0.27246911888251185,0.0,1.0
1.0510031369463912,0.9081109959973687,2.158788110540624,-0.24293896537609178,1.5728603388763356,0.7170285145060965,0.0,1.0
0.22690732403791097,1.2335809617638345,0.31303178443112084,1.340246517906886,0.5934639632309904,-0.3937772922095962,0.0,1.0
1.291442754810354,0.6904697844730022,1.9878060848116177,-2.1495422946493825,0.7390516747647542,1.5070929817204555,0.0,1.0
0.6320559753009352,-0.6136180252563589,-0.10848270893773974,0.34743503571423173,0.22315439349890542,-0.04605724433410007,0.0,0.0
-0.3841485671576465,0.11710310174737938,0.10060031419231219,-0.03847247186681035,-1.0889861312151492,-0.6089517139176651,0.0,0.0
-1.317722802886985,0.40926129122047833,-0.5096788146044289,-0.9742604145173139,0.7982174157589295,-0.6928238574373797,0.0,0.0
-1.3666292305835672,1.0133813519011463,-0.9791726698829747,-1.0954761600316558,0.07098629038058472,-0.6971161412893934,0.0,0.0
-1.6783450511440494,-1.7067204111832464,1.1652825040303236,-0.15046912215599945,0.11661878299498195,-0.7055543874127176,0.0,1.0
0.5732783134698036,-1.014243365344386,0.9796449925009942,1.1945591812873206,0.0452099201028099,-0.11078192916204609,0.0,1.0
-0.9096562733976359,-0.8328463211874094,0.2720379231088456,0.6561681068236163,-0.5109032497771687,-0.6735900391784386,0.0,1.0
-0.8032398323227885,0.8753915675507992,-1.0552562370380505,-1.0146252733529004,0.33135582193125523,-0.6640220481894786,0.0,0.0
0.23076786794278686,1.0126110324835396,0.3773259386393938,1.5897759623655654,0.3619203671770241,-0.39339787936550313,0.0,1.0
-0.5579309768478078,0.08364933081805985,0.7369104802965164,0.902273213132211,0.7978578314489927,-0.6397016396263145,0.0,0.0
-0.6019079417639407,1.044431534486846,-1.4931360695611948,-0.927248857601396,-1.1793736209028376,-0.6423256430617598,0.0,0.0
0.6883545895603219,-0.485945809926533,-0.44903469850411337,0.10276999398223952,0.5276227343043246,0.02933479411138451,0.0,1.0
-0.42454211533706526,0.30792968656121467,-0.9098945772454998,-0.9736172306139294,1.017253491401268,-0.6164071979980543,0.0,0.0
0.1550657398154361,0.025179685574655133,-0.5594772545667659,0.02636170657791947,-0.27144322552178807,-0.43283798205298224,0.0,0.0
-0.9933031947401975,-0.46240270701790487,-0.4336437742636345,-1.4491064390707613,-0.5381852635294555,-0.6794853290625698,0.0,1.0
-0.6901869958902986,-0.7619626986654069,-0.8705832761567726,-0.8957806862674139,0.890546331560771,-0.6550521117223446,0.0,0.0
-0.9959171001543696,-0.6864651937197811,-0.3230010012651049,-0.16810509186604544,-1.0577907006665792,-0.6756248789191888,0.0,0.0
0.5514042856199833,0.12578286812163886,-0.9734735565545758,-0.5245694109528647,0.22950875305681429,-0.13610666050311962,0.0,0.0
0.8317660191766596,0.13489982962971897,-0.4057869746822326,-0.19017327618401322,0.004500506999346466,0.24549621756367698,0.0,1.0
1.2995411911996668,-0.3406214101554477,0.8257502865703846,1.766505154350651,-1.9180702481055187,1.5401342749141465,0.0,1.0
0.4791397920483948,-0.19670714460924632,-0.6534318559904843,-1.2151435274079563,-0.2126778254117784,-0.20919828735650742,0.0,0.0
0.14852016733772078,-0.44170151346319997,-0.29917216452265083,-0.4456189595293082,-0.26985329904431415,-0.4374105636082052,0.0,1.0
1.0811997856409046,0.6764524368285117,1.9195434912755671,-2.2409296885874017,0.7354592287545892,0.7983038525931372,0.0,1.0
0.4755886963905415,1.1030176807392404,1.1045931661854178,0.8273511705949562,0.9196742859669195,-0.21361130490281457,0.0,1.0
1.0481927940043931,1.673061108903725,0.937150035757993,-1.3393215767270763,-1.2602019975997938,0.7106973891106044,0.0,1.0
-0.0494275631340547,0.0014267848590283066,-0.0945538893672624,0.14868122277656404,-0.51064665313615,-0.5186565601099418,0.0,1.0
-0.35620913963406364,-0.15253945291687168,-0.7364166731474378,-0.734668168280651,1.2470993198165141,-0.6027250886457933,0.0,0.0
-0.5472784102404038,-0.18292383763077652,-0.6822398787615365,-0.49773991662683037,-1.377854557546992,-0.636517004053105,0.0,0.0
0.16813742964996603,-0.081846502013087,-0.6669173421357457,-0.14236308626091307,-0.14066383746243516,-0.427795655422065,0.0,1.0
0.8221916018482504,1.6786425732470107,-1.6913064114216951,-1.3975810524502352,2.5215652956961376,0.23132232496316912,0.0,0.0
1.626586328000761,1.0852750958141566,1.7839712067822444,-1.991563280016118,0.7172942270801194,3.368536962364516,0.0,1.0
0.8587459610874317,2.2929378460828893,0.49837457410352104,-1.2738569866308829,-1.4326472361354186,0.2971213052158356,0.0,1.0
0.5640167269239975,-0.5196691587576007,-0.7612452710168744,0.21360228237418458,0.45077015504091966,-0.12530594922642527,0.0,1.0
-0.9413257889899183,-1.2610919574309267,0.33061765059157955,0.7598327446156057,-0.6437215489730507,-0.6764173165359687,0.0,1.0
1.6587122990198682,1.1469327456549998,0.8725145287032187,-1.259990408904575,-1.3076004860073602,3.608942614613896,0.0,1.0
1.464377348742754,1.2085146489675531,1.385153881950813,-1.4132271458784387,-0.8390423503098342,2.3232546556745772,0.0,1.0
0.6051840501523928,0.35121615078396595,2.0818392308702567,-0.189130303709066,0.954810200693199,-0.07743929758638568,0.0,0.0
-1.961358395930815,0.4116480448655195,0.6358737601235658,0.5632480118142588,-0.11810600435201789,-0.7096803573520186,0.0,0.0
-0.6067041630275837,0.09898042215504599,-0.3546252000907432,-1.0128161109013625,1.233838436422124,-0.6443185629997388,0.0,0.0
0.8817541343175008,0.5289536410528933,-1.1124089079139705,0.011639457939688168,-0.6126154308303468,0.3393205644841547,0.0,0.0
-1.122211586454944,-1.5475988447132827,1.1392983714199483,0.2900328358175673,1.3072616590988273,-0.6868231419345594,0.0,1.0
0.3018485387849948,-0.0732628011099022,-1.105132417600204,-0.0034043456296261707,-0.8116625044588942,-0.34682750035177073,0.0,1.0
-0.1967819339866646,-0.33895941919801453,-0.5831286366093352,0.22983989721018308,-0.6228493258439762,-0.5669520120488016,0.0,1.0
-0.7476550479439283,1.4946391989268561,-0.9579467649186618,-0.6234946980903916,-1.0786785241302737,-0.6585263143254824,0.0,0.0
0.17870817056838303,-0.17675614484467872,-0.9009812614204146,-1.2967874909345962,1.5197171616219178,-0.42308042125320433,0.0,0.0
-2.1556353907801578,0.9423845447232894,0.9452969538743609,0.1334689387541611,-0.4848462027706923,-0.7101371243736192,0.0,0.0
0.6766189095502225,1.0312987760368846,1.3633022745934535,0.7984673025560198,0.7516309283570859,0.012519723689920452,0.0,1.0
-0.009366742506333386,-0.3326743390262234,-1.2786956299265644,-2.1241220219358428,1.8339637410429597,-0.5060346347147673,0.0,0.0
1.1060509981982096,-0.5369621988943286,-1.3678021864624201,-0.676322807244092,1.509242161505449,0.866899386740593,0.0,0.0
-0.4636261195941821,0.16829600066389963,-0.36313715216121484,-1.017157154214761,0.7980018652990316,-0.6203830691078255,0.0,0.0
-0.12025637031887743,1.1264273438837753,-1.1844839573641204,-0.6918678213987782,-0.001795403847359347,-0.5433895513302637,0.0,0.0
-1.2562589895114595,-1.1984583835909952,0.7121476293502713,0.6422814989336404,-0.2220806301777538,-0.6956757619161007,0.0,1.0
1.6369642625084893,0.7871866411302698,1.5479887513760422,0.8298831049848174,0.39874472336062455,3.4448524930765365,0.0,1.0
-0.7431103313587735,-0.48990176425524384,-0.17123966395122936,-0.08443216968372066,-0.6415325567376793,-0.6600484096119497,0.0,0.0
-0.47680054649828973,0.2740448171662847,0.28681845261999156,-0.22640275243556057,-0.842695083562425,-0.6238142449383319,0.0,0.0
0.12416253735562363,-0.07479195797353021,-0.9017244341149471,0.03262591890219841,-0.6367602589294352,-0.44928343598153575,0.0,1.0
-1.2126752495834319,1.22279371091027,-1.1858348210776184,-1.1617647042062749,-0.8301552953282956,-0.6924022781729811,0.0,0.0
0.9266510429471283,1.4002719987618577,-2.3001787114167445,-1.3387333105381427,0.910698741787713,0.4305368176038195,0.0,0.0
-0.7192523065445591,-0.8806554844643577,0.7958863323043088,0.6047273416998572,-0.07108598490873679,-0.6591963243513723,0.0,1.0
0.5674168649713862,2.2188278274623694,0.880829742706341,-1.191915376912113,-1.6520557483877945,-0.12118095790071412,0.0,1.0
-1.597978039988067,-0.9256286865776792,-0.7285813737280468,0.19259666772988338,0.11968875364177854,-0.7040887845533217,0.0,0.0
-0.48779936416924996,-0.36507273849115196,0.2202261411904447,0.665940785340601,0.39586533241405014,-0.62595103437094,0.0,0.0
1.5381733105856308,1.4534047664011225,-1.7205857487116696,-1.8045648842557829,1.3762343861030697,2.762571414833158,0.0,0.0
0.24790375106542925,-0.967138357645407,1.8207488477168474,1.5788090196652365,-0.04245574188037079,-0.38254946957927377,0.0,1.0
0.9703985619235277,-1.1535476246589407,0.7782953356197415,0.3358565077450607,0.6925362776268288,0.5210762981982177,0.0,1.0
0.5217155676232347,-1.5616797927591106,0.594934641146242,1.3435180988898472,-0.597151548489215,-0.1686319787299923,0.0,1.0
0.7211122534973473,-1.0866564525474662,0.7888914684231857,0.6530382806963247,-0.16693307342831804,0.07271954388389883,0.0,1.0
0.8946189433039099,-0.258253541762573,-0.5660114756584674,-0.20001169036004635,-0.6297259331942404,0.36410056362873405,0.0,0.0
-0.6587400724696237,-0.2691200371799578,-0.19431932002067884,0.0649026640475835,-0.6340920048658027,-0.6462427011273983,0.0,1.0
-1.7606262819766492,-0.3289781959036996,0.019173239655315318,-0.04373997805288858,-0.9736675802327758,-0.7060272069319986,0.0,0.0
1.0318859802378977,0.012322972483543816,-1.449015672252994,-0.21518053730463568,-1.2553349623066643,0.6686071608199529,0.0,1.0
-1.1172481941854224,-0.006272357791487915,0.4349013337290961,0.456783317757575,0.8064135136125083,-0.6841998355601342,0.0,0.0
0.14235886334097037,-0.7038814442727261,-0.6556883707608605,-0.1925273968013893,-0.37242281311382636,-0.4390319536197859,0.0,1.0
-0.11160623058262298,-0.5094917865352071,-0.5961394919876313,-0.4704116843006564,0.07488028993361527,-0.5405015545942665,0.0,1.0
1.4628179071669762,1.0968631458184823,1.7090055194240983,1.0261216191344247,-0.06668849217077144,2.315506803481581,0.0,1.0
1.0190443600667851,1.9738383323248538,0.33477133521639346,-2.1045805730843683,0.3149424884699638,0.6392302551605887,0.0,1.0
0.5729300154046718,0.8424041913365005,1.310159101472435,0.9426497534090955,0.09118510850385295,-0.11297276200065226,0.0,1.0
0.19294620923106845,0.15079434455434462,-0.5455730042180977,-0.7433722795271058,-0.19535554668947636,-0.41384811720209125,0.0,0.0
1.384652004157412,-1.3099254909202958,0.4239599652988764,0.5995324847788107,0.5982082573275979,1.916934469069259,0.0,1.0
-1.6175662281025813,0.6964021797727841,-1.3395073309707592,-1.1219628257244494,-1.2271384281021296,-0.6994932888502168,0.0,0.0
-0.3876079380121064,-0.6514129884714872,-1.1022203791877418,-1.480875771698498,1.0874153624237797,-0.6125868374095793,0.0,0.0
0.5890818845251878,-0.40301687037828066,-0.8772916444432723,-0.10563759341316831,-0.7490918624715464,-0.09309307994818929,0.0,1.0
-0.32321144529234824,-0.40783190908481426,-0.15693896555968054,0.891461846604193,0.7560882274528002,-0.5968372383910825,0.0,1.0
0.5271366334402433,0.7791109624777633,1.4889297204514857,0.6807529932531913,0.19658009269806204,-0.16063901269667227,0.0,1.0
1.2778740841667653,-1.00776209426455,1.0641199060426667,0.9577444418971178,-2.0900175272204167,1.4523472810190041,0.0,1.0
-0.2565633745224867,0.33119650229992803,-0.9664331553730316,-0.02684349162483006,-0.6962409945778215,-0.5816593672465218,0.0,1.0
0.39079554745973033,-0.43939319644804786,-0.9706295973001405,-1.0819047770494843,0.23750645310884563,-0.2821590476920898,0.0,0.0
1.3672552351099545,-0.7645470046967744,0.5627497834394203,0.3902000440208558,-0.15384034818520714,1.8350033170559965,0.0,1.0
1.0886906911100795,-0.9740077450567947,0.7753433894540374,1.9459427916965633,-1.8612735582279267,0.8202753726263601,0.0,1.0
-1.9710538934758162,1.3878149757252076,-1.4685853868908598,-1.7779711340219437,0.1576841851790953,-0.7080405555155441,0.0,0.0
-1.0737688690523643,0.7896697002300448,-0.5344234437336066,-0.777693524041973,-1.2275396218552783,-0.685571898180558,0.0,0.0
1.5811737274873683,-0.9227499635818867,0.667146546138683,-0.5935376785059566,0.02481604031788383,3.042976269978975,0.0,1.0
-0.45579000856268304,-0.27013169295153794,-0.38371065951888594,-0.46998074242283666,-0.8214083289987834,-0.6167141992267642,0.0,0.0
-1.5879902302812896,-0.25150274732887706,-0.6094286889271977,-1.0392108452878819,1.776129307522046,-0.7014461216314506,0.0,0.0
0.4697130295056058,-0.565013737298816,-0.11741252988857341,0.15320340861524193,-0.27394769406940483,-0.21572840992497053,0.0,1.0
-0.9033600946208635,-1.1669380361392316,0.1802061848264317,0.7734756428141025,-1.042220522656501,-0.677044990606128,0.0,1.0
0.9233290638143532,2.068646727964185,-2.6090694807645134,-1.2862785640996295,2.1560081964661286,0.4216781907560556,0.0,0.0
0.44508821673780824,1.4870742864508368,-1.5706100838500934,-1.1827500446492216,0.6474282334691236,-0.2394511239513008,0.0,0.0
0.02853105423003799,-0.4020647711113763,-0.2084829568505323,0.11813992761932549,0.8065698015790743,-0.4899823266892157,0.0,1.0
-0.5205960382193112,-0.9685919231590532,-0.9545267691650687,0.10544935531389733,0.09097236223604475,-0.6334519440766262,0.0,0.0
1.24738719515806,-0.9223988435550978,0.9022645873859791,1.674298628679375,-0.9902029568919155,1.3341940538265509,0.0,1.0
1.090858531939167,1.9424241987708293,0.8879442587280522,-0.8108112711291207,-2.235624107428366,0.8257307362959742,0.0,1.0
0.22017532557128017,-0.054324249895669516,-1.3104324750562493,0.06078040791425728,-0.9109328095579652,-0.39887052286870384,0.0,1.0
0.801231605545885,1.3029598613269755,1.5716938998607122,-1.919792222248456,-0.01640352014031373,0.19670911252822704,0.0,1.0
0.7187876305016673,1.5114231478233746,2.256342926349071,-2.138719934628671,0.867715116302907,0.06736137530102004,0.0,1.0
0.18762018471179018,-0.05546859610367096,-0.7913778392539209,0.10877102586074848,-1.0991915573224877,-0.4194000650699637,0.0,1.0
-1.8899629535395635,-0.6519175307689388,-0.33904849171879853,0.46490238358110786,0.7714117135817793,-0.707513310358682,0.0,0.0
1.262550422207596,-1.2242641442742228,0.286177192510965,0.7050068644730874,-2.0107418942091306,1.390799843274254,0.0,1.0
-1.1247241567356545,-0.3487167325380175,-0.6746161107426798,0.02346483457254438,-0.331158140146116,-0.6894104472395676,0.0,0.0
-0.3781925254335163,1.8080703655678376,-1.5849618275658965,-0.9571781643888938,-0.21263175302983656,-0.6084147857538236,0.0,0.0
-1.1101061884668744,-0.6586057811852845,-0.3960015663673697,0.7785900676339437,0.7899859617237244,-0.6881113724930517,0.0,0.0
0.4313465261561909,-0.22101715628299035,0.47724574266889,1.0081942178535217,1.7788401210208402,-0.24618141718121628,0.0,0.0
-1.0393087370043455,-0.42922697937509874,0.005953337833087273,-0.2437772789684598,-1.5958717894631869,-0.6799520407359979,0.0,0.0
1.0648389591227265,-1.5038591765935663,1.19888424057086,1.5888155574201803,-1.7600240944045797,0.7523243328236283,0.0,1.0
1.6647484312409877,1.7071764778461485,-2.1842552982749566,-1.5574342380585025,1.2253468690136107,3.661417428375138,0.0,0.0
0.9341312654915427,-0.46502733266498175,-0.959234009354031,0.2987346284828349,-0.1379883709727414,0.4445067120540287,0.0,1.0
1.3901639397206107,1.3633799885347753,-1.5922335165759924,-1.6162605719109806,1.3693007439360272,1.9421902943256362,0.0,0.0
-1.010415120840287,0.8830695384853695,-1.2702483632383514,-0.9843171458870198,-0.6695338457475438,-0.6808252874133026,0.0,0.0
0.4724062745763865,2.010883963352086,1.2477959038828634,-0.982314590646335,-2.1425966301685686,-0.21481605831622805,0.0,1.0
-0.4255967413683628,-0.5713083329515363,-1.0560967033602109,-0.9616128562499842,0.16887421784849774,-0.6155648507803354,0.0,0.0
0.18129675492470448,-0.3408958154548488,-0.17405040835230343,0.5338330742224054,0.5474866362311511,-0.42008959499297294,0.0,0.0
0.831533297494006,-0.7170796210186309,0.7061353902039477,1.7066037290382843,-0.9554826079453708,0.24729087137299147,0.0,1.0
0.9171698294091679,0.8599637140421715,1.1068201956164372,0.7422629315629687,1.4034492019036087,0.41151223919997665,0.0,1.0
-1.2376617318825518,-0.1119560182368842,0.3915367872473644,1.6654298347442564,1.723269558538252,-0.6945742489996259,0.0,0.0
0.050204752050468086,0.6685596623873246,-1.3199002646999018,-0.6778906635669987,0.1778460506346211,-0.4812886202392109,0.0,0.0
-0.5328230071496587,-0.7591462650840572,0.6516929059910994,0.5636433922717378,-0.18120127103741157,-0.6329327970498991,0.0,1.0
-1.1248248188811565,-0.10934165733591482,-0.08242764317071909,0.40694608499641516,0.7343821487855748,-0.6873175369592488,0.0,0.0
-2.3705956171548475,0.44986334978982967,0.011909604101451497,-0.9148185228573625,-1.3710389580314155,-0.7110415927666678,0.0,0.0
-0.24350640017787087,-0.9506930681513068,-0.07327826088183383,0.3555210886487512,0.18258120255183347,-0.577461081867446,0.0,1.0
-1.292274079998802,-1.2499514924133246,0.44947217403117795,0.4477079109526188,-1.4649360282097375,-0.6924345503447235,0.0,1.0
0.8373413495159435,1.5319880361535592,1.3487928568040286,-2.2614769217210173,0.7261219843634341,0.257230728987836,0.0,1.0
1.0034736198213112,1.152338248478263,-1.5920163575918933,-1.630229948170269,0.5773567311929163,0.6037797330706048,0.0,1.0
1.2179234111422705,1.8191863091281661,-2.0621224440390726,-1.3756832978435105,1.2754272368012571,1.2257769174646334,0.0,0.0
1.0075236019793283,1.3839957351582712,1.7904293651180576,0.1482292300962133,1.4844105658460747,0.6094517023328347,0.0,1.0
-1.8598327721310135,-1.1588714265064415,0.23900774655828705,0.547535273980419,-2.1994620313904014,-0.7089408127951913,0.0,1.0
0.6031830614522037,-0.500808236455277,-0.5639628793513791,0.0817545389345749,1.2968738745722104,-0.07726539072274737,0.0,1.0
0.6577488304844761,-1.3749605980297044,0.7548263720996844,0.29596056444316005,-0.5675452334443616,-0.014545994663803852,0.0,1.0
0.33840638764162245,0.9993591048186702,1.069711508003648,0.8528494916558134,0.6940880102510365,-0.32318215857339394,0.0,1.0
0.5256227000476059,0.4883054812181692,-0.5539473525268336,0.5783770594291081,0.1428163731745963,-0.160697011515804,0.0,0.0
-0.1355114254221834,-0.1769851862506622,-0.3920802389611136,-0.27234955222512375,0.8304451112142933,-0.5466839962610929,0.0,0.0
-0.15804273059109916,1.5074587153692747,-2.3832099431981906,-0.758501176941107,1.0309318145664017,-0.5595959634479423,0.0,0.0
1.3784107963464927,0.7074587923110467,0.9946256855533518,1.143520578843177,0.5344326276629163,1.885014316496127,0.0,1.0
0.843541942942087,-1.2979437964589515,0.7761950255830246,1.5805343095364688,-0.7422482381692902,0.2694696927179795,0.0,1.0
0.5416221397532089,-0.3475712746732766,-1.08441693718513,-1.3101948037728306,0.3526006550967598,-0.1465379369252475,0.0,0.0
0.43125193977013176,-0.7190271293413695,-1.6666444609850413,-0.02045943049951724,-0.07944442068501353,-0.2506427852908295,0.0,0.0
1.6224766452824333,1.6880495809347158,-1.8345967360729931,-1.6125066761019822,0.6501688802227472,3.3351792786338996,0.0,0.0
-1.1773869251967912,-1.2809113889609198,0.8072047716188151,0.43407302851101864,0.5436584356730644,-0.6903916086195635,0.0,1.0
-2.03079139205563,1.6608878608094535,-1.2571279655111722,-1.4417499614443947,-1.2418058471651574,-0.713096768275848,0.0,0.0
-0.7746691699829573,-1.0729444145275684,-0.7933746985099772,0.5988876357049796,0.7379492084361765,-0.6601055496050959,0.0,0.0
-1.0296565570767409,-1.4458663671677334,-0.34370081482054654,0.552717395160779,1.0965340913696267,-0.680937491869108,0.0,0.0
1.2569055176314536,-0.4105971404137595,1.6434080133941178,1.4885233251929673,-1.057639429547683,1.3680006775858666,0.0,1.0
1.1147281115244099,0.8634330120502339,-2.120599716833951,-1.5076209525508488,-0.6023820288491792,0.8930523456867526,0.0,0.0
-1.6663521319714416,-1.2607954445494212,1.0970079355949616,0.5461632314769392,-1.432406393089226,-0.7035921420916641,0.0,1.0
1.2858248704412405,1.6743569551790163,0.7812044560448149,-1.4513736972209665,-0.9151474950850265,1.4802535329054765,0.0,1.0
0.6766158523118008,-1.7350155592498715,0.6662766909558657,0.7230217115855424,0.8461348477169788,0.007153676908049965,0.0,1.0
-0.8107808337144233,-1.3367651534623084,-1.0546126584499782,-0.5308400358096197,-0.5935415765937772,-0.6621945962396599,0.0,0.0
-2.0990180914806515,-0.18155592084701927,0.5547624604210095,1.77537222430653,1.9757300111364082,-0.7101052747642027,0.0,0.0
-0.12560698778933332,-0.02379398469312038,-0.3982201041825217,0.07829379482546364,-0.27089712464152416,-0.5453021107144407,0.0,1.0
0.7249663918490812,-0.1937038018395326,-1.380083101017501,0.23291845978537828,-0.06733024075787598,0.07757833828460424,0.0,1.0
0.09644484497331866,-1.4528711996878303,0.5151154915589243,0.7601239694937847,-0.26576229888520997,-0.46213615171792616,0.0,1.0
0.5633045020067202,-0.4705997688485935,-1.4734193895687133,0.9892162735680065,0.9706758600747232,-0.12262308379384501,0.0,0.0
-0.5178983978518183,-0.6094963004047536,-0.9809108172304519,-0.6458242877387815,1.4717084248448011,-0.6296641563108907,0.0,0.0
-1.9261021713854252,1.1909629334371956,-0.3103789520482623,-1.204783421000118,-0.2957520402152186,-0.7069470701346957,0.0,0.0
0.6649612839643528,1.1532822012321833,0.8762503422794,1.5129379470820608,-0.22402371361383064,-0.003759035057636737,0.0,1.0
-1.0192583654517762,-1.4287848812358837,-0.4740709481128978,0.763961468417497,1.510297963144996,-0.6782044559071703,0.0,0.0
1.4850871415886724,1.9183869146444095,0.9753662873134893,-1.6911328831505998,-0.03391392779773819,2.442229920159689,0.0,1.0
-1.1809695830962201,-0.7649515512658397,0.9930694238652914,1.151048642644462,1.2636411850921292,-0.6894412302214172,0.0,1.0
-0.045184586719143875,-0.37639614029711504,-1.3386224290691893,0.2901832166964564,-0.21519541752047036,-0.5189840294291262,0.0,0.0
-1.0615548580890577,-0.5312436109770902,-0.5034281814898377,0.3026477119758961,0.7105214758477097,-0.6823546238950968,0.0,0.0
-0.9260314303561933,0.42010493066774107,0.4510874734969113,-0.3267426807429967,-0.9743188122454447,-0.6771510620638839,0.0,0.0
0.19788293826037748,1.3666325524567848,1.1426631222210086,0.558081456253107,1.288103691393109,-0.4108556198898542,0.0,1.0
1.252027622173091,-1.0501999454764464,0.29885070995973706,0.6626950423384238,-1.043147188137432,1.3496827954288615,0.0,1.0
-1.214726609000681,-0.1779032324400358,-1.0526849297648508,-0.1633976908140181,0.08564501939542847,-0.6890229186513633,0.0,1.0
1.4897567644894456,1.4293043060125266,-2.137048352745353,-1.570206139968564,0.8978663987604395,2.4701131044021327,0.0,0.0
0.3491918733636504,-0.1953234879880799,-0.6346123347831047,-0.20742062148424203,0.5236934677476139,-0.3135596419833454,0.0,0.0
0.10540850888421165,-0.43632040012765194,-0.20119353903766815,0.1266880409965018,-0.09579077544724739,-0.4560067132870715,0.0,1.0
1.0865610647482757,0.9520464594740492,2.152757004478008,-1.729441452660053,-0.14964486796253468,0.8113143327124048,0.0,1.0
-2.0413339791122267,0.3905891831695189,-0.1984487658986939,-1.0866167240199476,0.04114004169088047,-0.7082626713676894,0.0,0.0
-1.6235274486642826,-0.8900259360500388,1.1593193027243653,0.677371580525243,-0.7328987806335197,-0.7038595577460589,0.0,1.0
-1.4117551345423385,0.5183860901831712,-0.8964500736920864,-1.2156187641982816,0.4439247530187394,-0.6979345453593165,0.0,0.0
-1.2841513121386836,-1.8203723478217004,0.929810727750954,0.5047509824359205,-0.9466090340667227,-0.6925446161010221,0.0,1.0
-1.828134975370424,1.0075108714655823,-1.1927311774165776,-1.502976132607888,0.7951571454412489,-0.7063927927586255,0.0,0.0
1.469883465243526,1.0736663499033794,-1.103230221124428,-1.7695896034259648,0.2764322395087569,2.357313989702414,0.0,0.0
-0.7821482569241225,-0.8480701998465611,0.6985351057977827,0.9638658875709911,0.06914483289591539,-0.6639656560573327,0.0,1.0
-1.1748360471818369,-1.1640107135504594,-0.7786597987280738,0.033857265288145436,0.04844849624159079,-0.686573839955097,0.0,1.0
-0.014137410991403107,0.21795482722692183,-1.579156711631499,0.21364409629428083,-0.3151680300175317,-0.5068920494626521,0.0,1.0
-0.25761647130511595,-0.22364321471066412,-0.5734993396540147,-0.13559533701279686,-0.1700931242023286,-0.5803643972782649,0.0,1.0
-1.3309655760972374,0.7739204883310771,-0.5092114845338378,-0.9638985608715895,0.7108064873471892,-0.6988551309424794,0.0,0.0
0.7473865792387758,-0.3458016028379649,-0.804410629346934,-0.5084634180562876,-0.5304835327935375,0.11144045351116971,0.0,0.0
-0.19734583603537248,0.6696289938760029,0.0030662104444219105,-0.5803801930340432,-1.8158915901887283,-0.5654011162972334,0.0,0.0
0.09481375441432702,0.6168884699240901,-1.182307097043569,-0.3317324770343456,-1.1027378069618388,-0.46454217009534,0.0,0.0
-0.9729309100442345,-1.765745961757756,0.1813801361882598,0.7099646783235743,-1.4108138807076966,-0.6787176861232916,0.0,1.0
-0.5733246341681637,-1.051729669167972,-1.180998686623437,-0.15792140585219777,-0.24904249739124779,-0.6385375096362383,0.0,0.0
-1.054498628621124,0.5473716430750448,-1.0429525285355152,-1.0787973365795955,-0.6705299114865984,-0.6805841507947139,0.0,0.0
1.5603977377487335,-0.36187595745471074,1.3775993857242594,0.8402561603089072,-1.3748199269280137,2.901714011857203,0.0,1.0
1.460944052620144,0.9633939433571509,1.264593866581089,-1.5244565844467688,-0.6748774492573211,2.306144321626783,0.0,1.0
-0.9352321976258747,-0.45984721063581524,0.13707389099244244,1.6801505242110746,2.384156100131451,-0.6735412368381206,0.0,0.0
-0.7107017110325351,0.8119941255023235,-0.2112509178902742,-0.9579461078127155,-0.48048364742054206,-0.654905727237664,0.0,0.0
-1.4195134810082999,-0.854843418273401,-0.41792449759525063,0.03153713439734536,0.01960026315505019,-0.6976839140746838,0.0,0.0
-0.8089402959963787,-0.36485890419365496,-0.017223528624663743,-0.029350225173088093,0.5892134287414484,-0.6663934775043856,0.0,1.0
-0.5032229493019205,0.29751457451299856,-0.4489653649953657,-0.5922011853469276,-0.144946292833367,-0.6294147899999815,0.0,0.0
0.19501575276133368,-0.11609342858201539,-0.8960217651668024,-0.3935916210654492,0.9195305219035877,-0.41502133361739596,0.0,0.0
1.420996406370226,0.8554748739851741,-1.9098174834655748,-1.7042680880653396,-0.9730700739001068,2.0926104767019145,0.0,0.0
1.4958081309518603,-1.3359251493106419,0.41425515746246494,1.2491838986437092,-1.1023796898098401,2.5053690005114695,0.0,1.0
-1.5032600545230341,-1.3769580169294269,-1.3912510572128296,-0.6736702316869565,0.6044515370512322,-0.6978743628469817,0.0,0.0
0.7483411899501455,1.477408083575273,1.1403101466068115,-2.2804681397582702,0.6243466894046178,0.11204122594499083,0.0,1.0
0.5792055809730706,-0.24485949715429636,-0.8152938538263328,0.308344746781675,-0.4483366602751097,-0.10767150588857834,0.0,1.0
0.95258662746722,0.7919179894416224,0.4719079996334601,1.84949895504357,-0.9239915957523338,0.4833691535200985,0.0,1.0
-1.3170777689409325,-0.28383946637075125,0.2740915302906738,0.08941340616950376,0.33028387420762184,-0.6951987878496415,0.0,1.0
-0.5868717561496873,0.5531961345998389,-0.9921189609519551,-1.356546612966939,0.5930436981727375,-0.6396089393161848,0.0,0.0
0.37433839890224074,1.1458788628514858,1.3407584533652905,0.5084509633729102,1.307298703910849,-0.30053003141704837,0.0,1.0
0.5151548205294183,1.2833786160146408,1.1506199550639775,-1.9621927420619225,-0.3083771189660284,-0.16882096225488744,0.0,1.0
0.44554199458057947,0.9221174035113648,-1.3307274430561846,-1.4636352261892516,0.9266967883207784,-0.2386396283691734,0.0,0.0
-1.2114038749137397,-1.2915965469285853,1.0437321975501002,0.6705130063076682,0.3401806435021555,-0.6898901275423117,0.0,1.0
1.4589039599274711,1.9197966337547703,-1.9752554171876047,-1.599691394160435,1.8622937348647741,2.2933151231961793,0.0,0.0
-0.3191523698488773,-0.42928069491635784,-1.4125676204887887,-0.3887723543113298,-1.1807736274651512,-0.5988708058867785,0.0,0.0
0.6712332285557555,-0.26004214896992983,-0.368812855407375,0.32521947570870985,0.14526117073000874,0.006282429190572574,0.0,1.0
-1.2633238949456427,-0.4827642670306896,0.7606174798921509,0.6964783717734596,0.316821518917524,-0.6916359132220532,0.0,1.0
-0.6039664977943792,-0.08644821634888818,-0.377362512049767,0.6442767678896423,-0.4275999509459929,-0.646161718786209,0.0,1.0
-0.4712652111425869,-0.49946583594936855,-0.16385391501138713,0.12863817795260155,-0.5212479442193177,-0.6217300646480569,0.0,0.0
-0.11531731893683123,-0.78368562146655,-0.713929796386041,0.22416584495409317,-1.5802839620301574,-0.5395309975982343,0.0,0.0
0.08683285215316675,-0.2729337087194712,-0.0481776707949554,0.215771970438218,0.1377613920959748,-0.46217199864406894,0.0,0.0
0.6603171145470379,1.8494426954662266,0.010774332392480997,1.88768212218249,0.9322558954077387,-0.013123261602543068,0.0,1.0
0.23163363082582097,-0.6322483824709032,-0.9619572161163688,0.8169494355615206,1.2477083724845386,-0.3921771987039433,0.0,0.0
0.5724465844198018,0.3691978284722593,-0.31252690452965604,-0.7678461700170024,-1.1455403181794779,-0.11411094162876324,0.0,0.0
0.9974504896279905,-1.6686067201942443,1.2500148465918757,0.7972315662318588,0.7373346783070048,0.5855980671515383,0.0,1.0
0.5742859150287681,1.7262499788961445,1.1250487246400784,-2.119917832466209,0.22041182846089546,-0.11293697952607998,0.0,1.0
-1.6868776774392094,-0.9956724216212426,-0.17855273466998153,0.10289000932752801,-1.2894438517791607,-0.703630053071712,0.0,0.0
0.22824684501845377,-1.1828535398261826,1.0692663843388395,1.224395531682487,0.7237912481743518,-0.39302270304019193,0.0,1.0
1.3275938375846066,0.6582727692574653,1.7596622156902515,0.36147574464551324,0.6454037643384564,1.6558751863413153,0.0,1.0
1.0613508868949515,-0.8358115270896325,0.4285425027339173,1.0008439751792824,-0.8690946188087288,0.7463431324077454,0.0,1.0
-0.6072794706837649,0.2624561868456051,-0.40907705697680136,0.5274155766044104,-0.5943496389301184,-0.6417146224566229,0.0,1.0
-0.3886944374212994,-0.3922946371221053,0.271643776991386,0.8110148951495506,1.1116822663102839,-0.6122131746651126,0.0,1.0
-0.3156840780601337,-0.4984685613418179,0.04196189651051477,0.5238692945985978,1.0880800460032147,-0.5954439939159716,0.0,1.0
-2.262523704727269,0.9232137367948073,-0.6718666586243142,-1.5581226358228153,-0.38323348544223385,-0.7122740941047306,0.0,0.0
-0.2487915754776784,-0.47190988647258975,0.35410411251428053,0.3647079818988566,0.8560000877723196,-0.5786748154712025,0.0,1.0
-1.4728906629860348,0.10713067992120605,0.5994190455791178,0.06811733895338004,-0.9171459229298069,-0.698493768861949,0.0,0.0
-0.09267185427512421,-0.47202254248633857,-0.9259691670402965,-0.2524557917521881,0.3773041614039128,-0.5319614619346467,0.0,0.0
0.32128772873832595,0.35906396256641265,0.10439301438820818,-0.5710488740291327,-1.074615705288729,-0.3356121861788039,0.0,0.0
-0.6202055540594186,-1.096283739344781,-0.13105418488328055,0.8284134050160621,-1.2819910301922055,-0.6456685030724555,0.0,1.0
1.2105808247496526,1.5322150725169323,1.0806702647843716,1.0291834463534197,1.202168343137254,1.200785206505811,0.0,1.0
0.134952015584801,-0.42849594956563974,-0.341741928646049,0.3542680381595124,0.897057018259868,-0.441738267386391,0.0,0.0
1.1664268276081493,-1.1588065107153007,0.4539109838710528,0.8359606761021713,-1.0945634766709338,1.0565872682611492,0.0,1.0
0.5106749310702325,0.008330231918946038,-0.15492123255730492,-0.23608740874031126,-1.5239440165757416,-0.17823380477921444,0.0,0.0
1.025236964148918,0.9634896766160966,-1.8575690032498338,-1.5192456253961544,0.21546724303759343,0.6516445305467781,0.0,0.0
-1.3149697778693314,0.507886744779899,-0.9310783041746642,-1.1428407374387304,1.0810230340511502,-0.6941859170295817,0.0,0.0
-1.8078953115700016,-0.5714589761113111,-0.38603592706715306,-0.13552394726440245,-0.2136897290091052,-0.7084184113668783,0.0,0.0
-0.961779978731682,-0.33737107320961085,-0.38761156722056994,0.15216114179343987,1.0341965615957633,-0.6767160730180936,0.0,0.0
0.16761673142779898,-0.8882667196604868,-1.0251409583712559,0.16240196605871515,2.6824183781759783,-0.4241890498120827,0.0,0.0
1.1053261692418046,-0.9978568232363862,0.8550685172810516,0.28362375782135596,1.2316408808529007,0.8656352288890973,0.0,1.0
1.615194092612374,0.6835799140820011,1.8985572843289498,-1.8829314299043138,0.2971613243812117,3.2839566473180803,0.0,1.0
-1.8508624706047316,-0.6918124308786209,1.3081201598647947,0.9804627901293346,0.7094848033703326,-0.7061093028669431,0.0,1.0
-0.7958295882088572,-0.8526630799051513,0.5654614555909904,0.9583600354863198,0.825685635360729,-0.664254489296435,0.0,1.0
-0.8549474518785991,0.13337980362001764,0.5927965125075733,0.31588551351276034,-0.8105649394065555,-0.6704815142624795,0.0,0.0
-2.4168937000307045,1.6791388647340437,-0.6927861219886645,-1.2259861940343577,-1.1518903182206364,-0.7091738872070824,0.0,0.0
0.44538686369963393,1.5170007519123,0.4643053838242526,1.0165971027140979,1.9706459784335497,-0.23647789816330328,0.0,1.0
1.5745421362365484,1.0686079830433841,1.2740651764731181,-2.171220347794264,0.845918032656885,2.9970758972251024,0.0,1.0
-0.4169011621554913,1.2379207285355063,1.2513941185068431,0.13190508994628913,1.777966576941204,-0.6139902418820181,0.0,1.0
-0.7798006584374226,-0.20466049672655437,0.5034138169053557,0.8244460469870749,1.0062017022218126,-0.6623735017295906,0.0,1.0
-0.13526887229611603,0.26581460289210146,-0.34451468428391263,0.7401783286409651,0.2076276715515664,-0.5475188335773684,0.0,0.0
-1.2801013857214791,-1.0064498291470314,0.8318552069639663,0.411313377020301,0.0868788415339385,-0.6942861754529328,0.0,1.0
1.4282209718231826,1.1356571094762342,1.3847257046800248,0.4750836138218338,1.9676027816130464,2.128350242470079,0.0,1.0
-0.4295089471375544,-0.7181318120945974,-0.9586888209303194,-0.6751564356540372,0.2483273994268407,-0.6164245611601799,0.0,0.0
0.5101844942636957,-0.862176629351047,1.8078310560987452,2.36120545414151,0.2711403016766615,-0.17818788046723696,0.0,1.0
-0.7408698781818552,-0.662289933342594,0.004367823369771595,0.49644693755382646,-1.9373587090779458,-0.6587249760642696,0.0,0.0
-1.578460906901154,-0.5576495145182784,-0.6212928770339115,-0.23668783613723288,1.2846116801496232,-0.7026095334495468,0.0,0.0
-1.0614207753735585,-0.23321926258190498,0.40375461243807104,0.9193137633499228,0.1272180066683891,-0.6818667283854033,0.0,1.0
1.2095946436103286,1.4045348940629419,1.1243692167223842,-2.2144525747020682,0.7392869973741644,1.1971113889974119,0.0,1.0
-0.11420560143099456,-0.8302370993593925,-0.7700616236378282,0.6683245164919508,2.465269633301793,-0.540937544749571,0.0,1.0
0.9662094419316158,-1.0555909347207924,0.8625306350253704,2.2099893539179436,-1.1361952437888159,0.5147556584030412,0.0,1.0
0.8939563236821025,1.4494792440127828,-1.2674021577635053,-1.5986180366186247,1.5597621054303956,0.3622409708677664,0.0,0.0
0.004867216785923773,0.13297621152628222,0.39498422762554386,1.045391399184128,-0.7184871370061819,-0.5022760256534526,0.0,1.0
0.5346240849590735,1.6835729119504383,0.9169202612057771,0.9674626643046594,0.928893866430662,-0.1560309309414209,0.0,1.0
-0.8824613853355447,-0.16699751943503582,-0.47061057572833,0.304281026885005,-0.471475065750511,-0.6755237614540918,0.0,1.0
0.8568658571701172,1.3673061190214528,0.7359325597203975,-1.8449024396685365,-0.46716256589456023,0.29248985972286473,0.0,1.0
0.8729654375531851,-0.41700659554623065,0.9975540938825327,1.2640089382220487,-0.001633511215686746,0.3235115494750693,0.0,1.0
-0.48198480418212364,3.100790183288286,-0.6501202297176257,-1.3241506793875928,-2.3552006001158157,-0.6248515457348164,0.0,1.0
-0.6845455581023491,-0.15793866762898484,1.15395745658742,0.7409069148802044,1.4242764444611204,-0.6559384261434448,0.0,1.0
1.6267639014281572,-1.0889214194815156,0.9940804311455892,1.7552912943584458,-1.9400867361632061,3.3690872412563504,0.0,1.0
0.6807511954399427,0.10635422189535465,-0.9608374904758279,-0.12100797124877809,-1.3744605646182035,0.016546512027622324,0.0,1.0
0.3649309684224994,-0.4141144898689311,-0.6502416752846184,-0.019737543855101583,-0.5381178432914014,-0.30535115481517505,0.0,1.0
-1.1428456955115232,-0.7916738434435032,-0.32643829494243426,0.6119148477192498,1.003102842653391,-0.6883917558003729,0.0,0.0
-0.4560827862989682,-0.4120548498983154,-0.3397089201647064,-0.30301033561081414,0.10076216094118752,-0.6216144959094116,0.0,1.0
0.589170833113969,2.2113831903951127,0.8851095858993046,-1.426112678576438,-1.1004613770234704,-0.09696875447610866,0.0,1.0
0.5220206111589903,2.092684561856322,-0.6693469713049006,2.2918468591450325,0.8929135463773702,-0.16675243454958774,0.0,1.0
-0.7478419522659107,-0.3467224953605088,-0.6767435764055632,1.2039473489441082,1.4060760926929334,-0.6569261375256337,0.0,0.0
-0.05339116358334367,-0.32940432990309465,-0.2314510165039855,0.8191116137964438,0.4140806822972832,-0.5207527119594072,0.0,1.0
1.2060044800141978,-0.7257761357747379,0.7955436428765406,1.5060208396167158,-1.5763894512414314,1.1886508276177188,0.0,1.0
-0.8430940939558225,0.09057689094406962,0.49130941111383847,0.47638618373668473,-0.003611978741479124,-0.6705681316388599,0.0,1.0
-1.199111177494307,1.545390395312378,-1.2076216832481066,-0.8532432532100074,-1.740212812897854,-0.6954524209009011,0.0,0.0
-1.5404297532088427,-0.3286780624753745,-0.538428780303088,-0.6613069895939893,0.45279844589427615,-0.7018047351242578,0.0,0.0
0.46910829886701394,1.613346959150993,-1.7855716576146488,-1.2413145373082302,2.2723027740362487,-0.21866908357613582,0.0,0.0
0.9490073661130466,1.4842780412731849,1.8063129537774627,-1.7633187237106467,-0.077065613971019,0.478638928825101,0.0,0.0
-0.11249672544608692,0.21832380598957046,-0.5678039138610285,-0.5265642702739819,0.6788650915924008,-0.5410168011981537,0.0,0.0
1.4064785496504828,1.5291611529621274,0.6748483045376626,1.4431509328308194,0.9141021934136419,2.0174701874803675,0.0,1.0
0.3566386883796675,1.3201196874434935,1.0327770882825136,-1.658193531815586,-1.1126154866646736,-0.3080016421726994,0.0,1.0
0.5089020709959825,-0.05394137675246059,-1.0734675625463808,0.812996105164198,0.38337200058122767,-0.18035565489516453,0.0,0.0
0.9187943459296104,2.8722975738859473,-0.24234477491866455,-1.295506921196987,-1.3770442924576218,0.4130832071546885,0.0,1.0
-1.0928628780447436,0.15293753636441093,-0.4435206565705777,-1.1071505864380131,-2.350068144585701,-0.6849242310778219,0.0,0.0
0.17101983734633994,1.276164392516555,-1.7222026317009143,-1.118504585112964,1.2261023174055616,-0.42541851499381383,0.0,0.0
-0.8787104419865505,0.03693009642760646,-0.9083135289105015,-0.20546162592817213,-1.1894642004127478,-0.672929431691305,0.0,1.0
-0.12227584160923856,-0.15145980081060084,-0.34657657274567727,0.741459588755564,1.032740158992207,-0.5445701636755476,0.0,1.0
-0.039954239664699805,1.5955744957636626,1.2169393827818475,0.38065755649166105,2.0483564760273323,-0.515738122857516,0.0,1.0
-0.3937086345830866,-0.4067500983023438,-1.302807962441078,-1.6682145623237228,1.2529243682487994,-0.609831931324985,0.0,0.0
-0.984578626230863,-0.049317920270393105,0.5087882510072844,0.9155933915756933,-1.2475162029100255,-0.6837115225445501,0.0,1.0
-0.7615944268510703,-0.997774791681035,-0.5538027379934607,0.5554733778470217,-1.7974150679110659,-0.6603277911706373,0.0,0.0
-1.2464509485522803,-0.8718589276241873,-0.7402044506809414,-0.5958362703306228,-0.927429423544532,-0.6927024681113246,0.0,0.0
-1.2131082699420033,1.1921758818621877,-1.379928690083666,-1.4041982188149624,0.05007556337950165,-0.6919880933574986,0.0,0.0
-0.46761737369348955,-0.04084423906539414,1.0083000580647592,0.9778404991027804,1.2536879617182612,-0.624922648222875,0.0,1.0
0.49051282215188696,-0.7192272817194384,-0.20277855577195042,-0.099662693583612,0.3085406153232549,-0.19826404622125945,0.0,1.0
1.251187032888929,-0.8906607312062398,-0.8049829176082453,0.3461160697633501,0.7550812968033234,1.3450736359376865,0.0,0.0
0.981759845524985,-1.0991477206408924,0.9995030103950457,1.0737382925844219,0.32244596672127696,0.5472786226645272,0.0,1.0
0.6432909948445441,1.5561283324827833,0.5422512976325157,-1.5679865787049267,-1.2771652030107552,-0.030810576583991174,0.0,1.0
0.6217959722724428,-0.4205888911452368,-0.2044306328490206,0.4496489701283724,1.2994693078628357,-0.055371357068028856,0.0,1.0
-0.796235386667632,-0.31938879779234136,0.18736088478295948,0.8547509559876703,1.0530128544743216,-0.6638910544961567,0.0,0.0
-0.2518498191005517,-0.9367537789555039,0.31777337482719525,1.402554307968097,-1.1511713376700037,-0.577782511445493,0.0,1.0
0.3880017754680327,-0.4837939104294587,2.4887503375053384,0.07957440838890187,-1.2235786381159564,-0.28688604484915214,0.0,1.0
0.4063085269991405,-1.0045776391331689,1.3300428536078528,1.054388045457224,0.9638137687496167,-0.26918440814411626,0.0,1.0
-0.08696443720235011,-0.163523718908457,-0.04526682997379029,0.5499835394036993,0.06358290011579995,-0.5335812052494443,0.0,0.0
-0.6207364762555289,-0.7070375361740869,0.45186685699145757,-0.07328334047797343,0.6103722394796445,-0.6466111459404583,0.0,1.0
-0.4855398038187207,0.5286490241717025,0.15773406450975055,0.050501546380782684,-1.5129994986474153,-0.6266898644981006,0.0,0.0
0.7728206985645616,0.4234581112960679,-0.7417343332911825,1.090675548795438,0.9413492537044759,0.15019565475139937,0.0,0.0
0.8485952948958186,-0.7309924021777523,-2.133855548851577,-0.21543159663331157,-0.40925490542468845,0.276777595814445,0.0,0.0
-0.7885428096013944,-0.7341727313765485,-1.0660682768593805,-0.2703173121233646,-0.5959842900211636,-0.662918109441646,0.0,0.0
0.017556930900291163,-0.5594878503269924,0.4667150170443745,0.9475929051109235,1.068915106301773,-0.4935979589943312,0.0,1.0
0.14851984120666803,-0.5549950525001126,-0.31295735940904795,0.41141672963403836,1.3505277270435565,-0.4380462121342791,0.0,0.0
0.033917318673432124,-0.48476047835050556,0.560718056117214,0.3956764080168476,0.5098622039119137,-0.49090436738904614,0.0,1.0
-1.0480979255811498,1.2105858447589655,-0.7858055023014637,-0.7915322467496319,0.3778246828982572,-0.682312893755545,0.0,0.0
0.39122114607314573,-0.3333297143510687,-0.2596632511214915,0.05861556223149944,-0.09279276015531773,-0.28029596746456686,0.0,1.0
0.6201669687068339,1.8511894437611052,0.4173863223681055,1.5344460644426092,0.23409476434114665,-0.06061493850060639,0.0,1.0
0.7674134676227344,1.8434459855457277,1.3097952951593796,-1.6161065705873903,-0.5338915681779912,0.14178233519394448,0.0,1.0
-1.1566357111811874,-1.2052759711669503,-0.6488354483007995,0.23113240557677533,0.25654345569763487,-0.6889290971436519,0.0,0.0
1.1677297334175198,1.5549913779561078,1.2770569928453486,-1.2459940111270338,-1.2632400407502973,1.0576169093911147,0.0,1.0
-1.007249001512772,-1.1092824132340608,0.4580540275581233,0.4401764153587224,-2.101191708204093,-0.6819942296244207,0.0,1.0
0.4746886007828588,-0.11234710268380575,-0.7210481448425986,-0.050945680961196,-0.5409289816518833,-0.20819756714408555,0.0,1.0
-2.818334390253084,1.9112555463019638,-1.0612176188027596,-1.4695311652621679,-2.154248491962429,-0.7116094067628379,0.0,0.0
-0.5534794461804207,-0.3275355526808414,0.5665280913332329,0.6010298022243151,0.20960131067943782,-0.6372340626296843,0.0,0.0
-1.5410090568048338,0.30396775757285244,-0.09593158108918386,-1.1376633892366332,1.2094538168901925,-0.7009028942170521,0.0,0.0
-1.2011060158210427,-1.0363426647564162,-0.6345770933940771,0.6824916323865157,-0.6016572018543737,-0.6893069352955373,0.0,0.0
0.9824826250154465,1.65118062080124,2.4564465806299127,-0.05949032497023017,0.8782674971467269,0.5484632777439007,0.0,1.0
-0.9727562141159143,0.5957953483650781,-0.8630232266895138,-1.0826201892236005,0.35869205140110877,-0.6757507845073489,0.0,0.0
-1.336196402936034,-0.4092504598116035,0.6718172730959738,-0.14414399320381713,0.31494280655604656,-0.6974579890041902,0.0,1.0
-1.159212268562916,-1.178741691702351,0.469187119241951,0.2938385720471632,-0.645487346233565,-0.6854414741401924,0.0,1.0
0.2700131595443349,0.5834096050343789,-1.2221849382683623,-0.8350001675277137,1.5247999240913057,-0.3674349778272735,0.0,0.0
-0.431865018003906,-0.16136958770731108,1.0407430454078745,1.3262170761016059,-1.3282953036135494,-0.6195588219359337,0.0,0.0
-0.28952919932355925,0.4381427368822236,-1.183861660349314,-0.597255238848297,-0.317137563523831,-0.5901166307464927,0.0,0.0
-0.010503251464117618,-0.5955208192649506,-1.3963020461342017,-0.5909959166631371,1.2049863913661303,-0.5074229582743424,0.0,0.0
1.624991904200379,-0.30100237814192715,-0.9551903614968045,-0.14846188350101647,-0.814127171595242,3.356832655721375,0.0,1.0
1.5893692489421143,1.4383086974367312,1.3278310527784243,0.8512460094663037,1.3510447043232487,3.1031495531685445,0.0,1.0
0.50074303314891,-1.0244999112003428,1.5494962705428283,0.7748000652257158,0.6659899475391056,-0.18670218184324552,0.0,1.0
0.4550082751121624,-0.48037332649334336,-0.5977971294277917,0.007262575211889591,0.813283265784566,-0.22855894089684514,0.0,1.0
1.2652749183065737,-1.0485042506336806,0.9083103463966558,1.531850584312972,-1.9643310577568265,1.400354313236549,0.0,1.0
0.5940596688149337,-1.1498182257976852,0.39424565215209856,0.7905841369707715,-0.12098212579574798,-0.08900860726303986,0.0,1.0
-0.5801883379311832,-1.5209459474479972,1.0855057654396818,0.4964896853313663,0.03971668162154894,-0.6400265894578951,0.0,1.0
-1.7439857193606032,1.6591277758707088,-0.9970754595737502,-1.562883733617656,1.0586627903701809,-0.7068774900684275,0.0,0.0
-1.1879649217261519,1.8005955134541725,-1.3181096975957505,-1.045870209292316,-1.70564070376846,-0.6916123506584525,0.0,0.0
-0.6008365556120104,0.49554705401585514,-1.2540433225698122,-1.030245279829027,0.7422178872231903,-0.6465231163879165,0.0,0.0
0.011293792568200527,0.08107487155390021,0.06558081353003438,-0.11530196524340078,-0.09681523350066716,-0.49730743233679836,0.0,0.0
-2.320719171413973,-1.8325187185732212,0.5970708858577064,0.24260350649463505,-1.198523792307405,-0.7124215748887497,0.0,1.0
-0.24059054661715643,-0.18576278417459827,-0.45153131357903553,-0.48779424750461453,-0.5031150608474969,-0.5753054562953533,0.0,0.0
1.0862517284358102,1.8298922347517101,0.9049237039940053,-2.1804358942639754,0.7077061149037266,0.8126244335828253,0.0,1.0
0.551371132356348,-0.544200608887401,-0.7080257773728305,0.1641893826194958,-0.39335878968017507,-0.13700787310268825,0.0,1.0
0.6811874413804686,-0.18519009145324586,-0.7315452355079987,0.0724627882724178,-0.5779979173356816,0.016496561237364288,0.0,1.0
0.43266143728327344,1.884310848634658,1.2075104925914788,-1.294493968954605,-1.5535786100275075,-0.25102621147537274,0.0,1.0
1.1166011207849385,1.2599777897182212,0.8862857707633331,1.3179532126176634,0.09047175931370718,0.9001291692461804,0.0,1.0
1.2947585777777058,1.3067485671770525,0.7173384138414849,-1.0259646468770764,-2.044052553815916,1.5180550633827448,0.0,1.0
-2.071783378455318,-1.169167777002526,0.41878105680891803,0.3500717691902305,-0.047349263989798385,-0.7070289126815983,0.0,1.0
0.5096547340167821,-1.6889716467469662,0.5046864441479118,1.2616191066585878,-0.15534952308920602,-0.17626387449391095,0.0,1.0
1.1730795135329941,1.9559080059397491,0.7128822370057823,-2.113443686866923,0.5597836003955675,1.0746207725418582,0.0,1.0
0.44264384843345944,-0.1180321096459822,-0.7503164810151148,-1.367665935982383,-0.8157519772990001,-0.2415902855192284,0.0,0.0
1.1397509516875761,0.5300694237817275,2.423906470509929,-1.6967841572613533,-0.27321563477342486,0.9666063804745203,0.0,1.0
1.2222278755652183,-0.8034439651091715,0.41878314564534797,1.138091889202644,-2.1696816583948695,1.2413226631939362,0.0,1.0
1.3765658743596414,2.189973318339423,0.35330583624356604,1.8550869084721795,0.9627260573557238,1.8755104894962318,0.0,1.0
0.30762784581610747,-1.5940693930562568,1.1510521716151096,1.1281152135851664,1.3391523388121724,-0.34183848153709734,0.0,1.0
-0.8709057628693351,-0.1202017614004371,-0.37290206258973263,0.5165082047500751,0.3019916597093947,-0.6698945600228888,0.0,0.0
-0.4638987217756326,-0.3010498984847999,0.03706538835096628,0.3505473409375313,0.5701040422258947,-0.6214172552525679,0.0,0.0
-0.4637517603629613,-0.32289166349076054,0.9998960351640468,1.0132955422395709,0.4000210270899162,-0.6222346493102751,0.0,1.0
1.2930167878996213,1.552439695935338,-1.3834447803814243,-1.6082344047419328,1.80988472597701,1.510783640862173,0.0,0.0
0.7166612642759063,1.6402053933710963,-0.23177449680556733,2.6058722782875106,-0.46244034961094527,0.06355942361797215,0.0,1.0
0.788054121217491,1.1964816618730378,1.9328400131289227,-2.0818649946804637,0.41580739751175655,0.17457410867575449,0.0,1.0
-1.073678546523515,-1.3516735502636121,1.1419455866145065,0.38742856592851577,0.33424970940003473,-0.6845908185088179,0.0,1.0
-0.9864444110427695,0.9047824508129066,-1.467864002078483,-1.0500892723261601,-0.07947545960915298,-0.6779060512323899,0.0,1.0
1.4442599324720649,1.089909665044382,1.9626957567158638,-1.7719909213152927,0.11756275214476976,2.2121214642135025,0.0,1.0
1.3971461126598528,1.462215114661915,1.891673029504336,0.38630284919627594,0.9751885142490185,1.9757881116468907,0.0,1.0
-0.29119597056741137,0.07634895294485802,-0.92981510821909,-0.5520555141629687,-1.4214426798793525,-0.5921052020649203,0.0,0.0
-1.2209575678523363,-0.6598230087637723,0.14385690706112594,1.3033951912779778,-1.9824774995945802,-0.6918928351385257,0.0,1.0
-0.4794840564338295,-0.2774737846124081,-0.4233165834102947,0.014961908439682705,-0.6752296695743505,-0.626294141272735,0.0,1.0
-0.03772212846903116,-2.0230349954213684,0.016666348199805656,0.5606703447050038,0.2052566661790367,-0.5166289627902417,0.0,1.0
1.0183299784205475,-0.37566427664736696,-0.38033125089500996,0.13101544218240818,0.2789079409510427,0.6364789030195898,0.0,1.0
1.3923573595045677,-0.45670384671152425,0.8731048912012753,0.4677203721699485,0.025085557631999014,1.9518864449254263,0.0,1.0
1.020277722673658,1.3906795544893285,0.36462375825721577,2.030771203289853,-0.7027773843779933,0.6413672280444838,0.0,1.0
-1.3771235235008037,1.2245397908597015,-1.260907367959878,-1.0084538865201707,-1.4247038947527881,-0.6987202334867262,0.0,0.0
-0.1920093997857969,-0.031920868439025106,-0.3861360789583693,-0.14598313356919712,-0.675366991430285,-0.5633666227806963,0.0,1.0
-1.0981095757028525,-0.930745065367577,-0.4217487356259866,0.41558117184845716,0.6227362387449897,-0.6863331405148014,0.0,0.0
0.7723052649088149,0.09819632454411165,1.54783745060054,0.8893840380595828,-0.2583579993492002,0.14848167885746874,0.0,1.0
-0.5258433115600761,-0.46354785213870353,0.08542666567043561,0.5062242610765725,0.5097638421657812,-0.6346660925047439,0.0,1.0
0.39721302053863644,1.1294981306384173,-2.2372202749684176,-1.0227986388579844,0.40713346904308617,-0.2777790603921153,0.0,0.0
0.4936154510925538,-0.22074535951632207,-0.49334026744485643,-0.7043556308416294,-0.6556605178023206,-0.1954314554879284,0.0,0.0
0.3384918969994852,-0.6100469472154452,1.2702698141555153,0.45411042759279563,1.6563125715222116,-0.32290496177485367,0.0,1.0
0.7224096292295024,1.763549242271935,-0.26006332346675853,1.5827094212738861,2.477468467077137,0.07314808606088173,0.0,1.0
1.306009566891289,1.3233053859759334,0.13739939650532462,2.377426212783569,-0.7675883670234882,1.563673730785908,0.0,1.0
-0.7541890619686435,0.24083451223384064,-0.29448891849392195,-0.9935935750123734,-1.759028084670019,-0.6597995392975672,0.0,0.0
-0.47372245486098574,-0.3222934251079482,-0.18925517271787098,0.15305075987339858,-0.2353008392420636,-0.6282565691501544,0.0,1.0
0.5551520199954467,-1.1386006411671838,1.5141356832669046,1.2663466658267168,-0.010878826975563994,-0.13195060004286943,0.0,1.0
1.5530717521156732,2.1543015001561225,-2.3248566920404157,-1.538577804734814,2.563680978594796,2.8560453712308456,0.0,0.0
-0.9886257648077934,-0.40589622865883895,1.165601513818776,1.0714400848873173,0.9087487225985948,-0.6806157792092248,0.0,1.0
-0.8437777875449167,-0.852254775767283,-0.7742893704236048,0.4126724647590454,1.0838799673529527,-0.6684194750825564,0.0,1.0
0.009753751841686626,0.8749223606417885,-1.278975731579911,-1.323311896765534,0.622212303435588,-0.49593022211597465,0.0,0.0
0.09332488066299047,1.3281127655652816,-2.5612681867691363,-0.7876406062395305,1.2156309061310493,-0.4628625984333632,0.0,0.0
0.15404455848040535,-0.42084596645838457,0.47932772668343304,0.6010888634332061,-0.3787158058157831,-0.43464513462259424,0.0,1.0
-1.3177038731203161,-0.4773341099222134,-0.18091463602707955,-0.40800510115558936,-0.45523336552285953,-0.6942254033235541,0.0,0.0
0.5596512920397223,-0.7417393040770863,1.4559430696474718,1.506075263999767,-0.3644843896191135,-0.12919672846000585,0.0,1.0
-1.6287530767976433,-1.6520724221441516,0.2127690338337104,0.6037649552974707,-2.1545402932301196,-0.7030521774705657,0.0,1.0
-1.3105651519388382,0.5914916006968293,-1.1587270662363829,-1.1759947230988608,0.44555911042520097,-0.691804334351406,0.0,0.0
-1.058952962644386,0.987351750546479,-0.16503417111929702,-0.9648544259128489,-0.16312633763521878,-0.6840853657698618,0.0,0.0
-0.6869957028908414,0.31867746273528075,0.5098461847395666,0.04634597747742625,-0.9375952791664615,-0.6505487358320203,0.0,0.0
-0.9380146963523712,-1.7793074847508143,-1.5525453429016234,-0.2174739488714506,-0.04943403015875975,-0.6767709191635782,0.0,0.0
0.33266420537133007,0.06678781711374505,2.3557919579727655,-0.029668307774796083,0.08896848422749715,-0.3242700142266683,0.0,1.0
-0.79485069954782,-0.737655088983482,-1.1271429797073507,-0.47512799962853397,0.9852595384989723,-0.6660431840442705,0.0,0.0
-1.2844431090715218,1.3761823246142466,-0.5081025849095913,-0.5659509164543601,-1.7631152225114146,-0.6907192846872455,0.0,0.0
0.32990704357658696,-0.1337146263569571,2.4425279958664605,-0.391953904061367,0.15193792936694062,-0.32849256495779844,0.0,1.0
0.27229773284521525,-0.06866089796428569,-0.13314442021016973,-0.28042213162941276,-0.9503479236223917,-0.36757711940398036,0.0,0.0
-0.12925514691719864,-0.44808943950762353,-0.666897334620199,-0.39064653300978275,0.3672004793428872,-0.548601824313207,0.0,0.0
1.0512744707667294,-1.2648783204839014,0.5497612479368147,1.2004927041018671,-0.2913737337515971,0.7202459316924911,0.0,1.0
-0.13643252755862234,0.6730943383459113,1.207410211959927,0.4692400013623175,0.644558463829856,-0.5482134593502803,0.0,1.0
-0.0602410471822311,-0.6853505820138487,-0.4787724427694264,0.23328097032144898,1.221970641094583,-0.5216635387766893,0.0,1.0
-2.3792606330718686,-0.640804796589824,-0.2753487120948794,0.022219044083200343,-0.4941334427513232,-0.7120416343308681,0.0,0.0
-0.9231701698492208,-0.4210205925193542,-1.0017407805503933,-0.12046040886277706,-0.757315402940397,-0.6755720772603918,0.0,0.0
-1.3135939899679505,-0.8321762107397331,-0.8985354069301424,-1.1522424065513248,0.8141053469533253,-0.6954910742000914,0.0,0.0
1.0372181480060545,-0.49056706155482865,-0.08399601749940706,0.6393111146548642,-0.8922720993201354,0.6825447808939968,0.0,0.0
-2.3218542862647324,1.0462909610339044,0.06449595100261989,-1.259744865703069,0.8619871919847683,-0.7096666873922112,0.0,0.0
-0.1105623923499469,0.2753194566166494,-0.9824088447689596,-0.6541458484095236,0.983954579797864,-0.5397092758065071,0.0,0.0
1.1448412556054395,-1.0518161932185122,1.0335968416743981,1.0945644319991583,-0.4750597714272804,0.9875908045907419,0.0,1.0
-0.25768809507800794,-0.08721213194960387,0.7068504295647958,0.6344656135898773,1.199828937785012,-0.5826301654391242,0.0,1.0
-2.0480713541626367,-0.37480506778810657,0.41010320486344565,0.6224983208235575,-0.48133895732671633,-0.7057055434462685,0.0,1.0
1.2081938287161544,0.9730494909613718,-1.4282834446175048,-1.9269850985061083,-0.5800858519160896,1.1951297896687576,0.0,0.0
-0.8491343293420585,-0.19617935189480443,0.28084848470440493,0.18478233148071024,-0.3730828856144471,-0.6695314286386074,0.0,1.0
0.38461577131650654,-0.3237975733962229,-0.6171486647598918,-0.2882069042465026,0.3602392523639811,-0.28686734443675527,0.0,0.0
-0.23367282936622985,0.14390713867329566,-0.6189073235871407,-0.7962002283467111,0.6508600218197708,-0.5787446730224691,0.0,0.0
-0.7617363949616806,0.5783807364412764,-1.124750399804573,-1.084186536324355,1.0316208042066464,-0.6616725372239445,0.0,0.0
0.37698892743374546,0.49603761598644824,-1.0726767242721937,-0.0019036517299631296,-0.4253340612034276,-0.2935730577773262,0.0,1.0
1.0232351329129528,0.9452534370541978,-2.0874415599266833,-1.33662312098101,0.1268363862381917,0.6477212191367565,0.0,0.0
0.2838118950950721,-0.8290672092444143,-1.2887813303078939,0.6520462255207431,0.8902211550283582,-0.35976340640015797,0.0,0.0
-1.1822708104214126,-0.07950444881297271,-0.4040625168570014,-0.04521152406740557,-0.3716322081352238,-0.6881532748494038,0.0,0.0
-0.07863847253105563,0.2877497411511261,0.12010844018098803,0.9318248468419112,1.3283315362017416,-0.5312862814234167,0.0,1.0
-1.5898949476049535,-1.383321968887131,1.2869845305823067,0.4248584586818185,-2.2817931038766224,-0.6988584706446339,0.0,1.0
-0.9977725616129398,-0.03500389226634895,0.15180534797512565,0.8630104380177235,0.8705278014199481,-0.6795633903693065,0.0,0.0
0.9578290434849007,-0.05334254300882417,-0.6421713129144484,0.2923334556996665,-0.43192806650270615,0.49300658232598704,0.0,1.0
0.15640840620732047,-0.9210065672306734,0.9851774313942647,1.0429433699076733,1.101237178445632,-0.43325168485910404,0.0,1.0
0.4154594764811316,-0.9715394093594704,1.0258123109583204,0.5731028316827169,1.129168592464681,-0.26124675655938,0.0,1.0
1.5774289766765306,1.801900458754666,0.7927723171979687,1.4352987863007876,1.5821230571592222,3.01949969112499,0.0,1.0
1.0697089808777385,-1.5316830940159112,1.1191689573510128,1.5869523527528027,-0.16521073671947412,0.7687567041085885,0.0,1.0
-2.572510430486829,1.3898023049818795,-0.7278430453411432,-1.0533017506867808,-2.156742857538723,-0.7128121654865115,0.0,0.0
1.2406952082854057,0.7189890092205976,1.6345218353719684,-1.2554082997070963,-1.4582760754621849,1.3094096081687356,0.0,1.0
-0.9650923392604206,0.7817916111689093,1.5245190269870779,0.3246687545682081,0.21464158459541818,-0.677417703071862,0.0,1.0
-0.7733739987764168,0.26080783186438566,-0.14232556346666023,-0.28564851595343366,0.22656232910108995,-0.6647068451748983,0.0,0.0
-0.03912398719510436,0.03208642734997513,-0.7226595842653658,-0.7070946534349324,0.393968632941401,-0.5167181831726528,0.0,0.0
-0.40566694155946126,-0.7151165881832413,1.0196638920923862,0.9525394481061609,-0.44379285344824404,-0.610119737619674,0.0,1.0
-0.12386595389241668,0.4037669268450674,-1.2970902846903756,-0.9071714608216541,1.1228639127508673,-0.5467678916365003,0.0,0.0
-1.1617252874227713,0.02878160996061809,1.0554801875570803,1.0315783650322619,-1.2718622995320432,-0.6866201861850448,0.0,1.0
0.7992387044828274,-1.3809340637052216,1.0272157151838526,1.4404377460006068,0.2606317571176439,0.1940657262136176,0.0,1.0
-0.8449128358382662,0.6952920284858677,0.29195261754084695,-0.4542168000327067,-0.8760353397003616,-0.6664944559873521,0.0,0.0
1.3907649153753743,1.9779827083754145,-0.20007360503600596,2.1652051316613203,0.8800752633604285,1.9459155528971472,0.0,1.0
-0.7151913260856423,-0.8117844492342307,-0.5678975190730776,0.42966456146326404,0.7435345208476972,-0.6563553516927204,0.0,0.0
-1.9000607725155907,1.4483457886732416,-2.2128569453579483,-2.02585566112135,-0.4070005567623084,-0.705969239411544,0.0,0.0
-2.3127670740454866,1.1379415951661764,-1.0880540782059827,-1.3210621306099772,-1.7111331334986257,-0.710382920513153,0.0,0.0
1.5983121381632064,1.5239312504209575,0.3741179952522387,-2.2282362392489485,0.7463255146356668,3.16233661804766,0.0,1.0
0.44010323120016637,-0.6304821445866309,-2.1500919212185576,-0.18475114254405278,-0.7715773644049347,-0.24145768948909055,0.0,0.0
-1.6808048233722483,-1.2056493190076518,0.9384501735606345,0.44459564725494083,-0.43310697075214366,-0.7039600992899014,0.0,1.0
0.14325142100528204,0.016929551421408354,-0.15851748283563155,-0.8438993579461199,-0.9025142880057445,-0.43944700897484895,0.0,0.0
1.6343553715155927,1.8621938606770454,1.1060222047197177,1.154765653461506,1.2084435259192274,3.419617172221085,0.0,1.0
-1.1635409582716305,0.8633656817748621,0.41563090017599735,-0.6115698962432682,-1.2135022338024892,-0.6890615229638242,0.0,0.0
0.12898408697327957,0.35848761884029345,-0.5073376256536393,-0.024614208328333154,-0.8397067743292803,-0.44222708297758134,0.0,0.0
0.6618503081719054,1.836728162750549,1.0289235257049028,-1.2870563585521404,-1.4586060650120098,-0.010238818330724608,0.0,1.0
-0.7073727200154888,-0.573312867585918,0.280472490839969,-0.2795974067651038,-0.7881362422332998,-0.6551348990395408,0.0,1.0
-0.4255967413683628,-0.5713083329515363,-1.0560967033602109,-0.9616128562499842,0.16887421784849774,-0.6155648507803354,0.0,0.0
-0.2549091316921161,-0.29849174993843425,-0.8633865074703196,0.1264781712325107,1.779020631926214,-0.5815347841839384,0.0,0.0
-0.3965839820054205,-0.6271117091888584,-1.0524519776352312,-0.7576236112255783,0.7497265048849624,-0.6109319738715537,0.0,0.0
-0.7009306131549516,-0.31122964638128636,0.527000999240998,0.9158530881148735,1.2148658850833463,-0.6537632229586726,0.0,1.0
0.5270317876354765,-0.03763660257527312,-0.15197766264933937,0.0695042897794744,-0.8572163885193281,-0.1641720360546485,0.0,0.0
0.9892186253611905,0.9397014115966692,1.9484475868770315,-1.8689403270967235,0.05094625715009781,0.5684420301188083,0.0,1.0
0.2826446700738375,0.2495612775665281,-0.14273927502467357,-1.7669228349541712,-1.0227689341563888,-0.3577222382916498,0.0,0.0
1.5168840470139708,1.0313081348958437,1.195109769825291,1.6683167943998267,-0.7165575484164388,2.6281210196022466,0.0,1.0
0.03265204331874128,0.4482765806967069,0.7529564619972618,1.2595233948101163,1.401942524764108,-0.48911782480580773,0.0,1.0
1.0110843843663149,1.8356087530480112,1.1274799053390567,-1.8841707453656238,0.08224436905069654,0.6191673327626571,0.0,1.0
-1.5423004870178212,-0.9373854452174373,0.5590838448179859,0.6405011965087716,-0.3516069089104862,-0.7022099061534325,0.0,1.0
-0.8872338518472342,-0.9870904609106618,-1.1462929942671631,-0.2530412560858232,-0.01841928689347786,-0.6709574839305008,0.0,0.0
0.07122379990254495,-0.13365064173005028,-0.4505272715518698,0.06381651927931657,0.18655471794112397,-0.472693023739914,0.0,1.0
0.9920224996353866,-0.5733236881310726,-0.8889212969394871,-0.005919995531741566,-0.24232046420220976,0.5728255079207702,0.0,1.0
1.2211312167085575,-1.1416176101758002,1.1393683266406038,1.0051427983918957,-0.7451158959782225,1.2384577530904355,0.0,1.0
-0.6501595284006726,-1.6158331193832247,0.8371474859529685,0.7721392252769927,0.524559862890896,-0.6492170411478083,0.0,1.0
1.3322368753227805,0.8176539504448195,2.0467200277316038,0.3589277562412854,0.7435791265584665,1.6738582298040279,0.0,1.0
-0.18753139216574816,-0.10631161805499065,-0.8113329395709205,-0.5976531926826633,1.5086429179325536,-0.5630482082962243,0.0,0.0
-0.07383055286021359,-0.4620502897734361,-1.029078857104076,-1.5939445780564074,0.6710938432799897,-0.5299973731861622,0.0,0.0
-0.13949826801888887,0.8641787391250809,0.9211527222331782,0.7206032765761454,0.7027454573120586,-0.5489458416114532,0.0,1.0
0.2956959860632567,2.0718398386346095,0.3599048701433075,-1.3645402869644638,-1.7391155563042675,-0.3504562176977163,0.0,1.0
-0.376459154246517,-0.4712734559049543,-0.7593436275259705,-1.6336888200536692,-0.3232709441357175,-0.606355032005515,0.0,0.0
1.2994902206906884,1.3391354193067966,2.0175343982353464,0.26542616213070125,0.9533905176345961,1.5377967731029607,0.0,1.0
-0.1627761401668089,0.20745277332201745,-0.16320392665104855,0.7490710175011575,0.6557531563497893,-0.55552502953403,0.0,0.0
-1.6356921260300255,-0.2930768484129426,-0.07086722058171872,0.17878884581510962,-0.06650311267294225,-0.6995072248746524,0.0,0.0
-0.11698352425049692,0.4145817022393916,0.15000339585576056,-0.5565434294748394,-0.9825297278879349,-0.5450439713962872,0.0,0.0
0.3698827334113949,-0.5433835583705321,-0.4547624264200847,0.06955322119891431,1.2869757243396442,-0.29770725545586046,0.0,0.0
-0.7602893630476284,-0.6291739828674723,-0.09912211926372702,0.10278016505661551,-2.677908057735938,-0.6585186356694177,0.0,0.0
-1.0188961168538049,-0.7369520173358614,1.0764771523472565,0.5815934770718107,-0.8813053099991492,-0.6804355425680697,0.0,1.0
-0.6862533493713172,0.424890871608968,0.755679797536684,0.4637507259867157,-1.2650869655257313,-0.6540106968839123,0.0,0.0
-1.2094894170359012,-0.46316057034605296,0.9394081173634884,0.9734429150047526,0.6766358497463041,-0.6913789343002901,0.0,1.0
0.991201531018891,-1.4828964867260594,0.7220043539117811,1.3366863635291408,-0.24096145464798271,0.5688160735032197,0.0,1.0
0.9258793072275786,-0.5002291735783009,-1.11325415712928,0.6147006311977818,0.7240836904267904,0.42777398045997866,0.0,1.0
0.42697443293691023,-0.20734191366300148,-0.506931169680986,-0.3329551323745159,0.14943131693515857,-0.253368163021726,0.0,0.0
-0.5438044101105126,-0.24497951303908677,0.6223800201426035,1.0323589364687622,-0.6548963376335569,-0.6365074238246842,0.0,1.0
1.147326560625001,1.573303835227104,1.0434824687101476,-1.541480187057363,-0.7378696378145925,0.9943692511163015,0.0,1.0
-2.1408375649830584,1.428227915481557,-1.3208858139156454,-1.5975428172619754,0.3966214420976867,-0.7106151525901868,0.0,0.0
-1.5755288212890808,0.48336589781104533,-0.7954058590430473,-1.1821401480659877,-0.8668655136678706,-0.7038901286757981,0.0,0.0
-1.1968287564314373,-0.21644417214050837,0.616325436702,0.7165286949160325,-0.10855414064626578,-0.692504244124652,0.0,1.0
1.2483902606855948,-0.5032545839140811,-2.022995247755502,-1.449691738123631,1.861538619701857,1.3384286733669704,0.0,0.0
0.6679687806445683,1.2879396706787285,0.8015424371032677,1.1332975247519381,0.5904918550596451,-0.0011740451190546904,0.0,1.0
0.5360179791383609,-1.6870499542315665,0.5705500507128025,0.368476288215307,0.45636339025592454,-0.15325946318336175,0.0,1.0
-0.25991384600297746,0.8729205896015673,0.6052334131846789,1.022418432865021,0.5888904724132797,-0.5835448887909364,0.0,1.0
0.17776321604856762,-0.5480335284724344,0.6828100957656679,1.350723742567971,0.6805487047677721,-0.41938561353876563,0.0,1.0
0.7889223271192596,-0.18514856670914534,-0.19491399540622376,0.28751899672009285,0.7990999491947487,0.1755903137041602,0.0,1.0
-0.5095030770661785,0.6620601824200676,-0.03281854065161761,-0.43607542232452917,-1.6039049700416945,-0.6320431590587876,0.0,0.0
1.029239536084173,0.921179726069914,1.257989432914776,0.7362764174649978,1.1919170150028167,0.664051950192849,0.0,1.0
0.0018931080040423625,-0.0771724566851406,-1.3537293007236004,-0.23422449689915112,-0.8969404840193749,-0.4968606234821673,0.0,1.0
-0.5549667574576921,0.18860980727465426,-0.3191828089367535,-0.7059997488522364,0.1626175543304724,-0.6370015147640724,0.0,0.0
1.1035552560758033,1.2976218184480803,1.984099928733351,-1.4658541145731683,-0.6410436024047199,0.8641272761987658,0.0,1.0
1.22456029834056,0.7488460102465521,-2.0133923267956573,-1.5602099114520007,-0.6719118337401095,1.2546470199271758,0.0,0.0
-1.7329915462349708,0.8723707911706364,1.9092938433958013,-0.026634756876515835,-0.3305124070452674,-0.7066212325638309,0.0,1.0
1.0372969822032703,-0.5688044170709077,0.8658430020381933,0.6692305994515395,-0.48086204339559896,0.6842755836942414,0.0,1.0
-0.4689607799373796,0.49467241016445956,-1.3713567013507386,-0.8602239780762554,-0.5893165865038305,-0.6263490110765711,0.0,0.0
1.3868999922357639,-0.9654453629677276,1.0172689331235965,1.2585849525715158,-0.6444848899057137,1.9232425720072326,0.0,1.0
1.3148599758708854,0.9167990772532478,0.5811390570944244,1.4880741035058023,0.43227445953403354,1.6003421840565013,0.0,1.0
-1.6748753238532947,2.0330271826231536,-1.653126384335922,-1.2911856076783568,-2.1776755709391775,-0.7045808123295676,0.0,0.0
-0.0725456026691068,0.23138166611946176,0.4905693288988745,0.0319556403437791,-1.5467683292661087,-0.5284698571137989,0.0,0.0
-0.522598700762513,-1.0555242893663688,-0.32937982981072966,-0.15985757473909729,0.5135731161809292,-0.6340149717410176,0.0,1.0
-0.954707930982097,0.5514625472181722,-1.2952775372462904,-1.1670679592960922,0.27429344905101116,-0.6787011526254432,0.0,0.0
0.683650767825018,-0.11764323780653957,-0.9551983953767667,-1.8024321980559852,-0.17039433761540232,0.020628729637633948,0.0,0.0
-0.6492202134625656,-0.45206390709199124,-0.5501311532973778,-0.32211256274808897,0.12659829814554602,-0.6512373025620813,0.0,0.0
-0.6028412048263113,-0.42554492640657976,0.3486500485818372,-0.06764037386226683,-0.24239604661495298,-0.6426503320587107,0.0,1.0
1.5412853477653843,-0.6764798259793428,0.6529322411273961,1.8305861842147098,-0.6772026797993721,2.777342036881754,0.0,1.0
-0.6543907246415533,-0.7180954766798149,0.07532715065554818,0.8421029853377637,1.3561659809742206,-0.6498654172543185,0.0,1.0
0.6700258246921494,-1.4351001132854742,0.7204860962149782,0.2604601561983505,0.3353091849143895,0.003762662812436246,0.0,1.0
-0.9702220009237665,-0.4997179377592024,-0.20829941200477184,-1.0130883562343662,2.7668998037878225,-0.6781584549313601,0.0,0.0
-1.4473894379975096,-1.6064273645621456,-1.0792888721712648,0.30972650564498466,0.5775125824161859,-0.6997099365360051,0.0,0.0
0.34886316650860705,-0.5149579880868346,-0.25455174268664,0.4604636120537923,0.4524762192001989,-0.3165810251809138,0.0,0.0
-0.041546561457402376,-0.7809186621611287,1.3492140517788254,1.4180828291226693,0.8095868015846959,-0.516681865006696,0.0,1.0
0.1591656186606374,-1.8216712777564181,0.3797916316165364,1.3412012952148762,0.7918501294879998,-0.4365018261912249,0.0,1.0
1.2259998731722386,0.16061585285810062,-1.2818652317206267,-0.4563077585185966,-1.24040535687115,1.2562978298137208,0.0,1.0
0.46956675071456727,-0.45236249925682426,0.09454904029504856,0.5329956372487628,-0.18124034699079097,-0.21677098878044287,0.0,0.0
1.5994687345838363,1.278163946516226,1.0295684306549993,-1.4423506890501474,-0.8279565138669724,3.168796154075588,0.0,1.0
1.5290452287531935,1.4492316724791672,0.4225809132302905,1.7894965744630515,0.32108460981502834,2.705761780540183,0.0,1.0
-1.382899587910927,-1.1928356039348071,0.47129939371157525,0.5685551389377176,-0.43343033955497146,-0.6978805691658846,0.0,1.0
0.47616088234730947,-1.567409346303869,0.7324753196131075,1.1547420797863026,-1.0360625628659013,-0.21139758301338954,0.0,1.0
-0.15319492845671384,2.3362108362956184,0.7306930595682352,-1.3838975327566605,-1.7017104119392847,-0.5532529154288598,0.0,1.0
-0.7327187553972139,-0.4957980446818849,1.0367349855738013,0.9126627158073016,-0.42173687072112903,-0.6570706197960666,0.0,1.0
0.5653050113750977,-0.8111397392330116,1.2013774852770904,1.9337045490041898,0.7470042405793462,-0.120379464369957,0.0,1.0
-0.39666025640627395,-0.33781921977302315,-0.03246438387531258,-0.02300437277704205,-0.04603549749780923,-0.6120859055162152,0.0,1.0
-1.035383129577965,-1.0264529164022935,-1.3565465308548683,-1.1316740596316828,0.5218405968239961,-0.684656987066406,0.0,0.0
-0.4845201239409363,-0.3701523283046163,-0.669494624605524,-0.013107075136351674,-0.12069781715186877,-0.6258542518967509,0.0,1.0
-1.1894887161496481,-0.7973638660860065,0.8639579802991252,0.5432908465891669,-0.7367316573355089,-0.6912512481805144,0.0,1.0
1.366161500718826,1.5063238215984764,-1.9377063504249454,-1.5893734329811342,0.06175581371275983,1.8273123799566584,0.0,0.0
-0.2067692224265137,0.945391966129249,0.9413944589444481,1.1183538594942353,0.23928140581369242,-0.5720742628375715,0.0,1.0
0.18997348436967637,-1.6637220646307904,1.0048553542545207,0.3815776402469679,2.839423898212063,-0.41416287777314653,0.0,1.0
0.5169853122018965,-0.0593006731606103,-0.6652846701795287,-0.34354851223656424,-1.1465845739336509,-0.1720852187627666,0.0,1.0
0.7933472385121004,-0.6465259964239449,0.771313194036343,1.112979913866967,-1.1207306990425077,0.180901193249279,0.0,1.0
-1.345798071238669,-0.8715053117308984,0.10209046292418666,0.599652776797397,-1.751477271166196,-0.6953272241244712,0.0,1.0
-2.107801576126939,2.2007066876370383,-1.3449204152945047,-1.4166614825817203,-0.34008233270952304,-0.7098489665087531,0.0,0.0
-0.6753155818971813,0.370445561198074,-1.3058117686900168,-0.7759720445669949,-1.416513562734425,-0.6554339063897291,0.0,0.0
1.4679190832743352,1.6723118552587792,0.7771672850068192,-1.2806325749619556,-1.1386783973072665,2.3428930902358696,0.0,1.0
-0.6788941775275059,0.04795294130568083,-1.023719464802928,-0.833544416002558,-0.45987990044545035,-0.6542455752239624,0.0,0.0
-0.36292210060925884,-0.9317028656477591,0.7046651489087775,0.5255494944188269,1.5396487523811944,-0.605411090578604,0.0,1.0
-0.5807940696871963,-0.6825622053549695,0.8109321105788261,0.7796954332940842,0.11675200159537738,-0.6403643992649548,0.0,1.0
-0.5906091698668874,-0.42892814851355165,0.28632114748248,1.0708198875786386,-0.9526132795882192,-0.6441001282603911,0.0,1.0
0.34645676471324505,-1.116624440575203,0.8456818482602017,1.4955789067460814,-0.09069408581934586,-0.3172919971766051,0.0,1.0
0.49607850041672225,1.6966458490368728,0.3767942803818551,2.0079069894765036,-0.10244268981040877,-0.19284362974092414,0.0,1.0
-0.26402354883491075,-0.3227478730469419,0.6239517504309585,0.4910976358637588,-0.4493928797148721,-0.5787383745383934,0.0,0.0
0.6287015103091892,-0.27954109254472687,0.8616791636948083,2.0320990273394233,-2.429168257540935,-0.04821823014484486,0.0,1.0
1.0045260064187893,-0.33582631230158577,-0.8915098907785258,0.48014901334717747,0.6691251456141944,0.6048916055903224,0.0,0.0
0.3754162934700212,0.9524682983347706,-2.1425316529759333,-0.5911143051035594,-1.1415069892586256,-0.296486419813087,0.0,0.0
1.1670290717258056,1.2010270725631722,1.4505341518200694,-1.0869063648382866,-1.7441935521482974,1.0546803610156141,0.0,1.0
0.5958062437485638,0.19456591895185485,-1.492408672045667,-0.15428105030250122,-2.0465221853790307,-0.08732058285284454,0.0,0.0
-0.1578366841881181,0.9231747004773649,0.8651945117060167,0.8180548974661885,0.5348177644464949,-0.5509501483364119,0.0,1.0
0.47973551798949793,-0.3746099917709556,-1.4882532113903606,0.012290660903704047,0.19947782364806843,-0.20852158657015812,0.0,0.0
-0.4355145876730373,-0.12312302051459134,0.36716514355853935,0.30702998601326936,-0.3089658668493304,-0.6229410718353724,0.0,1.0
-0.40059482519711,-0.678070805485739,1.1003644429405977,0.8050365854306993,0.46326432049955646,-0.6118055046425054,0.0,1.0
-0.490013292539465,-0.8692741257834439,-1.1317933171391472,-0.9786801228805763,1.1386283574141554,-0.6312073402595071,0.0,0.0
-0.078013819719931,-0.6887874867591562,0.6914003651613937,0.8426848181114857,-0.5201510478356959,-0.5292346647899853,0.0,1.0
1.5141962279340173,0.1642472262137135,-1.2841341408433857,0.3038652248304262,-0.631116617101676,2.611794836928705,0.0,1.0
-0.08644764501047811,-0.5173738507668016,-0.6581075956616879,-0.02378351283270335,-0.7206110235661086,-0.5368031251724837,0.0,1.0
-0.7002316629650422,-1.1373076511984486,0.8070588506743576,0.7636621346614048,-1.1643860704553604,-0.6539788709628782,0.0,1.0
1.1593750927144955,0.017136615147513704,-1.2537822309754938,-1.1223012448204215,0.3136234844467293,1.0278975462633373,0.0,0.0
-0.48581062944781045,-0.19050760262076555,-0.2997130960782651,0.10410145894820776,-0.8317964956071705,-0.6228499707597884,0.0,0.0
0.5380136373951586,-1.3820006931737006,1.139429968267334,0.9319106789855369,0.008544606443973415,-0.1502061070491291,0.0,1.0
1.3232359422697793,0.6109023334520882,2.007642336062726,0.41027001915382766,-0.01032092197770559,1.6362684611082798,0.0,1.0
-0.6158397396194321,0.4524362261856787,-0.9438162376004947,-0.6566447442196724,0.4891008736899337,-0.6465353681088606,0.0,0.0
1.1917738567459417,-1.1827927015130495,0.42795350015270717,-0.4101877774107605,-0.17009839947731079,1.1347501495796557,0.0,1.0
-0.2609739576675447,-0.1129586552802311,0.18053966812831587,0.23856310055279253,0.1534893063465406,-0.5843020105183209,0.0,0.0
1.4239284380156785,-0.009242750109900815,-0.9088887406117699,0.286517748258693,-0.2588811594319429,2.105010919313019,0.0,1.0
0.9190868711279139,1.7760328132793013,-2.050284873553585,-1.3160147873244612,1.6415379012929632,0.41366423223049675,0.0,0.0
-1.250487381167349,-0.14532940887837678,0.051920624872031806,-0.35646461225167625,-0.611742979781938,-0.6892299898722971,0.0,0.0
-0.4212273894398663,0.4452127898539416,1.2059391775395376,0.7819830694595921,-0.2881772526257027,-0.6156986293382587,0.0,1.0
0.26772710746141565,-1.4539168450097004,0.9720882399135706,1.4726871287123275,0.12094842926429912,-0.3700358817076904,0.0,1.0
0.5065973166604113,1.5484464554520934,2.0812921530023987,-2.140484227061998,0.6424592086175385,-0.17877161209365372,0.0,1.0
0.3064854588241495,-0.39676192409442956,-0.7965836289564743,0.27923766828922336,-0.2351964409653479,-0.34472009734354264,0.0,1.0
-1.3668588583453631,-0.514481900636568,-0.8787170481281313,-0.8310662425221763,2.7704596568982445,-0.696320039281181,0.0,0.0
1.4775051956408667,0.39793987704256256,0.89803579664302,2.1237019578966336,-1.6313374964415472,2.3968178486141705,0.0,1.0
1.427864904932332,1.2893460326335537,0.5185417604857522,-0.9081015840337536,-2.313014858419808,2.129177801496847,0.0,1.0
-0.06430848310060167,-0.22723973705781164,-0.5241005187254835,-0.9547742095631734,-0.421104515292765,-0.5244978446552571,0.0,0.0
0.4465707114587429,1.968882209217059,1.109713343702421,0.9500209405681833,0.9156171539827338,-0.23709229812002094,0.0,1.0
-1.968525013095387,0.31733956531966856,1.1495963198426926,0.8044149310418899,0.4284201301316976,-0.7082404714589704,0.0,0.0
-1.8238430096074594,-0.8417943090540306,-0.6428492107674898,0.13564849310641394,0.15460799367074096,-0.7046687411986303,0.0,0.0
1.529667631334548,-1.0768374509036995,0.16141371831003068,0.5338960942771194,-2.201526561799066,2.7059866452880605,0.0,1.0
-0.3950322716611376,-0.4097630721676393,0.009188608900695077,0.6099043834365169,0.8142641987505084,-0.6115610436384507,0.0,0.0
0.12003971300026173,0.02555230542664199,-0.04223821823863292,-0.007686058396295894,-0.5056251764979479,-0.4492132978865837,0.0,0.0
0.6332475683225585,-0.2411962655735037,0.10664967899549803,0.44255919844201563,1.188382654963947,-0.0468185827501632,0.0,1.0
-0.2889729994349422,-1.125659595149474,1.1854976151867969,0.5423702253995317,0.2612602320895117,-0.5882008725049782,0.0,1.0
-0.9854319778522548,-0.8121279707337761,0.7141213310837743,0.6418451829615123,-0.013412894971751677,-0.6808066637694616,0.0,1.0
0.5328622083550507,-1.222727080454953,0.7473666316617501,1.4233831353356727,-0.4078719126639184,-0.1567260560498348,0.0,1.0
0.9696281096915611,-0.13588295837929035,-1.218736898878363,-0.08051204569098257,-1.0697005391772987,0.5227955425880623,0.0,1.0
-0.555454469769472,-0.9480286751546335,-1.1212048227825788,-0.9539289289669257,0.4815289323953168,-0.6373372335949005,0.0,1.0
-0.5466687925623641,0.6291279227298469,-1.358853395609608,-0.831740208265258,-1.5478106987770337,-0.6369456934505442,0.0,0.0
1.6682122183212855,1.3219408084367086,1.7530180860517592,-1.3186543105188446,-0.6997560812652359,3.6891980120165155,0.0,1.0
-0.8224311695553357,0.021652065778890082,0.15520416483636207,-0.11420214742126691,-0.5154174940401867,-0.6681549009841921,0.0,0.0
-1.0456125857041005,-0.6512635917702175,-0.8589757722914264,-1.3973730825758077,0.8239467638095488,-0.6808837538936419,0.0,0.0
-0.6033312272137273,-0.9325255618872441,1.5389708402227278,0.8531588402690073,1.4189988796010307,-0.6436247147117037,0.0,1.0
-0.7788701684648867,-0.5485985000122584,0.057129035208625965,0.5069193492399805,1.493009830477402,-0.6618471505338014,0.0,1.0
0.6441063640332182,-1.3837202264249973,0.7780533691892837,0.5771581018683676,-0.2819288553328956,-0.030510422910975374,0.0,1.0
-1.4805773390636021,0.7535411640744852,1.1703502562086503,0.5772550119680877,-1.6013358756574392,-0.7013092084327492,0.0,0.0
-1.1590029653651954,-1.749840337861337,1.0204828673800268,0.8527454481541872,-1.7298090316921566,-0.6886290874802491,0.0,1.0
1.0805062171623814,-1.4336206532251972,0.4652376275297272,0.6324394309500345,-0.16327732044042315,0.7943579386857064,0.0,1.0
-1.2212871510860102,-0.6586806198251117,-0.6256330089502533,0.8850676398577582,0.9955976736494547,-0.6931263852081967,0.0,0.0
1.0363162671208503,-0.9705132392520143,0.9225929135732507,0.5587430595632228,-0.5876007633316622,0.681053756011683,0.0,1.0
0.20686005476532873,-0.023348090503097375,-1.1943166591784131,-0.20988596967675138,-0.6619098719076074,-0.40766975427441426,0.0,1.0
1.146204441388273,0.9391646287394954,0.7715625959644182,1.677034932216504,-0.38143023130696974,0.9893553595964281,0.0,1.0
0.06335334236757066,0.11017569335159165,-0.4757724093589843,-1.3225189970655815,-0.7591271512069148,-0.4760738860277062,0.0,0.0
1.216837901326179,-1.5002784991697606,0.9044765598313154,0.705471329204424,0.024818371299283302,1.2219134316152305,0.0,1.0
-2.5504834307357087,-1.9781301373701843,-0.9692733533304797,-0.10722515526020633,-0.02220974189337833,-0.7124993141720293,0.0,0.0
0.6129194160365664,1.100043431817198,1.662672414051371,0.2126910384279896,1.5763491933864886,-0.06528889480005019,0.0,1.0
-0.022821546764017705,-1.5708559627163239,0.3299142206116709,1.3827560154031073,-0.5349145849037039,-0.5094483378052833,0.0,1.0
1.2344499132277909,1.008977741735758,-2.5255624035945394,-1.3120291421287527,-0.38749676261250604,1.2847125594055013,0.0,0.0
-0.4410348880450891,-0.44302304822427746,-0.6493076173891017,0.02877699681209731,-0.07024013374457189,-0.6197959924657851,0.0,0.0
-1.249630595000946,-0.6821143900995433,-0.17439300939632793,0.8018868367922212,-1.0604005898009292,-0.6881506344193143,0.0,1.0
-1.7968365175688994,0.373016581562194,0.2594353964726194,-0.8558700732039509,-0.5876779480763829,-0.7054372545110099,0.0,0.0
-0.4204714722103318,-0.9045987979739911,0.7698940968633945,0.6769183932077119,-1.0949724565038674,-0.6107025759654106,0.0,1.0
0.7128046906329454,0.24405330271706663,-0.43473296947424045,-0.6954532211198758,-0.8284502345850245,0.06194013733051355,0.0,0.0
0.3836689244710856,-0.5660388258331699,-1.491470492143157,-0.06160785699815117,-0.4808955809453036,-0.29021605464164263,0.0,0.0
-0.17680145405575776,-0.20988243502956522,1.092414587005549,1.0557898255037823,0.2719668703257801,-0.5622725981444872,0.0,1.0
1.1180561290913682,1.618215144279328,-1.4499263780948592,-1.629417075633774,1.9664571776452462,0.9054159836089709,0.0,0.0
-0.5910094291468373,-1.4882606928384805,0.9073348536651409,0.7929999999791122,1.1214779303139466,-0.641964642989843,0.0,1.0
1.410526218479171,-0.35420327412130925,0.776409167241256,0.6931592080249157,-0.013353075685299708,2.0397933152001246,0.0,1.0
0.14914541174162,0.16628492624359117,-0.23917786940605312,-0.8388549752482536,-0.6690338230944539,-0.43489082476025165,0.0,0.0
0.6512874456592136,-0.2332547226833797,-0.28183788926857595,0.0776797321191011,0.04683553964709057,-0.0184308645070317,0.0,0.0
1.3165495322497685,0.7024296089107167,2.1824792839942484,-1.4765723924840182,-0.6949736806501375,1.6069629586537313,0.0,1.0
-0.11307142776421877,1.3001445030646124,-1.6481307456047567,-1.1299848122491254,1.0193756774998504,-0.5401492132713732,0.0,0.0
0.7561441628647955,-0.3898507109424651,-0.8842459334557891,-0.10826809086185525,-0.8836634662324456,0.124414079872737,0.0,1.0
-1.5589350108396398,-1.3800417509489002,0.39750207028332424,0.43781149938819575,-0.2738424684890549,-0.7013585350585578,0.0,1.0
1.3967448353967042,1.2253949509807593,2.128027008902158,0.6193089513918819,-0.09196729342398902,1.9735794013104482,0.0,1.0
0.27533943253185034,-0.3668055461598272,-0.37904518301321427,-0.06620061734128374,0.4609841027008731,-0.3626558601973248,0.0,0.0
-1.0932789124495228,1.3466761981291107,-1.472632744864991,-0.9389880193232917,-1.567433847669756,-0.686976477453136,0.0,0.0
-1.2506561668367557,0.6694996429201637,-0.5709392209980255,-0.654087226183245,-0.7884269342424706,-0.6919988468595641,0.0,0.0
-0.8210859170237995,-0.39068593671483726,-0.4265196770315878,-0.020756904137738435,2.0982583580329393,-0.663788301762655,0.0,0.0
0.4497373016160724,1.5535523456091576,-2.253152719807614,-1.0088270442255833,1.0539336778996637,-0.23217262032541278,0.0,0.0
-0.25322857360503853,0.009056513096586614,0.21709250223718626,0.5349747228019206,-1.7424533169029077,-0.5813915905945539,0.0,0.0
-1.6488575907080159,-0.30478980548702395,1.1490621783805248,1.0205143294643426,-0.3894098178732305,-0.7049988099554033,0.0,1.0
0.7914174310514556,0.18722959755202115,-0.4910797304644283,0.16558497019022764,-1.0361198862330587,0.179485162076085,0.0,1.0
1.5093482472746798,-0.7543579075257255,1.1169565144092042,1.1859618133746348,-0.4698467599445195,2.583316254264346,0.0,1.0
0.9706430120536738,-0.8102171604851357,1.1458674637885558,2.26538475261059,-0.9590259560608275,0.5262773710655522,0.0,1.0
1.0823612647350014,-1.4717373630321344,0.7224216121382131,0.040327304352406446,-0.24262561517767225,0.8023716017198866,0.0,1.0
1.1852067883224915,-1.9208463188495055,0.24542577425377002,0.20593599814991398,-0.05166182626225692,1.1155192094525463,0.0,1.0
1.6583651046253627,1.0615700536898258,1.27181660499197,-1.8087052564039834,0.10697113840903302,3.6071216502612677,0.0,1.0
-1.4202281617196262,0.3513213493723346,0.7861185853809087,0.1835283739968376,-0.5504295364781019,-0.6987540353793105,0.0,0.0
0.24024231677718652,-0.18089452457657046,-0.6915314362523317,-1.1593479349387474,0.7656250759105607,-0.38731751807381554,0.0,0.0
-1.065387805274373,-1.1992123686511307,-1.16157002937519,0.20878029744339843,-0.05829144278640303,-0.6864724945737145,0.0,0.0
1.2915371195684466,-0.8000215978300896,1.0448699899715872,1.0691943406219064,-0.7553965009095953,1.507023788824546,0.0,1.0
1.0827644602352668,-1.4119226100856783,0.35506963296300925,1.5153922966167075,-0.8862293046406524,0.8020414234226719,0.0,1.0
-1.1042574400075194,0.13916722290664107,-1.6151425798375185,-1.531519689282894,1.467394774290705,-0.6862288531879043,0.0,0.0
0.76565305486044,-0.09807734660791298,-0.5285392055101217,0.27273905836382417,-0.17869624671672438,0.1353574764229935,0.0,1.0
1.1316187119062815,-0.2128435048025765,-1.4330853030572381,-0.05387640780930882,-0.3354088793440771,0.9402551616866288,0.0,0.0
0.9415066879544293,-1.0320990033561332,1.1865213412109887,1.1848552461436697,1.161782814794779,0.4596711222248134,0.0,0.0
0.06088131950092914,0.8554986441335022,1.3946913921372854,0.5316143907252321,0.45899154278077514,-0.47740620262974753,0.0,1.0
0.821405625333138,0.5148361818351028,-1.6437889496817455,-0.29083721559767844,-0.9749700751714115,0.22978290207471666,0.0,0.0
0.723350020349879,-1.5378052690644706,0.9635385913542381,0.8163770202688659,-1.096066320433103,0.07465372285501096,0.0,1.0
1.303509882017916,-0.9685710514067966,0.6719124798515931,0.6073071269885641,-0.3441445900915853,1.5539390037999399,0.0,1.0
-0.27855411911807987,-0.3834178180654261,-0.44615980752687356,0.30051751895113626,-0.5972706060565643,-0.5847388278973904,0.0,1.0
-0.9791150887973666,-1.0069961299849495,0.15448599376188182,0.43296448770185775,-1.2979041544739494,-0.6774560849569179,0.0,1.0
-2.1262733517607764,1.0077804011886347,-0.5769475552012833,-1.1318456883017571,-1.8191483351948263,-0.7094044045406775,0.0,0.0
0.2856398651536968,-0.9545457878749477,0.7407859715604875,0.8182613798142692,0.025488022417084585,-0.35877546821452144,0.0,1.0
-0.03044655945898424,1.0303964130803152,1.6083692641392597,0.18491407172244642,0.7723131599543714,-0.5142726078939754,0.0,1.0
-2.1103208388400736,-0.4982567777962189,0.4276638034351945,0.6879651387543326,-1.7305312168275693,-0.7091089882958734,0.0,0.0
1.1173645865329431,1.0907237139721149,1.682928348900306,-1.718598154577934,-0.21828345414647188,0.9003281343013235,0.0,1.0
0.5717247537831961,-0.2400354758810682,-0.688652847221685,0.03125568317007739,0.35371926055216707,-0.11706176107833385,0.0,1.0
0.0801774110397742,-1.2948154622554797,0.783206254665498,1.6071965985965933,0.13573997520279477,-0.46773142750208796,0.0,1.0
-2.3705956171548475,0.44986334978982967,0.011909604101451497,-0.9148185228573625,-1.3710389580314155,-0.7110415927666678,0.0,0.0
1.2554205424724052,0.049763417402363105,-1.0236851091297414,0.10144318906921877,-0.9267093128390083,1.3641274176340277,0.0,1.0
0.8748438542417046,1.140728610471533,-1.424747227228242,-1.5680641470315024,0.5644641177663801,0.32839051589904733,0.0,0.0
1.1232756787270226,0.8910398278463056,1.1446047623995386,-1.8635302925039556,-0.3744420117840888,0.9222381251975219,0.0,1.0
0.6488346049632893,-0.2614808247651969,-0.8014977644114505,-1.3562590968961343,-1.1950481000544602,-0.022177899649676144,0.0,0.0
1.091163424683635,-0.07772535370152464,-0.8871163205521212,-0.2604151408665519,-0.6403661374699898,0.8266187740003799,0.0,1.0
0.1935823730155925,1.9102045200355073,0.5275190890264703,1.3125683922570985,0.9903278788417184,-0.4171586739470396,0.0,1.0
0.3856535922268158,1.155335371903579,0.9576362712689442,1.1420359738335524,-0.1130522545150365,-0.2865051733492102,0.0,1.0
1.1049496018938154,2.110929776004621,-1.9963675570180406,-1.4674570679254573,1.847999282506437,0.8647980745272826,0.0,0.0
0.21074211550613176,-0.7205335216402272,-1.054080572555268,0.5832378009543101,0.7767946652607771,-0.4031746258882827,0.0,0.0
1.3228410050440897,1.083879700558778,1.9605721744951259,-1.14900538551115,-1.2486174532049266,1.6351358143315673,0.0,1.0
-0.8404449986961472,0.019224756572031435,-0.5822904068995631,-0.10207876971428725,2.2385211462679586,-0.6641328831992585,0.0,0.0
-0.8429395044341017,0.9299003814302684,1.538317001600868,0.07853781123590808,0.560774764794062,-0.6668337719935044,0.0,1.0
-1.3741416133386573,-1.223412848024001,-1.3287739507598042,-0.4058622187841599,0.9447049999805532,-0.6943366357941306,0.0,0.0
-1.3570983474782707,0.0383376360616161,0.5121480163573676,0.04391631225687628,0.735881253397361,-0.6973000359628201,0.0,0.0
-0.21791940812908428,-1.3453400198851069,1.4919707265879631,0.9752760178573687,1.4868255617217114,-0.5718018645602796,0.0,1.0
-0.05926150247518114,0.8036132871337839,0.8264737700198733,0.8672285552892152,0.8906163952511185,-0.523193468098229,0.0,1.0
-1.1497729221782471,0.5596957709798944,-0.8258418034959707,-1.119046841495474,0.15356390502319667,-0.6873194898337945,0.0,0.0
0.07274565459732697,-0.1513279256704196,-0.37949337608946654,0.094428456708368,0.11098442223165296,-0.4696078656074246,0.0,1.0
-0.8623602584825935,0.3232790416247012,-0.2568579514136424,-0.5353385226702068,0.22222184673357648,-0.671111984509653,0.0,0.0
-0.7832429721944801,-0.4193378298800852,1.366020679596791,1.1213643063695202,-0.41347926072796964,-0.6638490237478052,0.0,1.0
-0.06662727776362093,-0.651239852068562,-1.1895492090483322,0.8103942413270302,1.0841383183849669,-0.5274775362005808,0.0,0.0
-0.1858559312340227,0.19486716637061732,0.5709556938404462,0.45737375483970766,-1.4340624877974846,-0.5664215053631716,0.0,0.0
-0.06430237688041492,-0.2639878953441668,0.22473190620964253,0.4904032195247201,0.07934246137279759,-0.527032754994229,0.0,0.0
-1.1516551617452135,-0.0304218217035575,0.9208585463919629,1.0330755499543554,0.7571787636938347,-0.6875853451787859,0.0,1.0
0.6484575532094113,-0.8978297109890883,-1.355664134421004,0.999209654662072,1.5798897101926686,-0.026005478537449805,0.0,0.0
1.0706275243758145,-1.29506848576952,0.6935648765207019,0.8478605303535045,-0.950225021162882,0.7693113372747177,0.0,1.0
-1.1898666654692986,-0.1658723038438814,-0.16961525409603156,1.0752140850448122,-0.18832429198072392,-0.6925589106748186,0.0,0.0
-0.02209133947655893,1.040232217862856,0.9733626387124317,0.8120503594825814,1.0062372209450354,-0.5130457129511633,0.0,1.0
0.6524527167927626,-1.0106121552124316,-1.3870653951524852,-0.2184727248724522,2.8437528124980167,-0.023697888261599714,0.0,0.0
-0.20509313267970689,-0.6623990046979954,0.3132322485625568,0.7679485011979017,0.0018253577385920618,-0.5684590349722823,0.0,1.0
0.8184649666066859,-0.46998209233890126,1.8383846061265197,0.8664716991985526,0.7314537341847468,0.22057675875286814,0.0,1.0
1.3426464053718339,1.5349921208650625,1.3702851762826893,-1.7847121516166273,0.0462223237756447,1.7200548065373622,0.0,1.0
-0.985197012323755,-1.239147737766926,-0.13014169752429788,0.09558667236261648,-2.1629273331648933,-0.6788925921732337,0.0,0.0
0.5240259629365963,-0.21679003768258961,-0.7697756322320148,0.38748753865970115,-0.47361719296101357,-0.16432602993980158,0.0,1.0
1.3334054432638809,0.810173093565818,1.463012717650267,1.278591682506855,-0.5566464006544484,1.6841965493051285,0.0,1.0
-0.37597446923597655,-0.10292445566140032,0.7248817140784279,0.9079315736010627,1.0158235428444453,-0.6069125889566203,0.0,1.0
1.617615551314753,0.04965172325295305,-0.9883781581407084,0.5942268217000779,0.26153624388127517,3.2960896855887434,0.0,1.0
0.6679236849670056,0.018504211902748015,-0.7077306923077656,-0.5200738709722514,-1.149715996607798,-0.001976133950243945,0.0,0.0
1.035645060074513,-1.0171403333123266,0.8682723087510491,0.9606586504421238,-0.355417220957918,0.6763116155122679,0.0,1.0
1.0612220128497225,1.2626952395599813,0.9919756152240904,1.3352053138340716,0.003398655931793186,0.7472263020280714,0.0,1.0
1.3956041701727409,1.733644056371208,0.7586058189465381,-0.603823464602334,-2.6761142811331795,1.969804345247854,0.0,1.0
0.01085269054266769,0.5411440179235152,1.3983506523744085,0.5244446956079271,0.3217042394087827,-0.4972642954006224,0.0,1.0
0.9020459907165542,-1.5513005873802617,0.7270948513048499,1.8328862942955753,-0.9650883016340631,0.3779448999547337,0.0,1.0
-0.7028647853035627,0.703222579277454,-1.6042715646793508,-1.1382322684939516,0.5114076075356381,-0.655824978517127,0.0,0.0
1.356301292839847,-0.7310624008458346,-0.9779463439870008,-0.07452835030120877,0.7429812635511306,1.780637473616229,0.0,1.0
-0.6228245235328047,-0.07089747287045317,-0.2931422877127703,-0.34557857490809407,1.085765210242326,-0.6466579508272687,0.0,0.0
-0.7623774342207491,-0.2883483012367908,1.0038672393631443,0.8262973549977084,0.4997751412078781,-0.6610285099228692,0.0,1.0
0.07453556501527732,2.549860699427056,0.29017148670026316,-1.1282630636669864,-2.2895217131961165,-0.4702322387886104,0.0,1.0
0.870195702606517,-0.36905718219439626,-1.0095468475469231,0.15585198265020153,-0.6094661762666294,0.3166844118201222,0.0,1.0
0.5020436640067489,1.0822455439062868,-0.20041335170973856,2.2695156921133535,0.050032197918496245,-0.184512790999185,0.0,1.0
-0.7193265345297591,-0.3005153501059394,0.5489330301882211,0.6065676087729324,0.7317058057353643,-0.6569633928485091,0.0,1.0
0.3068569257461878,1.4791660728740383,0.1332714320505007,1.9686003409798492,0.036416410645254915,-0.34180737074768314,0.0,1.0
-1.1514780030293803,-1.4111897669764022,0.43342348047962,0.6149028948041418,-0.8268694013997868,-0.6882355475425923,0.0,1.0
1.3168886971391274,-1.4297611589229169,0.6171746279580571,1.2763748015799619,-1.7229379102266247,1.6139534414407166,0.0,1.0
-1.4812879183758096,-1.8524234343981234,-0.873769721912427,0.6560347311415975,1.398803509032479,-0.6985569596292814,0.0,0.0
0.8439911716796248,-0.43819258111943094,-0.3136656390125081,-0.01603414622726211,-0.39159795512420575,0.2712354533099543,0.0,0.0
0.12194777058144518,0.28683230990894154,-0.5299656955622808,0.6240890961302861,0.17800821661899738,-0.44816604239562713,0.0,0.0
1.463533368512061,-0.42642148973519484,0.7117468123240747,1.6991197053274179,-1.7937646806516383,2.3216984448730233,0.0,1.0
-1.4107906620822832,-0.9098066359022954,0.3083456246368156,0.5852253401149007,-0.8161107714374052,-0.6966974873415471,0.0,1.0
0.7701978015546954,1.7291936415712448,-1.8568213494474959,-1.2538201519790286,1.5806144197581313,0.14578704043223548,0.0,0.0
-1.1160569969513838,1.063422326053766,-0.8934203172532117,-0.9657791449874661,-0.9980417243370746,-0.6847498490226097,0.0,0.0
0.5619373420650762,0.8496209281879581,0.9526644383013336,1.4689480630357765,-0.5030402030282856,-0.12599151305499903,0.0,1.0
0.3042941688444905,-0.8021614465486753,0.7714670940766069,0.6277178361978094,0.689407264345889,-0.3489890438697917,0.0,1.0
1.2979243239084162,0.8279508878238369,1.2288906379426343,-2.2233461026535863,0.5605006758503214,1.5289824083470285,0.0,1.0
0.310637536767564,-0.173857741746848,-0.9282258794242292,0.3415436718909313,0.17002892780631879,-0.34191403143146504,0.0,1.0
0.41707256468560683,-0.2535470551613831,-0.9116378712634867,-1.2802738350642549,0.6083345244339713,-0.26171602233142177,0.0,0.0
0.13560209610985138,1.1502842556383392,-2.007868248791954,-1.0971870761214448,0.7528850555768739,-0.44393062746882794,0.0,0.0
0.6135238122164788,-0.3873738883525516,-0.4140451963262185,-0.1556162573903724,-0.25076102635982767,-0.0701730104420932,0.0,1.0
1.620853312851491,-0.3407721346304284,0.6303303639507939,0.39187549244382114,-0.4678331232698016,3.3236222879654482,0.0,1.0
-0.3669360417857214,-1.2460674382747303,0.30575232579803346,0.6541236387736916,0.12807784315468135,-0.6042679335683749,0.0,1.0
-0.7742992384124321,1.6200105043817215,1.6827872345368848,0.47290349668487025,0.6750165460015949,-0.6650404884278057,0.0,1.0
0.3073903960346838,1.2340554449353205,1.558315737240847,-2.1655675064448174,0.1813601214276766,-0.34432510718071463,0.0,0.0
0.7006801653142211,-0.832700989203661,0.847661367914412,1.3313305478266328,-0.1564769081541378,0.04540678107221412,0.0,1.0
-0.4916984003271728,-0.314310746543778,-0.2884511896478501,-0.22643790473648184,-0.8320535500151741,-0.628454685797112,0.0,1.0
1.3656794160662293,2.079863334414801,-1.6482978348795967,-1.6524387354936247,2.0390560788730845,1.8207230180900909,0.0,0.0
-0.454431249970039,-0.02190854078176988,-0.24218806090987707,0.015897794907844136,-0.39579214174639943,-0.6202284789854299,0.0,0.0
-0.84366708962258,-0.5740917296580748,-0.29381399808165093,0.6862257234022181,0.3097976101825323,-0.67225761173631,0.0,1.0
-1.595265801071,-0.5206389205887921,0.7172327585527465,0.9216683061913756,1.4304142827492439,-0.7024905016851952,0.0,0.0
-0.05368465646904866,-1.4494699658585082,0.9953810297293263,1.2369090574587758,0.9655984166385075,-0.5219649453788774,0.0,1.0
0.12417233460402038,-0.7273294290218236,-0.3487780238999183,-0.09126552639093252,0.6106707422248222,-0.44741803176301714,0.0,1.0
-1.124419932992806,0.24435927206778255,-0.015415572330676064,-0.1505882518668989,0.9213167878720725,-0.6851939560447192,0.0,0.0
0.7768538671635589,0.6123590571332886,1.41061405396515,0.8080860110929075,-0.07804598187502755,0.15638716762425064,0.0,1.0
-0.2575391485474738,-0.3669505452991969,0.18654681767372516,0.8282644446432532,0.5636503166512925,-0.5827330248783036,0.0,0.0
-0.6260631927232683,0.6900843094654305,1.1415392488562925,0.3313567242375902,0.38689981765474224,-0.6465019420817683,0.0,1.0
-1.538790562220329,-1.0960598348191073,0.2225684375986521,0.45768810347434874,-1.3151903130971603,-0.7010833284117018,0.0,1.0
1.2340353627136191,-0.7701730978528836,-1.5002917469011603,1.249038374966134,2.148436919796951,1.2885726300288596,0.0,0.0
0.8028468401001485,-0.11621952928609923,-1.2592091835279755,0.1617192909150221,-0.6218448794636584,0.1977190359140457,0.0,1.0
1.367613651839978,-0.2834591224820941,-0.3692822261688939,0.2028802784167347,0.618232364194806,1.8345927387198764,0.0,1.0
1.4483802785222755,-0.8526602600725933,0.9746238897000908,0.48479286824305595,-0.23416940049533688,2.239435277582521,0.0,1.0
0.2961641816156324,1.055418888400885,-1.3962942200796886,-1.392167214980332,0.8591446530764622,-0.3513669464857897,0.0,0.0
1.6119227026177891,-0.4149180410102081,1.1010730743645045,-0.4714191950970295,-0.2598736710326051,3.261870887148043,0.0,1.0
-1.6685354932603924,1.0125226169435186,-1.107076944080483,-1.2681942176002376,-0.22921222971991762,-0.7076182479547443,0.0,0.0
0.33657328444271506,-1.7373103914204402,0.78002902450226,1.4923246708958242,-0.44766660972001754,-0.3229426212826779,0.0,1.0
1.5931530548153965,-0.24275905511731644,1.518154727013709,1.6600496889947274,-1.8684793501724606,3.125252090864992,0.0,1.0
-0.7920453279647798,0.16875647682437803,-1.3873363777279264,-1.4429792225857154,2.0200102232509933,-0.6646045879250879,0.0,0.0
0.3589236413282756,-0.47193921850618775,-1.402472382005549,0.026624707824355574,-0.7316176284045496,-0.30739265224126355,0.0,1.0
0.019043815686530536,-0.6723171503418324,-0.7601223014644489,-0.6272416828976539,-0.8587655738742093,-0.49586077824620056,0.0,1.0
-0.33258956834865594,-0.3331065305013691,-0.35355993842462435,0.2400916317318556,1.2395742563232675,-0.5996681536487777,0.0,0.0
-1.6045497378511315,-0.7157484387599976,-0.49223638899145616,0.050715268443150434,-0.1855499044820566,-0.7033107445522448,0.0,0.0
-0.2490966827447821,0.18081767512839197,1.0306132940413952,0.7595088567203461,-2.288027447593726,-0.5792767629158411,0.0,0.0
-0.5897771109645308,-0.6782374732595483,0.8791625079850708,1.0874801258954132,-0.8178300797972871,-0.6426530510709151,0.0,1.0
-0.8714358429317166,-0.5848373833101196,-0.7285021479502054,0.5717784210830859,0.43128895192904193,-0.669243368504027,0.0,0.0
1.0837641450017443,1.386632052328653,-1.3541436074156605,-1.6444487177130334,0.4898420606901531,0.8113514983113895,0.0,0.0
-0.6662873808773351,0.15568080326321812,-0.4926608293906958,-0.4620099819609729,-0.7170142733572392,-0.6511836606122231,0.0,0.0
-0.29497978095131766,-0.20708751541403975,0.08113152642511562,1.5088981189650474,1.8047619910796169,-0.5905671218363073,0.0,0.0
-0.06829087818548553,0.18238276746167026,-0.9285777307363469,-1.1158068525418354,0.9805480850929156,-0.5301051012364254,0.0,0.0
1.6577391203747887,-1.0145151155931285,0.6294810678675559,0.33108955304799326,-1.7099936744643587,3.6062049645180374,0.0,1.0
1.075472045164489,-0.9952151048836582,0.799533515096814,0.26629973888008596,1.0199146296823174,0.7829010887842721,0.0,1.0
-0.8110108771025503,-0.7385061282259262,0.5600040710279857,0.5695237469561565,-1.6111985814803051,-0.6670709694041009,0.0,1.0
-0.4526382852096039,-0.23810416831449863,-0.12152543592254607,0.26894240243521994,-0.6401059463255195,-0.6202796612410754,0.0,1.0
-0.49653685380420615,-0.6919271485564203,0.24259439689209755,0.6374548888228392,1.7229716366351144,-0.6319925221906606,0.0,1.0
1.2345560290970414,1.242564454773635,-2.174920382600871,-1.3492331488078853,0.42149989737835686,1.288930091987321,0.0,0.0
0.09348180640588412,-1.25118023080353,1.018716759065664,1.1540211562285962,0.48679960693689994,-0.4599375922407903,0.0,1.0
-0.3275427686656598,0.09637321625363668,1.0367135701364345,1.219020857990208,1.8152947649991071,-0.5952187221962765,0.0,1.0
-0.15325713039810016,-1.1765161058165747,0.3965064435633676,0.8838030446788036,-1.5493058938209845,-0.5527744428944964,0.0,0.0
-1.013279149839674,-1.5263551766864647,1.1284695410689616,0.6580746607369053,-1.1139525448984986,-0.6814541215264115,0.0,1.0
0.6137855131677057,-0.10673074396738297,0.18101872535695973,0.3763856473344979,-0.9778592867102912,-0.06827346728791964,0.0,0.0
0.4051812428117941,-0.6213675501332869,-0.7953352624134546,-0.5045590158519417,1.4204276590495446,-0.2681738855042576,0.0,0.0
1.3381731368063599,1.3181448683409809,1.5149728106436706,-2.7411273380698504,2.1079115442400664,1.7033425852038078,0.0,1.0
-2.0906980771408596,-1.3242973343901019,0.6818706576572002,0.2926928580562087,-0.43407986059588455,-0.7123399042552583,0.0,1.0
-1.3629721786228741,-0.9763001122552822,0.8552755439904991,1.1988640063078404,-1.109476886916127,-0.6962076128952516,0.0,1.0
0.5535846094163382,1.667760252366128,0.636904164425892,1.223546745808734,2.1118021244128347,-0.13450106610819754,0.0,1.0
1.1537247203206573,0.6383300076682402,2.3179895020935413,-1.1634708731978816,-1.3928232661792663,1.0099107058114793,0.0,1.0
0.9867474870013683,-0.9604173786298544,0.584003478004444,1.5608919366660639,-0.8106115837449287,0.5603405910163809,0.0,1.0
0.1402317852926095,-0.6137091334893386,-0.23063706903967546,0.06988712992971778,0.11171797248074691,-0.44072710204315474,0.0,1.0
-0.00047391733721550305,-0.4168762291175287,-0.4704879154175258,0.2761515714558038,0.4668336322040309,-0.5019746450273862,0.0,1.0
-0.6786516154278348,-0.7579422831596152,0.05590493367496211,-0.15312304028570156,0.9613296113072406,-0.653009074772863,0.0,1.0
-2.3142881899371286,1.6294002207149823,-1.1582591233722512,-1.5891057877220656,-0.46876847433187424,-0.7080834903241328,0.0,0.0
0.020230368727720164,-0.5433398400712264,0.48213508239056246,1.0571133004580575,-1.2920653471433947,-0.4927877837481422,0.0,1.0
-1.706546195195675,-0.6594729042182225,-0.6406814328681716,0.2778458153896087,1.0066845301862615,-0.7035393798726931,0.0,0.0
0.44318750023049946,2.169662495006612,0.28281963111446073,-1.301622348885102,-1.7732146752605342,-0.2390578360281182,0.0,1.0
0.24827588307385962,-0.0970128909793772,0.13983882283805882,0.2064883884932352,-0.9141582330206413,-0.38098294304486335,0.0,0.0
-0.28920041197596036,0.2156775092624805,1.6033370641533007,0.7755586362869153,-1.3274592043781197,-0.5880757251648174,0.0,1.0
1.4141298604791774,1.2439682094213649,1.2447315573102082,-1.262858547885702,-1.2280261076657621,2.0597696211467817,0.0,1.0
-2.3968875019963214,1.6230220546867944,-1.1920279642222364,-1.577705046587457,-0.5645624846861047,-0.7113112046283773,0.0,0.0
-0.7105514874381614,0.06263706558071765,0.6911837805903209,1.1665829324969752,0.0970428981993733,-0.6549446353552916,0.0,0.0
-0.6649522799106453,-1.065076460660491,-0.39215197819239445,0.8453884587474305,1.5381436837422708,-0.6512320616818228,0.0,0.0
-0.9778898108902878,-1.3646677491192842,0.9137149962715946,0.959325631130546,-1.3962979084405946,-0.6774910292022434,0.0,1.0
0.777350186344956,1.5757822694361339,-1.9894826485286154,-1.288021428635571,2.1516637317039122,0.157689181802617,0.0,0.0
0.6958217805876986,-0.9259713060351294,1.3609272152633611,1.0130725325149088,-0.207641788847874,0.03916463329710554,0.0,1.0
-1.7127024308344476,0.22990358490430185,-1.1277604921621478,-1.4121385435268152,0.4822243724024029,-0.7055691543032828,0.0,0.0
0.724081624381878,-1.3036732198408485,0.6234879826348212,0.967413412895421,-0.3226466033304415,0.07532019561801352,0.0,1.0
-2.9124016553106484,3.050359508925865,-1.1595628891337142,-1.80089411314391,-0.8439165038582417,-0.7116112027696126,0.0,0.0
1.2693579942490654,-0.5546551774362252,1.054064179062471,1.5555241137849334,-2.0081609995647134,1.4163005830616533,0.0,1.0
0.9397332356666835,0.7638972406195353,1.5981809818469674,0.5212064473089459,0.7379611319879578,0.4557137291268309,0.0,1.0
1.527388436445709,1.2604695326200748,1.3625637845427363,-1.8120101392460555,0.10824068734587829,2.690505256405253,0.0,1.0
0.8062589533557997,0.7582382226340258,1.5888830373437015,0.8174931368458344,0.1950433400006452,0.20314553827085158,0.0,1.0
1.0118130140452222,-1.3078741720279767,0.89874610203816,1.2690168388709744,-0.2602932458657724,0.6192653622776499,0.0,1.0
-0.016643929973391716,0.8206946267863876,0.592084658616956,1.2063383383476152,0.45915327318083965,-0.5100804039029042,0.0,1.0
-0.13298888400184342,2.2543044765229627,0.9861167043738176,-1.3486714009490157,-1.7309812414519044,-0.5504236351720629,0.0,0.0
0.29095430135649536,-0.9636935175505547,-0.9233751104259315,-0.5371231352899534,0.1877629444397885,-0.35513334679644537,0.0,1.0
1.5556248599755516,1.353236849473426,0.7971012037992996,-1.4945531846379192,-0.7922703677629839,2.8672006761160844,0.0,1.0
-1.0300030297034177,0.395127822261537,-0.7855202012314829,-1.2349242565000704,2.094843374406914,-0.6836569106036695,0.0,0.0
0.8713624269709567,-0.723985734652097,-1.1000214893941271,-0.0716228753565496,1.30226571503966,0.32035720884213975,0.0,0.0
0.7662503453949405,0.056953293811971874,-0.24745859145160218,-0.4781385631095555,-1.7638193241904987,0.1417664952738383,0.0,0.0
-0.3239594032247346,-0.08108167941955911,-0.17110737356895012,-0.573544669722781,-0.4241784080352359,-0.599089112402454,0.0,0.0
-1.5043844283727947,0.4573545148012224,0.5005580546347022,0.4576619257769583,0.4394082323187813,-0.7017172378223281,0.0,0.0
-0.6406803062404459,0.347774662675746,-1.1684437873016686,-1.1275901660674252,0.7792022170051284,-0.6481535622577248,0.0,0.0
-0.3241139953816617,-0.6035640249859895,0.9095191904628073,1.1644730214594603,-0.8559984016866377,-0.598838761809505,0.0,1.0
0.16133187094265924,-1.1646681448653335,-1.4372630036281373,0.7273100867179819,1.2930584783356713,-0.4278574420427316,0.0,0.0
-1.5519074142685585,-1.7327706096890778,-0.9522301131581826,0.21391974131225497,0.6230254294049279,-0.7039770827978663,0.0,0.0
-0.8852623039946491,-0.503542742258344,-0.5248209282345035,-0.5265363378445348,0.6232773089767925,-0.6708587384377864,0.0,0.0
-1.3206332616301688,-1.0418118123276836,1.275213014462845,0.4418531710844219,-0.4328598733388761,-0.6967914115557431,0.0,1.0
-0.423880142074807,-0.06173374335799447,-0.7523961038629752,-0.02909328221887813,-0.21601651241126127,-0.6138638871455518,0.0,1.0
0.8563098446970994,-0.5119487108298012,-0.3433175157921338,0.4256407640522328,0.33291060501550845,0.29358986776437906,0.0,1.0
0.5219987741409972,1.8302976003716023,-2.50849830269185,-1.159472765017585,1.6617498728806974,-0.16851023611229576,0.0,0.0
0.18827935956381525,0.09966191557662245,-0.8412960582313358,-0.08686602643561483,-1.1129486104830149,-0.418072461096454,0.0,1.0
-1.0236726449474567,-0.9361213809259455,-1.0986552097572988,-0.39675369995085225,0.21163975603086754,-0.6781618687963115,0.0,0.0
-1.0004495305888526,-1.4337246275369817,-1.4046062170343032,0.002137838241409015,0.1764795675610619,-0.6821378524610119,0.0,0.0
1.1039137238785357,1.8176892578470683,0.9387408810606894,1.4173306542788584,0.15813155795734665,0.8619091728080984,0.0,1.0
1.0864312377297194,1.7297014697673674,-1.6915376556624775,-1.5005915154870981,1.7441602666977563,0.8117504954969341,0.0,0.0
-0.053602848203027145,-0.15388270175174487,0.6192720654493328,1.197732397033749,0.8043849014316359,-0.5236865347952155,0.0,1.0
0.39904535091480714,-0.10365836114060162,-1.0205806018510402,0.2993190106219376,0.2007162056863021,-0.2761752995938899,0.0,1.0
-1.4769327355865778,-0.5833786419746361,0.768564120998032,0.5263679328278503,-0.243495217039883,-0.7002727907298442,0.0,1.0
0.5190747849565485,-0.33681078655808555,-0.8036736252220235,-0.12242636716352609,-0.6414706288720472,-0.16701031294348084,0.0,1.0
1.4332177297156827,-1.0689978568895173,0.7043237746528165,1.8529823976441635,-1.1573931765829755,2.1570665984863098,0.0,1.0
0.8178407531537633,0.5695514496348332,-2.0501479173634953,-1.2760286847773576,-1.289943332888739,0.2244360513500232,0.0,0.0
-1.0134709039119354,0.6834388644826146,1.0569042871697587,0.13561432899680717,-1.7378511757768644,-0.6816273917025566,0.0,0.0
0.2835898990479306,1.526819118973334,0.001801165775317729,2.036767397615307,-0.4270986476976111,-0.3579136538781617,0.0,1.0
1.3724273048608315,0.8729906354433488,1.0120758876409843,0.9747804287960676,0.6855972434831585,1.8569974841565042,0.0,1.0
0.797479604112912,0.9718491553186946,0.6428753611251449,1.7049602465960023,-0.286414311338614,0.18870510689066558,0.0,1.0
-1.10647384975217,-0.6239708934270702,-0.09781625623845291,0.3661424367621822,-0.6407810343092986,-0.6886081933931443,0.0,0.0
0.026523618117980725,-0.49499040485330614,-0.2349911361640326,0.08380011574063906,0.36377680805364615,-0.4898180811089661,0.0,1.0
-0.8890082273022806,0.08731618830801437,-0.12232799601489434,-0.19191016156864074,-0.5838144321482452,-0.6707141236591172,0.0,0.0
-0.6526313309495436,-0.5792583053565344,0.6436936083940247,0.8782043704558463,0.02892544239868239,-0.6510592643630028,0.0,1.0
-1.756717119177738,-0.5022730297726052,0.1800658052545773,0.19732132819398324,-1.1363244970144735,-0.7094136013549135,0.0,0.0
-1.0253830331105847,-0.7278148079285139,1.20067033825193,0.7656096616540685,1.5983957140704053,-0.6822007952738952,0.0,1.0
0.9001260621263389,-0.11880156713472387,-1.0644945342766723,0.3062507753821345,-0.43814127311527773,0.37543164786356725,0.0,1.0
1.4885906323769669,1.244822981968688,0.814867035370227,-1.3611280114046167,-1.0996709277440335,2.46032567199273,0.0,1.0
-1.72822187669423,-0.5818522902998114,-0.04852929432540143,1.1118035105298965,1.5029037464562043,-0.7038001684882169,0.0,0.0
0.5409376439698502,-0.3898499983638687,-0.6265492348599435,-0.026936772875697523,0.16084101799999648,-0.1459103650259445,0.0,0.0
1.2542652546916182,-1.073997292779918,0.7958578095652916,0.3163285588020233,-1.6072508324093542,1.3587202255454942,0.0,1.0
1.15671170224279,-0.6216289093173966,0.6329839403388229,0.7375034725862922,-0.7877554385608575,1.0207147044904963,0.0,1.0
1.4996719926305064,2.5477896429969227,0.5149242928694311,-1.1678784481403202,-1.0751134957445194,2.5260317717114558,0.0,1.0
1.5747153902445046,0.8762605201155962,1.097518357408148,0.9886116508409534,0.6319209488840599,3.0016455665743447,0.0,1.0
1.3238157263904404,-0.564253203983923,1.074151670518268,1.5222422829896232,-0.6096161398560797,1.638481786523154,0.0,1.0
1.4596036397534424,1.166324514172775,1.5960955897396858,-1.5801836989133002,-0.3560290115848455,2.2983976433431628,0.0,1.0
-1.5520678282466345,-0.263210673382251,0.4578263245261402,1.210665305335868,1.3916482068504885,-0.7014231847355389,0.0,0.0
-0.960678441777075,0.7711688629184104,-0.566505342248697,-0.7087694082009302,0.032166755766794654,-0.6763480122238406,0.0,0.0
0.8375210837042026,2.0206823607967257,0.45460784976086327,-2.2625857708663664,0.6013439832311003,0.25599898897678797,0.0,1.0
1.08927646437646,0.7362797597278966,1.1347512671894449,1.1995850452275616,-0.2360455986957608,0.8217652059152494,0.0,1.0
1.6365643683759024,1.4969511378308606,-1.490349058003627,-1.8113236488138296,1.0246564694973461,3.4411859587500655,0.0,0.0
-0.14672084185161144,-0.9063378712162117,-1.6286044199763683,0.4619280761071139,0.4372510230798582,-0.5535697982159941,0.0,0.0
-0.8992739513125382,-0.5038985999844303,-0.9807516297448675,-1.2801028874117482,0.8913972195997952,-0.6721892922785031,0.0,0.0
1.1875890764944843,1.348806568886859,1.1431615843893088,1.3563067115767855,0.22755098280878275,1.1208736583458436,0.0,1.0
0.4660412843166106,1.3815410336972818,-1.594242952969801,-1.2715180517119422,1.024257564209407,-0.21726019512829872,0.0,0.0
-0.18089257238944953,0.6251483071954996,1.1580283234990474,0.3752713616922176,0.7275476666642341,-0.5612317264591198,0.0,1.0
0.3742554186025658,-0.013147034032791792,-0.7583972146386911,0.07539334216284878,-1.6711872259061393,-0.2948167229153106,0.0,0.0
-1.4652604267720777,-0.2686056767766951,0.47106703367544783,0.7904643281912348,0.2893051041096359,-0.7002514021660847,0.0,1.0
0.08127522477848581,0.3987825933618889,-2.2768672697843657,-0.8639065926992654,-0.816347166182784,-0.46852201919194125,0.0,0.0
0.9340272210246174,0.16462518421787603,-1.3333905330663904,0.12641520274290574,-0.6557099568529643,0.4436571158209337,0.0,1.0
-1.6420000081015946,0.9823030857188326,-1.1137593450932453,-1.377036503213405,-0.04104315827981006,-0.7048943920950717,0.0,0.0
0.8535991575769674,-1.2581881602588094,1.388829818294033,1.9815517464806605,-0.4699416616003113,0.28835214287606775,0.0,1.0
1.2613542567607303,0.6305348642163716,2.278599533260437,-2.2827364572427307,1.0968168851672058,1.386747888367187,0.0,1.0
0.6311859994293979,-0.5781972241009178,-0.6290878721695329,0.5803835835691062,1.0116860486427066,-0.04509085480500577,0.0,1.0
0.5722023575226733,0.577387237563817,1.9259648865329022,-0.052005664171930144,1.0888869820439093,-0.11371329016898299,0.0,1.0
1.4102255344031989,-0.4935377786576199,-1.1549141055707564,-0.243633004920775,0.13302871371473954,2.037459239967438,0.0,1.0
-1.2924867880916084,0.62100467918861,-1.10215735597915,-0.8090208224435442,-1.8473111829990694,-0.6982412717053987,0.0,0.0
1.4650803221317124,1.191690329607015,1.104683604570265,-1.8845143258719224,0.10708319064303826,2.329258948803369,0.0,1.0
0.21723528342573045,-0.23487820386383473,0.3522073404634169,1.3373873055050414,-0.22974865194750008,-0.4005637561069358,0.0,0.0
0.3945862483810243,1.300121136219803,1.1532920742981945,0.8558918777554166,0.6017371551634725,-0.2790547226839984,0.0,1.0
-1.9760024309943416,-0.7906697616551099,-0.0016577442167827574,0.6510357404173964,-1.3919997493337442,-0.7110861124337743,0.0,1.0
-0.8973198120639422,-0.688130875022773,-0.045676019136662846,0.25235957226173766,-1.6970664813066403,-0.6719123906192868,0.0,1.0
0.6950771612870563,0.7404378756853712,-2.018453360599934,-1.2429379790772317,-0.774039796430741,0.03559064236448195,0.0,0.0
0.868542210602572,-1.6907967292673953,0.6392144464083694,1.2757577463064542,-0.027528696618735166,0.31713430652022967,0.0,1.0
-1.43356137994056,-1.5757307434823162,0.5826240509388547,0.25363765384652787,-2.312215219770314,-0.6991776787358076,0.0,1.0
1.3502379428298104,0.9460653610879343,2.0118789060844886,0.3608967822286588,0.8440944739550539,1.7555764783896024,0.0,1.0
0.0001323495664314612,-0.5331199008183379,-1.1216919138477863,-0.48163988612320147,2.2125852253512956,-0.5014885519598608,0.0,0.0
0.025464365604790727,-0.10497105846965102,0.651669733975973,0.7332683799679043,-1.7028549009277258,-0.48966335278354955,0.0,1.0
-0.13156948719181663,0.9420676532484211,-2.054140564656839,-0.9376336373810228,-0.6227452422575218,-0.5451703987879988,0.0,0.0
-0.654345503860168,1.1738186009644813,1.0842238267419533,1.0061578470405768,-0.05045526672992037,-0.6531641528900107,0.0,1.0
1.354891415618386,1.0728767400051342,0.9182596341905424,-1.9563543946991795,-0.01901798912378095,1.7766246180240493,0.0,1.0
1.3095920210042136,1.4479921522177999,1.9086410483110503,-1.935779915767092,0.569392844397101,1.5784597417479296,0.0,1.0
0.4808552749041477,2.140009004732361,0.9764329468625232,-1.6715093645157888,-0.6531723919756204,-0.20820093717899985,0.0,1.0
0.5165931446320714,1.447473467316684,1.1462899341332202,1.2074369643518337,0.09885621153243747,-0.16765710242750365,0.0,1.0
1.0313180663125379,-0.48301501521999163,-0.5539888682033206,0.041297972597509315,-0.17253197484603827,0.6693417141371678,0.0,0.0
0.6179209757061043,-1.5115640453197137,0.40145109367259835,0.9612786763953145,-0.9197196118225224,-0.06033551780070768,0.0,1.0
-1.0001023767163448,1.2398654726911436,-0.9243155080102095,-0.861498344372033,-1.1317224780011714,-0.6786094068761459,0.0,0.0
-0.3424442923740225,0.09160839340537659,-0.8198250693162525,0.4339461369408196,-1.2109489413799386,-0.5999020243148647,0.0,1.0
-0.030638430347967992,-0.12442422412007363,0.25071466811921306,0.29180490741518145,-0.7380328674164951,-0.5147878286783636,0.0,0.0
-2.157553836114716,-1.6564361248812016,0.6111048786914193,0.18138701646807445,-2.6863118653350075,-0.7083861254853322,0.0,1.0
1.6037596070529778,-0.680209696235441,0.8515379257514558,0.3164049890995683,-0.4187017692914453,3.1998284460208857,0.0,1.0
0.20747133379373855,-0.4831934412633329,-0.6972545015113186,0.15704804393761812,-0.18664847337660526,-0.40718562846885886,0.0,1.0
1.6624169502939208,1.0654512720084284,-0.953983441142594,-1.9399382206661788,-0.006849799159665028,3.6381864933400574,0.0,0.0
0.8674181255775866,1.3179112475416608,1.6273764537337105,0.41657444532979876,1.0842460706316457,0.3123052505888777,0.0,1.0
0.8811226995490954,-0.6870110365186293,-0.9400503637793209,-0.2090179507529799,-0.6728970408900136,0.3399164982266114,0.0,1.0
-0.20002880655805447,0.24242730441981267,0.6904766243829947,0.48607300086298744,-1.4702943999450742,-0.5649378137575791,0.0,0.0
1.3819852057083415,1.134739237513441,1.5218038673572187,-2.5097784668213095,1.5322942307771223,1.8994822829437157,0.0,1.0
-0.13346960161682758,-0.2054136174292068,0.7879005878913093,0.9195988393852074,0.9254064823924445,-0.5463426072144009,0.0,1.0
-0.798863947217123,-0.5835583261755452,0.6244487778910605,0.9284712711868895,0.9637799508336404,-0.6658426402375107,0.0,0.0
0.058237168251498356,0.16877460662588784,-0.9582550514067458,-0.928702608728555,0.7075699195174331,-0.481209342843991,0.0,0.0
0.19307001137767676,-0.04394229180360115,-0.9795138135157742,-0.8760345446247841,1.0735008064574751,-0.41451290441016037,0.0,0.0
0.9377072190687505,1.8207780229308839,-1.972690578400513,-1.3049554548385711,1.8342282834880832,0.4514153809633127,0.0,0.0
-0.7996779864865212,-0.21888149282054986,0.6011777952752353,0.7708932594020004,1.0758874069469553,-0.6641928059742469,0.0,1.0
0.6880810748468048,0.09682688097379076,-0.009864115421791206,0.30494878369402073,-0.6041497909822592,0.023693055843153496,0.0,1.0
1.4694404341786131,1.1768695302083114,2.0023090713304383,-1.9315143785598627,0.620268319293351,2.3542027565056034,0.0,1.0
1.4199825159968464,1.6654587262972471,-1.2546490769062009,-1.8693356194450106,1.6221698268259133,2.085002474523393,0.0,0.0
-0.00548304611302766,-0.42826728419994387,-0.6152908799943657,0.42970816159602687,-0.0030342311690123545,-0.5062444412194229,0.0,1.0
-0.030599226027956238,-0.3403487374400456,-0.3295884876895544,-0.41483228614983747,-0.9361610922204768,-0.5157766684521543,0.0,0.0
-1.0800000521471096,-1.4560115754763694,1.0315302306496021,0.4910472882964509,-0.5035213834593021,-0.6836419803971578,0.0,1.0
-0.5909735664810923,-1.9219608249122717,-0.3821437409470846,0.6010766608755834,-1.0037633755561357,-0.641124409905576,0.0,1.0
-0.0855853157930616,-0.7310352008441109,0.05208979026941166,0.6576141497192962,0.25434395273476895,-0.5336201901199193,0.0,1.0
1.2915371195684466,-0.8000215978300896,1.0448699899715872,1.0691943406219064,-0.7553965009095953,1.507023788824546,0.0,1.0
-1.1150156535638094,-0.3489511905247636,0.8224637712513839,0.7419463931235655,0.07906017938904222,-0.6856073922057692,0.0,1.0
-0.8323010730440505,-0.3634914916647633,-0.1845328881682156,-0.09170969204570456,-1.5418216780113054,-0.6676561165496585,0.0,0.0
0.5017817818607287,1.7258821398609312,1.0872478590365142,-1.0551880393391484,-2.138605389691285,-0.18162924902229574,0.0,1.0
-0.012277278756944574,-0.9346132495183406,-1.0209230251180168,0.4839757956754345,0.5708585705605054,-0.5089574440111626,0.0,0.0
-0.5274751930235207,-1.1440616400128087,0.523102719881447,0.6994353956572994,-0.8156289560826292,-0.6324187675466137,0.0,1.0
-0.2609850391372011,-1.1034710288826066,0.5883905925675195,1.055609487124938,0.5699234912237844,-0.5843578819471248,0.0,1.0
0.3255674689303881,0.14281449358847717,-1.8146717948077793,0.16133212823007445,-1.7038757520626733,-0.328457751171061,0.0,1.0
-1.5269961109523962,-1.658437295518213,0.6807178038395804,0.2769208872991416,0.051647098290858645,-0.698300924227602,0.0,1.0
-1.877586364422067,1.3705080249031458,-1.1160980175430648,-1.6463660730828205,0.9304058719346806,-0.707622876362588,0.0,0.0
0.7712115474307769,2.3406788514056944,0.12479867970855807,-0.9507246337194302,-2.2916519394682613,0.14874584088661533,0.0,1.0
0.46580306655636233,1.769406587241346,0.5143852544749171,1.2331333733918861,1.252393815584152,-0.2184041659626546,0.0,1.0
-0.5770915267158419,-0.6983321976352963,-0.019097220290972137,-0.10694611609524461,0.5543258450621639,-0.6412285634975898,0.0,1.0
-0.836422828084027,-0.08257412007480765,-0.4882041759827707,-0.31961536527182344,-1.5114307272087308,-0.668629630116413,0.0,1.0
-1.6608546711519565,-1.6273682451298503,1.1325780367072433,0.3264811918091481,-0.3053816134923411,-0.7045693304411622,0.0,1.0
0.6759552442411156,-1.5511817878138086,0.2408896959443304,0.723923177154281,-0.09217783304684231,0.010203549015729585,0.0,1.0
-1.3361099859000851,-1.2541720120314648,1.2981901893254537,0.5178046739342725,-0.3825687966546428,-0.6978182321263668,0.0,1.0
0.3441513186990004,1.1202934308233599,1.4309422305627855,-2.103395672725646,-0.10873992341732949,-0.3182515480340728,0.0,0.0
0.7745720942958929,1.7808747517688488,0.9334819677889711,-1.9463424344621745,-0.04381421793498001,0.1524264351144125,0.0,1.0
-0.07352117333987772,-0.3517881038619016,-1.181898387456994,-0.5829157877196535,-0.21451037208088974,-0.5282382201165086,0.0,0.0
1.2870405712967963,1.5258835820830525,-1.35916226655017,-1.8290167011219385,1.1203464968230066,1.487314643166976,0.0,0.0
0.9890915452948705,0.9964448530671562,2.198912812443234,-0.08185362283010762,0.7365884878807656,0.5644961497745393,0.0,1.0
-0.3212402993270991,-0.4996390986350048,-0.8804017747405618,0.34060098061105265,0.3667167816186574,-0.5973280704883143,0.0,0.0
-0.5666435184942789,-0.1910870814733285,0.6458774468224454,0.46334580982652074,1.2439253872845728,-0.6406205830593742,0.0,1.0
-1.4793428117310248,0.14644238036893523,0.9646845108196299,0.7381188023609645,1.2978285210833138,-0.7021886748749506,0.0,1.0
0.6019908916502567,-0.3746112351511401,-0.7143051499559737,-0.1116818171464992,-1.0377354128035625,-0.08091771834910064,0.0,1.0
0.7181169029576253,-0.5653450975971079,-0.07543142232589825,-0.01304482500085176,-0.35002535800868223,0.06708291324477164,0.0,1.0
-1.5791892283137932,-1.4022617998457108,0.09405197563447003,0.7048315731020608,-1.8258611773861841,-0.7013530544193627,0.0,1.0
-0.31735036049908005,0.3450964332561594,0.1863151267495408,-0.2733218910810455,-0.8708545693144235,-0.5969014721059157,0.0,0.0
0.04970397044595921,-0.4566752159394579,-0.3584697106696661,0.5779843060651556,0.8568355047186877,-0.4793341919666687,0.0,0.0
-1.3740749156449266,-0.1787656720737423,0.6209180514010831,0.4398432521267435,0.0066117776628778465,-0.6979512298359514,0.0,0.0
0.8174334994974509,1.3050435340637532,1.2765940492740804,-2.0866298307258804,0.22122903301736457,0.22348444533167808,0.0,1.0
0.324563818091184,-0.6530662922091494,0.040586003855328574,-0.12413598549294888,0.5703411676296968,-0.3309537245048254,0.0,1.0
0.546929291389127,0.6638809954748928,0.9892856953994615,1.3005442835591332,-0.2644793176199439,-0.13847557211040865,0.0,1.0
-1.461734643415943,-0.3812245972059647,0.2764375456874646,0.8518260251896332,-0.13484828447070438,-0.6977397842814606,0.0,1.0
-1.2574039594308157,-0.17346774375807583,0.20027395122341066,-0.14200423571238113,-0.21592638498834768,-0.6956195890396336,0.0,0.0
0.9734625576024449,1.2425604171588092,-1.5502600699627496,-1.5648475053873125,0.16579163052439655,0.5278888541795501,0.0,0.0
0.7228823793432424,-0.8318873671372704,-0.8029844749473081,-0.3164015721408557,0.34793154728235454,0.0759839988947115,0.0,1.0
0.853301717653921,-1.1260361094941593,1.0022460255391858,0.2499135660602957,0.19551728900011836,0.2839345345030605,0.0,1.0
-0.8662755654760512,-0.13695917561610227,1.2575323678248969,1.0224359576288786,0.837070556391981,-0.6712484897877146,0.0,1.0
0.09737662372725328,-1.4830976787144314,0.8115817207738871,0.6824384631857648,1.3413685088472025,-0.4622650169836988,0.0,1.0
-1.2939691677526297,-1.306938599841736,0.8793561117355218,0.6710558797511822,-0.9974125169230272,-0.6935613232219215,0.0,1.0
-0.01766710307936436,-0.16199950858109124,-0.7474111793975091,-0.5458424452493671,1.1153636698493208,-0.5098804482042504,0.0,0.0
0.8145755869403845,-0.6953252992129868,-1.5573324241728734,-1.533101188261696,0.5063103311867959,0.2205974770929235,0.0,0.0
1.4030702584946304,1.2441209787694623,0.9342626175323709,-1.8533048393552745,-0.12086815175400487,2.0049945653083854,0.0,1.0
-1.0027623495308444,-1.1583695512843275,-1.4136810190656426,-0.0057113635499899335,0.04773096845883866,-0.6818978182052337,0.0,0.0
0.49543546126643156,-0.5373951079510142,1.2508617213312259,0.8836653302656298,0.5720275223258728,-0.1944633361508127,0.0,1.0
1.2680729136551474,1.617742152053615,-1.5216177626395346,-1.5004772718994006,1.2823462398561156,1.4141754026290554,0.0,0.0
-0.3071390230370829,0.4983394103586547,0.23324861420938087,0.5533509772896176,0.42854540838769734,-0.5938126988115887,0.0,0.0
-0.34173293361684254,-0.2665688400119805,-0.9842724673984635,-0.5751452779448734,1.9612826593967774,-0.6031269729413338,0.0,0.0
-0.5619370556898425,-0.2773891624739942,0.07916638541171468,0.5215514939127425,-0.1522997384076117,-0.6375983978966547,0.0,1.0
-0.4331917975493351,-0.27000789362466415,-0.14935743734645032,-0.5097483873929619,-0.6217204843878067,-0.6188754008903006,0.0,1.0
0.1641645704298635,-0.1100490000639857,-0.4351529644839204,-0.21671498072096523,-0.39272846847543175,-0.4302151800923631,0.0,1.0
1.4190819470951839,0.08523838677630101,-0.3425031035895735,0.6281143349487298,0.8359968031047511,2.084638837443216,0.0,0.0
-0.08494187647156844,-0.9624668660573115,0.8608363482303139,0.8985632661470107,0.29299329541423536,-0.5329681978186621,0.0,1.0
1.1367401652441902,1.878267091385234,0.7087322258606652,-1.3746078238729023,-1.106985336518553,0.9630540015598102,0.0,1.0
-0.22200103938505272,-0.24749991433663293,-0.8228351956782788,-0.33518402733653624,1.2173947316293363,-0.5741759804532375,0.0,0.0
-0.6309881454182937,-0.0350105330694207,1.02724988680847,0.7620045052073411,0.8367175047881831,-0.6460789410591915,0.0,1.0
1.095150866550153,-0.5389477537290275,1.0185611167647715,0.5272076429289764,0.00987685398928945,0.841443756531647,0.0,1.0
0.06929912134798696,2.58282374656981,0.19950076379715084,-1.0183637956977345,-2.5309843995025316,-0.4734309811648065,0.0,1.0
1.2059724803488396,1.6096100071548152,0.22419947950700123,-1.6372737165048505,-0.8729628143602554,1.1819893309242036,0.0,1.0
-0.5236349231225649,0.9378108009908225,-0.7160686543539967,-0.6383067270403014,-0.15611730262498733,-0.6360828139987895,0.0,0.0
1.3537834785951797,1.235640378142946,-1.3144570904386577,-1.7320127621567465,0.4114232548056552,1.7693128925965078,0.0,0.0
1.5306614584376081,1.5962188868812244,1.2585203142741206,1.217944825791653,0.12324704853300426,2.7124408956285335,0.0,1.0
1.6524135332695142,0.9573032837345008,2.443505161793008,0.057151358566000184,0.8916633825377976,3.5636840195782296,0.0,1.0
1.2591639062833087,0.5645525334724198,0.3255789047302424,1.6157646701025439,0.5826098234080678,1.376376551743108,0.0,1.0
-0.8339067789029213,-0.6343502713062712,0.19876099035809727,0.6956645154234776,-0.05867490228081573,-0.6678262605951696,0.0,1.0
-1.231397788184959,0.10372496603237301,-0.3273272669071645,-0.6203956294069374,-1.215230334501945,-0.6916403045109085,0.0,0.0
0.6069465940618025,0.025770825159976498,-0.7140783160518896,0.24808180280566258,0.03680710850449211,-0.07217870968297702,0.0,1.0
1.6501844744758223,1.6536009105841027,-1.7227740929511943,-1.6464699132927716,1.5934151778098247,3.545797836095482,0.0,0.0
1.0291741149770224,1.2325963452197823,1.358741679690067,-1.8802390741214892,-0.0824771935591743,0.6588151999830003,0.0,1.0
-0.7853037594657544,-0.7172386902710354,-0.6127002040131614,-0.7196653111396843,-0.6518214776683172,-0.6614379441006975,0.0,0.0
1.2463508818657931,-1.2379498899385775,0.9549054281759761,0.2113728760500147,-0.30471221018519973,1.3300549749878623,0.0,1.0
-2.60022788552166,2.0387099489329965,-0.5640459727872809,-1.4877633246501991,0.43400711040586043,-0.7122298428856286,0.0,0.0
1.2728060047227838,1.7340228827539843,1.302157226355476,-1.3993854741648568,-0.7716502272549763,1.4320396091935297,0.0,1.0
-0.9373262251977622,-0.11860812869691566,1.133123277202852,1.3724013079186903,-0.6838733303329115,-0.6765913134686223,0.0,0.0
0.04436965291989928,-0.07574250399294588,-0.4524503270993236,0.06808610149479537,0.4950698672853303,-0.4847831461935362,0.0,0.0
-0.6934444587342494,1.2054655098943847,-1.1259450355702254,-0.7810870129334755,-0.3132379164410648,-0.6570335322658993,0.0,0.0
-0.4590158460162107,-0.43365220474941335,0.5103686846899087,0.8380144324226065,-0.618160552692832,-0.6218253293575566,0.0,1.0
1.1348851118948329,-1.6053903805475767,1.3247983291636825,0.841816808091913,1.584112374285889,0.9528303377429373,0.0,1.0
-1.3713146318437672,0.9726329437402867,-0.9916468855604862,-1.14971696631406,-0.5838983323547772,-0.6938578114254722,0.0,0.0
-0.9390956592212032,1.089790491815542,-0.917486030608897,-0.9825148526327526,-0.025860264212464856,-0.6768169176064738,0.0,0.0
0.9480206248628765,-1.6227259133980172,0.5620165389082569,0.7855706976093751,-0.31972611165855763,0.47373230854591425,0.0,1.0
0.7748605838194705,0.0663085661135414,-1.3256610774349353,-1.153283458935228,0.3468047226360495,0.15534791256902655,0.0,0.0
-1.150151433676607,-0.044197546272512316,0.6134307126831103,0.9215401594751322,0.3419892409884092,-0.6909593028438376,0.0,1.0
1.5225455213092876,-1.2004559030364268,0.688230606402141,0.5637819204505777,-1.5203138072732656,2.667234147701458,0.0,1.0
0.6686671089241701,-0.057400126509052636,-0.6152244018038552,-0.25414567161475454,-0.32637845644165653,0.0027532872303154265,0.0,1.0
-1.9375753107437566,-1.039998985832107,-0.9334967830788169,-0.056799316987722726,1.6719629257523165,-0.7091485381883844,0.0,0.0
-1.1908862502883029,1.1172147762726117,-1.496608047496461,-1.0713270578491374,-1.136303036376266,-0.6870740025258318,0.0,0.0
-1.5922539652300234,1.087320741824542,-0.8340035427902968,-0.9377491412362428,-1.2209776950848967,-0.7014868580914436,0.0,0.0
1.0894930916758678,1.0110004417370015,0.8441653997912605,-1.0634119462743223,-2.1596083053369735,0.8203140729286997,0.0,1.0
-0.17299019527106357,0.632766097062062,0.7330221890352495,0.8619313081928728,0.8252997731318693,-0.5553555051819048,0.0,1.0
-0.2641830033490183,-0.6708070171734367,-1.129891207176927,0.2344312379927932,0.15753463849043045,-0.5833171515713604,0.0,0.0
-1.5792408541472074,-0.849670461586108,-0.2249430455527421,0.878353911349187,-0.78264905268361,-0.7041026849908202,0.0,0.0
0.32773087250436617,1.1674223085071445,1.2434984764578705,-2.400703166510876,0.4962976259305705,-0.3268280359988947,0.0,1.0
0.9048825455647044,-0.23143374249747378,-1.0328009552060722,0.16792419749182771,-1.3204309657656108,0.38574579906728046,0.0,1.0
-0.5932845781657755,-0.3469670110835462,-0.3326626650762375,-0.26595296076685293,-0.5977861428329158,-0.6443129693135696,0.0,0.0
1.3598258849545146,-1.0703966008781711,-1.1950283671190418,0.2841453607780006,0.8019718255730663,1.7987478591485881,0.0,1.0
0.6566296495799887,1.6480323817846338,0.7738441415564163,1.0756670805826685,1.2263773818133976,-0.01503809813149713,0.0,1.0
1.56894926882457,-1.4209471776739415,0.5100107587514389,-0.26066157320715566,0.595270462340282,2.962365727457375,0.0,1.0
-0.1109080511692388,-0.13197158804371603,-0.24691473861468857,-0.11547775651735366,0.7690887155808973,-0.5419245788899089,0.0,0.0
1.2483049549860248,1.9057106558965065,0.6613151745570537,-1.6448578874851074,-0.4528850520707478,1.334551390724134,0.0,1.0
-0.16960919435217048,0.9186121111725466,0.9010934996077377,0.8657241231249331,0.5943273753056985,-0.5578930698226289,0.0,1.0
1.1958682833349117,-0.7621979984505604,0.5906068416662709,1.1122608868137238,-0.4564209787702059,1.1503693374516741,0.0,1.0
0.37595232479839824,-0.5044825711160902,-0.44341368803339837,0.3081526349849406,0.3599602600092656,-0.29239797106678184,0.0,0.0
1.218533631296246,-1.396514979051373,0.6651081739019329,0.7693523149563607,-0.06298670150833122,1.2271303960407451,0.0,1.0
1.499940302570643,1.4838969790088172,1.4477270277303926,-1.3820984406106853,-0.6615861613663839,2.5275323403545,0.0,1.0
-0.5527918078516734,-1.3322218195761166,-1.9485844824163825,-1.3139679345186928,1.248651277971373,-0.6350243532011887,0.0,0.0
-0.9794560909792949,-1.4119165666783737,-1.273782299898349,-0.13518158986923656,-0.20551737044755047,-0.6779590300195041,0.0,0.0
0.040198158967887525,0.03847500118436467,-0.21121916923271697,0.3275058876737313,-0.015540836311352356,-0.48454361342516733,0.0,1.0
-0.7945458697391312,0.013760498480930233,0.14435158481548618,-0.052248318759658664,-0.42118435505460416,-0.6638239002379916,0.0,0.0
-1.2182109049633214,0.4849095457507675,-0.6842371564128868,-0.9769137263211103,-0.4992151010997403,-0.6939434481155139,0.0,0.0
-0.05310258216649585,-0.42226933493818,0.22371270830739182,0.6381790731578062,0.7384026399672342,-0.5236106203802641,0.0,1.0
-1.2493757546588382,-1.6540514241327042,0.8712866922006415,0.5723150688941697,-0.856519522189205,-0.6958448041238032,0.0,1.0
-0.9992410527591912,-0.5150861455548905,0.42514090847318137,0.7432746169590698,-0.5863142747519706,-0.6795084985009132,0.0,1.0
0.991705052114766,1.380407706878284,0.9674416044820603,-1.8344915071881975,-0.3246514473069205,0.570227629544952,0.0,1.0
-1.2057828305805978,0.6160132282130795,-1.5842748951421746,-1.2655464740538214,-0.4828225093022828,-0.6915606485623531,0.0,0.0
-0.8396855643285406,-0.1786479241697632,-0.9583042761915235,-0.8347753600728964,-1.9148269335482615,-0.6667847061625922,0.0,0.0
1.6114140191891695,1.2471389956509726,1.2425781349985248,-1.5026792545756051,-0.5620540773911437,3.2576722608594557,0.0,1.0
0.6623902980390867,-0.954925075364549,2.1190259689455977,1.2099338425819575,1.014605209613549,-0.004941778503683026,0.0,1.0
-0.25324434822884107,-0.4302244024347507,0.20335305376388085,0.9732760642277447,0.09440223616488252,-0.5812567598506977,0.0,1.0
-1.072965919069721,-0.039345421216477744,1.0347793722550933,1.644203734531936,0.8752863983738247,-0.683930011008581,0.0,1.0
-1.1782494847862035,0.7682196311211207,-0.5146495530303092,-0.7747141825015572,0.18085872833275773,-0.6892452618390424,0.0,0.0
-0.9389326087646697,-0.1715650537792908,0.37285848568541397,0.6262537673606311,0.2513128836347547,-0.67545646088841,0.0,1.0
-0.7599546509324282,0.5454906056874111,-0.669577774739108,-0.8285319915816451,0.6719239147359419,-0.6616865423530477,0.0,0.0
-0.37657680453867026,-0.788833708942597,1.0627489420743021,0.7396809004002972,0.23121625886052474,-0.6064547556046819,0.0,1.0
-1.2836421340629847,-0.7499921798312557,-0.3094462758911064,0.1091806744990574,0.281546839827554,-0.6932650801583846,0.0,1.0
1.0403884828058223,1.4468736454578677,-1.54309133351325,-1.6512637965720454,1.150999523429596,0.6893267519189987,0.0,0.0
-0.3796993199172528,-0.585189987204262,0.8880174807840926,0.7580906712728552,1.206673144902225,-0.6089027021972179,0.0,0.0
-0.802140555134975,-0.04274454627595914,0.6306827880642082,0.8826477514202609,-0.1627622157637945,-0.6631453506164916,0.0,0.0
-0.33457261721707054,-0.8674854399750966,-1.1299717988411506,0.37282750697119005,0.5457599024147837,-0.5982166625921298,0.0,0.0
-0.30607103697340776,-0.4407810887381641,0.42783878011580057,0.861645334012377,1.1620497315257952,-0.5935210083360084,0.0,1.0
0.47663277685002303,-0.9171648926193755,1.447082315156265,0.720154096831526,0.2894768216627501,-0.20823969149077734,0.0,1.0
1.2186622834637562,1.696828527951396,0.9802419273875748,-2.047608122155634,0.4783418930701,1.2293938732201237,0.0,1.0
-0.5159887462927506,0.09324002067130048,-0.6066301547755208,0.3676736416262937,-1.169557487836855,-0.6305635008586058,0.0,1.0
0.6820555215400359,0.23321983638627794,1.0119510507928027,1.0452397431167284,0.29839421098661995,0.01784446308168088,0.0,1.0
0.5969433330170137,-0.7206431454671189,-0.44226500029093935,-0.001115272497749599,0.5567056877125438,-0.0861412329854845,0.0,1.0
1.3381824780749874,-0.45958752893376775,-0.42917847224504724,0.6020835430371814,0.0842808966677771,1.7005089766298953,0.0,1.0
-0.8963537076440086,0.5897167795097984,0.5818223692913991,-0.1997126925660257,-1.1021326129975335,-0.6704991887493578,0.0,0.0
1.651677886452462,2.1526564963242363,-1.9724663195631238,-1.5011698291111557,2.4230726711654933,3.5591024558148945,0.0,0.0
-0.0871077412861476,-1.1152298677216488,-1.017256178096816,1.1526424313947243,1.524974875477487,-0.5348467590828944,0.0,0.0
1.520322779593,0.9902748922190732,1.076671198086765,1.2545762766416644,0.5645220949871737,2.6517874806450408,0.0,1.0
0.393340499827159,1.3807167874212578,1.3147786721786108,0.5813900497355402,0.9610115032880487,-0.27999236554197693,0.0,1.0
1.5350756945849102,0.9758575124276857,-0.9601801773523725,-2.105275237625947,-0.006435902218327857,2.740680597154936,0.0,0.0
-0.5795917640898612,0.696588920710811,-0.22914208944689718,1.0986150565855688,-0.8137318760883623,-0.641830518879629,0.0,1.0
-0.13684460800123938,1.7824489774481271,-2.6391460836630247,-0.8251323002385363,1.588267719347658,-0.5473750784875728,0.0,0.0
-1.1278758761153014,-1.782162134492515,0.6554672959123033,0.5441135759213533,-1.2472458106623747,-0.6910582278799705,0.0,1.0
-0.46271057631662355,-1.3624307265101405,1.1763079477781442,0.7101105730020163,0.6971837683189401,-0.6217523138438146,0.0,1.0
1.5932440965131733,1.4016063786872832,-1.6126810899656607,-1.7712428421952964,0.22782818457842602,3.1285375886819855,0.0,0.0
1.4008597437200687,1.6484229118640248,0.7286423916463659,-1.4864224029886122,-0.7906664823709546,1.992789378594144,0.0,1.0
1.0453454909277995,-0.5426143221815314,0.06381205755172985,-0.3511486883759092,0.4163685078489252,0.7006699271062208,0.0,1.0
0.1960295381106875,-0.6858083824029287,-0.9447716975067191,0.6581984543803796,0.959338536079432,-0.40944006703252683,0.0,0.0
1.3450396855910574,-0.854499351832794,0.5906926017351225,-0.18268894946789407,-0.12306023750885121,1.7285864673102362,0.0,1.0
-0.8190554198693638,-0.1964207505556805,-0.23057121120655757,0.20088198592863113,-0.11163109628349255,-0.6656613019820079,0.0,1.0
0.6548715374551398,-0.10163455641816695,-1.3803750514004953,0.23080790805674453,-0.7564356582407994,-0.021010957639200998,0.0,1.0
-0.2738480200912752,-0.05863573946829703,-0.5768168483535315,0.8425132878561276,0.6371749746664734,-0.5864210574988636,0.0,0.0
0.005904895780240968,-0.4695428867680001,-0.534761027064261,0.08538923969493724,-0.2781782264790362,-0.4987777488619474,0.0,1.0
1.0772285628282814,-1.6839786344952121,1.2382007259860617,0.6427534400030931,-0.13868674283993276,0.7847379048140308,0.0,1.0
-1.5190585970287847,-0.7650793451674931,0.40725208939901364,0.9718541532599091,-1.7723408961393627,-0.7013725529001306,0.0,1.0
0.7200692105141038,-0.8497701507556847,-1.131237540463929,0.016500930043841792,2.005063712033674,0.06777125987859633,0.0,0.0
-0.6573780689295918,0.6507335221705407,-1.0115272966640478,-0.8412040706217183,-0.21603011880918657,-0.6504547534719751,0.0,0.0
1.4776718256250745,-0.3445288863803877,1.5614952443581487,0.8277778791019861,-0.9408184838601025,2.3981156527120446,0.0,0.0
0.8048150809284417,-0.5541288238313503,-0.3971006626958021,0.02602077209401028,0.8355792791149221,0.19770451957136823,0.0,1.0
1.0449932824417862,1.5058174685569938,1.4859073388932327,-1.7757519419720365,-0.12970697543586707,0.7028579297169181,0.0,1.0
0.6454642216607843,-1.2618045252072205,0.93014659556013,0.8455872871487635,-0.8045564012858687,-0.02846068421218516,0.0,1.0
0.33096919387035806,-0.015200893569943955,-0.8745578751010948,-0.3225848740786106,-1.4509340676064308,-0.3260713137372937,0.0,1.0
-1.702191073444741,-0.7998405838752947,0.36274349002742756,0.48030392438510955,0.09973749152500777,-0.7034649114100533,0.0,1.0
-1.9813115345741827,-1.437923401246498,0.49655814161074896,0.3448142525387179,0.14999379796758375,-0.7072392464374124,0.0,1.0
-0.4814887729446225,-0.44981290232692483,-0.8717173485741369,-0.9609215182399192,1.141358059574321,-0.6258885228797061,0.0,0.0
-0.561754182584126,-0.275921942030044,-1.0684052864637723,-0.010144042395709648,0.3691372789654568,-0.6411603215666578,0.0,1.0
0.5608811722168363,1.4301526864826288,0.8894229121095562,-1.1358420553889492,-2.176668707250593,-0.1255739524414395,0.0,0.0
-1.2771830662118495,-1.0515880668651711,0.6888724614744542,0.4937920510427031,-1.5851065254273442,-0.6956100792651153,0.0,1.0
-0.8822750621530236,0.9192931303384739,-1.2246134757371736,-0.7678961196665971,-2.5756596706141375,-0.6710163629807271,0.0,0.0
-0.7711630459179523,-0.5647062980071755,0.657768506283439,0.7993152607306447,-0.8674889275901327,-0.6609195629213301,0.0,1.0
1.406980759815873,1.43803402472776,-1.796413295987379,-1.5354490976178474,1.4419702680197308,2.0241172934782257,0.0,0.0
-0.43184482776710803,-0.17529887473555142,-0.5479109019029044,0.7683782711823446,0.5985588814290873,-0.6183219361483631,0.0,0.0
-0.11554594076353705,-0.24507926513739975,-0.8943532865384808,-0.9261692696880812,0.7886066108448958,-0.5418119703922251,0.0,0.0
-1.8033438426287696,-0.9018317212692466,1.2358512164543192,0.6164525237398925,0.03531873450592217,-0.7081197956761309,0.0,1.0
-0.12861524481317477,0.8627094703946103,-1.4944125025088781,-1.279682602158271,0.6433987147880716,-0.5449159556724825,0.0,0.0
-0.32008380503714434,-0.582842569012723,0.05118837948946125,0.5258672760119293,0.8292950803451192,-0.5945040462231762,0.0,1.0
-0.1597226501949396,0.3541676662266084,-0.9796546765934324,-0.5518507591115978,-0.7466355224289765,-0.5574013520551657,0.0,0.0
-0.9083438710004504,0.782888069467126,-0.5591369750738722,-0.986086459300279,1.1552226761163396,-0.674590354223208,0.0,0.0
0.8972711130481915,-1.0098016826825906,0.7600231954048089,2.3154436436467645,-1.1072549458330474,0.3699161986751455,0.0,1.0
-0.5503842245746405,-0.8124434261580914,0.9836234743332766,0.7134078931955861,0.4174578975855481,-0.6365792457860625,0.0,1.0
-0.5668827335203228,2.066789565637119,0.9872881512124447,1.1422568515350517,-0.05380800066865566,-0.6440267875821126,0.0,1.0
0.45193990896651015,1.516552460909653,-0.06383859546333984,1.4299836485464632,2.1193053008016887,-0.22984910110859702,0.0,1.0
-0.38523919167802395,-0.9858790338660365,-0.6053229950074388,1.5343278313181572,2.0410236761410885,-0.6109099762704535,0.0,0.0
1.2873927644611043,1.0740911140258973,-0.9542469581053048,-1.7641660202990774,-0.07735388850784586,1.4842868589768972,0.0,0.0
-1.384723007217905,0.9203493680899838,-0.6463781229079818,-1.2409485697389626,0.4654719697324158,-0.6971869818279827,0.0,0.0
1.0138376808822276,1.6509776468673705,0.8981280514102538,1.3404936472535185,0.30616206377353816,0.6263630001563857,0.0,1.0
0.9371541007915435,-0.5462659208733301,-0.49733497949506605,0.47711465040192985,1.721405219490763,0.4488806718696354,0.0,1.0
-1.0280899635237684,-0.13316663576991217,0.07635672764570217,0.6110140787891781,0.45004146287715624,-0.6818549252210794,0.0,0.0
1.2271443031033304,1.0291662276827118,-1.7472765598033366,-1.6006344642443804,-0.04773581297219642,1.259618142099538,0.0,0.0
1.4019117988145815,1.5046593947963338,-1.85771653594324,-1.6119312857990418,1.6592074581123435,1.998084925213773,0.0,1.0
-0.3479507663611989,-0.2798797639359685,-0.9450293073910659,-0.5645746178981064,-0.30898678732092905,-0.6003545433880728,0.0,0.0
0.7248492584410648,1.406483999111798,-2.3258651219073645,-1.2920557889458375,1.2306557463266792,0.07997832183901961,0.0,0.0
0.5286201380206388,-0.812965776602695,0.08149943361791855,0.8744299772492422,0.4779371283482585,-0.15942439906787964,0.0,0.0
-1.2541037650105695,-0.6037095348348082,-0.56802940781251,0.7035836064536415,-0.09684027902660873,-0.6941018764220722,0.0,0.0
0.22401852286291365,-0.3142796362167025,-0.5937683654182527,0.1567011254346879,-0.8862049411340419,-0.39552659087077074,0.0,0.0
0.4147226747030455,1.8879140454254364,0.32881325973272535,1.389205869062524,1.1753496233365646,-0.26451494431428796,0.0,1.0
-1.1948174680519505,1.3025833257808757,-1.0599220106634426,-0.8883735696561891,-1.3978115186833775,-0.6878445136183629,0.0,0.0
-2.369028931912205,-1.9601266488698794,0.5957625217130758,0.11394969849420016,-1.3144076169565615,-0.7134692633689185,0.0,1.0
-0.2182625072728419,0.5775648274308244,0.5774733152813022,0.013016071802481842,-1.8320147952160735,-0.5736634944172508,0.0,0.0
-0.3978279730025682,0.21513012555663655,-0.14629994713712088,1.1007802202955872,1.00866801324054,-0.6150804841324206,0.0,0.0
0.7156898429792762,-0.5581899332373622,-0.11186328986046645,-0.2907328222156445,-0.4992874057535257,0.06556160128473232,0.0,1.0
-0.4258322106172468,-0.8248557789305239,-1.6063259029755101,-1.3347043900848992,2.532954533258991,-0.616612508622969,0.0,0.0
0.6635585509898759,1.6708456466930188,1.811488383726676,-1.8139238782659666,-0.057762057745833616,-0.00888161583267522,0.0,1.0
1.6407082479793005,0.9554239592945677,-1.8039753811112458,-1.5374899984722101,-0.4081332427875788,3.4757343203049293,0.0,0.0
-0.904297545342237,-0.5707620733285355,-0.06945779516624935,0.6096260344455056,-1.4928137445548402,-0.6735493594537661,0.0,1.0
1.4032322042426173,-1.0164781983799256,0.6601903514073886,0.45044138337819273,-0.5093992900749055,2.003324321458557,0.0,1.0
1.4432002483107944,1.5228404024763638,-1.1852288454621442,-1.8102009535569024,0.37955603080275024,2.209777918154233,0.0,0.0
1.5148569602532715,-0.45916854751367436,-1.2172022419011266,-0.3051317850183153,0.40387226735405113,2.6175748124230678,0.0,0.0
0.17576677969511248,0.12408158476447921,-0.3749203739922211,0.32971700546099997,-1.203243593886885,-0.42093793527732604,0.0,1.0
1.4036094358431166,1.1249296256925745,1.5924383096581614,-1.6620145823970276,-0.28082424646680665,2.005958595189013,0.0,1.0
1.0548282158148474,-1.0543573129982753,0.6130127312680365,0.7129204583305865,-1.5652308710464968,0.7279046402651642,0.0,1.0
0.17221148161323793,-0.4746154075751007,-0.40747556374652155,-0.0424840516897757,0.7196801651516687,-0.4255968597582849,0.0,0.0
-0.6950664693956311,-0.013808262089824911,0.45743399248770694,0.8048478001534115,1.209339829486518,-0.6523108955362344,0.0,1.0
-0.7471803494201573,-0.8610656236554356,-0.04530304091788125,0.5042895101842082,1.215206734054469,-0.6599683887025111,0.0,1.0
1.2526414774734573,1.3697673746294785,1.0204572557223088,0.853134114635176,1.8588348189712238,1.3549097947897475,0.0,1.0
0.1328648016189786,-0.5044153901694288,0.13738020464274395,0.05068588830130763,-0.10848433881212081,-0.4448236454427854,0.0,1.0
-3.2578480544117845,-0.33128329426136316,0.8007156889850684,-0.16807743080431717,-0.6199848482773935,-0.7128626835066165,0.0,0.0
-0.8121985069123853,1.5651197893397304,-1.0279257131311876,-0.7940640816165195,-1.1313615480569377,-0.6648401630236929,0.0,0.0
0.895455048724468,-0.185707297926191,-0.3062436408174484,-0.20999054929921013,-1.0245132965874753,0.36621989472325234,0.0,0.0
0.008955996210183361,-0.09144569209226495,-0.8391559849374362,0.27310855315893745,0.24758948314055446,-0.49811409997539324,0.0,0.0
1.0265268277070199,1.1819320910957487,1.4803888204804179,0.504484475931986,0.6316558453882111,0.6567994751833194,0.0,1.0
-1.5903127179295926,-0.6909439173558238,-0.35322654011743054,0.3017198849280472,0.4436249287129684,-0.7028397144383285,0.0,0.0
-2.8450680008110556,1.5096515318879185,-0.8355937810945397,-1.4829549434151779,-1.2521573530636114,-0.71738878904923,0.0,0.0
-0.33057708311356065,-0.2506508241400927,0.08929319854940496,-0.30273090182241447,-1.443458756747571,-0.5996911537679187,0.0,0.0
-0.6178710542161111,0.2675942957019071,-0.17791336839092434,-0.1335014736217413,0.2035062918136165,-0.647232760448463,0.0,0.0
-1.0079856293567628,1.0540439356433147,-0.4936539284156657,-0.8616664237884558,0.13463045209198923,-0.6795630071519396,0.0,0.0
0.6125193831005906,-0.9852904316454743,0.7929310731271882,0.39994615138985007,0.6324534112078019,-0.06659694892099224,0.0,1.0
0.18393750509369222,-0.2769948975787297,0.20018960767641283,0.10688848137259792,0.689660769232799,-0.4158560301994299,0.0,1.0
-0.4931550474393602,-0.2899517300593291,0.7344323332547912,0.7807950113327284,-0.09030310727865831,-0.6284146295065988,0.0,1.0
-0.21896000764728132,-0.2677661860085871,0.3647232786296792,0.7912790897841316,0.30455497881715315,-0.5704344404716585,0.0,1.0
1.0867951549583106,-1.277395133850748,0.7113851986044615,1.0847188564710584,-1.113736903750882,0.8146596581010096,0.0,1.0
0.051535450653380485,-0.19327941140665716,0.7830981523883435,1.013285347751149,-1.1294763407858248,-0.4808127013465292,0.0,0.0
-0.6445763382329412,1.280827710597774,-0.5759672174484435,2.1449628405733776,0.40719270949684494,-0.6496049673349514,0.0,1.0
0.3463484682217009,-0.285419447475958,-1.6864470154847702,-0.4498725579699443,-0.6394040125847688,-0.31713928166204186,0.0,1.0
0.6810825190506449,0.02611374480679922,-0.2154248159320814,0.4712514108054917,-0.15819720359491127,0.018745191426808788,0.0,1.0
-1.0744678265911192,-1.3019410075820392,-0.7460097932452624,0.23707672978997021,0.7265321484185328,-0.6841038500356262,0.0,0.0
0.9029590908831439,-0.12647457792480934,0.050999085234120486,0.30286469017976625,-2.0178537484657375,0.38061571555278584,0.0,0.0
0.1543691494458752,0.5683082465626361,-1.8980334686529954,-0.7678782257476425,-0.5250305688171565,-0.43457619972347034,0.0,0.0
0.3348571295137437,1.571607012017544,0.9402093107004634,1.3344626513443956,-0.1412870196004442,-0.3256241257168507,0.0,1.0
-1.318684833960534,0.9281422287648364,-0.51040035855374,-0.9153134035652645,-0.5957058119176447,-0.6929399211667474,0.0,0.0
0.01531074043920277,-0.9751330341012298,0.8420907685316394,0.8464550372307531,1.8887485967417208,-0.49788466733965686,0.0,1.0
-1.1406631724631195,0.7042133929750383,0.5576402138719441,-0.4447659486283508,-1.269152106191945,-0.6887718196428432,0.0,0.0
-0.22511371097490995,-0.26016547678794977,-0.11634778557406876,0.13465418832841178,0.31199925404766005,-0.5716844121330705,0.0,1.0
-0.12871731971953396,-0.005159080729335853,0.15701185306664767,1.1044385579402178,1.1474316824819,-0.5444207143795025,0.0,0.0
0.7036074683643725,-2.081636566670672,0.8362785519448152,1.8408808689326503,0.38159643518570785,0.046728893944375446,0.0,1.0
0.35252594213533023,-0.14679736322166892,-0.24731439351408846,0.43198380704077227,0.7280304018402797,-0.31477273332864375,0.0,1.0
-0.08350282819247483,1.127236451045374,0.8483262129172459,1.148089327921623,-0.6298842411213413,-0.5315403967741819,0.0,1.0
-0.16944008484487671,-0.4493722208648591,-0.5023143443441006,-0.21196014736448565,-0.31420610746125927,-0.5583909944726521,0.0,1.0
0.554426103412479,-1.8596531928062447,0.8248727981284528,0.7478739486909121,0.8936913707628137,-0.1364870160998911,0.0,1.0
0.7295326219582711,1.27105318937335,0.39089292475214116,1.6489874329659648,0.4888002984576184,0.08283852288566498,0.0,1.0
0.6514451173852831,1.9506307661104005,0.8191445439750483,-1.887043777028864,-0.2271966866610859,-0.0232934871672228,0.0,1.0
-0.5312721330689992,-0.4921258952342326,0.43368417664927494,0.8878645156224115,-0.259184608284799,-0.6324623638198908,0.0,0.0
1.431170930757423,-0.13180239741767857,-0.13094801387132257,0.6868900833651582,-0.022493090128099608,2.1489261427274595,0.0,1.0
-2.241931672774268,0.20314484724918636,-0.23535057768913398,-1.131114887825377,-0.05983698164080269,-0.7122536890434392,0.0,0.0
1.3486965183059234,0.9697840919097449,1.6750298703643145,0.7861656621926585,0.48082548639213796,1.7464456189801938,0.0,1.0
-0.7419102706400318,-0.21675695400042777,0.006972122461259557,1.2277109839040594,1.462020188934136,-0.6596439252689622,0.0,0.0
-0.12520761231972335,2.2930472828658233,0.6250186127236632,-1.839632396681827,-0.7418245530886881,-0.5442198588059965,0.0,1.0
-0.04889232932509647,-0.005674724898366488,-1.6874766090261781,-0.7320101294530031,-0.5606695583222571,-0.5184541563114708,0.0,0.0
-0.4080133968295293,-0.048470986069940915,0.12878567774514368,0.2028557878557504,-0.7450496727633393,-0.6123378620758703,0.0,0.0
0.8391353083478974,2.0389810350579447,1.1094765277525824,-1.433108235349304,-0.9564320014348219,0.2590486082679371,0.0,1.0
-1.7230537148814722,-1.3555097460008247,0.3500797015054442,0.017357695584012043,-1.1565515739195986,-0.706482219023874,0.0,1.0
-1.5872567609642743,-1.763868688586019,0.7000296219179406,0.675371296701941,-1.8320604862136685,-0.6996331080737677,0.0,1.0
1.563627669105529,-0.6884198532718064,0.6729489213467783,1.0185977108557296,-0.14424176616747553,2.9267063479366895,0.0,1.0
-1.1797166362757805,1.3771195283060296,-0.619308956638602,-0.5983092183164704,-1.7147651833284505,-0.6875850241637513,0.0,0.0
-1.4386983512881937,-0.9004832113506975,-0.8791959145515033,-0.44434191222358677,1.5845813469557988,-0.6963916183668762,0.0,0.0
0.8528945811789486,-0.9984178637805415,1.009196317968978,0.4110582608690582,0.49951264948073276,0.28226740187097793,0.0,1.0
0.7548851427000406,2.8277029146003336,-0.0998041291041397,-0.9164708138345196,-2.289045093156271,0.12141226353709011,0.0,1.0
0.7732305246797804,-0.2988972278539768,-0.6607899323426984,0.4244514870974298,0.030110040260550225,0.14958645616196212,0.0,1.0
0.8056423815215082,-0.20848907116031093,-0.27975869323010094,0.1553008707772995,0.06410673190037586,0.20215143663120197,0.0,1.0
-1.7010309420040084,1.087679369757466,-0.8005308726523073,-1.0948678883782768,-0.5966585032962437,-0.7076861058423825,0.0,0.0
0.8421089617379871,1.4884482582377314,0.5588573050444117,-2.54836269928702,0.964987073910782,0.2648816775390031,0.0,1.0
0.7522217650429591,-1.0186263025381603,0.7050846958917747,0.9487428951004291,-0.28211363010948576,0.11397316803846497,0.0,1.0
1.2109567140183115,-1.091592686712319,0.9695630064235872,1.1187218636257548,-0.7507996782566861,1.2017999722510775,0.0,1.0
-1.154866338762707,0.5920289778302117,-0.8180656416249955,-0.9819843056642391,1.1710572693704477,-0.6910242116903498,0.0,0.0
0.4000238805232386,1.353258618398235,1.2501103299354022,0.7724254214730578,0.7011760020514427,-0.2765713923576197,0.0,1.0
-1.1467173623486435,-0.8184506104723448,-1.1078182182672776,-0.8879165313951236,1.4340314502711662,-0.6905090481855345,0.0,0.0
-1.2982726860627654,-1.0203059530480965,-0.9337528875716922,-0.14541062904780536,-0.0359638519289584,-0.6932953507905676,0.0,0.0
-0.795915422032625,-1.5867275243830703,-1.2478513972781289,0.21788758782659737,0.6342848926372207,-0.6650971361022108,0.0,0.0
0.3741187558518556,-0.06482769773479537,-0.17524785888093056,-0.2241196546030888,-0.7306860034045954,-0.29737679815747126,0.0,0.0
-1.205944102192437,0.4275880845580275,0.462117417062392,0.8508237115287922,0.26719528706785756,-0.6923550692410583,0.0,0.0
-1.7542333439272026,-1.3722788246212596,-0.5697967886274987,-0.06070097880357794,0.34489549024214966,-0.7063820422824437,0.0,1.0
-1.2796966301224892,1.0091071958384021,-1.540203866847228,-1.331252946786119,-0.02774859636974782,-0.6937365648822288,0.0,0.0
-0.8389611634289662,-0.4480951953533336,0.4809783179071074,0.6915389428037212,0.4172001639124019,-0.6672739017410555,0.0,1.0
1.44519167373923,1.3253771976056654,0.2877579326339682,1.7874399250381239,0.6386140296553846,2.2184494265974766,0.0,1.0
-1.3039363999219387,0.5275308402708375,-1.2149066804649387,-1.2070311104740516,0.46562067557089465,-0.6982776639303534,0.0,0.0
-1.6187753986099653,-1.1330468174780022,0.6564659939745193,0.8153897548942828,-0.6938301427707028,-0.7028216470436475,0.0,1.0
0.4753065754999098,-0.5418693039380336,-0.21495278728034667,0.09846126806955206,-0.22774050225561426,-0.21140605111849178,0.0,1.0
0.8392435424008168,-1.0215197602876611,0.7453298995778813,0.9800381956436287,-0.18467225812584845,0.2581401593859445,0.0,1.0
-1.917695599481791,-1.0513562399716767,0.8958242769817198,0.6268996166511764,-1.049534851725633,-0.7112039287934233,0.0,1.0
-0.5599862916604805,-0.13895932497966187,-0.3097988348005459,-0.235683211692312,-0.7029237449194203,-0.6368675737495487,0.0,0.0
-1.08542415853138,-1.1594068877904955,1.2063430696175832,0.5261101042374096,0.6722655195986592,-0.6832149835908173,0.0,1.0
-0.13870560002810883,-0.7010253742094109,-0.6890832898431742,0.2061429971488921,0.5507438798543846,-0.5518639716430427,0.0,1.0
-1.2499460117821917,0.28429459266082163,0.057887279277117475,0.5555053003355302,-0.09155865830120774,-0.6967185753143714,0.0,0.0
0.18057625333113128,0.5008119782845927,-1.3719041691604188,-0.593136931641915,0.04865442768617587,-0.42374548071473334,0.0,1.0
1.4837501883547157,-1.3557300957949348,0.5184555195157523,1.0145537020205684,-0.2489107341805469,2.434044521301434,0.0,1.0
0.7686208557043142,-1.1279726924080191,1.089808329546074,0.4506202084078739,0.7784855157259822,0.14192394275653167,0.0,1.0
0.6584666859095454,0.9177734008083624,1.7470722709784359,0.6021292880366174,-0.46668869231022947,-0.012552492437093242,0.0,1.0
1.1460709592179088,0.9669887758792596,0.6324136773151993,1.5951269646569821,-0.21888175393745374,0.9903330713264854,0.0,1.0
0.9925288317801255,-0.1420911435772562,-1.1612201748359448,-0.12590209043873107,-0.5824181361035021,0.5724371522902185,0.0,1.0
-0.3362335543867231,-0.3618649081669586,-0.6924899332506114,0.18947000891046184,0.5104969890426264,-0.5995646233738796,0.0,1.0
-0.1496569957987433,-0.5564198719909336,-0.2393138556649577,-0.06513324679321475,-0.45475911407806674,-0.5537214244271887,0.0,1.0
-0.06319630251956027,-0.5092903588790683,-1.2190282152181133,-1.2326823328834617,1.0286977432022704,-0.5264346555708014,0.0,0.0
0.03157256952954207,-0.004175437546554635,0.6284899178168665,0.7234545952797852,1.3427546985251388,-0.490061645152707,0.0,1.0
-1.0747337301348847,-0.04727233178800396,0.05220348880790823,0.8198038501034389,0.5519533198797999,-0.678874088306987,0.0,1.0
-0.7008102670184222,-0.5525208762764032,-0.38044715220705616,0.17724672047904066,0.08561344557711997,-0.6537182513314428,0.0,1.0
0.8292822724104217,-0.14498598688176406,-0.6166974296482558,1.009784742420683,1.097587226011979,0.24325149143651084,0.0,0.0
0.1853958345666943,-1.3842921882696562,0.19638460997859142,0.6277443949627574,1.3871359890744912,-0.41661185144485013,0.0,1.0
0.5424017476832437,-1.4978999629998189,1.0276075320806828,-0.2647416105305581,1.624411597170071,-0.14538447879966915,0.0,1.0
-0.3686065880058658,-0.2567082822692882,-0.9159757683399901,0.31167962168658403,0.044423447737369434,-0.605184276305782,0.0,0.0
-1.9072214835092212,-0.438255476942768,0.28333153870490724,0.6150473325722723,0.4856705480243758,-0.706961094259197,0.0,1.0
-3.3036371035850642,1.9319216886337265,-0.5277274368384366,-1.8272162070249542,-0.6512518259605482,-0.7134228142047131,0.0,0.0
-0.13949826801888887,0.8641787391250809,0.9211527222331782,0.7206032765761454,0.7027454573120586,-0.5489458416114532,0.0,1.0
1.0381142941662682,1.3804367186694109,-1.6403488870313643,-1.6838600266976853,1.044398689730689,0.6846460254963309,0.0,0.0
0.5730858531373496,-0.8213506070372051,0.9948830762053505,0.991027045727396,-0.5776664705932743,-0.11371702663121298,0.0,1.0
1.534620320610237,0.7987332774893188,1.9071317913056556,-1.9029230922993343,0.39248434236428975,2.739398043118953,0.0,1.0
1.1534885380280497,-0.019554402996689525,0.9627136770714795,1.2501612525046877,-1.3311862258485019,1.0095494296461502,0.0,1.0
0.5169126452245567,-0.8144240040480539,-0.49029805120015163,0.5313381644255211,0.9337486655085985,-0.17176448965848307,0.0,0.0
0.11365840777027222,-0.2952449110430182,-1.1228831607721401,-0.8301377663620823,0.5982039441218027,-0.45435446474310803,0.0,1.0
0.05091441915848239,-0.639208896455771,-0.06223146573537797,0.345596555797063,0.5399990349455998,-0.48019314900448656,0.0,1.0
-0.8701907183330249,1.718251704038386,-1.1503321535177107,-0.7636601139043754,-2.3709538384484303,-0.6715883439892133,0.0,0.0
-0.12342140045192496,-0.3314667530842905,-0.6095573714458994,0.6037832742101301,0.9476285398398572,-0.5467665508530538,0.0,1.0
-1.158291143798565,-1.152460968654565,-0.03979025034070832,0.6311282710705948,-1.754230387575979,-0.6888693905673494,0.0,1.0
-0.3465494028437935,1.4435047950098945,-2.2979266221889825,-0.731593788349037,0.9967163001268635,-0.6039371045419832,0.0,0.0
-0.8615789353570465,-0.4816604135394811,1.0424023667726596,0.9181823447355881,0.7221421321800202,-0.6714390275868781,0.0,1.0
-1.5164036972259132,-0.5478094975228575,0.576752665741556,0.26191989678457817,0.6353161525886346,-0.6992504367491211,0.0,0.0
-0.4058907550441138,-0.5199590255604516,-0.5338871469232845,-0.7790258053773517,-1.189517583584035,-0.6134285723139702,0.0,0.0
-2.007993679483118,-0.7698808231887454,0.6340196006029633,0.8748991796144053,-1.7476043627041393,-0.7104461307303513,0.0,1.0
-0.46735260229603237,0.08111361807306436,-0.6214909038421033,-0.11908093317077474,-1.2595681664772633,-0.6260803976765733,0.0,1.0
-0.3740355388727113,-0.5716252217738326,0.6779089843808097,0.953533854509802,0.2639144975679988,-0.6054761838172178,0.0,1.0
0.1908258405673441,-0.21153845336856394,-0.4759900573326466,0.672103560129159,1.0682609489299137,-0.41374189480666823,0.0,0.0
1.1593540358475571,-0.3110459712512447,-1.1557104590276346,0.06730459370256234,-0.486248300625685,1.0328655979678976,0.0,1.0
0.004431076558716406,-0.8661098490990481,0.7434883419825792,1.0248448426464245,0.15616245286696132,-0.5028010075709274,0.0,1.0
0.8626012263961058,-1.0275780925288343,0.9413474220893349,0.5091579865677949,-0.13229128636687884,0.3049733246413475,0.0,1.0
-1.1058554660685076,-0.8524103541253233,0.37956085734690714,0.23366956179157233,1.3545588468976344,-0.687175566435683,0.0,1.0
-0.4472255556550529,-0.6977587303426747,0.6632282059215446,0.9288913478443191,-0.7993698964939775,-0.6186990121761056,0.0,1.0
0.05916065249870669,-0.08458083499905918,-0.2705643023524275,0.11819354112567765,-0.548652604699938,-0.4750672834649175,0.0,1.0
-0.5943021383042324,-0.403009819784195,-0.21398087689550438,0.015459357546750914,-1.0288143871409212,-0.6439204860128886,0.0,0.0
0.09639353863581601,-0.6695445513161825,-1.758604308130466,0.13018435521440075,-0.05136245111626519,-0.46071860606249837,0.0,0.0
-0.05760586815292099,-0.5075195342176296,-0.499798478582977,0.3464330036686198,-0.11981637702505085,-0.5196549398414719,0.0,1.0
-1.1310253715410417,-0.6974094912521276,0.7754064299186286,0.7814266815074746,1.6030132792782725,-0.6859459796021208,0.0,1.0
1.5095125426103626,0.10595707336193778,1.3206543314105457,0.6263298338884845,-0.33064840105325916,2.5843944789569813,0.0,1.0
-0.6431108139312401,0.15095733467947242,1.0083132882766137,0.5382835756184832,0.6154499905278408,-0.6509517983629282,0.0,1.0
-0.7196662985706889,-1.1186525101619427,-0.7703833123142494,0.6225747652784136,0.8246100866906733,-0.6578282434160468,0.0,0.0
-0.740232354522986,-0.9933632414831354,0.38514069420729763,0.8759272682871976,-0.024653712377707374,-0.6559988523707883,0.0,1.0
-0.8632606598442124,-0.14863873836715552,-0.46585912276604763,0.15108291128346005,0.02201241516532994,-0.6697344646550479,0.0,0.0
0.8097690673089079,-0.8596908807920404,0.5863755472873184,0.5506118980345103,-0.6840370484660196,0.2075440059452005,0.0,1.0
-0.4080771417514641,1.0119623741048636,-0.9490907234518117,-0.7133119276080517,1.0399260017638947,-0.6118184368675814,0.0,0.0
-0.9970851881481279,-0.5643789472445628,0.47453119986417575,0.7156944060971052,1.5551217607389118,-0.6792450921312555,0.0,1.0
-1.420775553967294,-0.8561290430274908,-0.365116588483406,0.7251437002031957,0.4326748355627438,-0.6968478545436192,0.0,0.0
-0.9336736432119577,0.04628931847276587,-0.5462082715343676,-0.15835830086313787,-0.7229393466757423,-0.6766216816284207,0.0,0.0
-0.3730750753527904,0.26592321296636273,0.5856313766365225,0.24566517731011484,-1.6877463757025746,-0.6055764437348763,0.0,0.0
-1.4999792853130804,-0.3479371482560567,-0.09797638062063592,-0.15306532619368846,-0.5908674958303308,-0.6986726916940376,0.0,1.0
-0.5816300980469346,-0.2586741718500733,-0.30327921549758635,-0.004855322921845884,-0.30772690490243826,-0.6397683043125656,0.0,1.0
-0.8473245299173203,-0.4525959259028704,-0.3506139517716924,-0.8869870267636716,-0.7439740663190957,-0.666560053180376,0.0,0.0
0.0021539274145040504,-0.796894298676723,0.11408245874420486,0.6447671350219979,1.8339650354430626,-0.5015019894500806,0.0,1.0
-1.3583300842891073,-0.9619026470287168,1.0292936632753886,0.563151764872678,1.0352611354533168,-0.6962344994506824,0.0,1.0
-0.35459101639929497,-0.36932034000194686,0.43053283292337474,0.4511505277221535,1.029921753543846,-0.6026573369516134,0.0,1.0
1.0977545605037604,1.8080603362508185,1.0363967597579884,-1.993803228807601,0.3738877966497653,0.8451713078014826,0.0,1.0
-0.8886509787389634,0.07393887092958586,-0.732846255085634,-0.19207538124799065,-1.2387477580001973,-0.6747778119586925,0.0,0.0
0.3921646328923669,1.5204345309867835,-2.028300283770511,-1.1864286294621742,1.8535981312730776,-0.2805970572754525,0.0,0.0
-1.4413830519755757,-0.6370364475577138,1.2511220572565962,0.77999182086548,-0.3322619042213004,-0.6992688313060872,0.0,1.0
0.007063208747648522,-0.2940661384993187,0.05563318377674036,0.6979256423154625,1.5634963073681623,-0.5024089523222229,0.0,1.0
-0.03292715337058141,-1.6022436928247934,0.8205564745461744,1.2492270746930159,1.3174812304434023,-0.519782125651666,0.0,1.0
-1.047381814350914,-1.5716179074565686,-0.030587729093784228,0.40239990541470605,-2.3056172730338944,-0.6875451159413362,0.0,1.0
-0.7713556173574891,-0.6992868903772894,1.017583856023123,0.8832698176564933,0.6643419749470372,-0.6651395181778741,0.0,1.0
-2.11685794193104,-0.36289875974460195,0.5453604807863899,0.26122088242700303,-1.1721891849312782,-0.7091730000597921,0.0,0.0
-1.6114167809734234,-1.1760607207524876,-0.7583894051715684,0.02631933989806151,0.1688988856329227,-0.7024187593939749,0.0,0.0
-0.4565574488858142,-0.30716646170660467,-0.04459820504190157,0.1612153892887443,0.9509749307619864,-0.6220489834077308,0.0,1.0
0.33853999287727377,2.427435720559713,-0.2952227464167634,-1.626873705852648,-1.2797095164721377,-0.3204901190592071,0.0,1.0
0.8521758826780861,-1.0332264213851095,0.171940648732794,0.42249473570351337,-0.9419737092380599,0.28052566392616557,0.0,1.0
0.7880746075634666,-1.0968399651501277,0.6197059044602717,1.2869388323530189,0.0571359426622737,0.17293638132284353,0.0,1.0
0.9974229626507823,0.985864128274919,2.221361769845824,-1.9979780836473164,0.4657631010957963,0.5857935185788907,0.0,1.0
0.5910126354758812,-0.8319921799436449,0.6623694381605709,1.058777027332155,0.519671534266703,-0.09574043983339091,0.0,1.0
0.8055769506441887,-0.8936356856285087,-0.8912034086865172,0.2460248033744386,1.8514105875459572,0.20208584777013874,0.0,0.0
-1.0463443883104528,1.1938803312677644,1.1587129474682376,-0.6698908751487925,-2.6810146050105343,-0.6828164395731008,0.0,0.0
-1.1092594457999514,-1.3059976075225914,0.4352268899470627,0.5597371396599604,0.01893231692722296,-0.6838096581739967,0.0,0.0
0.795046960262606,0.01822354063844483,-0.2338199674538113,-0.214238727385038,-1.8556221369491774,0.18216333598385553,0.0,0.0
-2.1188754679854926,-2.0840075150061637,-0.5277694193332231,0.6921853452835101,1.5372219784102579,-0.7068239509045202,0.0,0.0
1.293045621933819,0.9099473198765803,1.9437496281943138,-1.1318248113899743,-1.4258540210616493,1.51060070375498,0.0,1.0
0.1304375223109539,-0.7150012071595755,-1.8433859782098747,-0.6441694232888231,-1.4283317933910995,-0.44521408526889716,0.0,0.0
0.346035937533712,-0.2529826851975497,-0.12173957619729046,0.14054778637767595,0.19021585962144782,-0.31639093419734765,0.0,1.0
-0.9427213813699445,-0.8631440289549199,-1.0017296652692804,-0.537010674599817,-0.19064844078836243,-0.6807921111194132,0.0,1.0
-0.5098753492223721,0.9840985294102944,0.22426485923007722,1.3232556721790107,0.7510889015055087,-0.6332240887451707,0.0,1.0
-0.04929509379333098,-0.49216633379808106,-1.60473049255493,-0.5288404299094187,-1.407016559113188,-0.5233086467670697,0.0,0.0
0.8697145403092239,-0.04036674564192133,-0.7291950855456852,-1.2186387544341386,-1.1890780803720669,0.3172268770115068,0.0,0.0
-1.0683413491790985,0.43019656407844936,-0.09199398030049187,-0.49211091921143313,-0.05648891862042765,-0.683396662524363,0.0,0.0
1.234433175013329,1.7448555239197454,-1.61044538198418,-1.5756410485221504,1.2540195165970784,1.285499952197052,0.0,0.0
0.28577328036850275,-0.06137052208721739,-1.5436112042474937,-0.25420806824917425,-1.5956179942182493,-0.35750270269781337,0.0,0.0
1.1674741466141114,1.460208853384697,1.2376118552735402,-2.2577030204802386,0.8534503225341844,1.0544866184613502,0.0,1.0
-1.2167995886925118,-1.5898390517121892,0.91044761310361,0.415979220076446,-2.075766798976496,-0.6899773415058333,0.0,1.0
1.3462129993058325,0.4498419628704677,1.074825786857977,0.9011933398838198,0.8225829374393705,1.7361572177310907,0.0,1.0
-0.07347264597135404,1.494894551656754,0.16800821920748737,1.5592299275896648,0.9750121004428134,-0.5254331864356708,0.0,1.0
-0.7430108664359767,-0.24198419822483264,0.07405860483618003,0.49770839760239655,1.0581788130981018,-0.6581060463390834,0.0,0.0
1.4357817633651684,2.1442119658319414,-0.0786482757894997,-1.328085877626573,-1.2512742359188704,2.1709368971407454,0.0,1.0
-0.34706523619695256,-0.15058195784369643,0.4536247418284147,0.493275347902788,-0.13560581278038616,-0.6022306170595302,0.0,0.0
-1.6227908162372355,0.5753169983471367,-0.8776221641950808,-1.1569288128638693,-1.333045822800837,-0.7029316193226536,0.0,0.0
-1.006154426525504,-1.7886553319225158,0.04732288986218189,0.4180347431668861,-1.5424274866518464,-0.6792528986516996,0.0,1.0
-0.18547771696915097,0.006899051742451701,0.3329162160721752,0.44839343200672604,-0.3096786237637191,-0.563808903157264,0.0,0.0
-0.21296238312765473,-0.4743556100625687,-0.4429995621174901,0.11377235138953587,0.22897025786517552,-0.5711968101952414,0.0,1.0
1.4783411089932883,-0.11480384062336743,0.6868938700050596,1.029010456503039,-2.139583436110108,2.4011124072109524,0.0,1.0
0.03530068330046928,-0.6140006122164092,-0.9921075680723417,-0.9913308751203975,0.7020620101755941,-0.4890297842544063,0.0,0.0
0.6642024689640817,-0.9623768844302067,0.9332102668240795,0.6284639906891789,0.36659376667042975,-0.005086709286228897,0.0,1.0
1.211780387585894,1.3847056662058468,0.1449976255410071,2.178109113030472,0.3497902426833075,1.205998031729481,0.0,0.0
-0.9344015382228518,0.3486902670066566,0.060202529521671384,-0.06113142626234887,0.7445696338489288,-0.6742382486210948,0.0,0.0
-0.13789086404412412,0.3496203601351963,-1.048236048245653,-0.5546786683624173,-0.27642480955739207,-0.5500201463177272,0.0,0.0
-0.9076939224191242,-0.2796644866749028,0.039681158602329424,0.6359636499906659,0.793198840042126,-0.6749254055740792,0.0,1.0
0.7329079228989613,-1.7795971202018528,0.566484677014092,1.4345533992663506,-0.4632556410047076,0.0904739193471422,0.0,1.0
1.5507895918400971,1.683901674008365,1.718496431260799,-1.1703112351053881,-0.952804388203575,2.841340441925161,0.0,1.0
-0.9878287698804793,-0.7937583968801473,0.26711443001095386,0.8323537262902883,-0.08935858185149004,-0.677808676536476,0.0,1.0
1.1844062329823248,2.1814183928588546,1.173182707929254,0.8074921119341381,1.9123823575890964,1.111023850240519,0.0,1.0
-0.5025286255372498,-0.06649423043710302,-0.45326654616749934,-0.9702656892082516,-0.14689672786000124,-0.6266001380834484,0.0,0.0
1.3440851936065792,1.4220089789883474,-2.339299466511367,-1.4373029029977356,0.7645797564280217,1.7270405692418358,0.0,0.0
-1.7339727574158634,-0.834222489322083,-0.8779502799464628,0.30840526155845865,1.4449258171824118,-0.7049587960800863,0.0,0.0
0.31328379570197595,-0.019710607524544593,-0.49570936342028094,-0.08765361601485633,-0.7454260049344819,-0.33977929264480766,0.0,1.0
0.2619423547687488,0.02413960467818356,-0.3017332019170046,-1.0010523809487615,-1.2910162677345884,-0.374172904514577,0.0,0.0
-1.661095303701436,-1.7454881408228318,0.5852691226774654,1.096829119849366,-2.5436014119636012,-0.705149716543432,0.0,1.0
0.8214362485444346,2.1216942762414193,0.5437130628454526,-1.1451072953196202,-1.7632515484515745,0.2289454517920044,0.0,1.0
-1.3909094946704237,-0.8245252962462556,-0.559669677619221,0.0006926419030991105,0.022896385661475307,-0.6971407881322682,0.0,0.0
0.8014608787917604,1.2985468400479463,1.264547908733248,0.4910746478055734,1.6296402645575965,0.19708086596114102,0.0,1.0
-0.06141793470487718,-0.3161805814517669,-0.5647936425612768,-0.33716187088808325,1.8412572848085593,-0.5262147454543937,0.0,0.0
1.5044564949851216,0.4932033019624068,2.030320594586454,-1.0477751709913854,-1.6292821150985528,2.5568266189400672,0.0,0.0
1.3958645186337917,-0.7283122351605229,-0.7440046644850595,0.19523019356844618,0.4852159329122821,1.9665418805290238,0.0,0.0
1.1192487336344021,0.7316664764217033,0.19129882334213133,1.6089493858847366,0.88203126395224,0.9094078886591678,0.0,1.0
1.2795189176844084,-1.0513203121616677,0.9585782353056872,1.614908600640843,0.07065744676713975,1.4573222262160794,0.0,1.0
-0.8744114268264214,0.4019006468477053,0.16020462408643069,-0.030207935246874443,-0.11704384234108968,-0.6689607295349641,0.0,0.0
-0.4888831039555902,-0.7155478529301684,0.7019019297971145,0.28990383442081197,1.4097384678394924,-0.6298617348866297,0.0,1.0
0.8770545614243852,-1.5458884399602957,1.0600140781244147,1.104424173939759,0.6379994395144885,0.3269260851935283,0.0,1.0
-0.29264041574447885,0.21467805388363487,0.3365989826035006,0.10054224501163586,-0.985311400811239,-0.5951255005552356,0.0,0.0
0.8745442711065589,-1.4650744470525143,0.7328082597094663,0.7806545067515006,0.6312419354990355,0.3220057704526991,0.0,1.0
-0.6304532209084851,-0.5212387965613677,0.5799093130631182,0.9796179309633032,-1.0235307098250184,-0.6451817650127349,0.0,1.0
-0.9774710990325545,0.7821502098056698,-1.370226456141472,-1.1257307199021318,1.3814197017959842,-0.6793379518778002,0.0,0.0
0.3955330555047478,-1.594690935121626,1.4842615471699674,1.2055906070229436,1.53989101254952,-0.2791870190010276,0.0,1.0
-1.279361182285181,-1.0491650531935304,-0.8339662334389977,0.03628196908453032,-0.08064567211001938,-0.6936983751601962,0.0,0.0
1.1605076629216835,0.4036679214483056,1.0382419060827792,1.116626638045959,0.72652549365052,1.0326039883998328,0.0,1.0
0.3963217098435412,-1.0087366371539928,0.7971340119994178,0.9707399285571676,-0.9047557759935776,-0.2788240155131585,0.0,1.0
0.2345194978366601,-0.6145556168027968,0.9644397965748639,0.6202612417749621,2.226205092874465,-0.3894172769134768,0.0,1.0
-0.5107192440564146,-0.22934795927494767,-0.5580831194167574,0.05544088927501228,-0.6193920840531992,-0.632179995488625,0.0,1.0
0.10348918677173745,0.9867834534756398,-0.987198435797139,-0.10387192471375349,-2.2033279202445692,-0.4559751540302058,0.0,0.0
-0.1647716756248048,-0.22132377859691682,-0.29247915798337626,0.8096474910934667,1.3548405481438623,-0.5548777992375119,0.0,1.0
1.606227237206361,1.8518415661471523,0.2351014853219772,-0.9617823296371533,-1.9749284959434443,3.2198525309321977,0.0,1.0
-0.6972948669102473,0.28209749735672235,0.023872934065686215,-0.26572469154139566,-0.2556162548800051,-0.6574493068364782,0.0,0.0
0.45503041434886626,-1.2577784944448291,0.47584565861241446,0.676681121529108,-0.9253642652119053,-0.23068390672763142,0.0,1.0
0.560457975946094,1.2971217389063199,1.1027096632263858,-2.7340133551716534,1.4043752991975607,-0.12818779494459445,0.0,1.0
1.0137555929728554,-0.3916614414214677,-1.16590698617186,-0.446207709291795,1.0108796907871074,0.624365835662275,0.0,0.0
1.439955215275034,-0.5723757334782458,1.4618286794326634,0.4329936061192621,-0.5106957120546394,2.191170218016382,0.0,1.0
0.5101942423291922,2.339764096275519,0.3109598141495118,-0.9862463938250714,-2.343224198599934,-0.17979354325979116,0.0,1.0
0.7777400252204426,-1.6100411276063118,0.7976989248445597,0.578580266391762,0.30368821745635943,0.1586282151605997,0.0,1.0
-0.7188921591918773,-0.35763645693494345,0.7703917094304851,0.8890315425987443,-0.3060160256323016,-0.6544649223759905,0.0,1.0
-0.8197666500946695,-0.2758846799248682,-0.5615013587184033,-0.9270717506459671,0.9012548463727863,-0.664265126467531,0.0,0.0
-1.4654966703786896,-0.5628917504805525,-0.6302538807830124,0.11344119099222405,1.5872525867784766,-0.6974433935905869,0.0,0.0
-0.10431749878417755,0.513017666280004,-0.2930042947823219,0.5102241788300373,0.0024191221650525737,-0.5420552857612371,0.0,0.0
-1.1207148032309513,-0.5363730774950595,0.22314644485434162,0.9195775486556474,-0.61694252514334,-0.685881562448629,0.0,1.0
-1.8038274407267616,-0.3122090487646579,-0.09532390336360595,0.55212920898879,-0.5646267594280558,-0.7061687590607588,0.0,0.0
0.785236820434143,2.136395723138182,0.7178405166014398,-1.267861480722286,-1.4564086185127239,0.16979500838334355,0.0,1.0
-0.794401110322798,0.25929966010799427,-0.3559377751648975,-0.8091959076315692,0.5558692853065299,-0.6661751304009335,0.0,0.0
0.16191921960310426,0.06937800948188773,-0.4875614381463347,-0.3361250919028747,-0.4246277730911193,-0.4307854595451387,0.0,0.0
-0.8522993918962648,0.22812341455526097,1.1765756457701906,0.7448583089645588,-1.4263228881585404,-0.6656791278523968,0.0,0.0
-0.7847307837172243,-0.8661814578010196,0.8618321273042694,0.6703170171068373,0.5493015670615408,-0.6647552213097558,0.0,1.0
-1.0592713516734806,-0.6909257669040169,0.8848088706222345,1.0970354779774167,-0.4327570171761541,-0.6826876128305184,0.0,1.0
1.5713594678399048,1.6761116496737953,1.1019693591691218,1.3038953190696756,0.7042967751289885,2.9773508954869463,0.0,1.0
-1.2018178833977395,-0.99720714921341,-0.022791779343267378,0.24815969040974437,0.4514516585324088,-0.6918340975331188,0.0,1.0
-0.431723634595407,0.3298791174703792,-0.7907646308945369,-0.7144908582421903,0.32886024084149795,-0.6153851445697653,0.0,0.0
0.09186015168627408,2.201297191937026,0.5418211725771392,-1.837826245948763,-0.7157022863903444,-0.46633922938367917,0.0,1.0
-0.4576610737196532,-0.656398555742608,-0.324014551433782,0.013966184378505726,0.41968766935196217,-0.6200752837092042,0.0,1.0
1.265143757989489,1.2750648632587247,0.7876322737308462,-1.5490591952166861,-0.9013264559025065,1.3998695867225335,0.0,1.0
-0.10001976465305093,-0.7671178827085058,-1.4475535580212688,-0.17556005656852885,-0.5837555277612405,-0.5387428205933429,0.0,0.0
0.03897759257281311,0.009253282063572288,-0.7285307966600033,-0.2400339554595382,0.9946575710858147,-0.4885913980089719,0.0,0.0
0.9932575184489427,-0.2750738228361453,-0.8348332483472478,0.2107460976408905,-0.30915399009433786,0.5761494381432813,0.0,1.0
0.8278519484684418,-0.7717177883418082,1.5976398578245545,0.29062562807451103,1.130589309835029,0.24001780536447798,0.0,1.0
1.5782401254841285,-0.22618385365645993,1.5933314467250885,0.6011780194611637,-0.41074542664241037,3.024407592405936,0.0,1.0
0.051988184531202464,1.0023568172668005,0.8216417599061159,1.0209077021142168,0.9597574691991131,-0.4796118885262259,0.0,1.0
1.3776802150590415,0.8344775798553965,1.6287748733580873,-1.8111911133686582,-0.02362924404701019,1.882069506284297,0.0,1.0
-0.9279431014752682,0.11995553543929101,0.32109956174690607,0.33269579325282395,-0.5727859376501425,-0.6768661773680748,0.0,0.0
-1.4644259045431607,-0.7371791272359283,-1.1547074182963828,-0.1240181050323503,2.36617919630731,-0.6996656791667267,0.0,0.0
1.1671854416424678,-0.9447134544359175,0.853094164237278,1.3268352307432134,0.5475754061790806,1.055055090361621,0.0,1.0
-0.7212314447975344,0.6675239573100115,-0.9407470729779389,-0.661090971934325,-1.0701858683177576,-0.6577227233184185,0.0,0.0
0.2458157864889345,-0.5452521498107437,-1.1028590195773795,-0.542511706359136,-0.5682216962739405,-0.38433037313967816,0.0,0.0
0.224195417744155,-0.3431059556635506,-0.8509663518597923,-0.8378496208306512,-0.10448190023808804,-0.39523677780359767,0.0,0.0
0.24098940472914368,0.48679276433283253,-0.6494658533209996,-0.8747247530804058,-0.4221839891903382,-0.38505053177328485,0.0,0.0
0.18225708575595123,-0.22321146466908218,-0.9815151214150905,-0.9605493209441086,1.299494467029611,-0.4178803716839147,0.0,0.0
-0.6018512892233165,-0.8479166424561084,-1.54254578770908,-0.8635623423469881,2.0870988785660503,-0.6461710622748007,0.0,0.0
-0.4949390823874088,-0.22913097526693021,-0.19068741103451312,0.23056996659132334,-0.9704592171111507,-0.6282403236093139,0.0,1.0
-0.9565222449662644,-1.2300696520186576,-0.5565910912439733,0.8185341607255135,1.2352842192671865,-0.6779583547168799,0.0,0.0
-1.814759223253975,-1.1996248078572018,0.9476052102373338,0.5074634565493941,0.21789482484411282,-0.7063615501024045,0.0,1.0
-0.4590192153099119,-0.6908794653949831,1.5116551074795157,0.9119124574676128,1.0044061360414733,-0.624203655173306,0.0,1.0
1.3811778247125606,0.7379212570446987,0.7063657044650901,1.275946855705123,0.8036296437423364,1.8979547008235234,0.0,1.0
-1.2582926399836374,-0.2819072746336636,0.08743022982691413,0.10256510766179075,-0.4516757032949513,-0.69458587659801,0.0,0.0
0.286107701423964,-1.8017310781230396,0.5984724429794063,0.9390912237680535,0.3978666746496932,-0.35894802013860405,0.0,1.0
0.6274219824211773,-0.07722860953297885,-1.3107126208091828,-1.1354894483342908,1.3164479969105578,-0.04880021828115731,0.0,0.0
-0.8072906242823223,0.5045473964909816,0.6353281880704776,-0.11009473931167667,-0.8708162053472207,-0.6653679425929308,0.0,0.0
-1.5333426603708404,-0.49960159018472755,0.028829305159372726,0.11518700029522966,-0.848659901474271,-0.7013696411532376,0.0,0.0
0.7020358517622217,-1.065474769271563,0.5959659522239975,1.62662175554015,-1.0275928176133473,0.04531973115723917,0.0,1.0
-1.4560315513985367,-0.5619929632700904,0.8990529477321031,0.7486317702453876,-1.728796425293025,-0.6971908985389725,0.0,1.0
-0.518801556357913,-0.26785367824900297,-0.1107315001406776,0.07330916815467509,-0.9215744131750252,-0.6334532904964896,0.0,0.0
-0.8099061160552028,0.5891044473044905,-0.31861026454991054,-1.0359510812019868,0.22112361428155786,-0.6674572976933048,0.0,0.0
-0.9038303288285997,-0.39099332344835563,0.33765742423523826,1.0823304651289463,-1.3225476832744216,-0.6758611374107452,0.0,1.0
0.4577355987454812,0.9435367588562695,-1.5665798106390634,-1.4003318822556505,-0.08712395639454004,-0.22535618967744328,0.0,0.0
0.5867563918027661,-0.16003723678595827,-0.42776879126477646,-0.19755090750115992,-0.3180266194047065,-0.10532282892055071,0.0,0.0
0.1253755716257455,-0.5079577871556337,0.1901634391384505,-0.059776541619068486,-0.11444260393209879,-0.4485159141222694,0.0,1.0
1.302354915219012,0.7683306145671502,1.6079696380386304,-2.55385825762458,1.476844672482856,1.5491444956506049,0.0,1.0
-1.6801719709337566,-0.9854879475033825,0.9185317892760837,0.6364543910114561,-1.4958946513991886,-0.705857492029125,0.0,1.0
1.1228066346262884,1.4687499272157216,1.0333011757205848,-1.3722466817769101,-1.1661289843614802,0.9130402396071622,0.0,1.0
-0.8402416902128927,-0.18542414024394152,-0.5240600540885431,-0.17140077352127644,-0.6382392024822822,-0.667013417971308,0.0,0.0
0.4462618112923511,-0.9600852428812291,-0.10281093057557261,0.19118388178728438,0.9442568626608902,-0.23545072109327492,0.0,1.0
-1.2606727842505148,-2.198775938675541,0.5003827984671493,0.43305392931715675,0.4814352850697287,-0.6898286622774921,0.0,1.0
-1.568856162920437,-1.2362186236713313,0.9249586543436021,0.48749858254054523,-1.6535408531981615,-0.7026803475677109,0.0,0.0
-1.6727094268503648,-0.7748609639399772,0.10216057233016415,0.32511935754889437,0.2827904273327188,-0.7050305994380085,0.0,1.0
1.4775051956408667,0.39793987704256256,0.89803579664302,2.1237019578966336,-1.6313374964415472,2.3968178486141705,0.0,1.0
1.2894704224768774,-0.8168458982365624,1.645587966866593,0.42336110580959024,-0.6812047651989679,1.496529484382909,0.0,1.0
0.02587234292223636,-0.8915778626564586,0.04127687938838091,0.9973382913416491,0.555741993719215,-0.4932596331943163,0.0,1.0
0.8399898212958583,1.5339145607567897,0.6950463785120102,1.1045357455920524,1.2057542946708828,0.26155852253965617,0.0,1.0
-0.07606361504761387,-0.7601530086354913,-1.0705390536669355,0.031380328282506975,-0.08245968382021586,-0.5303814700165365,0.0,1.0
-0.7244027585397104,-0.2574056801321594,0.3962564949213816,0.23357515082441982,0.24287080940935912,-0.6591122694118803,0.0,1.0
-1.340217168648714,-0.7550490038091018,-0.8241970658546343,-0.7521351022176828,1.6631615351167763,-0.6951095475859975,0.0,0.0
0.14069389714516645,-0.39895985182944016,-0.47930156357866227,0.09098536425504382,-1.243400718082225,-0.4411097303958782,0.0,0.0
-1.2417953342821653,0.6218907753402885,-1.059240338136559,-1.157233263566897,0.6745171775563701,-0.693107925302121,0.0,0.0
0.6052234683351828,-0.18110047998233772,-0.4430114752373878,0.030802306871914892,0.03077672094247891,-0.0775517153217187,0.0,0.0
-1.525664323442405,-0.5105599346413128,1.3485175805706855,1.1949753500658828,-0.8382190735462152,-0.7027986682124181,0.0,1.0
-1.690074094256539,-0.5427582729682985,1.1010481541685004,0.927938144023226,0.23805880236963492,-0.7055941302284189,0.0,1.0
0.8142585819908429,0.09246152103445571,-0.7405652571240311,0.1890134025922768,-0.39051616066139117,0.21676889750713627,0.0,1.0
-0.0975199708085526,0.5101018152526862,-1.24259953265636,0.4082006001034058,-0.9786578451402896,-0.5399444454440806,0.0,1.0
1.177472142792541,-1.4102694297751623,0.39870101627720234,1.0477040107500197,-0.5834356208118204,1.0880929872066976,0.0,1.0
-0.1465255423635366,0.07356679762291217,-0.45332753347795224,-1.1439654263787118,0.309203247920225,-0.5535415797798187,0.0,0.0
0.8657089107494002,1.1342896552413966,1.7029464606758231,-1.4965962028526756,-0.9177027195682126,0.3105114400983563,0.0,1.0
0.20253161204206593,-0.3880711152351381,-0.5240211106134341,0.0011505609312601453,0.013009885579985432,-0.4094258293443594,0.0,1.0
-0.4960660374398664,0.038697678979956844,-0.34973306708009705,-0.2341666887224449,-1.7593202268022137,-0.6287185927908288,0.0,1.0
-0.4964327373925114,-0.2006727610053751,0.13558464252946537,0.7305115010673617,0.8668835340415371,-0.6282704234304511,0.0,1.0
-1.1576210942046097,-1.6508413388676546,0.7627864081175801,0.6820617407409558,-2.035635091255226,-0.6911768433350477,0.0,1.0
-0.6996984507182139,0.4376098436555283,0.3085402750033302,0.19234037024171252,-1.1151531328775266,-0.6571141909719727,0.0,0.0
-1.857479077187005,-0.9300362732832711,-0.5618467534114198,0.3065376047917049,0.7208551485758018,-0.7077668639986655,0.0,0.0
0.8113544501612951,-0.9802005378453422,1.1892246674490616,0.8012752132855053,0.44916407809022124,0.2113920417032846,0.0,1.0
-1.1146162049555635,-0.03653635048555647,0.32317240096826666,0.8424539303390325,0.22063841897227857,-0.685121566653134,0.0,1.0
1.1333769181058042,-0.4382242809751942,-0.9126175664084408,-0.32973700233003383,-0.15721886991656855,0.9518498968680923,0.0,0.0
-0.5622636424814438,0.5524838555605117,0.4830959697812974,0.07554229605065295,-1.217183870191685,-0.6391323424239491,0.0,0.0
-0.5572250524079332,-0.5059686568258838,0.28178086091295274,0.2624629836222537,-0.0616552917320835,-0.6367971949080281,0.0,0.0
0.523473143541167,-1.1258220692048464,1.173508502881621,0.9995767770719372,0.27951862942121897,-0.1648474890471112,0.0,1.0
0.44082544927526884,-0.13811536415599343,-1.4700507456419774,-1.036993003740653,1.9591325550385175,-0.24468921430948076,0.0,0.0
0.42020867825674835,-0.3823940817114295,0.8198456641271589,0.831093971039872,0.8102559650585756,-0.26068541451937816,0.0,1.0
1.6477385374276392,2.351837613307704,0.8362109776998705,1.475973945308654,0.9670278353436618,3.525093762555969,0.0,1.0
1.067780836864974,-0.3972530964208398,-1.033094428448075,0.08642175373566947,1.168181813978752,0.7628240918234618,0.0,1.0
-1.4819300498090326,-1.440077035292205,0.4537702179349803,0.42222272069435,-0.7811367261156288,-0.6988093033904041,0.0,1.0
0.7424501105526831,0.31286481636941693,-1.4706210839742688,-0.2540923587848312,-2.138506339076201,0.10474018365632125,0.0,1.0
0.4571291351732348,0.1062052725583665,-0.7591656220486476,-1.3674206331662946,-0.11258426264831144,-0.22515002857221025,0.0,0.0
-1.493464878760881,0.7142097606519181,-0.6520272663034297,-1.0946229902870093,-0.24516761747343713,-0.6996135932261536,0.0,0.0
0.9288279116754389,2.0717551454290013,1.3062359613755792,-1.0191825616824588,-1.6861140585797931,0.4310749489239101,0.0,1.0
0.8715880465828382,1.567834000016066,1.0698713612571655,0.9276842114267028,0.9186586792841317,0.32285915543753774,0.0,1.0
-0.10557517979373815,0.7041304776294666,1.4603675246212982,-0.11587766206104967,1.6299604237369967,-0.5388407447534329,0.0,1.0
-0.3922120819475736,-0.6427163296752065,-0.6739325413017226,-0.9548995478287552,-0.30023228790601814,-0.6108917505198544,0.0,0.0
-1.063317309898468,-1.0629824069133207,-1.005373572941668,0.5701714167764498,0.9469869311020261,-0.6850151543599424,0.0,0.0
-1.983278917990298,-1.1263157637332097,0.6144814323920823,0.43551669292204015,-1.5427447057627584,-0.7072915607054636,0.0,1.0
0.024786859161759062,-0.32531821391968085,-1.0026388610942982,0.11310570331488219,-0.06464864994179562,-0.4917609922332716,0.0,1.0
-0.5276486544602406,-0.6389173053444454,0.695699872155219,0.6947801662492211,1.21279937424608,-0.6340223712557636,0.0,1.0
-0.565169725416334,-0.1404247512042325,-0.2592624608494639,0.7013811630814958,0.7434245285393345,-0.6394073906155542,0.0,0.0
1.2913513393004004,-0.3377363604083115,-0.36339564393349644,-0.0009938359160822873,-0.6883975877461653,1.503931946520841,0.0,1.0
-0.2585531100198827,-0.1627377206179752,-0.19819134012185832,-0.2812704620992192,0.7155410631988678,-0.5821845077624719,0.0,0.0
0.19751246417945648,-0.5752301211415152,0.0911807741195544,0.5069235784185927,0.3377264410253987,-0.4116454342456013,0.0,0.0
0.039249100874035124,-0.8997619203981395,0.6454084747532961,1.0141420100621112,-0.06118387347428155,-0.4852996369069022,0.0,1.0
0.5685566476541749,-0.748920018024963,1.0477266090437805,1.7327964695970657,0.5171139171515822,-0.12023972274766533,0.0,1.0
-1.20752635910683,-1.0352831287536384,0.6275935652816723,0.5413141490493534,-0.8006046527007231,-0.6944546507081508,0.0,1.0
1.6258151046599776,1.469742635735941,-2.227943369226586,-1.5382246069052952,1.0609298329592731,3.362316495709216,0.0,0.0
0.5957230235184352,-0.33381664527366806,-0.8130319252038948,-0.08082522364786628,-0.1761388417954735,-0.08425703561372667,0.0,1.0
0.6497494225123315,-0.6847734521720579,-0.7169055141852432,0.10176816336314537,0.02592036463293121,-0.021355982567364953,0.0,1.0
-0.8983202594933053,-1.0285839719531418,0.1784962487495589,0.7246476482807177,-0.19912875479305223,-0.6718456992050633,0.0,1.0
0.35433133892258634,-0.0437870626176561,0.4020536358622477,0.39148312822736175,-1.399732550008288,-0.30409408768119706,0.0,0.0
-0.8732790889620462,0.38786285576134877,-0.3781968166450317,-0.7336512331822693,0.9425074518698769,-0.6688399026450524,0.0,0.0
0.9019523199182663,2.3486142825385703,0.5896680136821877,-1.5113956726619384,-0.7775926291998206,0.37649060066127366,0.0,1.0
1.3763589390265887,1.0133527762954926,2.01617810343009,0.29864831542588205,1.1862969503374328,1.873659483409794,0.0,1.0
-0.14284125590326918,-0.20084541965040612,-0.013270950731571361,0.5642685723856766,-1.5941648437800648,-0.5498645056610988,0.0,0.0
0.4111249191503347,-0.3654306867985479,-0.8342073628801818,0.13121357393214256,0.11687808841396166,-0.26694966929988856,0.0,1.0
1.1811731995317558,1.2943691090157592,1.8862443788881702,-2.2567216862409456,1.1294130801171465,1.1011643478578452,0.0,1.0
1.051008136784319,-0.8816788072487283,0.8135625584260473,2.2524079374814914,-1.1837390031848731,0.721021273180925,0.0,1.0
0.8331846811286112,1.7637305987490777,0.18644546925416483,-1.907746971735162,-0.3840516396887077,0.24863178584862825,0.0,1.0
0.3708586074658895,1.2540281919769585,-1.5713504350613552,-1.3107823567571095,1.059404597688883,-0.29881890485869417,0.0,0.0
1.278809349931158,-0.30673519656148307,-1.2713362455241644,0.7002313370704215,-0.2565073848680641,1.4575572241253554,0.0,1.0
-0.4297186305928711,-1.0522368420768893,-1.041979949664353,0.3427005411397233,0.5426397714128004,-0.6157163110396398,0.0,0.0
-0.3091880517744663,-0.3135868830230288,-0.0012247297102480194,0.3298819982347202,-1.3779454822346673,-0.5933492849940121,0.0,0.0
1.643377585214626,1.4792505097520992,1.1170318041763327,-0.822708965665384,-2.00815743144904,3.494218959318105,0.0,1.0
-1.0300255994850545,-0.73670640429202,0.5745973599694926,0.7020181999191326,-2.60197394201916,-0.6811210890460153,0.0,1.0
0.5598718127520076,0.021035466178034982,-0.9378126553517533,-0.47984115907957575,-1.3936324163937863,-0.12866953090306116,0.0,1.0
-1.4156559590466973,-1.000257567582296,0.18415098546968725,0.3608809064860685,-0.3065166800054307,-0.6957281771548497,0.0,1.0
0.13861995342710395,2.2272173131826514,0.7017515173964739,-1.6252837572040504,-1.0677741296991154,-0.442905819988576,0.0,1.0
1.4855940070897116,1.2791798268685344,0.5043907498572832,-2.2653080054005943,0.6869386948927898,2.443776008275859,0.0,1.0
1.6251703910284807,-0.4699273038679388,0.42773007718181655,0.3692983649053158,-1.4317907456470687,3.3554625947133547,0.0,1.0
-0.9977065591186097,0.08169072912298844,0.3326602908708629,0.7028067846813688,0.8071531655183335,-0.6790873132833357,0.0,0.0
0.570235126104337,-0.44152755111752207,-0.35421168176969414,0.29584777158194275,0.04377420790324332,-0.11278933565912343,0.0,0.0
0.5093288566141783,-0.8672799247130538,0.8059990196377427,2.3643187673760004,-0.7139457189141893,-0.17925449539630697,0.0,1.0
-0.41822585106735444,-0.08997209757821119,-1.2831044043674038,-0.9366081338127689,0.950467219770273,-0.6148292453642002,0.0,0.0
1.0374548119313751,2.1160041280421384,0.9122677219337928,0.7137349379232463,2.401528648687101,0.6780817784470913,0.0,1.0
-0.19123397298070935,-0.512433580495613,-0.11243615375096741,0.2716682761421182,-0.5727957983544419,-0.5629961823609526,0.0,1.0
-0.06763720685671393,-0.25110768421648333,0.840150941011034,1.014575403582802,0.6777508887449133,-0.5267301259890582,0.0,1.0
1.443253046002033,1.6954727006621417,-1.5632520380521753,-1.52979189603129,1.6121783684477455,2.211576781359797,0.0,0.0
1.3346132548446044,1.4105061614846466,-2.023101913747211,-1.7457105423420738,0.16022517034991027,1.6826038102265821,0.0,1.0
0.6348039478602523,1.9799283021573322,0.2378271543678929,-1.63117776597995,-1.0492676417715239,-0.04161492097222948,0.0,1.0
0.5551405044998484,-0.6707683390910628,0.33431553802133684,1.1441819158384232,-0.4919281084975697,-0.13120838625168918,0.0,0.0
0.37447790563757377,-0.1488345806186319,-0.8063317603980371,-1.3895122125578043,-0.07164078467064336,-0.29810532632441306,0.0,0.0
0.9048466800709943,0.19800502737184242,-0.5804527661488723,0.6122076410354143,-0.21591331299099462,0.3856755106007825,0.0,1.0
0.037960640949678125,1.476661083102133,0.4467109235559576,1.2096071245309876,1.0780931839064876,-0.4909698161334264,0.0,1.0
-0.7197668906116166,-0.3235977334090831,-0.5012526748870303,-0.14380381117378555,-0.5669172844559497,-0.6587443732500057,0.0,1.0
1.3855983035164743,1.4280934769721747,1.1960793296662766,-1.0880620619441361,-1.570362461682367,1.9192142783839938,0.0,1.0
1.1691160055408578,-0.9336633546765526,1.0266502110836868,0.6629497783470852,-0.2162646787593849,1.0611581851483223,0.0,1.0
1.3731015260886454,-1.0883631167523644,0.9375361646621738,0.7617000179497736,0.355526814870541,1.8632832007586395,0.0,1.0
-0.15228797559957688,-0.3246182082417798,0.6573668933533544,1.0327505876056726,1.6175956958804816,-0.553736879444963,0.0,1.0
1.1820420512751921,-0.5351162287931984,-0.9878386788506156,-0.37168702670400017,0.5869998714982249,1.103059339803944,0.0,0.0
0.688068143952825,-0.3768494910684224,-0.36036780413946623,0.14368885741958207,0.5675927281051382,0.024891708036457096,0.0,1.0
1.1609632670854741,1.4792395101660543,1.5314722702478354,-1.569191383902584,-0.4902813167926962,1.033421535038745,0.0,1.0
-0.4752712108168407,-0.44258708379630096,-0.15427439299317441,0.12853059152688365,0.7383368956802059,-0.6260158179166345,0.0,1.0
-0.23733443684786004,-0.959790305226638,0.5584824696634948,0.7549410722895378,2.1001044911393194,-0.5771095987280307,0.0,1.0
1.2161049704881843,1.8223597306081607,-1.2628587469482975,-1.7534587339431578,1.8776807030772658,1.2194007589125797,0.0,0.0
1.1367023881919425,-1.3106873794173328,0.5532426911671435,0.4524905692758656,-0.05271033795346365,0.9634089667652992,0.0,1.0
-1.3555785090168786,1.1324468013860023,-1.9709280513163463,-1.504036328588383,0.17749708035065606,-0.6980714575260326,0.0,0.0
-0.8645483416639826,0.1773324066539194,-1.1708986862650494,-1.0526816128242344,0.683042256634052,-0.6711572260679525,0.0,0.0
-1.0823421177758765,-0.5588506289703391,-0.5766738951098853,-0.22751821544870696,-0.8476941845956355,-0.6882141379947725,0.0,0.0
1.600799130172815,0.3949200238510002,1.4722049039534018,0.5210873563443634,1.1209321511535943,3.17830788826185,0.0,1.0
0.5838638462351218,-0.6041448073859408,-0.7777467985898195,0.03591391033567269,1.186335289191276,-0.10372120026662338,0.0,0.0
-0.6893702094685785,-0.35531136839254623,0.6390106440600324,0.6598812284496516,-0.7049857503776216,-0.6503893774014746,0.0,1.0
1.6565864684525882,-0.0483475148250802,-0.9380094845105849,0.14653306954929735,-0.17067936722028412,3.593771833395885,0.0,1.0
0.43991413592018647,0.5517204627335034,0.7711147208573118,1.317141059371664,-0.07539269618348673,-0.24138681052017594,0.0,1.0
-0.9220614363950214,-1.6531056173781418,0.8579610815526789,0.6294631635197729,-0.9323117867882689,-0.6710045873393478,0.0,1.0
-0.6588428028361838,-0.5187816604064931,0.8065601499475722,0.8571453366137326,-0.817029425722443,-0.6514176620407494,0.0,1.0
-0.9938095344545497,-0.30136909536572565,-0.18255806042857814,0.3478084893097134,-0.3375831200087537,-0.6817050678664062,0.0,0.0
0.002341032121850445,-0.39806333254809356,-1.9380878856596317,-1.1942536720372443,-2.40235019187635,-0.49928967178093575,0.0,0.0
-1.2542319147981558,0.35611897532653614,0.28993561497090403,0.043820594814816385,-0.5243937919702577,-0.6936994827910444,0.0,0.0
1.1907773228605252,0.29842165355223077,2.2351502301335304,0.4453364125483866,-0.4345059576824567,1.1332896121311393,0.0,1.0
-0.775920315510313,-0.012701952393814114,-0.2515871485723011,-0.5207687446375965,0.41346714073543744,-0.6601449861644921,0.0,0.0
-1.7822391554085735,0.522305545096935,-0.39560121261674064,-0.7892558284068463,-1.0071351232812686,-0.7062788867789884,0.0,0.0
-0.07556891583377795,0.31334622198699696,1.4372036741346261,0.7888189833189624,-0.7706047689486409,-0.5308051160545628,0.0,1.0
0.0877118408731849,-1.2682874748881012,0.8330447363636453,1.7809103896306167,-0.9465859380657567,-0.46604578078169867,0.0,1.0
0.8375461191947152,1.0080922203266514,1.494049325663239,-1.7072404028493446,-0.6770959280979418,0.2586324745555415,0.0,1.0
0.06980793712664098,1.2167784685225154,1.202259970726465,-1.1423436913892533,-2.4776403058197407,-0.4755982113257535,0.0,1.0
-0.4171098944027145,-1.2723584350022852,-1.8050568034746495,-1.3271186742410448,-1.9086324192009374,-0.6148121928626052,0.0,0.0
-1.039973587837118,-0.9394332932224096,-0.3668853124804298,0.8462432539857152,1.027088933338935,-0.6834162053010322,0.0,0.0
0.34020510859263775,-0.3529395348486326,0.5952990418644155,0.9703905864274767,1.1202225909425985,-0.3219330506519483,0.0,1.0
-0.9819132301683104,-0.2585814901394335,-0.030576193322852805,0.5311260978009887,-0.4410571857035628,-0.681876639335311,0.0,0.0
-0.00732874338701642,-0.34254659113228564,-0.658570684420516,0.14857333718197666,-0.7650610275620646,-0.5066140520768405,0.0,1.0
-0.8233495242375989,-0.34219694880111956,0.6715650441810371,0.912169410639665,1.2229233131536668,-0.6639950768113556,0.0,1.0
-0.17948335406419105,0.6451733740101558,1.004224533834035,0.7885308893569343,0.4238955869672308,-0.562849068524015,0.0,1.0
-0.12374304978823482,-0.05187889959667,-0.30131669104119435,0.12623451054777912,-0.6103945084662673,-0.5470179296749692,0.0,1.0
0.2386298897119023,-0.15367365080186976,-1.0412627872455251,0.022856052938955734,-0.9718811202880127,-0.384171119561056,0.0,1.0
-0.20059456645403445,0.4718434461897255,-0.12163666049284458,-0.37706906711130356,-1.061162154316986,-0.5698006078502248,0.0,0.0
0.8219511902473993,1.8413211272154832,1.4882568738308706,-1.6679773681514014,-0.322847492346717,0.2301983715090664,0.0,1.0
0.6569181459048116,0.0945123280042152,-0.46245808583628667,-0.36288518840257566,-0.8029962668095563,-0.015371726004420157,0.0,0.0
1.4719600838567979,1.838207729331837,1.1150097362267544,-0.9780795490486942,-1.5844417855784916,2.36599599261849,0.0,1.0
0.378779825501983,-1.5960509571427521,-2.1191784144396935,-0.18760546139727477,0.2434310661127802,-0.2916630182853234,0.0,0.0
-0.8093038633488785,-0.925067530467909,-0.14563604009081563,0.8107411111898735,1.473549517387927,-0.6664813790701144,0.0,0.0
1.6050222738395041,1.197286284562829,0.7961476051673768,-1.8563056934005109,0.020087144169882713,3.2083117711907754,0.0,1.0
-0.6470005424597067,-0.6960347166575446,-0.1540952525892898,0.08856210030129352,-0.3498037469409363,-0.6460362426571659,0.0,1.0
1.0407470777071826,2.634233543680828,0.5049006210004249,-0.7149708083251478,-2.3081823809507958,0.6928132892375833,0.0,1.0
1.064363824655688,1.3319931560868308,-2.4968397187169744,-1.194803889150319,0.4554917413414667,0.7518303905338599,0.0,0.0
0.19023159651466606,-1.2570654504233232,-1.521493209430668,1.2439027771867852,1.9838634067223162,-0.4129287409981981,0.0,0.0
-0.08628331123874221,-2.185728583889612,-2.0171693571475178,0.7916909228674325,1.5611141442949497,-0.5353978620745091,0.0,0.0
1.4008393182174483,-1.6796066980541515,0.26715501629197225,0.8660983925546881,-1.0643003763440722,1.99374354100146,0.0,1.0
1.5771057153121941,1.3490470277525255,-1.661155535845087,-1.7333043863004742,0.4542705599487707,3.012737935696572,0.0,0.0
1.1200298206629442,1.4030773643131738,0.5543916265857162,1.8347292867933493,-0.19121800062905947,0.9097208901736348,0.0,1.0
-1.118634275679583,-0.1572544153890733,-0.5420501410478781,-1.0360100426346506,1.848151066349271,-0.686302901590178,0.0,0.0
-0.860399302074008,-0.9496739130370646,0.3392514493771812,0.9151140638659364,0.06309558400677441,-0.6698743544966703,0.0,1.0
-0.9136979257945526,-0.2921184467797164,0.36467581605880056,0.9171100208424063,-0.6996934285504492,-0.6735228400394626,0.0,1.0
1.4448902014720126,1.3741037414797133,1.083304651168501,-1.0688837465642373,-1.6434673687714503,2.2200756850314853,0.0,1.0
-1.286691659460974,0.027121844459472685,1.0221163631360464,0.8575758368469376,-0.11690418847896583,-0.6934143922904783,0.0,0.0
0.6372548437911885,1.0702518782304273,0.8128583782211651,-2.6523619425855367,1.0208286725082163,-0.03928179550682594,0.0,1.0
-1.1041650050230918,-0.42531958785597046,-0.6223024135560092,0.4327997724676819,1.0876044131954126,-0.688275624261825,0.0,1.0
-0.4754992619504746,-0.7359857655009094,0.3907816417868106,-0.07800330398208712,0.8705466351372831,-0.6244332656129782,0.0,1.0
-0.2435689935861575,0.09772095175944533,-0.023275762329587977,-0.1481618597510488,-0.9365222899348982,-0.5799961505395433,0.0,0.0
0.34931637782023134,-0.5022534651218932,-0.6678751124394925,0.01042595658140723,-0.512093664346299,-0.31746908581646094,0.0,1.0
0.4888853375532381,1.3635273201410087,0.6026965663779105,1.3956603320771885,0.5630932900228202,-0.1993642154383633,0.0,1.0
-0.3364988732588925,0.5140488697546368,1.1745627766306823,0.6863244073557119,0.1136250397844386,-0.5989675843397517,0.0,1.0
1.5362663257699927,1.4906765452526305,0.9147457695910362,-1.2446364105002143,-1.2096313157433667,2.750393512260042,0.0,1.0
0.5794388659561517,-0.4021768485993509,-0.1198364340792391,0.32019637692738934,0.018687527654849708,-0.10463983736113946,0.0,1.0
-1.1535754696044587,-0.011184286604183366,-0.8320440668920986,-0.8755066657072588,0.12176002570710698,-0.689123836760649,0.0,0.0
0.8038252763885159,-0.9616361797279783,-0.13602723974915407,1.2989865610614335,0.6857467632840754,0.19775636985045314,0.0,0.0
1.1413992955276642,0.12361334178011113,-0.9504073323261529,1.576155986665201,1.879317531220755,0.970559314139507,0.0,0.0
-0.18873447124950796,-0.8276720487506407,0.11735891669126107,0.7400161736847465,1.2083715634900702,-0.5648073988541567,0.0,0.0
-0.018959677720629894,0.07024068298614712,-0.002748453262410177,-0.07666465889504095,-0.3139203506013941,-0.5105703341623402,0.0,0.0
0.8212286523298131,-0.3745041705045511,-0.11629024677770793,1.3005362365099247,0.020609818649548965,0.23023975706116667,0.0,1.0
1.375339706565257,0.28178873476735095,1.3695447991639662,0.8696570720786019,0.30833674232957425,1.8698114450715158,0.0,1.0
-0.6308519299261719,-1.055081122222226,1.33410871787871,0.7591052406641017,0.6528758012379385,-0.6451543120649347,0.0,1.0
-1.031697839007857,-0.6555347170924494,-0.2126025606801583,0.9654307725442561,0.9598147917960326,-0.6816771852121573,0.0,0.0
0.48365784781461896,-0.6303736929893575,-0.3301802568267634,0.32346455977648564,0.9059056991372026,-0.20181455396459727,0.0,0.0
1.3370309143667096,-0.5965867109612892,0.7189426973862794,0.12782459063292492,-1.1373821113232723,1.6948034458226233,0.0,1.0
-0.22359940508835516,-0.6066621060045282,-0.034151238764437986,0.412032895593443,0.06752794853257468,-0.5736746773460926,0.0,1.0
0.36878481715433664,-0.09723444055024645,-0.5429784983740298,0.344973747321931,-0.403688778227687,-0.30072558389733717,0.0,1.0
1.1073779926714602,0.8955014406959817,-1.2463224021554602,-1.6332494536845965,-0.04851234063353216,0.8716043155103106,0.0,0.0
0.7088412647902848,-0.24397906105432365,-1.4298458810646002,-0.19904933982654857,-0.762087500645966,0.05451459060757698,0.0,0.0
1.5340669211541451,1.6810815378216815,1.0569800844491877,-1.859557203104133,0.2622789577653567,2.7350743026264652,0.0,1.0
-2.027253027043282,-0.8110767324831715,-0.22253279945521018,-0.13211268761352282,-0.22978146030266058,-0.7072246734678338,0.0,0.0
-0.6193289657291405,0.2168852251720109,0.10671680867745566,-0.5293101117972828,-0.13679597248853362,-0.6456421528846437,0.0,0.0
-0.794608350098192,0.06746468576574856,0.9861876242910503,0.9204182584248926,-0.8000647906442441,-0.6651040191362687,0.0,0.0
-0.7001771566805609,0.6857197524827798,-1.6657170167521895,-1.2771311941063848,1.3797582071648689,-0.6539575192063889,0.0,0.0
0.5981301949287045,-0.040533109171967736,-0.6423874669412507,0.3282633496531823,0.4492075039593539,-0.08208059974308,0.0,1.0
1.039621842898587,1.720560667001714,0.35148322031108076,-2.003835963515614,-0.05918426334808819,0.6902122597307829,0.0,1.0
0.41922086227484867,-0.05228244287729544,-0.11128527340988467,0.05042372099039508,-0.5805858623580771,-0.25959573699809474,0.0,0.0
0.6852103117497867,-1.1612671739054032,0.79332474705541,-0.04755058723337861,0.22921865746645884,0.022115060334091233,0.0,1.0
-0.6700087381061528,0.49148918614509507,0.650676880511805,0.3321589363206638,-1.2307587711342727,-0.6531382339901215,0.0,0.0
0.35938895951155897,0.3076481372601953,0.8589205764780403,1.2239594121831305,-0.09989291243324391,-0.3078558420230105,0.0,1.0
1.522021389679704,0.1703051416820648,1.7796047282515535,0.8631948361974561,0.021610376196887077,2.6589605126889295,0.0,1.0
0.01008059794094366,0.20358674728142498,-0.749986959423863,0.9135760571906465,0.4900771825335247,-0.49818770061047474,0.0,0.0
-2.1624784246430786,1.0684129255701993,-0.3337469178338818,-1.4084655330213258,1.0574171358114628,-0.7092026906340012,0.0,0.0
-1.5930542562722432,-1.2477017618602728,0.32041975585989574,0.36363434194984073,0.500973916544454,-0.703657812989167,0.0,1.0
0.834829481986133,-1.0008473288316082,0.3828459975138305,0.1860211213091242,-0.3496457761834586,0.2564018177960606,0.0,1.0
-0.012027858172811724,-0.41431224392817484,-0.7592345971456465,0.6638371275193623,1.286019233771276,-0.5055121003630215,0.0,1.0
-0.10515521216889462,-0.7808396211074795,-1.1721529826706079,-0.2882439835893965,0.8936636225258434,-0.5367205610665763,0.0,0.0
-0.6916015020417916,-0.8461047426876226,0.7926493283998558,0.5018678457350791,-0.879759466593793,-0.6530744019729074,0.0,1.0
-1.4626880696015836,-0.48006387842497344,0.32407025786935056,0.2504297600103434,0.38648856277789095,-0.6988893553595045,0.0,1.0
0.973746373284215,1.2408521654760083,-2.0505130786212558,-1.3610653392132224,0.2603279262130829,0.5307249246208352,0.0,0.0
1.3781458330213654,-0.7080747605509126,0.3729299292344038,0.37509717878043597,-0.1702866770795286,1.8824264741354069,0.0,1.0
0.7556208374157273,-0.7194419289547721,-0.04184231590471862,0.7383409546057156,0.4881982835439218,0.12628247322272326,0.0,0.0
1.140285772765338,0.4608606012970654,1.9168718217993188,-1.7902949389395613,-0.3037569458494476,0.970268902116293,0.0,1.0
0.8463258884845491,-0.5976827577685697,1.1417491611184512,0.48995457306367796,0.8089321023948917,0.2738216927951501,0.0,1.0
0.1087016971969092,2.2743335473428608,0.4883213387458249,1.33654657970277,1.2522556976286636,-0.4528903521243788,0.0,1.0
-0.28779130058977415,-1.4135796430016696,0.7399588305617861,0.405164099048687,1.7552871731684108,-0.5889628457150471,0.0,1.0
1.4287398673138316,1.5460365452359075,-1.7610708622979672,-1.5485318546635627,1.2878779075853863,2.129837277830459,0.0,0.0
0.981768104345416,-1.2637046323729835,0.39451772420338793,-0.13698153283627473,-0.5556115021534721,0.5514158604731757,0.0,1.0
1.0759924702831307,-0.10344083762205178,0.8785899251438601,0.8096231000525257,-0.3953129041010947,0.7813271845176903,0.0,1.0
1.4540584651711461,0.8206613431362189,1.869674331304277,-1.4074922848770568,-0.7837495582430928,2.268020955596215,0.0,1.0
-0.9420292845143754,0.5642977180493028,-0.6874047239016603,-0.9370695741301289,0.6449712544108864,-0.674667794982603,0.0,0.0
-0.2604180280657017,-0.8265758119187218,-0.8057107288228011,1.4006329191897697,2.103844035191703,-0.5841599657178407,0.0,0.0
0.35890764779627443,-0.289083988209319,-0.5592947208823823,0.36182481127249383,0.006002179341597974,-0.30861037792959156,0.0,1.0
0.7860614678037314,-1.3997020900001411,1.4402886485575328,0.6813148125478387,0.9207948404109483,0.17020822320256743,0.0,1.0
-1.1510382862598332,-1.1500978122721144,0.8136717613408915,0.448664308589061,0.07209245949061191,-0.6895459099314232,0.0,1.0
-1.6096572343229165,-0.960360909301471,0.9638416360032597,0.441083822262179,-0.9143605979260337,-0.7009191759958073,0.0,1.0
-0.7036609526303725,0.3582651597036051,-1.1125976823881918,-0.7812104278337988,-0.26347473751527484,-0.6562066971226829,0.0,0.0
-1.0758004682876312,-1.351135628870945,0.5870791719808038,0.5149320384961327,-0.12125543706391026,-0.683840535783862,0.0,1.0
-1.242904455362552,1.1030822701607468,-0.5445565981766797,-0.8416509801584262,-0.7541612045228994,-0.6927415296437843,0.0,0.0
1.1299281027233874,1.1146188061122033,1.017356703812319,0.938835679670387,0.6690109176216241,0.9409692463172169,0.0,1.0
-1.4463924567758701,0.5045006063675445,-0.8676598427834249,-1.4809998803286708,2.209428388532969,-0.6998640921126634,0.0,1.0
-1.4860702172825353,-0.07075462291932404,-0.5229052511900736,0.09839163466976596,-0.9856076160750395,-0.7027807381549438,0.0,0.0
1.6361710068106103,2.5593128647326187,0.11097304992635638,2.0760577357679466,1.22479954639768,3.4400675384291897,0.0,1.0
0.3701784059350035,-0.2081724238231601,-0.24495552484345076,0.5855030205897016,0.5696053590095776,-0.298718662591511,0.0,1.0
0.6502241128029712,-1.9945054279628394,0.5587222401135162,1.5288445859564492,-0.08807065669533888,-0.022683999640845682,0.0,1.0
0.41328101915753207,-1.2115723062407902,0.5177339634942243,1.339655285809171,-0.9473665168863666,-0.2652164527245417,0.0,1.0
-1.0361510368536417,-2.2375505707949728,0.6363559520839392,0.611979896969434,-2.007226073076009,-0.6823155529504876,0.0,1.0
1.625410444326318,1.782797307206699,-1.6858189759207434,-1.7046838980816792,1.8069179051336621,3.3589747219772375,0.0,0.0
0.8204817476616306,-0.7309714077200085,-1.0193168067267362,0.08478867310402646,1.260856128975346,0.22575597523784288,0.0,0.0
0.3619304339632807,-1.2795010424713658,0.7980736268673356,1.0315259628788223,-0.22157425885533089,-0.3039709741766072,0.0,1.0
-0.5126400283459884,0.19063683545983556,-0.12442316009626879,-0.4011162868523167,-0.01583503964738606,-0.6308369096655694,0.0,0.0
0.0009690562211846161,-1.1792410459533536,0.06947019864229423,0.38815997641077904,1.7066278291400536,-0.5035450617998458,0.0,1.0
-0.4373842185566855,-0.40016987623179945,-1.3533217441719345,-0.329243764213427,-0.8252984457613285,-0.6193385112960385,0.0,0.0
-1.187768906805636,0.746777990093033,-0.6908496228665703,-1.0704209557461697,0.5258518669325645,-0.6910626906836663,0.0,0.0
0.33334562113100086,1.3806522860683537,0.6004136781974035,1.6319587990301792,-0.13031383998032312,-0.32448982003401877,0.0,1.0
0.200710187564303,-0.02681504047872153,-0.20899413119069443,0.13026859446657815,0.29221697642752914,-0.40654117881151586,0.0,1.0
0.9285613332101295,-1.0003383228399392,0.8716984791137306,1.3255460765877456,-0.9729527283326771,0.43705866846409996,0.0,1.0
-1.2562206170039858,0.9197003249080207,-0.03374996759080803,-0.8201820565383633,0.5056640087340581,-0.6931671459699725,0.0,0.0
0.5096547340167821,-1.6889716467469662,0.5046864441479118,1.2616191066585878,-0.15534952308920602,-0.17626387449391095,0.0,1.0
-0.8862382557884095,-0.6275001008491243,-0.42507543359741756,-0.392201079700228,-0.765683546102894,-0.6721274396846999,0.0,0.0
-0.2686551944310479,1.5732262837878936,1.0020500042391118,0.6673566331852269,0.5541319088408544,-0.5813708493259753,0.0,1.0
-0.5957360843775715,0.47824041335030687,-0.6188686814805109,-0.5631300627583384,0.3455268690200132,-0.6415059293746233,0.0,0.0
1.0484840527930046,-0.10351201575327587,-0.9751324489373034,0.32094294171879173,-0.24901352381014868,0.7127993040356677,0.0,1.0
1.1939657210322934,1.3819699290090839,0.9656361335919629,-1.3514058419071424,-1.2770994769480248,1.1466570606831927,0.0,1.0
-0.6070513793012234,-0.0702388638835974,-0.34906636057145224,-0.4316198838880466,1.327388704264053,-0.6450964639011795,0.0,0.0
0.5459018251534109,-0.6390606274410279,1.1562370636300596,0.8539287776486915,-0.19957583970386938,-0.1432227485306571,0.0,1.0
-1.090202732676554,-0.34901031407829486,-0.906847881044657,-0.649529267244833,-1.356647800368746,-0.6858391602926047,1.0,0.0
-0.5224927818186578,0.05348996589412036,-0.3900905349403832,-0.5759721306581824,0.7497561582154705,-0.6343893391606492,0.0,0.0
1.3908426709820274,1.7090232080405083,1.3180768660712059,1.1498317444322612,0.8694693508079969,1.9470085621297448,0.0,1.0
1.2873999687529754,1.155982392081821,1.0688500297382308,-1.380978414983821,-1.1681280512476613,1.4870422674379697,0.0,1.0
-1.6402165037712158,-0.45892291278117564,1.1617524764634282,0.9654199182817299,1.0431762632515378,-0.7038724237648353,0.0,1.0
-1.2140774638739837,0.7135519637224251,-0.32106541626155294,-0.8960276710968325,0.4612785692412586,-0.6888947523188454,0.0,0.0
-0.010900504745031632,-0.38054310080814874,-0.6663950080095257,-0.12128776842366225,0.9099937082761556,-0.5089246434741919,0.0,0.0
0.7701848044164302,0.5096897738306103,0.8593898275153241,1.7635449548633344,-1.4651998165213058,0.14568115913575008,0.0,1.0
1.3812281981926415,1.2354936977928022,-1.9684873895614106,-1.5612698915680914,0.20935793347731257,1.897859351803859,0.0,0.0
-1.5363337568741493,-0.6900183956354129,0.5119058900279037,0.4080478121130296,-0.8937254060943951,-0.7012451226086007,0.0,1.0
0.21350269620001242,-0.442918341617469,-1.0477497008424936,-1.5770031098608053,0.6521055167821239,-0.40322325378073465,0.0,1.0
1.1526681237794296,-0.29230729860098537,-1.0555277366010725,0.7270185789673208,1.0758560464929936,1.008677777872472,0.0,0.0
1.2646366100857147,-0.7891935391725714,0.6770186654538987,1.4560720836077319,-1.1250862218422666,1.40406737496052,0.0,1.0
-0.052218767073279125,-0.11569601852702366,-1.1937244353675736,-0.3775387536329404,-1.6944259672595283,-0.5222610894879456,0.0,0.0
-0.5082037823279476,1.723954206757399,1.0651426600124214,-2.232369687576224,-0.21426914007130843,-0.6291513324069845,0.0,1.0
0.5587026433188214,-0.02723955499323113,-0.5075053245520446,-0.09130025897239974,0.32435516038625,-0.1286451034384528,0.0,0.0
-0.9682343997278594,0.771347899884837,-0.60733202336976,-0.7184766584900587,0.04822642671777125,-0.6803085813430401,0.0,0.0
-0.6818120197383046,0.012408083980959083,-1.667498209081137,-1.3668701837559523,1.4275684402682562,-0.6502969506590806,0.0,0.0
0.834278951447952,-0.9962518475087354,0.783988691785315,1.581237054762995,-0.3848003892947803,0.25561619540877845,0.0,1.0
1.2067584567278082,-0.42678236082411514,-1.150466063073423,-0.823691078459364,0.526026012914625,1.1883945855249856,0.0,0.0
-0.24906615479900668,-0.5319130509142765,-0.6071208391657806,-0.20413421919715935,-1.5634953900627655,-0.577821679831629,0.0,0.0
-1.1885389926292156,-0.12245162883340127,0.30321321512878435,0.04246421693527483,1.0729089645081475,-0.6907399197197066,0.0,0.0
0.9003853249703931,-1.1819945834096008,-2.032099265795797,0.4612256992206322,0.6164196236715346,0.37136388691711336,0.0,0.0
0.41720903894767947,-0.760684995443837,0.07068287789545803,0.34870361652140935,0.7313939186162303,-0.2629622712393294,0.0,1.0
-1.382899587910927,-1.1928356039348071,0.47129939371157525,0.5685551389377176,-0.43343033955497146,-0.6978805691658846,0.0,1.0
-0.33947800014327545,-0.40501950635647255,-0.36079323088669396,0.5487169165260145,0.5406827758566317,-0.6010243095846828,0.0,1.0
0.9873968706923795,1.8348036971131598,1.0090301265728074,1.3191879316875708,0.6578497303710169,0.5646579330292524,0.0,1.0
1.3030375395698421,0.9253143896636513,-2.14957414598631,-1.4904041061198914,-0.3452531799226956,1.5514077596625715,0.0,0.0
1.2237579165074588,1.9683335515117888,0.1788591228204201,-2.0297327000914493,0.1816952731086957,1.2460037544890887,0.0,1.0
0.7878612306414153,2.1414579136281753,0.6821759655264731,-1.2149602233388992,-1.6141986153754442,0.17486761636901887,0.0,1.0
0.1854800710126578,0.3108026154147038,-0.33001974479637175,0.6836410027612166,0.44688207815947467,-0.4166533014830179,0.0,0.0
-0.31927780841164005,-1.0557387602089594,0.4380304306938721,0.658488478605172,1.6210333407343405,-0.5931411778113834,0.0,1.0
0.012733187483128934,0.22850067357599615,-0.9070014030910406,-0.7558630500097676,0.4454678026251173,-0.495341028686366,0.0,0.0
0.4889099415537106,2.1385639332219886,1.1624793467590069,-1.3021893654377092,-1.4127286260687772,-0.19952014204408697,0.0,1.0
1.049932884763683,1.3168016191909904,0.3775891728599274,1.300111056984906,1.330535309609878,0.7148045474690834,0.0,1.0
-0.8030706669643427,-0.39900113001303544,-0.7539558961893805,0.7275916507753251,0.8398171171898452,-0.6625985166605127,0.0,0.0
-0.32986355494134784,-0.35614861913697987,-0.858210382980774,0.10531598625180806,0.39282137087393354,-0.5977243272902724,0.0,1.0
0.7763630651465019,-1.0263355190901418,1.1266203787101443,1.3401758702114372,-0.7675492214926052,0.15524096714601013,0.0,1.0
1.3359834583439338,-0.061687052609994374,-1.4390361552545479,0.028055606982272257,-0.7024219560931207,1.6921705200414514,0.0,1.0
-0.04792181227007364,0.2124631532799663,-0.06564383204730902,0.8364123263603764,1.0541979642829082,-0.5219187986532013,0.0,0.0
-0.05284587124678485,-1.4588556224566571,0.5019436140035715,0.9489337966803023,-1.1833427366430609,-0.5199899882813468,0.0,1.0
-0.25535703804317,0.7439477162532542,-2.1192865671012644,-0.9094413283724537,-1.3221024345752959,-0.5806204104542984,0.0,0.0
-1.0819140172573107,-0.8631389886087384,-0.46655714844505713,0.6037054639680131,0.8475230924583371,-0.6871015720531654,0.0,0.0
0.7269698199055017,1.9578170142700628,1.109249077817497,-0.8904064165843868,-2.179002652686215,0.07904224962554389,0.0,1.0
0.5600135861886415,0.14102182827845713,-0.2058729614658116,-0.47455041545197596,-1.4766425923602144,-0.12816946951647473,0.0,0.0
-0.24561744366554722,-0.46641694322703775,-0.06645955982603573,0.5111445063783507,0.9597312393745059,-0.5808648650877959,0.0,0.0
1.211231520951866,1.2206959212167243,0.9811244766558329,-1.4463675598463206,-1.1095845809916862,1.2025886754663637,0.0,1.0
1.6174219092244149,0.9156258437576585,1.073793025597059,-1.0855292484256063,-1.7282687503388312,3.2986866181859993,0.0,1.0
-0.9788496567191601,0.16560016057966684,1.0084269440424674,0.9856839179717277,0.8538398405119019,-0.6772643092893147,0.0,1.0
-1.3068794198551679,-1.8323919316461919,0.2684228043426789,0.626650967787161,-1.4793119258491083,-0.6912119542223585,0.0,1.0
-1.706883362984839,-1.770466401787574,0.36056479906504424,0.38405139543430417,-2.2133737749019424,-0.7065961890900905,0.0,1.0
0.23092394827271964,0.801847244606019,1.1506149353015602,0.365305463418517,1.55685676822739,-0.3913201439047057,0.0,1.0
-1.2877179849743954,0.42596857421255485,0.7426341753133584,0.1734571502177032,-0.36454317813115084,-0.69632951333601,0.0,0.0
-0.12961287071706198,0.1191401487273617,-1.2169664137902072,-0.40588421018782594,-2.474772563881865,-0.5466278621152603,0.0,0.0
-0.9602457308400413,0.17185748574769003,0.32266500608368803,1.0693534630474313,0.776189047454008,-0.6792545553597104,0.0,1.0
-0.23742291687344494,-0.8639237027039135,0.5487956029640485,1.0809319637144512,-0.892438893913949,-0.5791499193032539,0.0,1.0
0.8756912961186221,-0.3676189494800196,-1.0105923228885914,1.669840853940821,1.798611900784952,0.3282446357725772,0.0,0.0
0.48626365165625124,1.4928956434437857,-1.2729637747018618,-1.4687730596487036,1.6938617233526456,-0.2044742143515683,0.0,0.0
-1.5921870521910038,-0.5547852503481127,-0.4727776731971762,-0.05759689147142243,0.8525610736731379,-0.70240586955006,0.0,0.0
-0.30554166455844073,-1.9023238586191213,1.136363126785249,1.4745125827119145,2.036468489601471,-0.592776583384738,0.0,1.0
-1.6571147619292899,-1.193129834306251,-0.7329257411629568,0.33873730905244115,0.8051585413515623,-0.703596051545492,0.0,0.0
-0.31275657810495905,-1.757422426311937,0.5072805688476557,0.3777813653060791,-0.12093029763530488,-0.5951310121792464,0.0,1.0
0.7893158571102593,-1.151351083259594,0.7033819528795991,1.2671470720356364,-0.6797497051036091,0.17432940090262464,0.0,1.0
-0.7857164955787319,-1.0368210958668225,0.12737713146641394,0.7235920155311389,-0.9540046823371373,-0.6640320271734134,0.0,1.0
0.1968504936112808,-0.4877218418586128,-0.7249271454021234,-0.021413648892318445,-0.6215580749042501,-0.40934078538040775,0.0,1.0
-0.1209908730263338,-0.39320569150068363,-0.13821201478047954,0.32713082995417286,0.24692108265860557,-0.5428801543005454,0.0,1.0
-1.0202477332051703,-1.037379988869247,0.6189396275316732,0.7556903259837768,-0.8801917110179941,-0.6805227547040179,0.0,1.0
-0.9177843086743702,-1.3360819128586405,0.4741369048516859,0.6176170880752188,-1.6866872124973777,-0.6736761668675556,0.0,0.0
0.33485507826077426,-1.1099960847802934,0.9787365808291236,0.1980776813086042,-0.09763735112849778,-0.3254881367642405,0.0,1.0
-0.9858713594676097,1.4524725194297097,-1.9810270783431938,-1.2131593407072099,-1.3573865987932958,-0.6814827910157767,0.0,0.0
0.4492254044838007,1.2905299164123376,-2.8073447372070386,-0.8131868681954335,0.6560906165021557,-0.23496240058751972,0.0,0.0
-0.16454579926448612,1.3629786119404288,0.7653810930051731,0.7192538857818432,1.1314121299389517,-0.5616169361854538,0.0,1.0
1.3859141647891673,1.4963891984500117,-2.234273487995248,-1.4306283358726861,0.45708318372248286,1.9177849273016054,0.0,0.0
-0.07637770940912188,-1.0238819388449898,0.9102974470436985,0.9257866106400028,-0.9749781206411604,-0.5300774950638346,0.0,1.0
1.2592313978429792,0.8847536560833592,0.9850642298122188,1.3339804139337526,0.3118034936987605,1.3789069829993204,0.0,1.0
-2.0270867065220814,1.0643958546811305,1.2802323475617658,0.5112587464071165,-0.41986361864267985,-0.706269746833749,0.0,1.0
-0.1621820811678287,-1.0210017617802483,1.1286406252714967,1.3589416790213682,0.4013172419371622,-0.5552377225854696,0.0,1.0
-1.468837409700345,0.8148736092179187,-0.29020053467104867,-0.7146314829828218,-0.8327868425342542,-0.6993563638173346,0.0,0.0
1.6133545587837987,-0.997382767136467,0.8110352240874907,0.616293285579822,-0.13621306970350447,3.2685640508109848,0.0,1.0
-0.8702399674940507,1.1776092163952205,-1.2935992775329814,-1.3915091319432036,1.1892019276091101,-0.6731938385004025,0.0,0.0
1.320342601930368,0.00010835331664841425,-0.32930674801674775,0.3713229118592264,-0.18070220046435187,1.6271649328080329,0.0,0.0
1.1586766993314037,-0.5992442490364966,1.0306938754193125,0.4292698030012866,-0.1703961687271032,1.030789226577285,0.0,0.0
1.1178953178015691,0.788519468533979,0.75164512988364,1.2136659236335627,0.8336628118426612,0.9024762169436693,0.0,1.0
-0.12783293263077286,-0.30262708428594703,-0.1364543297447474,0.9062052942791244,-0.2723621335933721,-0.5479619110930429,0.0,1.0
-0.9792381869716289,-0.13666028104777864,0.5568927132188131,0.9613559174627626,2.1350186345583597,-0.6766848485026986,0.0,0.0
-0.10287605665351938,-0.08763598798272286,1.3741679855873092,0.9076468927851813,1.4873808169660439,-0.538476823827865,0.0,1.0
1.2067584567278082,-0.42678236082411514,-1.150466063073423,-0.823691078459364,0.526026012914625,1.1883945855249856,0.0,0.0
1.4707434967762787,-0.6273161551275724,0.9010200958517068,0.0944736011912303,-0.8460734060100334,2.358659727229779,0.0,1.0
-1.6220092976863782,-0.6057692555534029,0.9488343002171599,0.7754995624536144,-0.5323040068121765,-0.7010046774169251,0.0,1.0
0.2887184756047123,0.8542922971245304,0.9215233134134161,0.6436279016364819,1.4718191833267718,-0.3535360624502466,0.0,1.0
-0.6054851472915336,-1.0369512150375848,0.6948460089740739,0.43069839196908133,1.55171306334174,-0.6457932336353217,0.0,1.0
-1.5527894527899728,-1.180218062279354,0.39425119806263015,0.5715379900579213,-0.38129188369000555,-0.702912832159734,0.0,1.0
-1.8238307577071333,0.08880004542237706,0.8898668993925054,-0.0915933360151879,-0.41039160692553106,-0.7022932713238718,0.0,0.0
1.6379633529590891,0.8563312783065032,0.11980160152168802,1.8818871879627093,0.11830479709401091,3.450943820963318,0.0,1.0
1.361250955592834,0.6078537276560113,1.7186660257020532,0.39839698217294617,0.8443228437163566,1.8066676489142413,0.0,1.0
1.020617303690619,1.3714890932848463,1.3173218916651706,-2.5360746467782316,1.3971675779023314,0.6405207676107441,0.0,1.0
0.9115006573600833,1.3677850591714198,-1.5820262787128874,-1.5783557843040878,0.3384090187482885,0.3964740601761405,0.0,0.0
0.14658130354448728,-1.0083051785590482,-0.7608749102291447,0.45657735251848763,1.3243924441309283,-0.4389847174710798,0.0,1.0
0.8739237005207269,-1.0517529591301114,0.35427059756253004,0.4989804497442612,-0.44434606021947404,0.3236852183477447,0.0,1.0
1.6454128073320102,1.5902751238403183,0.271602816474418,-0.937161217416569,-2.0813894826455517,3.5065850062914863,0.0,1.0
1.1442054955218695,0.9880265166157192,0.9071063668375723,0.8194352283345133,1.7897343329144235,0.9799403757431185,0.0,1.0
0.31649781784451164,1.6429411876882232,1.5516935740193145,-1.6010096794438866,-0.8669267915532106,-0.33626874126928696,0.0,1.0
-1.656239794175081,1.5910362677474639,0.06040506621053321,1.5414073944395084,0.47888461887475503,-0.7031173196583319,0.0,1.0
-0.07507840110872753,0.11074233384949299,-1.1756051732617778,-1.3314533946310854,1.2856891523048486,-0.5311648667224741,0.0,0.0
0.6156293191041959,-0.4849830875537392,-0.4232752613724834,0.2994711585059844,0.5029219490509812,-0.0666285132081125,0.0,1.0
-0.32720607927849826,1.2727591535459697,0.48424053593475475,1.8813076214986113,-1.0969253462673725,-0.5983235562162915,0.0,1.0
-1.3398928651146789,-1.0933898922482865,0.3558848288680437,0.6065230045404638,-2.391585208185011,-0.6963943869983074,0.0,1.0
-0.6078151233781586,-0.13064863153774658,-0.02053651658614571,-0.07444315932839893,-1.1166558407919214,-0.6486395067521709,0.0,0.0
1.4660477265960135,-0.7909055938665541,0.9538709484310247,0.7766700594400636,-1.5996405776113822,2.334705610501009,0.0,1.0
0.7273864474307109,-0.39160967899164306,-0.4998886360510975,0.1323064969329631,-0.04536460385484874,0.08249426278766006,0.0,1.0
-1.750193358743193,-0.36077133154475316,-6.0612592490982866e-05,0.6144908247136016,-1.3291715822429297,-0.7017702460874762,0.0,1.0
-0.8920375879256168,0.3146201224164834,0.6513522686379272,1.3905701557225925,-0.474768698752642,-0.6717600713929288,0.0,1.0
1.5178068581538442,1.5725442555624738,0.1928593190361724,-0.7849122859091675,-2.4891892845696915,2.6321441221951525,0.0,1.0
-0.460979050598707,-0.3860561526851947,0.13399198323903708,0.6392445642750411,0.6635971718362428,-0.6197492991316416,0.0,1.0
-0.590605533089217,0.7066985603431759,-1.2672751177059034,-1.042210136101758,0.10964855917935698,-0.6413048136839954,0.0,0.0
0.143942914408622,-0.06853602084737105,-0.17920027818037287,0.5119787425597992,0.5080326824680561,-0.4382560690130922,0.0,1.0
-1.0533961102789853,0.12578385473874526,0.1267054952746758,0.9009718267206501,0.687681077489027,-0.680538859191981,0.0,0.0
0.0092820933043325,-0.18229145602262725,0.7846819052008112,0.8907706506250411,-1.4137282885311964,-0.4948910554301703,0.0,0.0
-0.3324750065073427,-1.1008727268032839,-0.983436753623007,0.44152481263815185,0.7495287073964011,-0.5994376264718201,0.0,0.0
1.3546062180336904,-0.9322124746316468,0.8078711531424411,1.1142436240492104,-1.494243842041458,1.778556025977428,0.0,1.0
0.6001410117175975,-0.3981372255986949,0.02207924595806526,0.7122903211607251,0.12477359940062228,-0.08031869118074966,0.0,1.0
1.045768277748791,-1.147041841419299,0.7382236465882326,0.4414834611368056,-0.10110642985556374,0.7057454076547649,0.0,1.0
-0.07656782807297388,0.44563097073619906,0.5522265570440087,-0.09550213580729933,-1.9498357209633532,-0.5293864597972288,0.0,0.0
0.25726200245210024,1.4560723958269988,1.6164879878047853,0.5145623831288332,-0.06907596975776378,-0.37626742421931464,0.0,1.0
-0.7076152027125602,-0.15086753743788622,-0.3267775872858506,0.8196264489709323,0.5598645739872178,-0.6585990428633801,0.0,0.0
-0.7126708624191959,-0.22240694744543835,-0.6811730865163887,-0.24216680560193146,-0.7653179648532051,-0.6586144315792177,0.0,1.0
-1.6201388977232756,-1.2298682434158996,0.5496839856247876,0.6988257965832911,-0.5605216724426251,-0.7037075170299085,0.0,1.0
-1.3539287737330379,-1.10419571783234,0.505382689524702,0.7020998781700909,-2.117744614084617,-0.6976889841223359,0.0,1.0
-1.251681493525122,-0.5536557805805491,0.8089553900876493,0.4439725620774625,0.5593641235705518,-0.6933504624836869,0.0,1.0
-1.0455234631872086,0.8536369952837377,0.10913503471972592,-0.365325416457155,-0.5594233660320246,-0.6817536591630363,0.0,0.0
-1.0273148090665136,-0.4205002163584198,-0.5819126317295197,-0.6525090787157241,0.21498768800247978,-0.6823502545536011,0.0,0.0
-0.9556167848113006,-0.49187959800593434,-0.6221891844105624,0.21323845074923503,0.16018925436646902,-0.6745960794325996,0.0,0.0
0.5005828069155893,-1.3909094669102553,0.6405897773164506,0.8222027622004701,-0.028292326318404008,-0.18826437631992088,0.0,1.0
-2.5281058064973654,-1.277108174937903,0.49835201642113675,0.24566242132464336,-1.907841251246411,-0.7115445307357989,0.0,1.0
-0.6247341582157763,-0.3012903243237668,1.0031096740417123,1.1674582892553176,-0.54923481220209,-0.6477143637582412,0.0,1.0
1.4926826394515813,-0.04442943819667882,-1.9550132369813602,-0.17139347100576766,-1.0206605732615812,2.4862729261216194,0.0,1.0
-1.7561902941516938,-1.463536664234917,0.8308349748022968,0.532146936156627,0.42571168313122854,-0.7073786100349128,0.0,1.0
0.6781669459964669,2.279992954233962,0.7560395727311799,1.180493325044432,1.560108604813206,0.014624982594771928,0.0,1.0
-1.4739368459719604,-0.08504854703788144,-0.17643370219531665,0.5226588221229418,-1.7364581410006243,-0.6994542108777585,0.0,1.0
-2.9459695936612826,-1.2168406938553697,-0.7898747832010067,-0.8434383817643896,-1.3714671883803853,-0.7146819696383215,0.0,0.0
-0.32479284189245117,-0.5661855402451058,-0.6339822267371215,-0.4795612534242845,0.13560316794338428,-0.5971363788869323,0.0,0.0
0.010836397439455824,0.29567672660925326,-0.45247695043334907,-0.7025854841259244,0.15795893630888636,-0.4975411541726181,0.0,0.0
-1.0075690306379044,-0.31829778247062357,0.1580072507397264,0.8178422760153361,0.9691882418472446,-0.6795864163479876,0.0,0.0
1.5148591027018328,2.1363366662911325,0.09555270034881592,-0.9919188550125031,-1.8708735273125034,2.6173024894877868,0.0,1.0
0.33694895008137127,-0.7901042166105716,-0.6984466977805431,0.7485211650379856,1.3956286757460141,-0.3260853217476703,0.0,0.0
0.000856262396044647,-0.1344307077734334,-0.3503201665377885,-0.20422242068559499,-1.5019658334583104,-0.5021880531343843,0.0,1.0
1.0530873175768742,1.8795938485592083,0.8269876723776381,-2.3387714338163326,1.057877782771941,0.7239512094184306,0.0,1.0
-1.125668851106161,-0.9443966392721921,0.4550776071020741,0.8934570751134383,-1.4500109206040408,-0.688685552327548,0.0,1.0
0.269966738653427,-0.8152373383325368,-1.5174203235198607,-1.1307286507050391,0.5292369632828765,-0.3688168350547769,0.0,0.0
0.3582405131393087,-1.1201855558934883,0.9716096775055976,1.1783099293714328,0.2417707958368923,-0.3076560509599692,0.0,1.0
-0.4751054333939451,-0.9000814853424174,0.2709776267523725,0.44362917883712044,1.5653037371715277,-0.6253054735218527,0.0,1.0
-0.4273371287645031,-1.255845713552754,0.566907793255152,0.43519997628566853,-0.13500795730724816,-0.6153438857451821,0.0,1.0
1.5740708091628859,1.1860738586014685,1.3425456094238795,-0.9492068316713267,-1.7390634083733745,2.9967881135050343,0.0,1.0
-0.7747437089377559,0.24243592492196836,1.334360408648216,0.9548784089757127,-1.9670042071790512,-0.6625011398300942,0.0,0.0
0.8560607343941163,1.2392388144155453,2.36290006471088,-0.3145166066234263,1.9669243266635392,0.2874236574587211,0.0,1.0
0.954126398631839,2.3031687343932075,-0.0008665941201697055,-2.0971439283323123,0.23841638885864871,0.49010477225106464,0.0,1.0
1.236050481318808,-1.3897700436695881,0.5865379413377512,-0.6922202512141103,0.549541107042793,1.2896526085115854,0.0,1.0
0.23860676318624705,0.09708119745159817,-1.6784603858176448,-1.0620058433044568,1.4049798242366849,-0.38486564798499784,0.0,0.0
-0.0019427314184617829,-0.3075804252763979,-0.6056452822453692,-0.045087112395343215,-0.11857910355244583,-0.5029419385039862,0.0,1.0
-1.8045311129547041,-1.091853568134533,0.7690852371542731,0.5498948680473777,-1.7159674824126625,-0.7075600231745705,0.0,1.0
-1.6645723214165336,-0.4523536891935337,0.9084860994387084,1.0588370122070427,-2.0445956761842368,-0.703477706544484,0.0,1.0
-0.9531720085086272,-0.028088511636239936,0.19971427328784008,0.6904640520956287,-0.3812430934826498,-0.676206201575757,0.0,1.0
-0.384649531531297,1.8789418953726689,1.223993546221102,0.4739098215567805,1.7530144464174249,-0.6096971914535866,0.0,1.0
1.5545639120143846,1.9520616613651383,1.0876884077713262,1.4595059438605418,0.5399011631104036,2.8664803033060267,0.0,1.0
1.1482710220779055,0.9159126022650589,1.2625627150457048,0.9512084491706547,0.41630812534825035,0.9938296470420045,0.0,1.0
1.1070270418665504,0.6164749030283367,1.3461307517114132,0.7522903116096589,0.3051473501158053,0.8675432239111986,0.0,1.0
1.6473302284917997,-0.5255219467307056,0.5068352216094048,1.1887896813683174,-1.2862534152470912,3.5221620650291157,0.0,1.0
1.6347838717950443,0.7188275475188318,1.9355513786077176,-1.6030974019134947,-0.27856928026805683,3.429962916728554,0.0,1.0
1.093373614214765,0.8580575278090021,2.2087761904620136,0.18753130861877756,0.45771115870997614,0.8328774207384058,0.0,1.0
-2.027898948234808,1.1602893240838459,-0.9429316869168012,-1.6831666400673597,1.793439399274887,-0.7084326150602089,0.0,0.0
-0.23526746393087952,0.15304590453083822,1.572803606563918,0.03695408645330755,0.6382365982445316,-0.5767492069494581,0.0,1.0
-0.006529698046226234,0.8067542137784487,0.737932539988769,1.0116458927078913,0.9190654105803295,-0.5046357456310729,0.0,1.0
-1.0856211172826484,-0.6412831065922234,1.3562097172001324,1.016984357749724,1.6628900291923308,-0.6887215248891606,0.0,1.0
-1.718795005505155,-1.1774756691871644,1.014548827007019,0.7680550929494806,-0.6886147195248485,-0.702769370914083,0.0,1.0
-2.2725230273542034,1.1947767358140655,-0.5408006805098973,-1.1493876916941694,-0.008279238426284441,-0.7131102682446846,0.0,0.0
1.6705650475637162,1.1209606888462182,-1.4754774346415633,-1.9732491936826668,-0.36800197728808354,3.7071659462182627,0.0,0.0
1.1582130478087822,1.827623456177842,-2.03372669664541,-1.5845682396540528,1.6268781771704997,1.0277699577244628,0.0,0.0
-2.201325002665139,1.837464939316165,-1.389754873636412,-1.5502120881727046,-1.017152550362969,-0.7097028589638946,0.0,0.0
-0.29655965515063365,-0.412359454989546,-0.6766489432010401,-0.6437384049679792,0.22367761264265487,-0.5888699928120079,0.0,0.0
-1.0956264064612826,-1.3976631301628604,0.9586589386351254,0.30020961556906745,-0.9794942037881261,-0.6890377712101063,0.0,1.0
-1.0462965958167432,-0.9020034496123556,0.5977022068258742,0.09580384169480495,1.2652895632712569,-0.6826069251403042,0.0,1.0
-2.5322979070996356,0.1589656699765088,0.378224960836235,-0.8560256700076482,-2.040293077927455,-0.7118585961416317,0.0,0.0
-0.05117869141818164,0.49551160371136116,1.5608282571508956,0.6923031703625002,-0.08755019568663447,-0.5209865148263242,0.0,1.0
0.49168788473818786,-0.08473297786530126,-0.763312715228102,-0.27463709162227273,-0.06515179674369058,-0.19759217576505306,0.0,0.0
-0.4228608548380198,-0.42368452928975464,-1.1062938903931143,0.291242568307115,0.18641267259347488,-0.6190842827174979,0.0,0.0
0.9904236979588416,1.7292974995733805,1.5688482889085384,-1.4792211608958774,-0.6213265591987955,0.5693934900122863,0.0,1.0
-1.325690413562124,-1.308215607721184,-0.4888905418932019,0.914992176060388,1.6358046202733958,-0.6931199633318831,0.0,0.0
1.072329390723249,1.643018321089171,0.9975528880209255,-2.0272330754661025,0.29208799527851964,0.7745833398869226,0.0,1.0
1.0980125578142526,-1.312079998928661,0.6608902345189556,0.22392170007802198,-0.5134753152828158,0.8456304347358221,0.0,0.0
-0.3090471884960141,-0.24898865906872178,0.8756663124529674,0.804356882274278,0.938560394032711,-0.5948215098507821,0.0,1.0
-1.464479503502416,-1.2050480795057876,1.0698036006954572,0.6160528043882108,-1.1532513351113358,-0.7015469058329057,0.0,0.0
-0.029777896962602905,-1.0890662521775898,0.8113369100005322,0.9513490680471504,0.1619770267606887,-0.511461399329206,0.0,1.0
0.8698926158749949,2.6761756590399646,0.25987078861417806,-0.6118541340356846,-2.7817529915060977,0.31719947344114585,0.0,1.0
-0.8613588039576795,-0.01848495464887473,-1.100030564578426,-0.8903378330497789,-0.6495923924056003,-0.6673330870383465,0.0,0.0
0.17049429384688514,-0.23458711548282907,-0.4944627209740773,-0.04919529995293986,0.24803266667494128,-0.4285436455953086,0.0,0.0
-0.4049387330568611,-0.44387251149666074,-0.28024403810799947,0.636494847111777,-0.6958986971960374,-0.6156607472913761,0.0,0.0
0.3572270842032794,-0.18929363065173938,-0.9615053477587273,-0.16015556776204393,-0.767108873892429,-0.3112023727633549,0.0,1.0
-1.0040843866246099,-0.7498694400080272,1.1943840756365833,0.8647486665467315,-0.5895782418144762,-0.681516311881871,0.0,1.0
0.799904304310028,-0.9686069703988137,0.7099175573281277,1.343832856448144,-0.2225642932927308,0.19289496078232948,0.0,1.0
0.6441762616246094,1.1076815877061703,-1.321881236693187,-1.6528178712374275,0.6185183898836422,-0.027964265161098376,0.0,0.0
-0.20539799894321129,1.5384615168427214,1.6086082187795998,0.37176831106246117,0.857166507363885,-0.569074176507996,0.0,1.0
0.4177265245453065,-0.42986298377058296,-1.0764952481926675,-0.07965399672397708,-0.7147456155527481,-0.2620845272851535,0.0,1.0
0.4918397229947085,-0.3495064465175928,-1.1341807622657984,-0.010385567387245484,-0.9750532454789282,-0.19770308929935007,0.0,1.0
0.7561650191940243,-0.12468249911327364,-0.6319511296974094,-1.296024873766559,-0.856437841940704,0.12605377039740795,0.0,0.0
1.446063619919004,-0.6082016162947226,0.8941839702113679,0.9188519216157782,0.2176615277660947,2.224089311027099,0.0,1.0
-1.5371050583253372,-1.0588552665263125,-0.18209534789364198,0.26719679748759995,-1.8243853965724632,-0.7016137639671949,0.0,1.0
-0.40013697205901283,-0.22630656582377337,0.2225641536976313,0.015862832365402618,0.31505450950152164,-0.6117545568210849,0.0,0.0
-1.868609251241233,-0.7679489827880746,-0.3167581023617554,0.06030322902377247,-0.3081120666339667,-0.7062600679793515,0.0,0.0
-0.6765675787431866,-0.7608476449838332,-1.1132506445390984,0.29207004007954074,0.4317305151574988,-0.652679361309176,0.0,1.0
0.5474338925906103,0.05532480231023158,0.02280928603247968,0.35412121141224406,-0.4267223727876616,-0.1407769092862812,0.0,1.0
-0.17644282606283554,-0.9042946462812508,0.22228314245553527,0.6582012613821492,0.5393490139816758,-0.5597157907335816,0.0,1.0
0.03625685050844581,2.27810782002605,0.05731460523919644,-1.0970188770064413,-2.5596457763802296,-0.48787320337890444,0.0,1.0
1.574818481330438,1.7591328235440198,1.3039987237959454,-2.0898612545074786,0.9704222758305818,2.9996774663125216,0.0,1.0
1.1124718766071298,1.264697110210325,1.9997168779765782,-0.0715727655872092,1.5811284011368743,0.8880899947194718,0.0,1.0
1.0431617196606857,-0.8893990814679995,1.346666327887738,0.8643776903653968,0.3361625149815075,0.6983231233502812,0.0,1.0
0.6286545033271373,1.329460763102735,1.194452010850663,0.9024018601152479,0.9459218495715872,-0.047944103017286584,0.0,1.0
0.4944282641397975,-0.4088629903501304,-1.0235174477699702,-0.34839690382804145,1.4343824903552589,-0.19656091706428366,0.0,0.0
1.4024400013042462,2.5717811877311303,1.2620203108614751,1.1361539252274366,1.2575194628929764,1.998736828011674,0.0,1.0
-0.06560682233039998,-0.23386092680876494,-0.3811103645441503,-0.8884006801087582,-0.9323136559229467,-0.5310264043372025,0.0,0.0
0.8353621383732317,-1.5470059793592714,0.5506676161434549,1.5857858918474346,-0.9733977668520198,0.25283310845236606,0.0,1.0
-0.4787435963399321,0.674168717591612,-1.5250570277870736,-1.0643266440712897,0.1966942617283858,-0.6281991045576687,0.0,0.0
-0.39887521398579906,-0.5264124130300624,1.1328605997717451,0.8537337136054446,0.09903613305721852,-0.6118445596865943,0.0,1.0
-0.6283919354213062,-0.23923698347262487,0.46290121439589754,0.7363269524602675,0.8093550559691867,-0.6468723981259017,0.0,0.0
0.324355442450396,1.2202007306036273,0.7515977485413982,0.4703084368871994,2.030805961535077,-0.33115447925501595,0.0,1.0
-0.7930692145362513,-0.7874197183422547,0.5485688084350875,0.7940003693392648,0.07764854063221056,-0.665053956666906,0.0,1.0
-2.306434011715806,-0.6739362890610265,0.4203812612654794,0.22461986044245366,0.33378341444248244,-0.7099221102255309,0.0,0.0
-1.101756749730446,1.2147017971650562,-0.8003586141198604,-0.9735896887761095,0.2694020379260343,-0.6862456732500967,0.0,0.0
0.27409823079117435,-0.38441019744039684,-0.3774313984280311,0.3838852055308744,1.0084384645596691,-0.36688610214945266,0.0,1.0
-1.4976231759899097,-0.4123614727428376,-0.024118544607124186,0.8031321467605423,-0.9625864375900829,-0.6970890825197803,0.0,0.0
0.9967277989735195,0.24507787096049397,0.08166976063633219,0.00023187257233820926,-2.3432142907191302,0.5860046834934433,0.0,0.0
0.9878178761626037,-0.09080638417460742,-0.3393873256156816,-0.06899665144243965,-0.8794452694043591,0.5653937322042072,0.0,0.0
1.0659239797940974,1.938178458579732,1.2086538077096523,0.9060198648915214,1.5156099539673242,0.7584332978627056,0.0,1.0
-0.4611160908332408,0.17148269495975757,0.49880005837697455,0.8774365062796174,-0.8907032610767214,-0.6229965876256578,0.0,0.0
0.6736854115000823,1.9069474998180005,1.0598779631192303,-2.9077574029022895,2.0920378565614057,0.006793934751976818,0.0,1.0
0.424273132117356,-0.596816635410345,-0.016141758709186067,0.5836361657547863,0.1993565254796156,-0.2579739438949985,0.0,0.0
-0.1767079152721312,-0.37875554312341353,-0.044426983380122215,0.4658317750846408,0.5905289744376634,-0.5623890258044468,0.0,0.0
0.693253422674688,-0.26483894753894816,-0.7452841855845438,0.7585858175695505,0.8483763615609429,0.0347059481823165,0.0,0.0
-0.44456627982764807,-0.6254503282007247,0.3053556778571318,0.5931163260504924,1.2237871871824622,-0.6254288899928999,0.0,1.0
-2.277779456611761,0.8649419506995273,-0.6143990657783169,-1.4445277640363656,0.922624891980916,-0.7106998101975405,0.0,0.0
-0.13748247890366688,0.2958165726831736,-0.22439405624902475,0.6528914092564889,0.252144328424368,-0.5505434277391974,0.0,0.0
0.37027567330224975,0.23484798238335622,-1.0235798699201135,0.03548808552744274,-1.0657578257637077,-0.2975205831066164,0.0,1.0
-0.7362484524400439,-0.474493671569017,-0.5680995445036647,-0.6787842840276618,-0.004635791353109746,-0.6612317031907063,0.0,0.0
0.23390434725712986,-0.364826080939417,1.3362109880298105,0.0947961028362157,1.0487171140461096,-0.3903198454236006,0.0,1.0
0.5557263387479835,-0.33895200785369856,-0.21960644876603377,0.5371222322756652,0.20109846507118195,-0.13008033532838917,0.0,1.0
-0.9235106932541508,-1.6940470816288404,-1.7774367010222247,0.10325860512575587,0.23277043808277753,-0.6771462912928911,0.0,0.0
0.6189294983979597,1.888603025346377,1.1466199305145208,0.8538032683897502,0.7525028879661497,-0.059648230370962715,0.0,1.0
-1.4379827808802443,-0.9576122360983459,1.300419436145478,0.6927829545495793,0.8807430120257208,-0.6999328757588726,0.0,1.0
-2.707814807897831,-0.5726457664318897,0.5723836002683907,0.37963356389508984,0.45367990833302607,-0.7114079895888177,0.0,1.0
0.7115350215743119,1.1121207228599714,1.2670078930244726,-1.8270561237530993,-0.44523222895778675,0.05651055695166849,0.0,1.0
0.3003510361035286,0.9438293233022033,1.3177353128450333,0.5602012543633205,0.51076871497176,-0.34934002002968323,0.0,1.0
-0.6878940888204117,1.491761600400466,1.0729393724347,0.5345454384078061,0.8977813564956201,-0.6533406296024742,0.0,1.0
0.1893168716554176,-0.27173776508137,-0.929207915168583,0.2102144363808262,0.16007094819151965,-0.4153550017192649,0.0,0.0
-0.43451070302154293,0.030936710843617824,-0.04817560178221106,-0.011326072610884317,0.12651212521270322,-0.6180983793770869,0.0,0.0
-0.4512081808903651,-0.25700495136769,-0.4938739390723675,-0.6046712553591655,0.16584378329578783,-0.6209961177320849,0.0,0.0
-1.409918846181652,-0.453742894421042,1.1109169165005268,0.4434222726376465,-0.23346174058498204,-0.6997126045227663,0.0,1.0
0.4868701210189726,-0.25554726031433317,-0.45647036802542346,-1.1510578786273016,-1.600378445642304,-0.20373301122758594,0.0,0.0
-1.1014196792559767,-0.5246893658534293,0.6141914617307105,0.16616717327510702,1.3873099854453532,-0.686053114106527,0.0,1.0
0.2276547036448249,-0.17238878775638833,-1.2896082589083655,-0.004908767225039788,-1.0169859881185366,-0.3914861348951899,0.0,1.0
0.9891485178688697,1.7184104787563157,1.1314730361161855,-1.9472290206291187,0.14489117945032495,0.5648191312080574,0.0,1.0
-0.15643669161589147,0.03992204436545526,-0.48456819026715026,-0.03663590382756313,-1.4198952413631707,-0.5568677925158637,0.0,1.0
0.4935143632447155,2.0218182405842926,0.5106073507067977,1.5196934044089336,0.2327187909718552,-0.19433121980348697,0.0,1.0
-0.3201147142641525,-0.6150815428570264,0.021397582616170682,0.31009243732975955,0.8309899547692835,-0.5948228289120239,0.0,0.0
0.9680958842545251,1.9311418584350584,0.4149239822226591,-0.8501498386596628,-2.504216301742506,0.5183993433895675,0.0,1.0
0.7168089618410407,0.4807656404710228,1.6682279447385455,-0.047960873109338886,1.2360519826074274,0.06804800021561064,0.0,1.0
1.2699727021281089,1.3412133506644053,-1.0333279446266552,-1.7795895174932976,1.1580173759481351,1.4190566260787942,0.0,0.0
-0.6715910554297605,0.1329137698131299,-1.560828938331064,-1.167009132900622,-0.27580619506659065,-0.6537029417156377,0.0,0.0
0.445123077271236,2.0073720171227123,0.8939142475435782,-0.9867304622887514,-2.307500922990602,-0.23896562544236696,0.0,1.0
-1.9109885578019687,0.6492193718357885,-0.10761863242659789,-1.2001088622136973,0.2884406491523738,-0.7064613989706642,0.0,0.0
-1.4523797363211137,-0.7496058582835031,-0.7584268247629756,-0.8949157160807363,-1.1883537725998103,-0.7003253497504333,0.0,0.0
0.4014829959018229,-1.6425214860751483,0.31916948511674326,0.8149104267712619,-0.5929817115786551,-0.2772327774719303,0.0,1.0
-1.269034005169841,-0.38478319941258393,-0.011475484473943028,0.44665843801462823,0.40734682841675585,-0.6940131495474724,0.0,0.0
0.7045473139053764,-1.202484939336709,0.8893285446828835,1.0182587531375715,0.640298470126955,0.04931440061513509,0.0,1.0
-0.01897410102602046,0.41417365372425535,-0.37726948012661976,0.12356964062790592,-0.44920470362840403,-0.5084183662294992,0.0,1.0
-0.24427285243739094,0.7753095363027483,-1.4526761853168468,-0.5884687441830061,-1.5215826061630986,-0.5810518315651693,0.0,0.0
-0.25987617100247584,-0.9815164656859304,-0.9828594182637016,0.5300231699038042,0.5952146211819809,-0.5838191292951928,0.0,0.0
-0.1673377236908079,-1.7208120820419592,1.0213453956471363,1.064041402302528,2.654645647863968,-0.5584317595434786,0.0,1.0
-0.8764333397159157,-0.1959325700330941,0.13247947871039323,0.4402182344863741,-0.4717614764898876,-0.6752868940316119,0.0,0.0
0.1541190085351764,-0.018231730645313,-0.4239623323690064,-0.44359397345004403,0.25661592910941,-0.4352201896645527,0.0,0.0
0.241495520531734,-0.48471242941454,-0.7931748634001354,-0.5344961606807775,-0.7094644763995629,-0.3819177600471256,0.0,0.0
-0.6317758008238468,0.37220560611840053,-1.05666925581313,-0.9075736114613705,0.9128368823447455,-0.648541049759331,0.0,0.0
0.0660010613591594,-0.5235779869182481,-0.1332272353288175,-0.2771488593826035,-0.7100108652177053,-0.4753858675836856,0.0,1.0
1.2217870949506195,1.8610732858090944,0.6800566918136746,-1.4383809160975685,-0.929899196096315,1.2385757751855395,0.0,1.0
1.0299857832654327,-1.0308907047853513,1.2943351259223825,1.6619209260340493,-1.155975616344329,0.6634092601207925,0.0,1.0
-1.0522909909031,-0.8058069935703297,-0.6959033670788213,-0.08191854819316442,0.42382531089899284,-0.6810533938501427,0.0,0.0
-0.7246699807611605,0.42444337984710223,-0.5577511038558258,-0.8195486901954001,1.3461738615142629,-0.6574550676235666,0.0,0.0
1.597206665581999,0.8140632830798834,1.6266013283854663,-1.1739628370206028,-1.334932992159491,3.155144613261836,0.0,1.0
1.1819550205432725,-0.9602749637269208,0.6138232275807156,1.3794542545177129,-0.808123761547404,1.103959935614193,0.0,1.0
0.8013339298098656,-0.41625485687634955,-0.9314971821718522,0.3717294691131208,-0.1681136573032598,0.196504088625203,0.0,1.0
-0.6630972849177194,-0.034528787673821074,0.08466357844346663,0.14871329950671236,0.02071626958323311,-0.6516505409477159,0.0,1.0
-0.0549414127689191,-0.4386824656677169,-0.12389700703799156,0.8126040315198321,0.8036419268773487,-0.5225742353633102,0.0,1.0
-0.7296578526899633,1.1369926225222815,-1.4056244814669208,-1.4119482508808092,0.9517194281468863,-0.6562901097886245,0.0,0.0
1.1355816022842342,2.215006431862434,-0.02856395015576148,2.0567208910857353,1.1845626776034928,0.9579758025137454,0.0,1.0
0.5421733357637919,-0.23263151153504996,-1.0514932566320518,0.8311556659678968,0.6863513590481667,-0.14303907979671188,0.0,0.0
-1.7366870212969017,-0.7633116676729923,0.6399964819451802,0.6462257789542853,0.28072447316155485,-0.7047631297436829,0.0,1.0
-1.0819140172573107,-0.8631389886087384,-0.46655714844505713,0.6037054639680131,0.8475230924583371,-0.6871015720531654,0.0,0.0
-1.1277684978629037,0.7830674913242999,-0.4842452807631162,-0.975072053148224,0.33170653687513507,-0.6841329794651748,0.0,0.0
0.6200137990675176,1.3005206846918176,1.242237030897748,0.8470015562532154,0.4052219644083291,-0.06012455173991123,0.0,1.0
-0.29997515477970266,-0.2565565814325229,0.5339185598616176,0.9770139872941591,-0.5262710750464676,-0.5901292238888602,0.0,1.0
-0.10541432047856687,-1.632203364794174,1.286709624726064,0.7678244718110299,0.53966702689794,-0.5409901050043534,0.0,1.0
-0.7787582754639286,1.071221389296359,-0.9265950520706238,-0.6746036489715596,-0.5091918165880205,-0.6657606212814926,0.0,0.0
0.2085659071993105,-0.09944474339186042,-0.4674913959050038,0.340334632682122,0.048432812583453916,-0.4060570635602085,0.0,0.0
-1.46026838441444,-0.8270569461900178,-0.4664533875379834,0.04492636235067229,-0.2941954580958124,-0.6989999636024897,0.0,0.0
0.43482221263155474,-0.008359407562821306,0.1253173726093589,0.08277314685567487,-0.9278732883540621,-0.2484668085442955,0.0,0.0
1.0926090223643847,1.0363991714874177,1.110145789890163,-2.356009109732292,0.781214520228865,0.8296541943976,0.0,1.0
0.31918181248662775,-0.714604360516038,-0.34196472632855407,0.6490103092032851,0.37276842899764034,-0.33500487271371593,0.0,1.0
1.556505439720696,-1.0424075188962896,0.4897495590417968,0.483168526827531,-1.0714274766427188,2.8784465303942937,0.0,1.0
-0.7197757596016524,-0.9189194164134756,0.3107909729332456,0.7029771156932215,-0.8455235365856083,-0.6605403599646578,0.0,1.0
1.3709046574356072,1.20005072202009,1.6482976738014734,1.0536122790773546,-0.34495930657380847,1.8455053446391791,0.0,1.0
-0.8113946914479981,0.2406083318611552,0.24594754550357675,0.5619000846947466,-0.2637769715763043,-0.66690193826456,0.0,1.0
0.43891591432866167,0.1254896997791944,-2.011818748042584,-0.5913260000728746,-0.40234571128733243,-0.24317886775823694,0.0,0.0
1.6017979479072957,-0.6856211961142001,0.7332212372463973,0.933122753516378,-1.1586857300787958,3.186119003652115,0.0,1.0
0.7211123539171247,-0.03501848421661731,-1.0937896645093814,0.20160640598173776,-0.762223540464081,0.07467385443450116,0.0,1.0
1.1000323797155453,1.7245630947154973,0.5264634370093167,1.3842002001149019,0.8166416394268531,0.8514196908300455,0.0,1.0
-0.38548332583830175,-0.30035996714590146,-0.4688188222164608,-1.343152394784935,-0.7267499429309543,-0.6090411286160847,0.0,0.0
1.522833042956019,0.989165253923695,1.901853563991093,-1.9520287053476835,0.6059945562406749,2.664073012529404,0.0,1.0
0.570795551502965,0.11551857483685775,-1.1033131182852407,-0.6666618723066193,0.04405908403248782,-0.11700373584524514,0.0,0.0
0.38395488664047916,-0.4956858533583427,-0.45206251891618054,0.4723660181911503,0.671376848692794,-0.2861817501626902,0.0,1.0
0.028347363465397204,-0.664609602617302,0.8151560211373599,0.5545165599392099,1.5429964619479715,-0.4915393290003897,0.0,1.0
-0.5521339371196878,0.04790513509115498,0.1855364422515245,0.6204712979615289,0.39308035276346603,-0.6371475831347629,0.0,1.0
-0.7863302329973234,-0.19000065970274876,-0.28357304634156655,-0.10954270925509915,-0.8445391099682757,-0.664217358938031,0.0,1.0
1.63823717285931,1.35935515894944,1.7214198284857085,0.808421292781421,0.3364740295181383,3.4519284048875063,0.0,1.0
1.1396699879833996,0.7671456241307097,1.749110183771276,0.6744892127962538,0.5902022356200798,0.9654069393102096,0.0,1.0
0.9546504994392205,1.8033386406196916,1.0888861331384136,-1.9090598452856153,0.07968954418184902,0.4877121295719609,0.0,1.0
-0.8518324173396988,1.6036448625329678,1.6767402519237862,0.19882350834171356,0.7537529201730582,-0.6671864869029285,0.0,1.0
0.5228874946186713,0.1341338367454681,-0.6773182759980966,-0.6861738026305111,-0.5146919830160367,-0.16581922085514092,0.0,0.0
0.5360179791383609,-1.6870499542315665,0.5705500507128025,0.368476288215307,0.45636339025592454,-0.15325946318336175,0.0,1.0
0.840267380589172,-0.9598295846210751,0.9624625118438899,1.4573922714016552,-0.31042119346584185,0.26245650640159324,0.0,1.0
-0.200104144271972,0.9703013124898531,-1.5097016379559332,-0.7893159293722758,-0.46644498198288314,-0.568933069868853,0.0,0.0
0.8855702008170805,-0.8885135295616483,0.7474771075059805,0.8072755147569206,1.1381638538888095,0.3477174827977357,0.0,1.0
0.23118397394611248,0.5643210490065189,2.36759752818914,-3.0128794926514866,2.055650118984073,-0.39275780799655713,0.0,1.0
0.499776799475776,-1.498650175456218,0.8350463988402971,0.8705131641503061,0.0702741375548159,-0.19012610303997754,0.0,1.0
-0.2690357536356156,-0.44104419892825397,-0.026510898645753685,0.11908596779789041,0.11853767902821677,-0.5834026472276215,0.0,1.0
1.4321567344937827,1.1283897209247922,1.4393651537181997,0.6008951822376769,1.4366854488917247,2.153055178399227,0.0,1.0
-0.37821144506374915,0.4878480223380766,-0.14048131359725666,0.20902940702233688,-0.32162936671821707,-0.6093695598855539,0.0,0.0
1.0269021533744742,1.3135209199546212,-1.5559405044599461,-1.7913456946868684,0.2125416868308359,0.6590953982045828,0.0,0.0
-1.3793379243750141,0.6881824946927262,-0.6902715055936507,-0.9109740956947702,-0.8851591954973427,-0.694920413180109,0.0,0.0
-0.21324751578636017,-0.8959833745710987,0.45301316044331824,1.0343595508935386,-0.7954962875122135,-0.5705189546369064,0.0,1.0
1.2983331085621723,0.6588505197603907,-1.7664295963972527,-1.5595441545251438,-1.3630754910002476,1.5343547219847278,0.0,0.0
1.1219665198931683,0.025406191091213125,-0.7347778488662242,-0.8143466322609861,-0.9195224053335624,0.917016889978408,0.0,0.0
-0.9375448408506356,-0.30981735664015775,0.3214424812385536,0.7361295397521439,-0.7073267024213895,-0.6771050466438217,0.0,1.0
1.6682606496716383,0.45792704163798476,2.3923883224294205,-1.593595270109051,-0.20728335403959733,3.6865994743065094,0.0,1.0
-1.0512474892803947,-1.2204267245057312,0.7447570956113192,0.7804863574584274,-1.1717759064592423,-0.6846300262206624,0.0,1.0
-0.9854299355293255,-0.4240431837854526,-0.32541017981539544,0.4497438836413078,-0.45962062113187646,-0.679876802036095,0.0,0.0
0.6118298009774358,1.4768406672584464,1.5471877813763613,-1.6892242573441136,-0.5601000298460308,-0.07221284952494944,0.0,1.0
0.1437989511356877,-0.07304872128284598,-0.3514931135888216,0.06917095995396427,-0.2088145460442168,-0.4421226221055935,0.0,1.0
-0.18904387430024513,-1.2108074425060467,0.8057743348183328,0.6753397544760461,0.9047718287846799,-0.5647709012886217,0.0,1.0
-0.5418346323939105,-0.4365760410098035,-0.8553830251495738,-0.5231780864011633,0.9678940220162576,-0.6369117831639289,0.0,0.0
-0.8525852006994487,1.7704359146327187,-1.7053890001425538,-0.8450701750974703,-0.6269869961788241,-0.6699594474612118,0.0,0.0
-0.7670058043090026,-1.3170265893546134,-1.373893886548801,0.27473083160788825,0.6896195283592987,-0.6595581808625101,0.0,0.0
-0.7703904962747178,-1.636338990977583,0.5189532621741177,0.22449598703803736,-0.5377033895931659,-0.6597810334124732,0.0,1.0
1.0432876387314989,-1.1685007376553775,0.7554179694381474,0.6723558081320419,0.5421736144608345,0.7006485572697373,0.0,1.0
1.5692601730411766,2.8965445099446874,0.17284166250998825,1.9917220242262605,1.4145988424534728,2.9631141210356877,0.0,1.0
0.3134951198378208,-0.4499562450445544,-0.8524415317794926,-0.06316563379864053,-0.4665334746901694,-0.3409242400052201,0.0,1.0
-0.5661125160786284,1.0476498157942746,0.7483616018335915,0.8346970809921788,0.6070733335441431,-0.6411779897418087,0.0,1.0
1.637532159960543,-0.06712296823445449,1.0556724593833693,1.9544608972670026,-1.144723427141556,3.4465190889393558,0.0,1.0
0.6295658689164902,0.5503309763090566,1.8560205744144929,0.4102185524003682,0.16312002057389133,-0.0503430331940809,0.0,1.0
1.5984397494068305,1.5162900868066382,-2.144290917607409,-1.4669487295792432,1.1465503395031118,3.1634818472055097,0.0,0.0
-0.5031560328300164,-0.15861520180699318,-0.08198353010795603,0.024702501243108577,-0.6638398538299296,-0.6292708391140384,0.0,0.0
0.4721809329056061,-0.14137696207531159,-0.44004380811238764,-0.20988750241034373,0.06377086946047635,-0.21172380391527656,0.0,0.0
1.3232339680637668,1.3749554920212894,1.4107065639226488,-1.6989836591366727,-0.21902669343317788,1.6318751489417005,0.0,1.0
-0.4238996272654003,-0.4014732572617466,-0.8437376003301853,-1.39121791857116,1.0036047538842097,-0.617115379743909,0.0,0.0
-0.899907234139217,-1.4501145467433783,-1.1927217660574287,1.081291422570814,1.7790495286585235,-0.6731886079672557,0.0,0.0
-1.0523580900785632,1.4780958788741994,-0.9441573468669959,-1.2400141334995123,0.5992965811676668,-0.6837730992140381,0.0,0.0
1.121136755076714,2.0716441744211296,0.21097418710988441,-2.497059605942513,1.233637541734969,0.9162845820793141,0.0,1.0
1.0302457558050548,-0.6460578923535077,-0.2357851603631538,0.5503029116221322,0.32569004167894955,0.6677394342222854,0.0,0.0
0.07113836804619374,-0.019725282798705696,0.777490820124897,0.9738932602350562,1.0469283681514434,-0.470164007957257,0.0,1.0
-0.6790903751928413,-0.7018579694953003,0.7632769849404524,0.902683838757251,-0.19003697520993115,-0.6552049632168714,0.0,1.0
1.6395766904158016,-1.1008442756951937,0.7474285728564756,0.5970782922705118,-1.3204992041092902,3.465152560925429,0.0,1.0
-1.341390435493026,-0.2605792397947892,0.8564957095765039,0.8341468889111311,-1.5882546208565311,-0.6961891780092366,0.0,1.0
-0.37361584500652234,-0.45810696567946596,-0.5087826021875392,-0.7072932281596266,-0.2020843188800288,-0.6069848793980489,0.0,0.0
-0.7138206502175097,0.028345744000697403,-1.180192664176344,-0.6992580810392488,-1.033373392514978,-0.657256951042523,0.0,0.0
1.603043608515933,-0.6627192266742008,0.9318479107042608,1.3544770067076635,-1.2317249008842865,3.19419729002432,0.0,1.0
0.15406308389823117,2.1763271115442695,0.2032715794111724,1.2907722766194967,1.9853472620927912,-0.4332048752389601,0.0,1.0
0.977429970508358,0.09682488358317948,1.2317988983850043,0.575208687215905,0.6987647832522967,0.5373827252601739,0.0,1.0
-1.2020669921976128,0.029458277307404458,0.3687457071283665,1.1118193142755086,1.088311756054413,-0.6894282648334376,0.0,0.0
0.9597381150877295,1.2683064583160155,0.7218528925928934,1.5744283948361444,-0.7504685723553314,0.5023564395820392,0.0,1.0
-0.8333756164388274,1.4310627563873326,-0.7657901979045489,-0.7188468880431755,-1.0292219033374272,-0.6670724077333354,0.0,0.0
-1.2084954073404506,-1.008590537874931,1.0316090763445411,0.8390230765782449,-1.7461866649423567,-0.6914470823204063,0.0,1.0
1.3387552851229296,-1.431086040558607,0.4107357490763413,0.18098633713964837,-0.4326805186285951,1.7026406949760895,0.0,1.0
0.47147925102433846,-0.0819728107668814,-1.617081573207477,-0.05890215554580749,-0.8408739643320776,-0.2147491345334441,0.0,1.0
0.6422295975069243,-0.07400528702374952,-0.6409768737639785,-1.2164498770449763,-0.7481674997544866,-0.03435408735168387,0.0,0.0
0.7334945494630484,1.7108416832466715,0.6383561131171341,1.408239605125232,0.4843818709713522,0.09221484838704498,0.0,1.0
1.492860142085704,2.7445489518847794,0.31740342456362586,-1.4212689340041074,-0.5832004656031535,2.48336736136094,0.0,1.0
1.1882187977668945,-0.1055874106306507,1.5236096320659627,0.5672166300965799,0.4107776585883091,1.125053358911662,0.0,1.0
0.17348801441846742,-0.34484045195656493,-0.07583469662261848,0.5929398442807642,1.1577415776900688,-0.4243883858726383,0.0,1.0
0.661390003198523,0.21422127735295562,-1.6422949958098056,-0.4704970484566453,-1.1550446230407883,-0.009625427492071865,0.0,1.0
0.9730824159922868,-0.20416815777090414,-1.0785613623105108,0.0413911654784623,-0.33929342923638617,0.5271386897811564,0.0,1.0
-0.8044330487805781,0.4350629184305286,-1.2521144045283317,-1.1117788583045545,1.3843868980793033,-0.6659817205417263,0.0,0.0
-1.1085851626855578,-1.1736795313832147,-1.6935512326974775,-0.09581394996826689,-0.49546574339412236,-0.6879266720633409,0.0,0.0
-0.43601718447362,-0.4940810183606957,-0.7036746894952338,-0.2776445998698264,-0.6374040014708163,-0.6193332303704076,0.0,1.0
0.6860226539762728,-0.81518769857183,0.5844058407224351,-0.3026763540082546,0.5740215016121717,0.02341238162362855,0.0,1.0
0.3995565183403751,1.6258893417421818,0.6105404469654182,-1.4744829201673542,-1.510513077564594,-0.2775760550292263,0.0,1.0
1.375274471927736,0.1796902359116643,2.2590817498282236,-1.6040275858682298,-0.5156850805765822,1.870301860299512,0.0,1.0
0.8533498986700427,-1.7203682207391282,0.40235713486678626,0.7596555932628983,-0.1531303112222003,0.28414988431741767,0.0,1.0
-0.7808060593052332,-0.7689907750582072,-0.7161540170113639,-0.034686107552893114,0.07130554841849272,-0.665666836634953,0.0,0.0
0.5960721081830271,-0.21013113468062283,-0.8590004168458423,-0.2603163057937345,-1.05506584558073,-0.08786068382182352,0.0,1.0
-1.1820979895027723,-1.3768348721392765,1.2729089702328953,0.8086840398960166,0.36043448011290935,-0.6888885050022053,0.0,1.0
1.6301027672296182,1.7277570217106824,0.9592416000871083,-1.4075437133181519,-0.6627108918535279,3.3939074255796453,0.0,1.0
0.5462339348513029,-0.3265554323252367,-0.6435979542640565,-1.8228033155504149,-0.356377143912177,-0.1422968173300456,0.0,0.0
0.1638797652172454,-0.9748705180259541,1.2827191014808799,2.466912284648325,-0.6540799376911355,-0.4286231864155167,0.0,1.0
0.21126218973357713,0.13394359486572407,0.5441023370675734,0.41051510756313603,-1.9395740958217214,-0.40771019148131055,0.0,0.0
1.2382844398791792,0.6870971475152902,1.443845298910462,0.800283260658519,-0.02110456408815009,1.3025475424874648,0.0,1.0
-0.6249850650627249,-0.3204719618755905,-1.2310817714094624,-1.2160491207158177,2.396997535246599,-0.6492782822201754,0.0,0.0
-3.2364832160306367,-1.40940705429301,-0.02267482351070397,-0.3222067456510938,-0.2692164127829548,-0.7140223758168568,0.0,0.0
-0.5413313655122802,-0.9046871926001357,0.9220671770047031,0.7019833247588573,0.06895362616747897,-0.6342813814302851,0.0,1.0
1.0410866398572278,-0.9686677070483999,1.3248820761176914,1.2851038969205215,-0.5507236017125465,0.6936158144496296,0.0,1.0
1.0224484437692662,1.0969729726374642,1.6641814046069159,-2.7964344101804275,2.042296941432006,0.6485964662048999,0.0,0.0
1.358510488489216,1.5433765083184205,-1.7086975359890502,-1.6221280090647403,1.4992551520326272,1.7941402986383133,0.0,0.0
1.3574206779789733,1.2647830542365779,-1.2581577567153652,-1.8321127158569066,1.4884041430779547,1.7856264075321318,0.0,0.0
-1.236015938372516,0.4995535807829185,0.5153988922523672,0.12023967465762664,-0.02130583245337141,-0.692060216728809,0.0,0.0
1.465386104281483,-0.5760440838542082,0.7894694027778603,0.7249717973506934,-1.338503918026175,2.3298413639270237,0.0,1.0
-0.08861458057577443,0.8109326753521175,-1.4731656012527221,-0.7178465688819575,0.36314946309627666,-0.5345674640532705,0.0,0.0
0.9807162229285842,0.05414185741527437,-0.7727691034008782,-0.993995046529135,-0.44290633714583894,0.5460470170077695,0.0,0.0
1.0826427168538266,-0.5186614555936262,1.1925205591333077,0.9510378680767831,-0.08052560950587849,0.8002568864924579,0.0,1.0
0.6584833088583342,-0.3859411276420707,-1.4978980891381986,0.46151560785180207,-0.012404152892885972,-0.01105291063857216,0.0,0.0
0.012692951896358105,-1.425640822426854,-2.5057822063428175,-0.5270026594636028,-0.7503701326315735,-0.49511133721759865,0.0,0.0
0.8450289211397387,2.4327519633968606,-0.30115839750562645,-1.237750352107703,-1.8177160576837577,0.27015640470788854,0.0,1.0
1.020013784927326,-0.1561229496752031,-0.5396271208192079,-0.8301835212599747,-0.7988027455440105,0.6418832362932514,0.0,0.0
1.2377190979467636,1.8094030732071484,0.1860545240444827,2.136242265294178,0.40065548303845067,1.2970405144473516,0.0,1.0
1.2973838856627513,0.9739131360919367,-2.3653991555293667,-1.3317991190025138,0.33216537890376946,1.529628852127836,0.0,0.0
-0.38582343605908576,-0.5570864264243262,0.6694775498859097,1.072677695837087,-0.3073779869805783,-0.6106186514147424,0.0,1.0
0.34523690428928333,-0.2390814443176469,-0.45029354820949896,-0.2776163731906916,0.15602000769246221,-0.3174397554339185,0.0,0.0
-1.4500358271161127,-0.7194379717243715,-0.1090241339609491,0.272273035398761,0.21555578326499525,-0.6982930753681941,0.0,1.0
1.2571403660443212,0.9127253032105651,1.840291073360613,-2.165194846665245,0.7608022778714945,1.369892509423281,0.0,1.0
-1.3211547705336788,1.5571504121212276,-1.3321030390581925,-1.1541998278202594,-1.7156381336672344,-0.7005712095673561,0.0,0.0
-0.10556240875182443,-0.4657969442556429,-0.5244609032143924,-0.31015135081214085,-0.9416136648882711,-0.5382391242105034,0.0,0.0
0.5453395512424772,-1.1996552045101931,0.3783726369571348,0.004907895491460158,0.40575905505801124,-0.14284708168229912,0.0,1.0
0.9060417300210057,-0.286037086845164,-0.5703405409487989,-0.15879497212962382,-0.591181989988718,0.38689526597764357,0.0,1.0
-0.021002316722979256,-1.4043984617972296,1.5599075390324864,1.696852252317064,0.43516271079986596,-0.5108420894362534,0.0,1.0
0.10562926671742762,1.610517346110421,0.17814890046720327,1.5486847285518115,0.9119605285678375,-0.4585224696625009,0.0,1.0
-1.084601900678057,-1.0252717931973274,0.761687261685792,0.8124112511758407,-0.6798780529144912,-0.6826258032810205,0.0,1.0
0.1289721133425486,-0.9233609901872565,0.14818026809452953,0.7711133647292333,1.6909902596285091,-0.44982185565565846,0.0,1.0
0.1692057432258838,-0.015567579896429056,-0.45960960774656845,-0.1827765168033051,-0.05166633144037361,-0.43050631306041137,0.0,0.0
1.085284993759312,-0.026230504673417608,-1.3554036853694598,0.04139802827505098,-0.2315829113213105,0.8116856493860723,0.0,1.0
-0.9722477305581362,-0.5315983540022555,-0.04759173623405185,0.5629853450327659,-1.0990868507824616,-0.680064408973768,0.0,0.0
1.0765637966352288,1.1514671657694837,-1.218441978393659,-1.5946892051559796,0.9473703559354776,0.7887366116281732,0.0,0.0
0.37812762439929914,-0.5001961588857964,-0.3813203310789651,-0.15668712033287224,0.13808023887836413,-0.29354079728375787,0.0,0.0
-0.6008084351819554,0.10551797596233084,0.29209886301344196,0.2291533795483431,-0.2422672611896897,-0.6412404371238244,0.0,0.0
-0.5289656978568932,-1.1539993180326538,-1.2181052535828392,0.1008097254752767,0.3146999618110298,-0.6333005850230309,0.0,0.0
-0.8343042613473262,-0.15729347007413907,-0.026693932483370736,-0.15305863223018637,-1.136283776854318,-0.6660087908553756,0.0,0.0
-0.9923188827519871,-1.4491230252102816,0.8474373866252789,0.664727648075533,-0.8134151632125236,-0.6781490310068992,0.0,1.0
1.0594601084670576,1.7560673313096704,-2.1065884621912163,-1.3330004386115888,0.8911277568966139,0.7390907194037301,0.0,0.0
0.4980705745291783,-1.347306471692673,1.1775567380560668,0.814688318583636,0.3636652108621695,-0.1921766267650992,0.0,0.0
0.1560626116847282,-0.4875559372121592,-0.15517062453769345,0.2579269988567403,1.018618779785362,-0.4342766759833029,0.0,0.0
-1.843839579240827,-1.0371502826010741,0.40317499706444315,0.34112709286056425,-0.4011390386573971,-0.7070240482749961,0.0,1.0
1.0956450969569558,-0.3132585311743552,-0.7311594952465789,0.050960373907718674,-0.31814205950966606,0.8391527895249697,0.0,0.0
-0.6226399998659564,-0.18422146993074442,-0.551584456135201,0.4057677857985162,-0.12241116117591172,-0.6453063977558389,0.0,1.0
-0.9958779313798736,-0.5503043435364727,0.6571841548314684,0.6172433372937359,1.3206655627344812,-0.6837443491278687,0.0,1.0
1.3510313217635999,1.8121570634617352,1.3084532180397526,0.44645132430149403,2.350776953745355,1.759143125999318,0.0,1.0
-0.34656551575261574,-0.7150696050446951,0.4987897708515547,1.1767439628981322,-0.4682982634006249,-0.6017032477996987,0.0,0.0
0.2173119393436706,-0.39554907352270485,-0.9084977928757446,0.3887622894532148,0.7017891581377336,-0.40090351169154403,0.0,0.0
-0.26795248456261733,-0.15049457494421647,0.3291819131749826,0.005686102711252002,-0.3898431849930051,-0.5834643778481858,0.0,0.0
-0.7429100385171298,0.7499060617490346,-0.6593927659648091,-1.5323611685399174,-0.06354506876006483,-0.6601476681154728,0.0,0.0
1.3407900502361116,-0.2867577548420211,-0.7565657389355164,-0.2466649404964866,-0.3514443816424209,1.7117407054739413,0.0,1.0
-0.06169356482390232,-0.05407588166249143,-0.12182008434332521,-0.12084935848756519,0.4056622689771001,-0.5224755280218647,0.0,1.0
-0.5842648814931874,-0.9829046397174928,-1.1466689086351383,0.7524553158550955,0.5928681020554405,-0.6383351743424327,0.0,0.0
0.36435530667687743,0.13747348116802408,-0.2874954276628465,-0.41667229505942455,-0.9578005346220771,-0.301521067967663,0.0,0.0
1.5810293480639477,-0.938940269024358,0.25562836658205174,0.9994020621723791,-1.8171324120251167,3.040512313365249,0.0,1.0
-0.8327062260545571,-0.6211192323689383,0.2184155754668664,0.5030957462739925,1.1385218827097878,-0.6708831578328581,0.0,1.0
-0.17508266450495863,-0.7645925428302323,0.5124692851419822,0.633553287542328,0.28278040148827205,-0.5624914415403092,0.0,1.0
0.596732502846491,-1.5454325984140487,0.9370772735777445,1.2639288775011803,-0.779526516309029,-0.08459113832016274,0.0,1.0
-1.9975140218512968,-0.9044620284301905,-0.03631328772616278,0.419334605683643,0.37889180466669503,-0.7114824766002421,0.0,0.0
0.4550629830458389,-1.7640379591935396,0.5787701164386643,1.409296151571393,0.011760497704203616,-0.22830835703687247,0.0,1.0
-1.4369891615324788,-1.732732451347869,-1.5430950720875305,-0.7532333155509823,-0.6015156993723229,-0.699352462488639,0.0,0.0
0.3985039913579522,-0.6042311461995357,-0.4597377329113676,0.4218194294554501,0.23006255047552884,-0.276128554935996,0.0,1.0
0.4752824920908074,-0.5829274668405396,-1.0803867011571735,-0.0867000720985884,-0.3879598072798092,-0.2102708052226725,0.0,1.0
1.448238096662827,1.53532515543773,-2.189518057856493,-1.5585992572625504,0.8644951110736786,2.235491223427016,0.0,0.0
-1.4292732479892016,-0.7238897510050376,0.28761671484167806,0.6144462001956801,0.2740950270743923,-0.6934518441781385,0.0,1.0
-0.15405818676617639,-0.44036444399102037,-0.13781683230213498,0.00262559832849654,0.08839440392780552,-0.5560894440483609,0.0,1.0
-0.11878332037764164,-0.2732460916532331,-0.49993026977276667,0.19334335428990507,-0.08312711364495759,-0.544325919529627,0.0,1.0
1.1184211701229854,-1.1509804350172,0.6037057141296902,0.41427436365233883,-0.9046859795065235,0.9047933428370993,0.0,1.0
0.6217841941942941,-1.220480477856009,0.4808201596531984,1.400639366241943,-0.09128483146802607,-0.05550094223078793,0.0,1.0
-0.6282402962894359,-0.1307583256569937,0.6680918902601731,0.6353964060029548,-0.03566059437048578,-0.6466932053148481,0.0,1.0
0.7639551035079218,0.06671381444479979,-1.4397580374548462,-0.26022468520615394,-0.415425587566171,0.13474063309902218,0.0,0.0
1.530700352055915,0.8609252014593923,1.9969587645088707,-1.9372187979863837,0.44980372549925257,2.711004313139663,0.0,1.0
0.12062063468601872,-0.13669572862183976,1.021850204863878,1.192333578033633,-0.6088361183027388,-0.4490419947481778,0.0,1.0
-0.5440856380051438,-0.428814938424944,0.09839054002908629,-0.02656921797923514,0.09118889315902737,-0.6344160345901242,0.0,1.0
1.2928166911527337,-1.2144950578347382,0.9125255754496455,0.49691587775705603,-1.003934452516723,1.5109106599449094,0.0,1.0
0.27156469974467073,-0.6560927772194173,-1.331691164285855,-1.2788179037744694,0.92941976579771,-0.3683331790329214,0.0,0.0
1.1667345369509055,1.2057750808364198,1.1741421076030325,0.8663260562817913,0.9435724042634394,1.0566130607041078,0.0,1.0
0.6306535967102713,-0.11345067060502684,-0.08745006097816624,0.3127663288916146,-1.2494979764390661,-0.04574274431230377,0.0,0.0
-1.9836110606907844,-0.48238773057477446,0.7017800061093113,0.5079261273137375,0.5607217482439827,-0.7054533819036255,0.0,1.0
1.6141899385087601,-0.8019857690556876,1.1258155545357698,0.8247667383938765,-0.6136890938224785,3.2793315198420596,0.0,1.0
1.36406962042741,0.9057263617059429,2.3448846410934965,0.21101704327635318,-0.263383968317203,1.8174577015850077,0.0,1.0
0.7754718498673283,1.5669875649533467,0.6850409973827097,-1.8097998901359718,-0.5547189025796906,0.15646045653878743,0.0,1.0
1.5671667705622838,-1.0140581136044744,-1.5586180605269975,-0.1083278006701232,1.2945685350900422,2.9503711311310976,0.0,0.0
0.31957447233609104,-0.531970415497875,-0.8819573898162326,-0.3086683860052566,-0.43284289375264845,-0.3340466162111368,0.0,1.0
0.6304640868337723,1.5323277390980143,-1.7744339962613187,-1.2483770971863193,1.573027796801726,-0.04743301512270784,0.0,0.0
-1.6818743293154887,-0.9444338096350877,0.633749173130189,0.29679244122852205,-0.44907974015748536,-0.7042698898033007,0.0,1.0
-1.707835752361775,-0.7127532599516797,-0.4271523317838881,-0.07950718203956976,-0.05346231177342029,-0.7031271685706924,0.0,0.0
0.3542618956587698,-1.6933580377233546,0.7637761350718383,0.02539107584129345,0.5059165872257029,-0.3102827927656978,0.0,1.0
1.2187035793929024,-0.6593550470847018,0.8306866352367727,1.387081098360067,-1.5351907785741563,1.2268633769155728,0.0,1.0
-0.7393100275832748,-0.5405546608023823,-0.4525569338913706,0.6128324138446023,0.39947434053572367,-0.6588017450628398,0.0,0.0
-1.3456833421656131,-0.23602588997463417,-0.44646103657615255,-0.08262962593588935,0.7089843689582679,-0.6959525063012817,0.0,0.0
1.1521636600229073,-0.026593790771143898,-2.3640266333613607,-0.5018425352792227,-1.1171312864544545,1.0046383867828192,0.0,0.0
0.10213708129624706,-0.2104191509092683,-0.21290243526252764,0.3099354196053385,0.06627549276450954,-0.46221422605392004,0.0,0.0
1.554393410765374,0.765758610602626,1.8141448734552277,-1.3132127158908675,-0.9674728979224461,2.8638812911188745,0.0,1.0
-1.623459987911081,1.9591593523039341,0.43280633596361595,0.9708583226865528,0.7297522681655446,-0.7054459587949021,0.0,1.0
0.4951634373651925,-1.2079278253497348,0.5599820654578849,0.9660929249846917,-0.017505155699482987,-0.1928462182243144,0.0,1.0
0.0019692395047853557,2.497003813967903,0.12898052068498247,-1.8068549511921481,-0.871350265215733,-0.5013380126835967,0.0,1.0
-0.5870979628768297,-0.8240373518133077,1.1285179273245167,0.5453700476989102,0.20765107439245908,-0.6400080005131544,0.0,1.0
0.05555762444002591,-0.2712915846987382,-0.9221024154379787,-1.4086109782003131,0.5460900597710144,-0.47906387250863375,0.0,0.0
0.8387211553765952,0.3069866896277255,1.8748974496190107,1.3734648938852818,0.6086708878165314,0.25926171635889933,0.0,1.0
-3.0156786578468138,0.9074639435834834,-0.7835155658271865,-1.8010644138196412,-0.2751601334361475,-0.7157769490371092,0.0,0.0
0.5572538983771914,0.3781110097273806,-0.5646949582841668,0.7488996889627467,0.4520305444372052,-0.13350122263604627,0.0,1.0
-0.44520227939501383,-0.6423857702073849,-1.0782623035983578,-0.7666755792645856,0.5030090705322677,-0.6206827103895933,0.0,0.0
0.636015582826347,-0.8720158137637369,0.8929598798793704,0.3433094815935406,0.5322805649102503,-0.0381031408746065,0.0,1.0
1.4625471830317074,1.4071484634271523,1.0064863701766271,-1.2469993893723883,-1.2669227585752552,2.3124881329164193,0.0,1.0
0.6085349388336614,1.7979894778508463,0.5565279078746961,-2.0453665951843694,-0.09215085121293189,-0.07348988050392315,0.0,1.0
-1.1353447557316494,-1.464045138000564,1.3045152870440153,0.727139349088782,0.2172846746111897,-0.6850973638198914,0.0,0.0
0.5454502360942473,-0.12117388161762596,-0.5224871615226466,0.34359081524996105,-1.1193827041312048,-0.1420244799217135,0.0,1.0
1.34780101229561,-0.37693217176675264,-0.8396304261151059,0.27483469584891174,-0.06907465360006043,1.7424475396403691,0.0,1.0
1.3697756576502926,-1.495965040909907,0.9501620827103049,1.8261014278612244,-0.9159852723085492,1.8430657319149608,0.0,1.0
0.15053840427866338,-1.9963177078438876,1.0718137934020446,0.2656869510112229,1.2460604391518237,-0.4386372433815445,0.0,1.0
1.0358871514288028,-0.9970482828638232,0.8866228425239578,0.32582059980826855,0.6321255931214362,0.6801781935017802,0.0,1.0
0.3074037773290993,-2.114583562770047,0.7998583532117709,0.5791811346565061,0.5760673210614952,-0.3399871967334696,0.0,1.0
-0.11329126697963803,-0.13416330083651207,0.08772918156551271,0.47109033705463793,-0.273800966589196,-0.5372871530554016,0.0,0.0
1.2997723225012436,1.9418588750134675,1.3019964136700322,-0.6194159049034408,-2.3342437831819494,1.5374246474107283,0.0,1.0
-0.849496730810693,-0.36058496193742207,1.1509488850488772,1.1777573354114161,0.0291357626740507,-0.6685368547376307,0.0,1.0
-0.18282080180517388,-0.6389692545966166,-0.1416715674105876,0.443963444344273,1.331076210567976,-0.5624762553960544,0.0,1.0
0.3940988754896749,-0.48434866557652195,-0.6870667560291928,-0.3445246716557037,-1.0082211078090484,-0.2804922629188259,0.0,1.0
0.7241759681331239,-0.008162738930038698,-0.8534990446971424,-0.31125751221830944,-0.862584812747986,0.07722847202143168,0.0,1.0
0.34125974282108634,0.10240406514631026,-1.0189252127362167,0.2806039542553839,-0.4185670231236057,-0.3187478690999962,0.0,1.0
0.07078418808525994,1.7583568473028948,-1.852863984691354,-0.947044540960202,1.5881812269621431,-0.47350315870725956,0.0,0.0
0.25684762469812084,-0.4638141691744897,-0.16750236099998958,0.8354647205582264,1.5408128121969034,-0.37554334792835936,0.0,0.0
-2.349908955214557,0.5762001397868959,-0.6365612519617281,-1.520082009444951,0.3133038118099769,-0.7123921942158283,0.0,0.0
0.9101077672520669,0.8154260958436397,1.5206108452236082,-1.9786618575296968,-0.07877351651766275,0.39479249524172894,0.0,1.0
0.5931843155418717,-1.305988475515058,0.8091773025576985,0.9444989454528792,-0.30365693935977256,-0.08935801636719934,0.0,1.0
1.4307581011231385,-0.13135376756346334,0.3600365382069062,0.826303913230939,-0.9932305970651697,2.1435851539489,0.0,1.0
1.2183392081704867,-1.1253029396662249,-1.8290829985047208,0.976327448609561,1.551997855880711,1.2302130766012356,0.0,0.0
0.403896764551791,-1.015067362325288,-0.8343089530336638,0.20166383259681278,2.0205427034818424,-0.274302042646442,0.0,0.0
-0.4915860817968824,-0.546998666764487,-0.7293859713971171,0.2908760081432389,0.5420608291093025,-0.6243426223168921,0.0,0.0
0.48927758341594624,-0.664324221414409,-0.34067176317060793,0.4219572035006286,0.470566584777702,-0.19857893111812885,1.0,0.0
0.06025520688808717,-1.167195360415976,0.7259319758169628,0.7991448384693118,0.12258363307640871,-0.4793970982519544,0.0,1.0
1.617069391877581,2.188138250506924,-2.4668384707989057,-1.2951818582021957,2.017942131587568,3.293923199115116,0.0,0.0
-0.15809525200042096,0.7736084130443062,0.20629382417975886,1.838246458655063,-0.9697084282915692,-0.5548687727567532,0.0,1.0
0.04575288124441476,-0.7065386235671922,-1.1181580287692034,0.5522188252231679,0.6627526128246224,-0.48461597691763325,0.0,0.0
1.3038584846780656,-1.0518086770035968,0.4193228642364837,0.6028710645084053,-2.408359260509357,1.5551877315283624,0.0,1.0
-0.1521495214642584,0.02338551176450006,-0.784119036263734,0.3178134755132518,0.13239892138801257,-0.5537281382062641,0.0,0.0
1.1222652504568293,-0.022735503307754965,1.1409208437642964,1.2356980307607135,-0.45431215331489605,0.9193539297181396,0.0,1.0
1.4595282271436951,0.5377606985604743,1.0064136957464258,0.9472842851382461,0.8226358007577764,2.2986149309077293,0.0,1.0
-0.20996695323023595,-0.2689710867959431,0.16839394601667823,0.562081514262162,-0.1008576165745972,-0.5685002262311668,0.0,0.0
0.7342324697115901,-1.518919039463993,0.3650893278014352,1.90286686253369,-0.22458515706476154,0.09174693181927107,0.0,1.0
0.7279045606860194,-0.6773451199121499,1.0693811166635023,1.6315309676347847,1.5182012379688332,0.08505674206643772,0.0,1.0
1.1555317843705355,-1.1610009663246594,1.1435858347641137,0.7225026512429399,-0.7085630857220966,1.0157950779179954,0.0,1.0
-1.5534513748597052,-0.7895373731420514,-0.5509354473639733,-0.277161148891234,0.038913176649431475,-0.7011917319771155,0.0,0.0
-0.06413716824645432,-0.19545028470244907,-0.45942484427586405,0.30572036364587996,0.5506998494015483,-0.5266506910168759,0.0,1.0
-0.10351100372947655,-0.7025406775684855,-1.8672854747063563,-0.5708493006124071,-1.2259560662274198,-0.5393403300550643,0.0,0.0
-1.4568595418752885,-1.6625668791712167,-0.7203963931327089,0.33796024381898465,1.1424280947769514,-0.6983747505251107,0.0,0.0
-1.6228648312945861,-0.7741763074894142,-0.38335645729651274,-0.3267630397296311,-0.43597100202496253,-0.7052984737925411,0.0,0.0
-0.5817872865058316,-0.8948210723309422,0.29001932625739946,-0.07331210970238823,0.7845683120812202,-0.6407956499653461,0.0,1.0
-0.34507099497233085,-0.5219832109073099,-0.4949052264250947,-0.31710108826070077,-0.9831471587314964,-0.600161205691758,0.0,1.0
1.2134167626384589,1.1644156198137678,1.0440374229334193,-1.6720926211747629,-0.6183762435253822,1.2112669317478935,0.0,1.0
0.7894584508220506,-1.631657325945879,0.940590639767307,1.1303014751867442,0.32035340841267107,0.1774413676270666,0.0,1.0
0.8438167843698337,-0.6190250333543935,-1.0543644489982862,-0.39038427627716804,1.0575286844546183,0.2710718420208852,0.0,0.0
1.477904393209211,-0.8278005322906379,0.2334418122170324,0.5588444090006629,-0.4085028726411815,2.400207289801105,0.0,1.0
-0.0988008421677863,1.5802613367076228,0.3399182877232092,1.1964205927872398,1.4286279223534244,-0.5344648790581136,0.0,1.0
-0.41331743652191955,-0.6508727678217329,-1.2474356606953145,-1.7609923654466766,1.8942091316000913,-0.6139543134199509,0.0,0.0
-1.2589924682613063,-0.6712838133737624,-0.19948150200369635,-0.5924862702968844,-0.9634273851161204,-0.6963591745207378,0.0,0.0
-1.9470839916418963,1.5857040504795423,-0.9197959826617016,-1.5582137781565562,0.6601807867587417,-0.7129078226992437,0.0,0.0
0.9463885712401584,-0.16045146975676267,-0.5152649751765355,1.8582269588960303,2.553136468257185,0.4709646693011405,0.0,0.0
0.5226451021736657,-0.39813197222226343,-1.4771731448022352,-1.4281197752850738,0.6347984721445322,-0.1663469056828618,0.0,0.0
-0.021330912091665776,-0.8123591855521791,-0.21655755411414096,0.8415160207607347,1.6144220218089047,-0.5138978749898447,0.0,0.0
-1.5114313595751367,0.09017317848559821,-0.5877836770751086,-0.5058031395799256,2.3374054658238452,-0.7034133151280987,0.0,0.0
1.4442161989409639,1.1744307323130607,0.9798337341084927,1.3842012963058463,0.0757005465730083,2.2160341540814383,0.0,1.0
1.6419831013605877,1.3105619190282927,-2.4340740153773375,-1.3697427131510431,-0.3509750576415947,3.484755019365907,0.0,0.0
1.222021316672747,-0.7891948041633492,1.2203370349806213,0.798713190524222,-0.8107003710203253,1.2413495681258204,0.0,1.0
-2.357735468975412,-1.646393573912314,0.2916625827841048,-0.13357082195043285,-1.0762312627508335,-0.7119844154417453,0.0,1.0
-1.6740935183790306,-1.0761246852757522,-0.9264640785721905,-0.14515187891890086,0.526335333664218,-0.7059310397800809,0.0,0.0
-0.44637167049254944,-0.8326673985389914,0.3668197256997684,0.6807383495138744,1.595022955810634,-0.6223890507295163,0.0,1.0
0.9860902762298531,0.27585624473298137,-0.26233351383347386,-1.3045267231672228,-0.010773715055283482,0.556508263601895,0.0,0.0
1.4325021686651123,-0.2131611969831892,-1.160073741971895,0.5173986303703411,0.6536666787373849,2.1541402731802877,0.0,0.0
0.6897218641313484,1.4492785411350637,-2.0774752930708797,-1.4954838272894149,1.059986115846581,0.025468475501619795,0.0,0.0
-0.6085218228460448,-0.4449275347535774,-0.09402709394361614,1.0313238531401958,-0.9339572372242038,-0.6440816334985925,0.0,1.0
-0.690744238566418,0.1363162902991515,-0.14091240634166624,0.7121310704626732,0.515723874527874,-0.6560060782882359,0.0,0.0
1.0265268277070199,1.1819320910957487,1.4803888204804179,0.504484475931986,0.6316558453882111,0.6567994751833194,0.0,1.0
-1.1466509109016914,-0.6718134098472469,1.6403611024560072,0.86744330661498,1.762907333420085,-0.6866443212822594,0.0,1.0
-0.7227352049861558,0.2731979685440115,0.2954210765883754,0.14063836028655546,-0.018556803293451364,-0.6553210289211949,0.0,0.0
0.9225402972183857,1.1907834937015775,-1.8516089291461755,-1.2649002619292407,0.5701555489620027,0.4196399990626955,0.0,0.0
0.08717241204526002,0.10539034349514968,0.29743693918728076,0.4080206297428773,-1.1855535159833088,-0.4640299656593568,0.0,0.0
-0.39934194770403736,0.33346924806181305,-0.5368112361248482,-1.1979094781643667,0.5151329754390827,-0.613654915705347,0.0,0.0
-0.032197459797122616,1.1130647150949426,1.0079349198642757,0.6829877618654961,1.3233661989344139,-0.5146142039608292,0.0,1.0
-2.001907405681852,1.9061710585998892,-2.0393653554034628,-1.6690011932397733,-1.6713805581029293,-0.7079849154690548,0.0,0.0
0.017610348280816993,-0.1180850480880387,0.1786751385231871,-0.03505726721295849,-0.39936092082136193,-0.49688607123726336,0.0,0.0
-0.5146474189154597,0.8314806038290097,0.9860337362710471,0.6565579499779135,1.0754757178160055,-0.6295994775025403,0.0,1.0
1.0132023774369898,0.9010000694267307,1.721194534088352,-1.9990113313534585,0.1964133476854818,0.6240292624067609,0.0,1.0
0.05978345785326432,-0.06907121197175076,-0.0862490451475733,-0.03679074524507242,-0.20447149368643347,-0.4791316565049852,0.0,0.0
0.4984433110445175,1.0119669450913196,-1.2140728380823116,-1.4871438886445807,1.0739457686295977,-0.18817472975253197,0.0,0.0
-0.46660958158495397,-0.7594939644582279,0.13897137481397343,0.8088268406068003,0.5585964537332822,-0.6243815808206895,0.0,1.0
0.3398384138182576,-0.878874444969751,-0.8129622587533675,-0.3057658344315269,0.051163298303096606,-0.32376028067795726,0.0,1.0
-1.1228656919875213,-0.1375539347917122,-0.6648787976234874,-0.7737941031094032,-1.4719676141083695,-0.6863464674005614,0.0,0.0
-1.2757758136468393,1.0466451472150862,-1.0968264833241548,-1.1182769604357468,-0.014302334967332646,-0.6895061073745383,0.0,0.0
1.4536442587478384,0.23655961831134276,-0.856515168089454,0.8669910815908778,-0.004858686634543952,2.2669219847649114,0.0,1.0
1.3883540484447905,1.4692450102242824,0.9218958395572575,-1.1799927530358607,-1.4469072332097492,1.9325464322985262,0.0,1.0
-0.4300058556528134,-0.8835996269806198,0.21641969855324275,0.7767088668988499,1.886768947024337,-0.6156073197218709,0.0,1.0
-0.445437056996545,-0.48959394047709215,0.07380635129071668,0.9635861123301707,1.5640874600904444,-0.6200716549071729,0.0,0.0
-0.6211003174624079,-0.4933359936876267,0.9769807186948954,0.6005796308711684,-0.10638333715499078,-0.6457571788829567,0.0,1.0
0.4337216967131034,-0.30355281778855386,-1.2302251528966868,0.45032301889679016,0.14133839999548015,-0.24302362439808228,0.0,0.0
0.8201230403841983,-0.43294436291754534,1.205635856304896,0.3682289805273243,0.46500265621012776,0.2301426714006017,0.0,1.0
1.6218014833432535,0.048790076079629034,-1.221372378416132,0.08746915202028145,-1.9342129490058215,3.33159990609078,0.0,1.0
0.8346615213490416,-0.933894712850993,1.42107068267291,0.9794300099734649,0.9192540942496994,0.25337718875432996,0.0,1.0
0.18713868049865254,-0.5292048765184432,-0.8262490710678543,-0.3654762510016835,-0.6324748486732852,-0.4165041436683778,0.0,1.0
1.1267371695579735,-1.0845086630498266,0.5088886775432724,0.4901201207167456,-1.0075682025220418,0.9314014558119984,0.0,1.0
0.5687029941141537,0.05166326278560105,-0.8092314974708366,0.9636474115692976,0.33491576633608183,-0.11920755766565447,0.0,1.0
0.26196763761634395,-0.28919170133146155,-0.7865427105375699,-1.0102433231132615,0.01602274265620072,-0.3746920077551584,0.0,0.0
-0.8798130564635565,0.13604317072690897,0.19009791594767578,-0.3385262729285768,-0.7522367153414984,-0.6718755216965926,0.0,0.0
0.9588295684626293,-0.20789199393093685,-0.6125870490395596,0.8774109762723294,1.3449121038223515,0.498636050902469,0.0,0.0
-0.3527710510319638,-0.23922216057015233,-0.22173173598372714,0.12308442229898309,-0.7446676905912075,-0.6010423597647218,0.0,0.0
1.6602182089934232,1.0313816037031376,2.2281332473460322,-1.1210451444553389,-1.0123153599650367,3.6301111230573695,0.0,1.0
-0.06003348247675375,-0.5137836640029096,-0.01128781484353753,0.28232961438502474,0.7974097818317752,-0.5236563026521878,0.0,1.0
1.1576614718348501,-0.3467690213909399,-0.93046492214492,0.3284387355792185,0.43765988026651254,1.0249950271287371,0.0,1.0
0.1963014870285878,-0.27969286924024844,-0.6364632177579559,0.47646270871393387,1.422382551897982,-0.4101068840435545,0.0,1.0
0.938156476507252,0.5311519548267472,1.6896337419180554,0.5209350310975137,0.2509476907342046,0.4516771955855155,0.0,1.0
-1.8171780864236506,-1.5508745973342228,0.5990085965093237,0.5463484958009576,-0.7227659252179066,-0.7080286346286644,0.0,1.0
-1.35228903759059,-0.6108310232279606,-0.7320693682637482,0.5824094356247653,0.9272696908437291,-0.6974334366159216,0.0,0.0
1.639942070328963,0.8466137414947563,1.71255142877459,-1.9281143727981764,0.465010591968015,3.46436712567954,0.0,1.0
0.8246270592730658,1.146465682245678,1.6755462613773193,0.33664655417938616,1.3059447198500935,0.2331576438457678,0.0,1.0
-1.2725630465918105,-0.04577577792280616,0.825176046893204,0.7526286942489347,1.34444063825036,-0.6966373710583046,0.0,1.0
-0.8983202594933053,-1.0285839719531418,0.1784962487495589,0.7246476482807177,-0.19912875479305223,-0.6718456992050633,0.0,1.0
-1.5362616559784912,0.9055255724563428,-0.8603786052983019,-1.1721308838949618,-0.5353571447046135,-0.7029947027719856,0.0,0.0
-0.14724128305839054,0.4899304421771249,-1.132135927975036,-0.14221552638568238,-1.3273327156925983,-0.5513485104883195,0.0,0.0
-0.4346160187571313,0.08209536662642564,-0.9248018440972864,-0.3870981227135182,-0.3838875883735967,-0.6163250939938811,0.0,0.0
-1.33074477993431,0.7558448958231213,0.9118455379975885,0.404842213512172,-1.7215307161215951,-0.6955835789290643,0.0,0.0
-1.331253525867999,-0.19300831288760084,0.43077971201901244,1.0070568995984688,1.3158836568928105,-0.6952459384997289,0.0,0.0
0.731057509060397,1.0200683589242623,1.797864927872656,0.7299891776819847,-0.5077131523674373,0.0864709382610511,0.0,1.0
1.2730088117569025,-0.4898371122953008,-0.8688182515324787,0.4699485169270054,0.4745112943176145,1.4313548598925758,0.0,1.0
-0.14749564643515528,-0.8956318543403714,-0.24032634010258702,0.3498115442984063,1.343291636519568,-0.5514334932639056,0.0,1.0
-0.00923666332854411,-0.08387425405377776,-1.6801020871184171,-1.0780071974512841,1.0236365701545875,-0.5058056596814234,0.0,0.0
-0.058968594198201704,-0.6787530034022675,-0.6301803887611136,-0.31477375599150637,-0.32650491166320156,-0.5242566449957807,0.0,1.0
-0.6167878008459922,-0.4141392983466877,0.1164575062570748,0.14651738704340556,-0.5276873012517685,-0.6474989521886274,0.0,1.0
-0.7712405229423872,0.5894478357665064,-0.902537704476327,-1.0008721180437685,2.1051424235493186,-0.6585314168576476,0.0,0.0
-0.13343168946097822,-0.2615539912015595,-0.5073395487579784,0.3345293012428813,0.5764558774305288,-0.5479658886717605,0.0,0.0
-0.26699620876383623,0.3440409590385718,0.9241033504144854,0.9406619564221639,1.9195853999851973,-0.5828350779422541,0.0,1.0
0.5910063677240749,-1.2562588648929593,0.5010472246492698,0.9296238511023219,0.21086735663944117,-0.09234801301720928,0.0,1.0
-0.5049799289021298,-0.6387963392139635,-0.9008675245384837,-0.475101470260673,-0.9083641156776979,-0.6313764314770398,0.0,0.0
0.24782623058435577,1.829513988059461,0.1039140600438682,1.6018584330176724,1.3171797809578845,-0.38166718468867267,0.0,1.0
-0.2240682326108452,0.8415680003519063,0.9444701939785152,1.429187549038951,0.4729938196298471,-0.5726057724903199,0.0,1.0
0.9660286969408173,1.417018956100823,1.2967133059347964,-1.573143996240725,-0.7562285983219208,0.5115143724327779,0.0,1.0
-0.3855090264153973,-0.8350194852632018,0.7693307846406121,1.0895575595382412,-0.23940312400552669,-0.6076033403587381,0.0,1.0
0.3947826140108782,-1.2654563515797457,0.8537729146211234,0.23292782244519789,-0.14871878579938771,-0.27847395222903937,0.0,1.0
-1.5030383960035432,-0.9831170624530032,0.4105524591777106,0.4481723966917899,0.032993505499810546,-0.7017226168629482,0.0,1.0
0.199802313778737,0.0711354725917837,0.0857002512559044,-0.31433504696668035,-2.5102538951374327,-0.40943399431513927,0.0,0.0
-1.3438152902509044,-1.2899149232625293,0.11854796380406922,0.664853261275869,-0.8797679476000189,-0.6948164095008612,0.0,1.0
0.6936270321134116,-0.00037631550166952076,-0.3083521156693078,-0.18952522740787855,-1.2232415973896202,0.03219300003184088,0.0,1.0
0.8473266469890172,-0.23086249440359904,-0.7793756630952831,-0.16358352198439136,-0.199467570478726,0.27369184893242016,0.0,0.0
-0.19119087651932973,0.1629892552282594,-0.5103265524687471,1.1421685837785327,0.8129701926737646,-0.5657150511633177,0.0,0.0
-0.2621487295564777,-0.5021510478717748,-0.6721350445190347,-0.5882563032902801,-0.31286056147600905,-0.5799860173140793,0.0,0.0
-1.966354399989733,-1.0110040348382179,-0.7308652034143753,-0.2875095164454696,-0.6093849744250284,-0.7082617154958152,0.0,0.0
-1.1018897654747348,0.9700584808668873,-0.8514528125652214,-1.0903571360024016,0.26949114459948276,-0.6877886408514124,0.0,0.0
-0.42666735222023844,0.7969945535989241,-1.7159644567079064,-1.1102742524029034,-0.01645750320897807,-0.6139416172627814,0.0,0.0
0.5221714627734612,-0.4212762936014636,0.5063179119359364,1.0800904547460441,1.3578708344043864,-0.16502476636856064,0.0,1.0
0.12077086926497894,-1.8462647176206914,0.7734932031461298,0.5959600756910409,1.4296864329283823,-0.449720719280636,0.0,1.0
-1.20264169320392,-0.7072305132364404,1.570435355743444,0.8155810029754335,-0.6165161288111739,-0.6867774774732758,0.0,1.0
1.380421979710399,-1.3393635578148582,0.7911620152402942,0.6403282218607537,-0.8353291191419419,1.8958829146279679,0.0,1.0
1.4843065219224227,0.8100768524472577,1.2594500451369015,-2.2097319549296683,0.6957040923801582,2.438089385113364,0.0,1.0
-0.9696551056145725,-0.4893177601326239,-0.4131530952433632,0.583599148112468,0.8270910438320368,-0.6819918749093393,0.0,1.0
0.7202634785737695,0.35316229823397277,1.4638804708485824,0.6813345785864118,-0.08892838881496208,0.06956869636502987,0.0,1.0
-1.239475063402316,-0.20745396677302855,-0.25209340499162725,-0.08258667612294196,-0.5615668318347984,-0.69132814404998,0.0,0.0
-0.9087228946570144,-0.9256852572107126,-0.0019127336870168362,0.5400133611994195,-2.3010314289948175,-0.6754047940860229,0.0,1.0
-0.10121519789737517,-0.4883987737793536,-0.9380542671967418,0.8332216887957415,1.0045001440923451,-0.5359549120080515,0.0,0.0
-1.4521545507085045,0.4230361054460589,-0.9980218509715472,-1.2110218114910973,-0.07618832277860937,-0.6981487763041807,0.0,0.0
-0.87604234736196,-0.5695654157205228,0.7696600220513712,0.7556765718594645,0.30965696935465525,-0.6713488201095319,0.0,1.0
1.1660813790492495,-1.1029821986723556,-2.075728723554651,0.6406773548256933,0.8693488580084803,1.0527872285175899,0.0,1.0
-0.7219999786587252,0.7223706715566057,-1.4923008685272816,-0.9836089407960518,-0.35056049929297955,-0.6601913252590957,0.0,0.0
-1.2602467928368508,-1.1459750306897452,0.155133910437298,0.8036301848154748,-1.2222862879999954,-0.6952027929037163,0.0,1.0
-0.9998823565826352,0.4335125371486426,-0.2112830482282117,-0.7050838039630876,0.68271189934872,-0.6805827288686709,0.0,0.0
0.7171017799373094,-0.13080812229197905,-1.172519757834088,-1.1061677073096179,0.9581867430619398,0.06525321162014297,0.0,0.0
-1.160451359281108,-0.2901049287802067,1.0274649537530633,0.9743129081599018,1.0671024301487197,-0.6872832095648449,0.0,1.0
-0.5924663793826322,-0.37380869452832677,0.7855750456772717,1.0926479384069547,0.2639555452512783,-0.6400003337633449,0.0,1.0
0.8401683927136935,-0.5991450579103965,-0.7488049871452901,-0.32904735837010796,0.991571903413539,0.26379017303690955,0.0,0.0
0.5665879069175094,-0.1441455423032304,-0.7859284173691201,-0.8093797584281861,-0.15267536041276394,-0.11899421929181703,0.0,0.0
-1.6082067276902265,-1.1880683668511247,0.7735565337213512,0.29828755489010206,0.07650175368217528,-0.7046127929934163,0.0,1.0
-0.9822650513797742,-0.7522259217008787,1.1247096682893243,1.0708300212666049,0.7324681300824762,-0.6792521636366907,0.0,1.0
-1.6424496275465934,0.37322514662102857,-0.5800879242973622,-0.8609011769620298,-0.786288684939502,-0.7027273388821026,0.0,1.0
0.519882414294691,-0.286011883139252,-1.1138515667557647,-0.21168341944606706,-0.8771830753552282,-0.17131524996595632,0.0,1.0
-0.5617176027695531,-0.752954336143864,0.5277974745152616,0.4938103502881176,-0.5374458639775709,-0.6377448545682523,0.0,1.0
0.6602088999628598,-0.37759951824882765,-1.4322998466029715,-0.7442576888005471,-1.0016536523950716,-0.012653043540313706,0.0,1.0
-1.199111177494307,1.545390395312378,-1.2076216832481066,-0.8532432532100074,-1.740212812897854,-0.6954524209009011,0.0,0.0
-1.0296525471321485,0.6728269565373615,1.1267928704267882,0.6464445016947464,-0.37541851788429564,-0.6794864659969646,0.0,1.0
1.0889395625209706,1.293033169618983,1.1327631135833556,1.0560109469744772,0.5117778735561747,0.8152527653949859,0.0,1.0
-0.9872984277650039,-0.619319063468472,1.1266345609491528,0.6922322897081131,0.4855974950780396,-0.6785338378690287,0.0,1.0
-0.006874695789687044,-0.24631059075966624,-1.0168036498783382,-1.03513680240418,0.913958784816075,-0.5036154375417143,0.0,0.0
-0.32023394258214277,-1.1062723847917089,-0.5548879406921283,1.007703171466119,2.105223753133649,-0.5993282856444564,0.0,0.0
1.2052281524777682,0.8614444052940012,-1.2827868053474232,-1.6670198087623487,0.037500703806519736,1.1787245405055418,0.0,0.0
-0.34301082155814006,-0.555858740676807,-0.08034909799184277,0.2058076083802165,1.082709348903134,-0.597998147879851,0.0,1.0
1.003998913431567,1.7334499315985168,1.0516146579161523,-1.1822985410204636,-1.553599204202312,0.6038621509275174,0.0,1.0
0.5910792002731766,1.2215295647836666,1.4693245914883326,-1.4626020060245317,-1.245876487478257,-0.09254315256277405,0.0,1.0
-2.3526219530573815,-0.2385141285843796,-0.0018836655251824805,-0.36706762732254516,-0.7755214160115533,-0.7127705041503943,0.0,0.0
1.0715364936603056,1.255787878441704,1.5251011044131348,-1.9759096564391576,0.23175817571109086,0.7724461249156944,0.0,1.0
0.6956584246052967,-0.632526905157989,0.9919484845909831,1.6203237868339542,-1.0872254977525349,0.035127917901993544,0.0,1.0
-0.4938162934138367,-0.3815308374716968,0.40695116598454495,0.13059389514244815,0.13115216944702096,-0.6257960581694627,0.0,1.0
-0.795596504163415,-1.7609378779603968,-1.2051007702798395,1.1733907372916632,2.0487554337109115,-0.6637143509474426,0.0,0.0
0.5065993259644908,-1.5275630203631334,1.3146585080470465,1.4977605421945859,0.5342140260018469,-0.18375227681426817,0.0,1.0
1.025645663995663,1.394691169960842,1.1795873794363592,-1.3445363921012283,-1.2537758741512348,0.6544029780209688,0.0,1.0
-0.2279958813616963,-0.16649942548003527,0.5774579413763622,1.0840521767525046,0.8547233858564092,-0.575135356730703,0.0,1.0
1.414597939909687,-0.7096083832354906,1.4210669981946842,1.1759675317999698,0.2755711193460676,2.058901846611773,0.0,1.0
-1.2464270567979787,-0.4656813017258068,-0.014610124727779422,0.19839147430339454,-0.8588517092974864,-0.6906211208915768,0.0,0.0
-0.11841611620842449,-0.2019966382151032,0.3261377302301037,0.7849452428298764,1.0762403721156535,-0.5461305573480486,0.0,1.0
-0.3556522102155505,-0.858212223749378,1.013978362434734,0.5538621088196068,0.39840717341330883,-0.6028286761212599,0.0,1.0
-0.9508531179679064,1.5364969994006548,1.196855985521807,0.42277729516573453,1.0227915317542677,-0.6755843565070527,0.0,1.0
0.4859891504962921,-0.2796561801897184,1.9503710132209178,0.25878554275488314,-0.09127718498589486,-0.2032035340922824,0.0,1.0
0.10884975081483476,-0.28739610567913926,-0.34972585797171213,0.15562908905510536,0.5288200272758942,-0.45981599207633556,0.0,0.0
0.4063907945524949,-1.2533348819271433,0.3537429816752915,0.06043120787391267,0.42948490764686753,-0.2684947139269229,0.0,1.0
-1.2221461521924697,0.7368491174383152,0.9204710861172075,1.2942332477526128,1.0929151744224508,-0.6923800033531564,0.0,0.0
-1.605556191766838,1.5328025056027874,-1.9647615979288267,-1.4844683992362893,-0.9598603103541283,-0.705242134251912,0.0,0.0
1.2742770953592828,0.9375161510760593,2.1548325278231086,-1.6611762906458165,-0.20235360052163068,1.4326598822601797,0.0,1.0
0.08564917151326565,-1.4277740161703893,1.171113486243657,1.718811914492286,0.5824731646012836,-0.46703164179331014,0.0,1.0
-0.13033320873552787,0.357783042093423,0.12237157274779986,1.203336134221805,1.3236925600739897,-0.5511781222613197,0.0,1.0
0.20536108206098969,-0.05353761144375516,-0.4342411865066372,0.020028996669779482,0.38514783156893384,-0.40207423242159057,0.0,1.0
-0.20728985707561173,-0.41598388498439254,-0.8467380029774219,0.13392601401896376,0.03727301764012494,-0.57054116096531,0.0,0.0
-1.4606089203808106,0.299226033898193,0.159603067691017,-0.06351088419264728,1.2712432952355925,-0.7022144355291892,0.0,0.0
-1.2194178557152588,-1.034740843279327,0.4415160009234211,0.5604698478308012,-1.0220750864045305,-0.6906169563174626,0.0,1.0
0.9808799146766577,-0.27347962802615233,-0.7953680019603621,-1.282965245648826,-0.31667699523188303,0.547872856755849,0.0,0.0
-2.2338233021020457,1.143493675914665,-0.7859844695746442,-1.491809479327938,0.24751688509603753,-0.7113837779563643,0.0,0.0
-0.17180113530455873,1.3390399676441656,0.1264963595338781,1.466520714102289,0.9119938890381181,-0.5576887047886986,0.0,1.0
-0.4124713226402729,-0.19013190160079113,0.9263755594218673,0.9371193245795404,1.6959055705117603,-0.6147245263212474,0.0,1.0
-1.478783272631367,1.2007272746617363,-0.6387104805854719,-1.160640328216,0.20649223587395887,-0.7020492351493998,0.0,0.0
0.9922548099080717,1.317683347107613,-1.8255576782753653,-1.5329836586164722,0.8031038067484765,0.5752014805168236,0.0,0.0
1.279000367446343,-1.4082980274335073,1.0137455092985197,0.8774307239343597,0.4161152522249329,1.4580243230301282,0.0,1.0
0.2445020207631778,-0.263781828619984,-1.2236781766978568,-1.5440802249762056,1.6716461354057823,-0.38044823863884797,0.0,0.0
0.6161214791355706,1.733459285326506,0.6198494191285824,-1.4715373875532285,-1.3508823427203926,-0.06646148576157843,0.0,1.0
-2.041196022493112,-1.4242265969829078,0.5048333302700275,0.1443495146374813,-1.5973131055586303,-0.711564522789984,0.0,1.0
1.535171955812196,0.9904880311235238,-1.545659666478569,-1.8585347129777927,-0.19018635416729976,2.739648182371909,0.0,0.0
0.4608486609729717,0.036487285070068806,-0.40179700639912436,-0.21858448429661453,-1.2160718531110966,-0.22082146391577281,0.0,0.0
1.1274977806307351,1.2338308356243617,0.6981163658487334,-1.7640625584508287,-0.6003166049659987,0.9314448470020306,0.0,1.0
-0.8363184309450159,-0.45011880861560766,0.37473952637080526,0.8015550884492637,0.0046536803423079245,-0.6662767666691088,0.0,1.0
1.0218265679785163,1.185038306691392,-2.759370462499928,-1.1521822238237274,-0.28812505861748006,0.6479388929795324,0.0,0.0
0.871502684990611,-0.693372309256849,0.4448698205495457,1.549235944807405,-1.056051150468826,0.3205864225848783,0.0,1.0
1.2379377204392132,-0.9386623500443451,0.7368303065682544,0.03945631550909145,-0.02863410204461894,1.2980101856479465,0.0,1.0
0.7574003002534481,1.3180977447509834,0.4810219085821566,1.630383430172501,0.496097782840741,0.12312543403633965,0.0,1.0
0.2379633329205086,1.3890455708936058,0.10323856750316693,1.6048101196145144,0.8808708226710872,-0.38795824915734095,0.0,1.0
0.4821976261433847,-1.5030178022628884,0.6134796196898478,0.7684060143804211,0.18718460192443587,-0.2053220481793974,0.0,1.0
-0.6193680220812237,-0.7159781078851837,-0.991640334530661,-0.9567989754092501,0.62245359892091,-0.6450078398333212,0.0,0.0
0.4475382334062259,-0.581963852134064,-0.51588150857129,0.14844018311779159,0.9929214042772654,-0.23318310989661867,1.0,0.0
-1.028650693827487,-0.9788728970307904,-0.7619589474288574,-0.13604622373452502,0.10701095228884332,-0.6817778139642243,0.0,0.0
1.0387478904141811,2.467110776953617,-0.32197546065134014,-1.5645955023529998,-0.970551718339614,0.6879895082985245,0.0,1.0
-2.0652355996621967,-2.2385183812959255,0.1632916815007427,0.4058803949153116,-1.947039352745295,-0.7089985835007576,0.0,1.0
-1.1717216755775184,0.5352126176468744,-1.5101815969295143,-0.8667004320100767,-1.9941080686113544,-0.689712539801811,0.0,0.0
-2.033498245806679,-1.2337257378358226,-0.8900641111704959,-0.8190101410562644,-1.4414743237502017,-0.7117482103884233,0.0,0.0
-0.7295053895838374,-0.31001399120926965,-0.06716331528827148,0.2153873098627049,0.38202129535338747,-0.6600831414986954,0.0,1.0
1.325419931686971,-0.9313855398801779,0.9986124134539041,1.201252125459038,-0.6228642717686248,1.6445477768253138,0.0,1.0
-1.419873109682525,-0.9320232635018647,-1.000942634543408,-1.0372489374045724,1.2442421228966165,-0.6993750290338121,0.0,0.0
0.7003409687823545,-1.5554987628306916,0.9744412870825755,0.8810127815290071,-0.2629606947287983,0.04578316145454759,0.0,1.0
1.1479481729015923,-1.2307664791234525,0.7732361748357303,1.136430021770315,-1.1980323266007533,0.9969154547725065,0.0,1.0
-0.9859415468199249,-0.6352114516880458,-0.0881665072207001,-0.38962337677616143,-0.1512009285636572,-0.6761984563821286,0.0,1.0
-1.4734416078962738,-0.9544587147753066,0.18904345011540868,0.8901386506365356,-1.0289181766788704,-0.6999624708796011,0.0,1.0
-1.1566903422216455,0.29516705038514496,0.8585628019480261,1.321802805835581,-1.16846283002842,-0.6886102904812053,0.0,1.0
1.6742914895473406,-0.6987509306920102,-0.5897982281832347,0.40727603587156747,-0.6244751508114522,3.7370894623672855,0.0,0.0
1.0210585654009952,1.8236280713012816,-1.24534256090474,-1.5419444998466865,1.51551285044647,0.6415849237640852,0.0,0.0
-0.5556853769102355,-0.23746466229665256,0.38619645689519577,0.7212945272665559,0.2749217035781605,-0.635784650445887,0.0,1.0
-0.22591625409108337,-0.34948186431359374,-1.0153815084855728,-0.9807521562763262,0.9711758718894313,-0.5729549063034314,0.0,0.0
1.5560420529329544,1.3354938402870176,1.496458302423256,-1.3070739261183182,-0.9315889649277171,2.87607541302678,0.0,1.0
-0.6826861010154139,-0.009482974929579854,-0.8520621375983396,-0.9568129279812276,-2.2134751466633196,-0.6541206814574192,0.0,0.0
1.1631521442914252,2.157973381560151,-0.014180388736865624,-2.109532513929412,0.2920046898344185,1.0423017026310613,0.0,1.0
1.4398658958576442,-0.593951311081316,1.3255278173252054,0.9625640838924355,-0.6029488582536789,2.1927701264130413,0.0,1.0
1.6380438882989936,0.8501735154032882,1.30940510460331,-1.6958092958559732,-0.2957201127172842,3.4533924604213246,0.0,1.0
0.3929710609815667,-0.48506420856934956,-0.540129129774436,0.6243239781741735,0.41465601661590273,-0.2844803632948903,0.0,1.0
-0.947942732518159,1.01189495442992,0.8332911901223059,-0.3283651947231254,-2.363952904608501,-0.680197328709864,0.0,0.0
-1.5098966028613596,0.3717367232626302,0.1865350562457696,-0.2070996001032612,0.7800304613249872,-0.6992555638593537,0.0,0.0
-0.04666469716500225,-0.6724566309077347,-0.8471101290189187,0.042203564548222335,-0.1557118756653743,-0.5166093404227271,0.0,1.0
-0.8498636223390992,-0.4911755696632595,-0.40855477189689515,0.696455732887548,1.1881803264707032,-0.6660484446375889,0.0,1.0
-0.8906864344924419,-0.43728243587924776,-0.7677452476973012,0.5227982229467405,0.36211339059696324,-0.6716692087210402,0.0,1.0
-0.9810708447980695,0.6201373177045159,0.2898760249588001,1.2207486465449116,0.34190651060615773,-0.6789974213199773,0.0,1.0
0.15482346944355044,-0.3160283969622871,-1.060139910116276,-1.9421890075924944,-0.009033598915006253,-0.43293487093977817,0.0,0.0
0.7767018483602564,-0.1831417608509988,-0.6039968780377588,-0.25100184382718654,0.0029699865382731444,0.15425965721295545,0.0,1.0
-1.3544375974278533,-0.549399350963051,-0.3681316990282106,-0.4832938755573977,0.5277519113284613,-0.6946395430618696,0.0,0.0
0.3966671882790348,-1.5392296078550316,1.3017895548939415,1.3689779773167448,0.7681204792201716,-0.276893806336444,0.0,1.0
1.546204526412467,1.1745920758208102,1.12725436077179,0.9867087868307545,0.817374738346622,2.8133800777561038,0.0,1.0
1.642161935971817,0.883792547964386,2.494542798575035,-2.2804574651865135,1.5421769177178326,3.485757840993613,0.0,1.0
-0.532449798724289,-0.5325196783184682,0.9616099222983719,0.8391076407376679,-0.67104850822719,-0.6321432160817614,0.0,1.0
1.0914731998151566,-1.4038425786806836,0.3867135928224978,-0.32326679729489394,-0.0914149505784085,0.8286565907764549,0.0,1.0
-2.028064954605996,-0.084103080817124,1.5817005620462856,-0.12858120003972362,-0.01182858811459524,-0.7090439839373589,0.0,1.0
0.7444313671058029,0.07780551954472313,-0.8770039041864801,-0.9668930243186634,0.43223276622820167,0.10694041069725703,0.0,1.0
-1.689643130656434,-0.5583915034879603,-0.43674626896168167,0.37025425649706545,0.16391705339230953,-0.7023590754808458,0.0,0.0
0.25687914252847,-0.12854614218157082,0.2869455168144537,1.0155706581024733,1.0335573251338075,-0.37594434359200457,0.0,1.0
-1.5741000307469308,-1.7313510282163447,-1.2265844022536967,0.20694702873882043,0.2961564720198728,-0.7048023320368731,0.0,0.0
1.0300511180177117,1.4023984176372253,-1.35097716393788,-1.6853634358312517,0.35086468469800475,0.6637462490369131,0.0,0.0
-0.2999138580641076,-2.01141598248577,1.4294046994621137,1.1301203799129014,1.4801970535855713,-0.5906375002027234,0.0,1.0
0.19103983349190815,-0.6969762027636529,0.011488456244794701,0.7740789712983377,0.8882050173719513,-0.41757017329623086,0.0,0.0
1.266136486269349,-1.462679109794876,0.8145575866553845,0.4077492193061566,-0.6500479247167914,1.404644252874598,0.0,1.0
1.0024298217175707,0.5803135005795295,1.216775349644598,0.8904478413096816,0.6126647849547013,0.5929203245543596,0.0,1.0
-0.3778903515394588,0.13474380753796295,-0.4429499427448348,-0.34757107619579125,0.3394954517631329,-0.610048754299967,0.0,0.0
-0.156463447589321,0.45102688071084723,0.33579734325013955,0.05064543895799311,-0.9887274031274448,-0.5588720750092655,0.0,0.0
0.6387693881159011,2.0807054257543642,0.4226395236503062,-2.4685234584739915,0.8946264788729648,-0.03976481177172119,0.0,1.0
-0.23282383916307064,0.1814455748529837,0.02900243593158181,0.11793229279064954,-0.46957394935447305,-0.5778413348610701,0.0,0.0
-0.34238221579687944,-0.2889896138188301,0.5274661438720998,0.8805324818958368,0.1694913763687815,-0.6023584286373623,0.0,1.0
0.06597375514799958,-0.4537202449872932,-0.3672997954760903,0.3467159909884477,1.62801661822314,-0.47867181087119953,0.0,1.0
-1.2391694422190982,-1.9364251742567562,-1.2889500297477785,0.7960426798421424,1.6276590823337183,-0.691967934723238,0.0,0.0
-2.0619711426332015,-0.12921613451160704,0.19742143882474267,0.04385649418474454,-0.49368862601114016,-0.7087665512594138,0.0,0.0
1.2474467442934207,-1.3861931063861852,1.0337806694031497,0.2627272045398305,0.0006988871980437383,1.3331499322961338,0.0,1.0
-1.775415697351706,-0.28080996269110853,-0.5406791541939125,-0.4629605649376875,-1.0626027814075505,-0.7084976286382131,0.0,0.0
-1.9818610605445528,-1.134644245623116,0.5788162672416269,0.6194206946618418,-1.3582940283867848,-0.7102099999319211,0.0,1.0
0.19632136679817433,-1.9311299941524127,0.9265745159891392,2.1345510812094943,0.08862201069086278,-0.4086776783879302,0.0,1.0
1.431408194840413,-0.24957357630029126,-1.8828797252787222,-0.5126115497228517,-0.9326586839896862,2.14782668245684,0.0,0.0
0.9379658731556029,1.4074532231790533,1.3464243567434435,-2.0376028277614995,0.2644182283733175,0.45039830651047413,0.0,1.0
-1.1185295767928591,-0.8166394214959147,-1.1949813517555874,0.40432294790302636,-0.00442283274651529,-0.6861168940592282,0.0,0.0
-2.5940433506640885,1.2790035586319446,-0.19221521371573508,-1.2217620821239148,-0.1645053648946413,-0.7115462133862043,0.0,0.0
0.7297282790951255,-0.514007458436527,-0.2063423741322794,0.4921388050065419,0.193319397062933,0.08506246817229048,0.0,1.0
1.197021038487728,-0.7266255320549132,0.0029545112739900632,0.2783268949136568,0.5884944127688679,1.1543094764545623,0.0,1.0
-1.3618563201599325,-1.7224940328698506,0.15258330149126925,0.5527001657253531,-1.4104575771704069,-0.6977557160025185,0.0,1.0
0.5826234451369358,2.1586803167610773,0.6160491595689391,-1.9925273762850018,-0.026083040543424744,-0.10147702610143516,0.0,1.0
-0.558804121246359,0.09688343799974193,0.3269468861560087,0.11703710665561202,-0.3539907201749712,-0.6381425854795039,0.0,0.0
-0.7376386711980761,0.3934813580103306,-0.0657268804181062,0.12030132607057809,-0.18294514976469103,-0.6587460556627819,0.0,0.0
-0.4228407314452565,-0.08892203074083674,0.8359195554888201,0.6877753570206699,-0.6820746122908364,-0.6168661043518129,0.0,0.0
-0.24428879398498754,-0.049850913075199205,-0.3376055428741712,0.42564252925699575,-0.3217679609910635,-0.5793818555464026,0.0,1.0
-0.28943107974751253,0.19825281274040685,-1.3814038229713415,-1.0892628735070446,0.9169307183490554,-0.587977396430609,0.0,0.0
0.43907785756863055,2.007453700391012,-2.0337321853951047,-1.231173745460926,2.7647752949944526,-0.24159676290205917,0.0,0.0
-0.5610525035833037,-0.2934362492516595,-0.6233296405703739,0.5245537715242705,0.489739769590273,-0.6377430109229049,0.0,1.0
-0.6283837212424814,-0.630219221169991,-0.09816304081299382,-0.15469720832432104,0.5583888749486823,-0.6467082680559308,0.0,1.0
0.9843707681481592,1.6378477125505455,1.1170005057846843,-1.523438221654258,-0.8119420497144376,0.5523484570678293,0.0,1.0
0.9910842648333164,1.2957781557033767,1.5991157583622482,-1.9052024328563688,0.0728300403748947,0.5700371512156158,0.0,0.0
-1.1760834559201137,-1.066487475039216,0.48335354597608593,0.5423926816201785,0.22718624201527635,-0.6898715964600517,0.0,1.0
1.529798486760766,-0.26246160045376066,-1.5096344747051014,-0.5394602108384043,-1.1228868277999522,2.7113525471201196,0.0,1.0
0.6806601799783498,1.3634807005685292,1.45119857532577,-2.02418244167744,0.063288994754607,0.01750488048559041,0.0,1.0
-0.48089613267759174,-0.8137063882172145,0.737976401512593,1.0302736029820405,-0.6234520294055904,-0.6285110090492831,0.0,1.0
0.926311527761424,1.607421422992455,1.280392932348129,-2.2088524944101806,0.7203179873695781,0.42789925245660154,0.0,1.0
-0.7525718464607364,-0.5744631144560522,0.8318422745843312,0.9163431612703697,-0.4473121764065707,-0.6615866259409579,0.0,1.0
-1.4295360826604262,0.563724407232956,0.8436051294280562,0.17024381609826236,-1.1770159115619683,-0.6992189426245266,0.0,0.0
0.634669670955008,-1.0198155826050876,1.3575941024821956,1.5390204899245885,-0.2332883426507753,-0.0436317240088113,0.0,1.0
-1.3413775095051337,0.45011611228620724,0.6267831171927609,0.13611661093219324,-0.5036932636272272,-0.6983891386393417,0.0,0.0
-0.869317863196489,-0.5670233931262136,1.2250497993553666,0.5933838283511547,0.4541787010216228,-0.6696466547893979,0.0,1.0
-0.23314971295272782,1.2267415376232702,-0.431041240997616,1.8586335734846706,0.3981964540153326,-0.5722221487950953,0.0,1.0
-0.515826790997463,-1.0155172679730544,-1.3441174727695526,-1.1549760191468923,0.3323013305265459,-0.6326432117902842,0.0,0.0
0.1887158792280716,-0.29521108602819496,-0.3868104550460376,0.24584815724071996,-1.2169759068630874,-0.4145781023363747,0.0,0.0
-0.8575427792465986,-0.27039129568008874,0.10118240729983913,0.4442083078643993,-1.8502631363013313,-0.6716896123277575,0.0,0.0
-1.0097146155575552,-1.0132539214810394,0.40953433847085463,0.5993802947157846,-0.9724651353390157,-0.6804404303019134,0.0,1.0
-1.4187787264086598,-1.0212360508171205,0.5648691103417258,0.5215565781574367,0.018029604041490756,-0.6999390900030099,0.0,1.0
-0.35239812633893086,-0.23239587632711628,-0.48837749582877926,-0.9324175999888991,0.27681260111564987,-0.5997983829040365,0.0,0.0
0.40066483072429887,1.2840937940687878,1.0493965927944027,0.8291100841406075,0.9340807164077289,-0.2770622468964119,0.0,1.0
-0.1971173786600799,0.021896178646105328,0.023146042692193867,-0.20904768350835348,-0.2018990085447731,-0.5634698664011577,0.0,0.0
0.8174732104153298,-1.6190964778853811,0.5446758213099728,0.7949896447523845,-0.4380172607990718,0.22040597803295428,0.0,1.0
-1.4374692998382272,-1.3292944768240125,1.312160161689427,0.5285895498811194,0.7712984974363334,-0.7019032957878053,0.0,1.0
-0.7372462249122458,-1.389083503854427,0.7871994872337921,0.7822715924472995,0.3245223111425063,-0.654398870246857,0.0,1.0
-0.7406243577979914,0.18092259568658173,0.2925967934657184,0.04712867842431608,0.05909400957262283,-0.6576218713080912,0.0,0.0
0.8446318514968262,1.6689946307546044,0.5442517157041992,-2.203573271799279,0.33180430696641666,0.2684072467783376,0.0,0.0
-0.2998609528154264,1.086738721419856,1.0169464000646515,0.558532336160221,0.4432405575083083,-0.5932178252463673,0.0,1.0
1.3411961854736818,1.00469701490012,1.225613792300196,0.8812934605553628,1.0720295309463106,1.7136720243524048,0.0,1.0
-2.1027396046886846,1.8835235464419668,-1.073587054103606,-1.3143403717917845,-1.4742262847479148,-0.7084414900767585,0.0,0.0
-0.15797613736758004,-0.07959801125608347,-0.26149622927122207,-0.26712190742195385,-0.010626813658546291,-0.5538405871862186,0.0,0.0
0.8944164482053076,-0.8817123416264229,1.18447002275278,0.3391060994385279,0.33907509330901203,0.3676230672495655,0.0,1.0
-0.5592426244435126,-0.21664779456301417,-0.27968555989796695,0.11317496227334575,-0.03965625058709419,-0.638628388044324,0.0,1.0
-1.64987349520102,0.7808308431297333,-1.2536983228791028,-1.6795478029626765,0.2817382957956489,-0.7023022795814118,0.0,0.0
1.3777441404493511,1.481586503899645,0.7044046570062864,1.1720863810040323,1.2677716324296904,1.8807902504112506,0.0,1.0
-0.44820311683856984,1.0509161479085225,0.8777451121041671,0.6320908993756073,0.9290053965840294,-0.6198389398446968,0.0,1.0
0.3929359682704694,0.19262829349136357,-1.0113307159828733,-1.1836258731387932,0.05051530287170191,-0.28376591340695995,0.0,0.0
-1.1251928414330583,-0.6749149976274315,-0.9593058103467095,-1.3275643396307495,1.6406537874147125,-0.6855633934034017,0.0,0.0
1.078971726139149,-1.3224250067737846,0.7687543969552655,0.5879784208105631,-0.47522262373101676,0.7931204525431164,0.0,1.0
0.7038535519418,2.5493921539052122,0.5406772599225844,1.1457481604221642,1.9340631618746018,0.046960737070448504,0.0,1.0
0.3142105583240293,-0.7478215486746204,-1.4445984655822133,-0.06225664849218446,-0.22452016946684444,-0.337804550817623,0.0,0.0
-0.9206422262464167,0.15406229138534025,-0.06673163414842243,-0.1755273593704805,0.6681777342273612,-0.6750440330501449,0.0,0.0
1.470907215376153,0.5235597310836404,0.6859254200744844,1.3163925174248825,0.4243064596470194,2.3602392472304543,0.0,1.0
-1.036878005810006,-1.0897589947327744,-1.2062283038957862,0.2210652344284518,0.02893758621247369,-0.6812946061101273,0.0,0.0
-1.4247246360410224,0.21286700312832058,0.8115628742885687,0.3742525180006102,0.05163895880360682,-0.6967809441430711,0.0,0.0
0.6784563562612484,1.1143642599839236,-1.5345719742885127,-1.347812482043708,0.4135988118353982,0.017893958956927886,0.0,0.0
-1.2529680981199351,-0.23681390548695352,0.05986752223320518,0.4335944502408585,-0.7520254598145344,-0.6925107413425142,0.0,1.0
1.662606379483396,-1.459550090761702,0.6802899699007128,-0.26843186005269093,0.23847767814454543,3.643810367868767,0.0,1.0
1.002488818978865,-0.9395664065384147,1.0809634447488705,0.6042809102485688,-0.3707180982039246,0.6001206682546183,0.0,1.0
-1.2158886498988493,-0.6132702646751895,-1.0509078913062693,-1.1260171205551963,-1.9541619164362498,-0.6916868863465949,0.0,0.0
-1.4880946819553842,-0.9357829094123686,0.09134230647514437,0.4412915989546744,-1.4376016350871739,-0.6978952335164442,0.0,1.0
-0.6717047798699661,-0.7794827062348942,1.041699059474531,0.7184340356254141,-0.055491667581626776,-0.6530286340827034,0.0,1.0
0.5116876700757464,1.1313160587661464,0.5862188416339029,1.4254546695820292,0.2034864476788639,-0.17705978929050428,0.0,1.0
-1.0968696843276124,-0.23705143178443175,0.7436558366430801,0.7808286859308983,0.22132973827495148,-0.6856526394339045,0.0,1.0
0.586753019363572,0.7765907601073968,1.3907988987883202,0.41306758002436994,0.9525925606843869,-0.09882006461689274,0.0,1.0
0.20186935949626258,-0.8743589897496482,0.5075396134823081,0.7555691319734762,0.21271775111018276,-0.4100886184975327,0.0,1.0
-0.1997456405268314,-1.000909999854726,-1.3362557219614177,-0.07366314457477015,-0.3322892780500538,-0.5654300778462912,0.0,0.0
-0.7757547198841735,-0.40835657717693064,0.8725063420840663,0.8586774881891797,0.8453431697102919,-0.6640341616111489,0.0,1.0
-0.7895568939126246,2.892204713108768,-0.4330292835381459,-2.0055532738330184,-1.130700364352717,-0.6661580007871981,0.0,1.0
-0.7337615029148731,0.2937015637165057,-0.26704047263138053,-0.7524194439915886,0.2683401427439398,-0.6596034344151551,0.0,0.0
1.2977105376157851,1.005635309639289,1.3566802950984367,-2.7604996858197923,1.9243298091923535,1.5306542155529348,0.0,1.0
0.2640288756055547,-0.9826846424792379,-1.0099379843116025,1.2715795271206216,1.7667813661383633,-0.3710699432899135,0.0,0.0
0.6191967176040051,-0.8181180654584125,-1.1679101958848324,-0.4151584127500656,2.3745023823603266,-0.0606795292535526,0.0,0.0
-1.5937187718975436,-0.7205128490300398,0.334467200719874,0.6010853605751543,-0.7874372412339442,-0.7024930557984392,0.0,1.0
-1.8780703980737758,-0.9371758065317718,-0.41861819271739664,0.17267251854388294,0.41217238760759706,-0.7088993252088369,0.0,0.0
-1.2497545375093855,1.062934659485784,0.907339364609007,1.031107958284777,-0.28147439358007625,-0.6931509703504866,0.0,1.0
-2.0039682136839683,-2.089178204911164,0.12284432610108051,0.3042741362510494,-1.2979491411905195,-0.7130230060787792,0.0,1.0
0.528011508689992,-0.059598785450341515,-0.8279982237861726,-0.6392197428627188,0.36840085301213643,-0.15962378221690315,0.0,0.0
-0.09904092404611994,-0.48202068210654897,-1.2897461098871499,0.30549372815095555,0.012692780947990177,-0.5345869245894438,0.0,0.0
0.16499139891384632,1.3612573210662826,0.6827623107586327,0.9804141709625781,0.9962184904104225,-0.43031154165608027,0.0,1.0
-2.6787896382312018,-0.38754509483513966,0.08704816084919703,-0.2946738918653213,-1.1208079746144068,-0.7132527790683786,0.0,0.0
-1.599079965930923,1.3234571715290842,-1.1036358979672178,-1.207784800539759,-0.5720759045775703,-0.7058445115382154,0.0,0.0
-0.8351989870751725,-0.9149688359461133,0.6470457322233741,0.39913204715623357,1.2480680989388255,-0.6663330624936643,0.0,1.0
0.9951640956380421,1.207771303570526,1.57156308479297,-2.722622692754424,1.7970116458698546,0.580516791098787,0.0,1.0
-0.24581289297185308,-0.9345430269245625,0.535609524927776,0.1577347547473568,0.21619728469634775,-0.5761929870277814,0.0,1.0
-1.5893663105204885,-0.6415235157297939,-0.8352351996928621,-0.3300288358782658,1.5802292579026216,-0.7043215134754479,0.0,0.0
-1.2003945099210096,-0.9574464580068364,-1.4154297496360155,-0.9498035648038908,2.6709558707004275,-0.6908441257216658,0.0,0.0
0.506618206616276,-1.0574744099014894,1.0221635450881261,1.471981114110213,0.2666186279210741,-0.18042640591684522,0.0,1.0
-1.1552295278737663,1.1072887627176249,-1.4132521518811976,-1.1069526959839957,-0.7095747181010017,-0.6895011434967817,0.0,0.0
-0.31615660988856814,-0.17603732257316745,-1.4245390638767377,-0.8252086999907303,0.855808829896066,-0.5931547693364583,0.0,0.0
1.030012275631643,-1.1844044003074146,1.0970313934197646,0.8549212424066516,-0.9423654085590909,0.6649528907976856,0.0,1.0
-1.2216639942615137,-0.48879957080475983,-0.5555014350416327,-1.1449388803233354,-0.13391736270585863,-0.687701567012428,0.0,0.0
0.6342128233765965,2.262657851139602,-2.3877527358890736,-0.9035631142971452,2.4451860720416585,-0.04480323430278293,0.0,0.0
-0.40926949932775075,-0.6880555163794289,-0.6961046948017507,-0.7325417480755495,-0.6012200074328761,-0.6153954205298378,0.0,0.0
1.0997274806529538,-1.074678746711151,-0.4224257369746447,0.7830724480058266,1.1415810015470391,0.8511617341711332,0.0,0.0
0.30597659742870564,-1.0043168761555588,0.09964328303583044,0.9716130546254705,0.4836984645651847,-0.3452841784982865,0.0,1.0
-0.6862819930266809,-0.5582759739117997,0.5585679330786479,0.830967424164937,-0.038313525607214516,-0.6536813308781699,0.0,1.0
-0.4666544598544178,-0.4589113253994965,-0.028687824610173177,0.18779780997134918,-0.29636847381711157,-0.6252807264026871,0.0,1.0
0.044163283475948494,0.03633079613403922,0.7512881751839199,0.8321235566700547,-0.11470205265490059,-0.48380501769219053,0.0,1.0
-0.730384226945016,-1.1639165880197486,0.8173240152012531,0.5148296614207799,-0.642263193913553,-0.6564400300036919,0.0,1.0
0.2542021409412022,-1.2163041613890546,1.0558505588151001,0.8105416768841828,0.1522578216862086,-0.3753918643849349,0.0,1.0
-0.4502231481534257,-0.8819041597819988,0.2880732076884339,0.6293470543450786,0.368033953477031,-0.6204787035009156,0.0,1.0
1.1646367182070712,1.8911024810927,0.8235943039958556,-1.436213451659341,-0.9023336290974386,1.0455683343357187,0.0,1.0
-0.6160601782342178,0.00602099611807737,-0.3672766160543263,-0.11034840946494805,1.0544641605194147,-0.6443033409362048,0.0,0.0
1.3124696413251438,-0.3163744385178211,1.9715948307437285,1.1569208711201,-0.08869504646490747,1.5895734689009504,0.0,1.0
0.7288327379389125,-0.27050694268102027,-0.8998000384504746,0.46292755698636984,-0.0033634466887385883,0.08091326690817734,0.0,1.0
1.0464687660362184,2.4391856331872677,-0.16687456329439784,-1.3662380122931956,-1.3531402132413277,0.7081233927707568,0.0,1.0
-1.1802978402798783,1.2031111398381267,-1.3138271312231828,-1.1228492334480198,-1.3254833661517413,-0.6909723937459313,0.0,0.0
0.40544236418258056,0.3674281853057335,-0.814467931707847,-0.9785415842462156,-0.13401588820142357,-0.27215003292150763,0.0,0.0
-1.4186921806773098,-1.5428436639818708,0.8426839744622128,0.4965067984320672,-0.9676020325661284,-0.6976920181212162,0.0,1.0
-0.6162829478992293,-0.15842281703116523,-0.2983646908923039,0.3110212314668417,-0.365339220162934,-0.6442749116879647,0.0,1.0
0.6421064626599005,-0.46026478314121133,-0.9755226653206202,-0.49484351636594337,-1.0902838640904224,-0.03295577991205755,0.0,0.0
-1.497852456437595,1.1626455492149492,-1.88081551076089,-1.5175306306467862,-0.6800905630128653,-0.6996238575353106,0.0,0.0
1.6648935921070138,-0.03968361716624425,0.944276686996326,0.9993191872192092,-1.0760507366707521,3.660567032015246,0.0,1.0
-0.4447296499687948,-0.48863285013359437,-0.5092489620325974,0.37030086457859873,1.1678189086478676,-0.6235948243752037,0.0,1.0
1.5118639108917489,1.5231159767805338,1.0145926080913725,-1.303228925693431,-1.041157263929566,2.5996494173152174,0.0,1.0
0.06584962409838581,0.2718446320259732,-1.0486313461701728,-0.5057830257452206,-0.2852150601410889,-0.4766752674605208,0.0,0.0
-0.21761278349834465,-1.3975132383913598,0.962713012173236,0.6181328578634505,-0.8448494328007855,-0.5698006562786874,0.0,1.0
-1.7734883276449527,0.1344946091981255,0.4279732462872975,0.32853197164853076,-0.3332198530867656,-0.706598237920634,0.0,0.0
-0.8792905723353427,-0.5998218063849953,-0.3196368431366385,1.831582481856718,2.384127382231619,-0.6711841722372051,0.0,0.0
0.2779044616004988,-0.8081162249215326,1.009728852324961,1.1492554277791662,0.11439163489479474,-0.3608615065448064,0.0,1.0
-0.905945762668856,-0.547620334915533,-0.7991738378267657,0.7878447918029868,0.6157914483412594,-0.6728298997766688,0.0,0.0
-0.50075131098348,0.009377029788722234,-1.1514660743940024,-0.5641569519172503,-2.348316823228645,-0.631727592660914,0.0,0.0
0.489852356954556,-0.3518553993090597,1.1458630060982167,1.648086981964868,-0.7231070015602769,-0.1993242638659436,0.0,1.0
-1.785055858721154,-1.5255421036600192,1.4794352012021843,0.7020249286310836,-1.4730276349841018,-0.7037522252518628,0.0,1.0
-0.2570295139396828,-0.7461955780337292,1.2659831423541723,0.9917302259177317,1.892831933438766,-0.5789860933826502,0.0,1.0
1.0176470665616026,-0.31456060125183294,1.0328964284018445,1.4161855919284991,-1.3034886213446504,0.6334750681029966,0.0,1.0
1.1750911016770766,0.7816771745292416,0.2573568777662965,2.0078874401265017,-0.40973761590502455,1.0819336380855311,0.0,1.0
0.08719827922182921,-0.5020894397817165,-1.1553718654808702,-0.49235212596546807,2.4803471164467776,-0.46803817222970556,0.0,0.0
0.9611371806642719,0.7396740160449898,1.9066692930369955,0.11505667058999942,0.7005197005542615,0.5062073564328488,0.0,1.0
0.3386069156028317,-0.15452577096618336,0.030024709380966873,0.4836066015177085,-0.8163137989947871,-0.32568503308250435,0.0,0.0
-0.8080712870330609,0.2976223112307483,-1.0534934938554306,-0.9823456042119214,1.6087707971570429,-0.6652239236356914,0.0,0.0
1.1069985413618881,0.06567978009814705,-0.9513302836467771,-1.422168454652261,0.5524225416816401,0.8716486568688079,0.0,0.0
-1.0354298326950837,-0.22848419228477002,0.2124466976778712,0.9023115690853284,0.09996685268132233,-0.6824354832424584,0.0,1.0
1.2458115664845624,0.11114764531559056,1.5748967612270346,0.7379725492993431,0.4446174626429945,1.3275205875760598,0.0,1.0
1.4724326326576467,0.9624989135465135,1.5471288959967766,0.4359792055886321,1.467183768468651,2.367675813727529,0.0,1.0
1.1577914662868547,-0.9480817241897396,1.335161904277954,0.16174397194016582,-0.3190161684373709,1.0250455885838572,0.0,1.0
-0.6181860784412492,-0.7262626272394118,-1.101251783574428,-1.1346315661328057,0.3471154961078167,-0.6465373736123463,0.0,0.0
-0.13013030701275047,-0.4580379041985931,-0.32815811817663526,0.22421076592308825,0.431321062258279,-0.5432699210600268,0.0,1.0
1.4258547464881215,-1.0269995513310273,0.818437261328201,0.9373958305446385,-0.8360084322987091,2.1162481097384904,0.0,1.0
-0.5998068646837889,0.9330386956245069,0.5807049792619942,1.1377577542340296,-0.1972509377540763,-0.6440913900232432,0.0,1.0
0.8568581473403598,1.3966482947598395,1.2214641026011486,-1.6879786182586654,-0.6509643390260388,0.2914026393611852,0.0,1.0
-1.4984459440284508,-1.2550875000920447,0.30938745990907524,0.36569386058050446,-1.6662165888632288,-0.6977740962536828,0.0,1.0
-1.8501953144675196,-1.016317676883755,0.8324473499803305,0.2063428944373232,1.092270212897946,-0.7073821264979294,0.0,1.0
-0.1223410467142676,0.1835996683367799,0.12010499002667963,0.9813716513185405,-0.28855768684633126,-0.545634814259496,0.0,1.0
-1.3190995513083328,-1.0523555737724104,0.6736232915613599,0.12069648966351162,-0.7621940338404974,-0.6957845253485392,0.0,1.0
-0.3173503608884489,0.4831517908262351,-0.271942364099135,-0.4866790118324548,0.32982377506298033,-0.5983497089862867,0.0,0.0
0.9682252167454012,2.248432309642259,0.5577563943534776,-1.0707758321760776,-1.7994442821979695,0.519123551658521,0.0,1.0
-0.029938420777352953,0.3980527912646312,-0.37014633322983365,-0.9931791857203831,-0.5948733792133724,-0.5111922595939155,0.0,0.0
0.7843274656456014,2.026131257613356,1.857822484799732,-1.2347457739572245,-1.036046309985457,0.1692736088833875,0.0,1.0
0.7846950085137617,-0.5352145785576411,-0.20124001505242917,0.5788327138080366,0.47584591734807397,0.17067518826834963,0.0,1.0
0.9534552516310718,-1.0702002154099708,1.021038627124911,1.6082874295407243,-0.024742149987631495,0.4876379026688802,0.0,1.0
-0.7653502224778834,-0.02741989307368035,-0.3100163203115103,0.3489585619633352,-0.583992551617328,-0.6591116053101698,0.0,1.0
-0.18165579162598328,0.7767774232215282,-1.2947909709543024,-0.6885503512985172,0.8519853530015099,-0.5618890727162544,0.0,0.0
-0.13404414654578165,0.04214890433668356,-0.15328789966793646,-0.16442433774209292,0.03504205162735862,-0.54588280836785,0.0,0.0
-0.49694776170637056,-0.5389497425394425,-1.0698796398290369,-1.0182708017336917,1.265731011753024,-0.6294196132779425,0.0,0.0
-0.6692556982870458,-0.35776474540547387,-0.3401809733183885,-0.7720713539046556,-0.12177320930663976,-0.6494990125827045,0.0,0.0
0.8129947728277774,1.1997964086933721,1.0283527635325822,1.033470542623552,0.1542842349086129,0.21362318254872514,0.0,1.0
0.43807403628543906,0.23758917927350176,-0.7284934879090311,-0.02526776383997451,-1.0464986559185179,-0.2468323240019629,0.0,1.0
-0.23537961220715506,1.3820508428956093,1.78502135604535,0.38425899007951464,-0.06816989899774659,-0.5773786334690973,0.0,1.0
1.393858047596414,1.904551437525006,-2.1053234240420817,-1.5030330241667418,1.8015086103061682,1.9580159256148546,0.0,0.0
-0.32033569190441696,-1.1276130622093206,-1.1030783547876968,1.113426152273718,1.7643576097363676,-0.5970630538984956,0.0,0.0
0.6903885767382308,-0.8160428660399455,0.4691531514661069,0.6449813476288022,-0.982982069744549,0.029355748105227925,0.0,1.0
-2.1934557405161557,-0.3491264757408148,-0.12579760419560482,-0.24512954601105844,-0.6509576014261567,-0.7072534951153532,0.0,0.0
1.5894279723727667,0.4764882876176231,1.9938364919499922,-2.274722971615874,1.1188854248004534,3.1034242372204193,0.0,1.0
-0.5603477991689982,-0.7943039279108036,0.423857265880351,0.7009150969564473,-0.6722330297451948,-0.6343024533210178,0.0,1.0
0.379982311559328,-0.5741987310557141,0.5751332362542152,1.115524701175317,0.4670122608631031,-0.29349000928391794,0.0,1.0
0.026662778882387144,-0.7227747568132821,0.6130075317042255,0.9992268820709903,1.073381608802749,-0.4928338503548907,0.0,1.0
0.26836441548050144,0.33133706938232654,2.2710047992492814,0.3158563437437754,-1.053054436869953,-0.3692152653951783,0.0,1.0
0.8242807003197604,2.1422410617999708,-0.17025271854110627,-1.598033665420185,-1.089435712659515,0.23203484381441594,0.0,1.0
-0.9927736716754235,-0.561797206771133,-0.74861639804233,0.21895119686883271,0.10963006335112004,-0.6785853022204185,0.0,0.0
1.089878345658967,-0.38851797887585815,1.5153720772812829,1.043276923514701,-0.7673261874391831,0.8258330818970316,0.0,1.0
0.5666691489660096,1.7408623768256473,0.9250301719101712,-2.389023951982964,0.7916387521278806,-0.11967660794573753,0.0,1.0
1.3635996399787704,-0.921301571798778,0.558743266274066,0.7845478766630524,-0.6020810208810897,1.8155775613201333,0.0,1.0
-0.00043446783000948314,-0.45443594865872466,-0.6329618060339249,-0.6573782106473941,-0.9051672769485828,-0.5058270799140873,0.0,0.0
1.2510383539696657,1.0721703783159633,1.0244081172415977,1.0193973483589778,1.2716412354027553,1.3504150858880046,0.0,1.0
-1.0630042850001475,0.22745344079020577,-0.7708108103203312,-0.8608877001123788,-0.026863906568434424,-0.6837688948161642,0.0,0.0
0.35147802006478346,-0.05136931146728738,-0.8939667969109701,0.011344141491830856,-1.252162386683975,-0.31504768396337235,0.0,1.0
-0.2404325965516854,-0.7679390142318003,0.21545751635631374,0.7307663261539911,1.0705733261628319,-0.5792812788740949,0.0,1.0
-0.3581639227660543,0.4032669312373356,0.5163953267646557,0.14679566387011522,-1.2911418421056136,-0.6032527496488377,0.0,0.0
0.9444859166064213,-0.8601060304594719,1.373949900229026,2.7269675114672993,-0.4816478568144436,0.46282471517338586,0.0,1.0
0.4121850781631886,1.8522354627702788,1.2000643245324936,0.8327121915868221,1.0658671294833046,-0.26734151801986017,0.0,1.0
-1.138871479246878,-0.7632995703332874,0.7643378305202838,0.5251795602367011,0.2506641797413181,-0.6854582498322533,0.0,1.0
-1.3899399878060763,-0.6949941580972032,1.3397168788037237,1.1773064882902913,-2.05902446243779,-0.6937062439784554,0.0,1.0
0.06319390029815079,0.10920826006941287,-1.585032191924982,-0.7463366233210701,-0.8467252859484621,-0.47680237382555785,0.0,0.0
-0.11238098779803002,-0.6833952180477135,0.6969786012254385,0.9827136906564264,0.24908452139981888,-0.5436829330644944,0.0,1.0
-0.2108197851521297,-0.47482279396010413,-0.05631879143601936,0.3580538895703939,-0.08499586429938898,-0.5703466889743944,0.0,1.0
0.972899151916207,-0.7934518594204022,0.7485500362650209,0.36153134087266814,-0.1008782108623366,0.5290515797189553,0.0,1.0
-0.30377078889513615,-0.09536839649458037,-0.19971720510808633,-0.05962260597610401,0.4196397666260788,-0.5920692201013227,0.0,0.0
-0.29954908351197496,2.1633206114392123,0.2840919156793736,1.220297731825051,1.445143537055327,-0.5930342027623345,0.0,1.0
-0.01669520589763977,-0.508078883466405,-0.5499444070659144,-1.0103810253694425,-1.276259772067179,-0.5062673569167458,0.0,0.0
0.6283089938042301,-1.8820273103689855,0.7371683545345742,1.125478615145571,1.0430682378952154,-0.05170776404333306,0.0,1.0
-0.4833694112559427,-0.4889999907618914,-0.42741400761145243,-0.3521691102380516,-1.5356507030091306,-0.6233651408475333,0.0,0.0
-0.26889391968994947,-0.5685582460150913,-1.1612621798808866,-0.9369826686988013,1.036968181240976,-0.5851914196075171,0.0,0.0
-1.9979537589260477,0.24296626234669283,-0.1720595803246674,-1.1543223158566989,0.2964841138547046,-0.7106256282638234,0.0,0.0
-0.535888904792535,-1.10595474240339,0.1886100791948721,0.7161984567559033,0.10563185390541853,-0.6345226886578654,0.0,1.0
-0.14025174769835222,-0.13264361139575465,0.2574872906987084,0.9247574942365139,0.3785228910601729,-0.5502716847764175,0.0,1.0
-1.3610788931888325,-0.2776174027475267,0.17183216132489623,0.5320864843839771,-1.2190293847416538,-0.6960176360487046,0.0,1.0
0.9937551047135884,-1.1671717940458433,0.4957947230679627,0.2444434018350318,0.45863305542323224,0.5769063571959,0.0,1.0
-0.09624928042508314,-0.3171786146142431,-0.4630798582662348,-0.5200842760381631,-0.7808300264787726,-0.541318880005162,0.0,0.0
-2.337167006537487,-0.27504540826661167,0.34285523852505645,0.6077015016809628,0.36150515955463325,-0.7079707197614824,0.0,0.0
1.4877557305275229,1.4298005427648213,-1.0616649712837174,-1.8828266303570131,-0.05764632574804415,2.4533360457623177,0.0,0.0
-0.3795715840303566,-0.9855491285409153,0.8323284240176966,0.8142830182675299,0.5765971209897501,-0.605740535911074,0.0,1.0
-1.6950218806959212,0.7513772165090283,-1.080097285624271,-1.409948534611274,-0.8076213349783562,-0.7081728103731302,0.0,0.0
0.7105284169020453,-0.10700956697926538,-0.8136284052641075,0.4984822368302371,0.11538896774968471,0.05511211810447731,0.0,1.0
-0.3368041518833884,0.8327212370601146,0.36342335257903985,1.0802702936045148,1.1636614466388326,-0.5993990315781308,0.0,1.0
0.5503018178951877,1.135892699848392,1.2790492193559406,0.8711718363399125,0.2150886891303368,-0.1393217117932318,0.0,1.0
-0.9505413303760164,-0.14226185781568776,-0.2277367469064713,0.23754765836745892,0.2862229264532679,-0.6751830461993921,0.0,0.0
-0.3534954649342136,0.2179644772802927,-0.3821027177311983,-0.39107618719706616,0.4133799661338834,-0.6026010603756397,0.0,0.0
1.540057257746719,1.8391002051664038,-1.7396271340908567,-1.8924141596399333,1.2521322795301373,2.7731409234547053,0.0,0.0
-2.027902845237125,-0.990661315199494,-0.8037652137244085,-0.417260687568178,1.088416475859156,-0.7108595623243927,0.0,0.0
0.4583561362038812,-0.18986852801715315,-0.9598338166777238,-0.4406548086501544,-1.4933249813765048,-0.2263685029302172,0.0,1.0
0.7467335871831383,1.9294341147565308,0.7272659595072811,-1.8210827581098716,-0.34371338172878396,0.11117148805449405,0.0,1.0
-1.221418155159044,-0.544767045802354,-0.12089213577426945,0.8862798853971711,1.059084624404009,-0.6933875477864847,0.0,0.0
0.854370702225049,-1.1070731273031456,0.7645821341755918,1.9448672541390046,-1.552831435388233,0.2852585608757016,0.0,1.0
-0.30659986590201666,-0.34558747992884487,-0.31719658066402995,-0.26114736359652896,-1.2499228722842455,-0.5926249696714843,0.0,0.0
1.3879790993783745,2.0119599970678057,0.47397772786515,1.773216217380046,1.1205273835554157,1.9307369221399517,0.0,1.0
-0.09211900808904942,0.8516292168924268,-0.11229989384070958,1.6119254513228807,0.33916833102142874,-0.5345899331020911,0.0,1.0
-1.2866458329587278,-0.8226085161570797,0.7728137980997822,0.6070499679901057,-1.2083141379977158,-0.6941710016387813,0.0,1.0
0.6241600324787595,1.7307309571785598,0.9362679114162564,1.014801248379195,0.6626903499269148,-0.05680419083435752,0.0,1.0
0.39459662783085003,-0.9043862459457931,-0.4800371706451681,0.3493157936342331,1.3601619752675922,-0.2788537194962461,0.0,0.0
-1.341917278449306,-1.0141526896574893,1.1416751898177493,0.6665203048867593,0.7579623172187313,-0.6982381442241438,0.0,1.0
1.1716834673337615,0.7325000523808325,1.2146225708401344,-2.631383254425128,1.3475969819101234,1.0730660310281737,0.0,1.0
0.2809897934766402,-0.47125019725531964,-0.8069782790532904,-0.29313094343432977,-0.20778044953909802,-0.36271885649064,0.0,1.0
-2.2856108581234533,1.1956602819011553,-0.5740660804327637,-1.6571016548629809,1.1326389035331739,-0.7104456298327799,0.0,0.0
-0.9853919110079794,-0.560193053573109,0.9909642307744381,0.820134561833506,-1.185474626645432,-0.6789962862937003,0.0,1.0
0.04565834710203215,1.3467996216532852,1.300983150867755,0.41038523775058044,1.4990008679993703,-0.4815644866845789,0.0,0.0
-1.0903725720187332,0.406547982063214,-1.0423108900380065,-0.954600823915517,-0.27733386703130436,-0.6812439159371338,0.0,0.0
0.5487311670191853,2.1326520053338243,0.5051366122955125,-1.6548710817749148,-0.8806924203998261,-0.13834297325197503,0.0,1.0
-0.7127805202770737,-0.5970913257204516,-0.39481598700214965,0.7050818428865369,0.11488243067889581,-0.6573430525117289,0.0,0.0
-1.5104994146217978,-0.6541113819696558,0.2824784309040729,0.7043752237982496,-1.7255812531022545,-0.6995999714009677,0.0,1.0
-2.30184572624857,-1.3893284759282598,1.1740398484857304,0.4734535814763427,-0.8710186460438024,-0.7157050448102863,0.0,1.0
-0.9545457178301083,0.6431922926150259,-0.24061492024458742,-0.8774347567650941,0.15774321194612673,-0.6767354766815741,0.0,0.0
-1.1092016671201685,-0.8417357410140981,0.22075479435464485,0.5679122606414426,-0.8598913248409835,-0.6871368155146264,0.0,1.0
-2.2524788325880047,1.423272917083506,-0.6344810377948701,-1.539547402063289,0.03322782335024478,-0.7116540307162087,0.0,0.0
0.19862741526727837,-0.2735310149337913,-0.8144038130624905,0.364353600209157,0.3336593868342147,-0.4112925728980646,0.0,1.0
-0.6339463114485127,-0.41195255617008075,1.0435939468687347,0.7853177045247195,0.3993926339171429,-0.6464892632208633,0.0,1.0
1.0533386646141258,0.9981046930982032,1.2495274174158566,-2.3883475523782574,0.8782213969217916,0.7229171178887674,0.0,1.0
1.5984648505715051,1.523015122591044,1.8398455956973698,-1.8714477715085869,0.6619167573368063,3.1647621061930566,0.0,1.0
0.6248010842718563,1.5857117364681628,0.3220038928076265,-2.1517421301114883,-0.08574917315622128,-0.05370237060057184,0.0,1.0
1.6353881889765671,1.584149435198794,0.7234307713598577,-1.4140492706993586,-0.8727059342962896,3.43317908987277,0.0,1.0
-1.4403407114512317,-1.350309142674713,0.6255342296380965,0.47813734086969595,-1.7020440378724586,-0.6998561290530944,0.0,1.0
0.9887914697543331,2.358743158715588,0.40396239061115385,-1.3051624841978333,-1.2563960779510368,0.5663301582799115,0.0,1.0
0.25902663465751125,-0.030132743414701034,-0.015070261022449075,-0.08768899662255679,-0.39884819371762353,-0.37481276500492827,0.0,0.0
1.3972760465377139,-0.028140933127835003,-0.8773881405359573,0.41110186531498744,0.5424870999370881,1.9762166458062367,0.0,0.0
-0.6219162960403919,0.7735771817070837,-1.740663878139005,-0.8513193313233738,-2.7520587916165122,-0.644822820038428,0.0,0.0
-0.7295284270045885,0.6742486018216521,0.1705962854836264,-0.49633172095754,-0.9439998210361982,-0.662033190013636,0.0,0.0
0.055408602099308375,1.1077004430822028,1.516180174764312,0.2898625671857434,0.698297476659715,-0.47899034788040107,0.0,1.0
-0.20688193665378635,2.14288668590695,1.4471511977223555,-1.9529854590064741,-0.2839687845737456,-0.5700874907002628,0.0,1.0
1.5657833559609302,-1.0533895832156326,0.5299404166388277,1.1397044750979983,-2.3080706779375086,2.9403298350043965,0.0,1.0
-0.6894888962606732,-0.16942948204771074,-0.5340375096272725,-0.3966330030661351,1.646858278541073,-0.6523109324212769,0.0,1.0
-1.5404297532088427,-0.3286780624753745,-0.538428780303088,-0.6613069895939893,0.45279844589427615,-0.7018047351242578,0.0,0.0
0.2570063564961695,1.317179177674567,-1.7087473643319342,-1.1979546437693314,1.0314749090051354,-0.37657976015254824,0.0,0.0
-1.0108864890338078,-1.0512116745266686,0.5452949797128095,0.2750870211804834,0.13838582071903882,-0.6810785526772313,0.0,1.0
-0.14292402466136775,-0.41123190066327214,0.1452888806838048,0.7352830876187497,1.2972965834066748,-0.5531642299636518,0.0,1.0
0.9075151077827341,1.1019812126430426,2.6897015560674005,0.07207718490329348,-0.24905967789206665,0.3891754191433796,0.0,1.0
-0.5230985803540181,-1.1520987907878797,1.4765774578962156,1.0656603829566638,-0.3643923596974306,-0.6296160234481243,0.0,1.0
-0.90203867749841,-0.6030739120668119,-0.4980458475187507,0.48422827992349105,0.6028043900653476,-0.6742620556024274,0.0,0.0
0.849560174278067,1.407164758741728,1.5319354629089756,-1.4179345467321587,-1.0149088659923633,0.27723767384974807,0.0,1.0
0.2382223742023787,-0.0006908471063911046,0.87114758003653,1.018954339404853,-1.4457938165881306,-0.38381811595247534,0.0,0.0
-1.4065172778059438,0.965258473519352,-1.1353558026532649,-1.217707506251067,-0.805090742191647,-0.697517434349455,0.0,0.0
-1.2807031426470734,0.7110793747207397,-0.1568105989318676,-1.2179956547015722,0.5878472763461154,-0.6947832391735748,0.0,0.0
0.8594047056612718,-0.5647782374434709,1.5977998155828357,0.8601664486013558,0.5805407351911459,0.29832286507460043,0.0,1.0
-2.244988072971012,-0.6858146593315838,0.09793548811564884,0.5456118282025967,0.5807838796337166,-0.7120021788033326,0.0,0.0
-0.6977482300520909,-0.4205912852727215,0.2565350577597467,1.104267220174957,-1.047657806455373,-0.6520109375973021,0.0,1.0
-1.2805391700890671,0.5801917104358728,-1.6127058857571561,-1.1536512625662787,-1.0160400919486727,-0.6925106244731443,0.0,0.0
0.9834209477296879,-0.2559240955234684,1.9642881035784223,0.3088535762897193,-0.0005390520728059053,0.5520931040033994,0.0,1.0
-2.1728898235330982,-0.4670198669413134,0.7887188517381839,0.5776402471264073,0.7672047822786223,-0.7105874468364822,0.0,0.0
0.12703505805294663,0.0015539290635170576,0.44369276830071486,0.7403587943195293,-1.4509202578450242,-0.4460783115062763,0.0,0.0
0.7674150455119414,0.8726964340361655,-1.3140261993715185,-1.6784372147444884,0.21236276344362945,0.14030707832926656,0.0,0.0
1.6043261326183882,-0.22664113053516297,-1.0162848614996205,0.2345007658528143,-0.02874775655060402,3.2062201968898814,0.0,1.0
1.1500636042682506,-0.9485973228998257,0.9243905862568372,0.9049679176690836,-0.9096636575483861,1.0019268228902853,0.0,1.0
1.2433856170164694,1.775526296622397,0.713244986157503,-2.3887333652554315,1.1264994925766818,1.317989964884721,0.0,1.0
0.7330483424455815,1.6257486656698867,0.7693142607218497,1.4422341616447838,0.3452815493428479,0.0871842274746127,0.0,1.0
1.208622081119335,-1.531769831385724,0.6559327296162307,0.01827258536055208,-0.4721815499368331,1.1905624538592627,0.0,1.0
-0.21659508771023106,2.4116992568123137,0.7381230819857182,-1.3363580911162574,-1.8155154865862473,-0.5708597258536691,0.0,1.0
-0.08023134987346885,0.45408270621286667,0.3121985376295598,0.09421417679854945,-1.5588184058688659,-0.5281510949995132,0.0,0.0
-0.8339147658305395,0.858732581713409,1.1240615870786623,0.7160765653514437,-0.21185029041821926,-0.6689797462070394,0.0,1.0
0.17514048242292346,-1.334467356891775,1.248301195632364,1.9645213387539768,-0.37812686437504833,-0.42137491858918935,0.0,1.0
1.1231057425219109,-0.7042239592277459,1.4833317959709147,1.970083395463816,-0.5727718591259313,0.9149352490529656,0.0,1.0
-1.3054573002120533,0.9277441068905128,-0.8749453780132765,-1.1060788072920342,-0.35952306678638163,-0.6991086755476249,0.0,0.0
1.2307926348342901,0.8817513748350423,1.7628569180362677,-2.6762208108469445,1.8048794837125735,1.2697091453769511,0.0,1.0
1.657858387465485,1.2904520621209905,-1.92997372738531,-1.7312414148251452,0.32027208341733177,3.6045547113459007,0.0,0.0
1.1893447776822466,1.331038357064844,-1.704922388152538,-1.5194514466683302,1.1332111386272625,1.1309060783134346,0.0,0.0
-0.04443084038272299,0.7553069181524525,0.2792150001086558,1.155440420792795,1.1138238325319332,-0.5178003386673972,0.0,1.0
-0.7726781602434282,-0.3426372426825838,-0.3611472309393756,0.12096421444064419,-0.7360519193102466,-0.6621125135141581,0.0,0.0
1.645985751854486,0.84678120967303,-0.05078391762855776,2.0990896756883086,0.21715553646985997,3.5162795375189257,0.0,1.0
-0.20593342960280617,0.23070253816282893,-1.1526694471843337,-0.5248993901371963,-1.2017152823089323,-0.5691415782986372,0.0,0.0
1.672028949479074,1.0857876822375325,1.3028816345551033,-0.7564647465589489,-2.1921837015663552,3.7186826956390564,0.0,1.0
-0.8086410195100484,-0.5870811906025867,-1.2409426117512456,0.31378314721979267,-0.029472833437455808,-0.6652383689401726,0.0,0.0
0.6502815229998272,0.07950334748603645,-0.28487373286353634,-0.7774653779419372,-1.8878979396698767,-0.02457776682984653,0.0,0.0
0.7131673914732839,1.8956647971259148,-2.4563221658875354,-1.1054039711121233,1.991321303976604,0.061101336243578955,0.0,0.0
0.12428150938389568,-0.94448478772488,1.2834929867499394,0.971924972955165,0.0824075319286607,-0.44900341219673084,0.0,1.0
-0.5978781043268738,-0.6272757127498988,0.07612965285663038,0.6821697962324226,-0.9997121193717177,-0.6435057835906361,0.0,1.0
-0.6216914511278164,-1.2585385901909203,0.49132990781308444,0.6517344224042552,-0.34693539469984724,-0.6450679605917855,0.0,1.0
-1.479420256201328,1.4512263551644011,-1.3443733311933594,-1.1676025240507737,-1.0656096523664174,-0.6976168674457626,0.0,0.0
-0.21744677651602043,0.06367838751498449,-0.21686190833988872,-0.2886594456828041,1.029371482366106,-0.5707679360339333,0.0,0.0
-0.7432853534334829,0.6910656231619414,-1.6172996164732212,-1.228095531752156,-0.23453712674834662,-0.6577911487194261,0.0,0.0
-1.3952224173976944,0.6641137903800957,-1.1891267247423758,-1.3234282110347593,-0.3388825440109642,-0.6982819384921389,0.0,0.0
-1.166727864198119,0.36163590870444295,0.019157711462593804,-0.29484084873760247,0.5841281061488031,-0.6909517502567658,0.0,0.0
-0.0032823307663987444,-0.49968419989577256,-0.5994830969324012,0.2817177253204643,0.2168353165207063,-0.5034067272698673,0.0,1.0
0.4411081824407303,1.8173220700132677,0.7151236192507343,0.9611452098809437,1.4050740538538136,-0.24089069404683863,0.0,1.0
-0.39051180415369324,-1.119249824870529,-0.9786645259523367,0.3024275248622479,0.5697301410096474,-0.6106088796750462,0.0,0.0
-1.962316967592608,-1.0008398856485954,0.018795966585895107,0.8860684586834412,1.130554378143202,-0.7087839466915239,0.0,0.0
0.9142869323993111,0.8389953290779979,0.36627149337326703,1.927400688364022,-0.2802637597816453,0.403434026924963,0.0,1.0
-1.0436780391477698,-0.19288586697145307,-0.5911865702162105,-0.7440057028915201,-0.6851402102336247,-0.6839731895250939,0.0,0.0
-1.0778887200480873,-0.1884186015681773,-0.17030381849245826,0.04767019284449344,-0.189653927285037,-0.683153159780025,0.0,0.0
0.08233332209126198,0.07615809552503479,-0.05325988563945853,-0.26431658276602116,-1.0196571862563133,-0.468206481031286,0.0,0.0
-0.7437751951653738,-0.5920636906020529,-0.7165329151656712,-0.3484544154531087,0.9999653844478088,-0.6586970713995192,0.0,0.0
0.796928252102879,0.07364237494770114,-0.9866584845836432,-1.7670583300708667,0.06411627049991547,0.18983494288194272,0.0,0.0
-0.47621494206885234,-0.46705283983750073,0.43523558541816243,0.5046836727559724,1.2086896574854211,-0.6270226392558395,0.0,1.0
-0.8008404481339202,0.0008164749681966976,-0.1450402139579729,-0.06928352197458351,0.6171270404927199,-0.6670336505162598,0.0,0.0
1.3886158437082845,1.1619925260278656,2.084412819808252,0.3728504157515324,0.31044444283096395,1.9305956818460077,0.0,1.0
0.6119259563568491,1.9795473876539176,1.154740955982842,-1.8089506699532363,-0.26497226706964994,-0.07011770164086066,0.0,1.0
0.32515816785183177,-1.1806741911164347,1.2893867150830913,0.3303530498282785,0.5963777371813667,-0.3285742212155699,0.0,1.0
-1.0821789535087833,0.7912147388392321,-1.1490361424998348,-1.2316784504662734,1.1276453294416342,-0.6839257999038038,0.0,0.0
-0.18079208193198462,-0.23375141532288338,-0.4897997657978626,0.14269286460726913,-0.274795847720171,-0.560148024968166,0.0,1.0
-0.5696103388526454,-1.079985137425379,0.6228173090619379,0.7274660643719117,0.8576666886009876,-0.6379320257802041,0.0,1.0
1.1075504028550127,0.6162690637589814,1.9732188343887078,0.46207921071237645,0.6326692888136938,0.8742171094589627,0.0,1.0
-0.14713825650268245,-0.4123830634926671,-0.8824689177021369,-1.8509108727862256,1.092371918786071,-0.5511284750851085,0.0,0.0
-0.000535969476996143,-0.44175337506036416,-0.4793374387754936,0.15687221237585178,1.4989075612593663,-0.5041110678398647,0.0,0.0
1.6536624373790028,1.5027612232738432,1.4971778255174184,1.0644318181623873,0.19629677043944616,3.571700964899621,0.0,1.0
1.5745593623419798,1.4501249665389506,1.2768443231364006,-1.1738253849201055,-1.2522212950051212,2.998659703962095,0.0,1.0
-0.5324325215396002,-0.05419164628006161,0.1765722879979751,-0.1295781458968092,-1.5355713702060214,-0.6343476873712814,0.0,0.0
0.7831791601637197,-0.4499324612942983,-0.048756501718835506,0.5128350214591412,1.099396886587182,0.16665218882638574,0.0,1.0
0.2128250712084124,-0.7571618115672841,-0.013599806111097953,1.1078753747561014,-0.5758753585425277,-0.40316489152382584,0.0,1.0
0.7672790973017612,-1.2164706256440183,1.2217916746009931,1.409109255372238,0.7690191796430002,0.1374120557269642,0.0,1.0
-0.21117504854837343,-0.4103024035526901,-1.173831312299118,-0.9345193944992731,0.9576344215226369,-0.5708850790799286,0.0,0.0
1.047748701525212,-0.6513422476064745,-1.3464418706172896,1.3920328570244829,1.674181116863534,0.7053831553716456,0.0,0.0
0.06995364278877969,-0.6875498373122959,-0.5756844090128339,-0.20129491198845317,-0.6722219776229414,-0.46987578597716667,0.0,1.0
0.7420964874650712,1.0387280931704,-2.3563361156828964,-1.1062192217807745,-0.03408798500227919,0.10146150261980681,0.0,0.0
-1.4361468575093876,0.7837242675183387,-0.8246821900233459,-1.1733895130993106,-0.27063342185002215,-0.7004025175286963,0.0,0.0
-0.9567461194715453,-1.0969451334399738,-1.1241711170378448,-0.07080219469293182,0.12525062996932226,-0.6787783534156853,0.0,0.0
-0.7774048219901251,-0.11172965488040346,-0.3897491146630824,-0.20855592822530633,1.6865850221666396,-0.662909343929039,0.0,0.0
-1.553820466767552,1.2520847908412767,-1.2787178192988482,-1.015431557944704,-2.363966953931468,-0.7015065747515516,0.0,0.0
0.1498761494759848,-0.31317335702776383,0.5181583473622084,1.0756427252678111,0.553138310070371,-0.4354729552407706,0.0,0.0
1.4619776751327054,1.3940481107463525,-2.219302771639279,-1.4554896697829194,0.18501373784558253,2.3099284878197746,0.0,0.0
-1.0729530217017034,-1.1069754028206629,-0.13065410460853064,0.227324670578444,-0.8902315610255319,-0.6869939936657187,0.0,1.0
1.16969300348982,-0.6185358370243795,1.2850858973627797,1.1799921863789684,0.4588993171977969,1.0624887575432136,0.0,1.0
-1.0826127081461692,-0.3743530358782412,-0.8092299540799793,0.30016521689279685,-0.2180676233116427,-0.6869285258957554,0.0,0.0
-0.061877577758931684,0.4938711120244552,-0.7893171006667459,-0.41126482783178425,-0.6890954855336145,-0.52443955078366,0.0,0.0
-0.5832188827883107,-0.16633397452538623,-0.6633844526568965,-0.4923366795539666,1.544813420174392,-0.6415508967065088,0.0,0.0
1.2552872478982038,-0.22955371592783388,-0.19663095931361707,-0.33433770818743125,-0.9312481169481699,1.3623433710654635,0.0,1.0
-0.9456042728616587,-0.9858239822332383,0.14508724854530508,0.9163624158054603,-1.9670992226996764,-0.6781552111317638,0.0,1.0
-1.5432447046024742,-0.8477027463982937,-1.1049959446019908,-0.8732556559324838,1.7086592825407307,-0.7016639159262072,0.0,0.0
-0.9359831100287029,0.4682065704145236,0.39476602196089233,-0.41865597737324195,-0.8942679614268569,-0.6760182811521838,0.0,0.0
-0.5252310684115388,-0.6419100751325117,-1.0448972660642137,-1.3979941753308698,0.8689968119748038,-0.6305111578038477,0.0,0.0
-0.5113229453747098,-0.3473298625199637,0.36234268676839587,0.7812352305053076,1.325085510284155,-0.6297247338749273,0.0,1.0
0.19235254147281805,-1.6742882890031892,0.9772258766382016,0.9032083008165815,1.0311921813276166,-0.41599263644079704,0.0,1.0
-0.5404660904065595,-0.028797103652269798,-0.10043796039690062,-0.32324663754484245,0.5896960495231004,-0.6332894180613934,0.0,0.0
-0.6357308764496594,-1.187556239423217,-0.9034659358383711,0.3810148595184477,0.5272366169678107,-0.6487137173324506,0.0,0.0
-0.05334610027296201,0.7102117945888629,0.6906627019795087,1.2095364253569898,0.1641066833837996,-0.5214688720422482,0.0,1.0
-0.19254111398165308,-1.2557962020914775,0.3887053226596344,0.26985636712212047,0.29414545759119287,-0.565544185303462,0.0,1.0
-0.8937531527093854,-0.8498162645714186,-0.5342939962883736,-0.3757065155434654,-0.6997693398392849,-0.6741401526339903,0.0,1.0
-0.33484269623665786,-0.7816982528645083,1.120002420917667,0.6504345152650226,-0.3392657866172994,-0.5978455327370614,0.0,1.0
1.244126364981118,2.1444697788785785,0.8410579900561816,1.3498713351225875,0.8522344022241373,1.3231700590664894,0.0,1.0
-1.3490080972340273,-1.6536002680544186,0.49825681616325074,0.861624912084701,-1.0431233894235412,-0.6958273518465672,0.0,1.0
-0.2998571826531873,-0.39512591411491665,-0.8909620246084684,-0.17048595747567835,-0.6243519819983447,-0.590406304229839,0.0,1.0
-1.655901847604409,1.118039612574626,-0.678102678524283,-1.1931966251620452,-0.13638819930291915,-0.705500376641387,0.0,0.0
-1.2960932269352918,-0.4851803819004047,-0.8668737060228193,-1.0149246581707672,2.133645346159112,-0.6924552661303034,0.0,0.0
0.9296148535100999,-0.8767729987379783,1.123326859697234,1.4589243694342418,-0.710000559759576,0.4357947469792799,0.0,1.0
-0.019982107429830986,0.8841928458314673,-1.4558376284681689,-0.8559183946492328,-0.1836848017598793,-0.5093513632005661,0.0,0.0
-0.8131534846520726,-0.8577726877610201,-0.33105671863999375,0.962223575202495,1.6550558452189255,-0.6638423124874762,0.0,0.0
1.29652106323964,-0.11140776674005476,1.0587107721163271,0.6399997815210707,0.8629987242957453,1.5237342494126969,0.0,1.0
-1.1429729052067643,-1.4189531453537123,0.9060381939561011,0.513474804942664,-1.970297043342922,-0.6857947562540526,0.0,1.0
1.3611213803332654,1.4854135095165153,1.0964232502652036,-2.1545746469938263,0.7802115824879514,1.8018182813896504,0.0,1.0
-1.934927099523041,-0.8733563991532579,0.1345635587481886,1.4580309564491012,-2.1877046731727625,-0.7091749434234715,0.0,0.0
-0.3777027920183285,0.20300602615071714,-0.2588087700657326,-0.3168240761650653,-0.06754259836091694,-0.6090109304631197,0.0,0.0
0.6811977911511907,-1.1930045277402173,0.8695537513107948,1.4907601243174884,0.07640930461191536,0.017563027735193207,0.0,1.0
0.607183586872501,0.08768866241701097,-0.5614035260206645,0.09906917688215662,0.11251058399657256,-0.07408291270784038,0.0,1.0
0.3577813538308707,0.3506857415254264,-1.388867349097813,-0.4984043395610645,-1.5751365415071152,-0.3059810132158088,0.0,0.0
-0.1451397211008061,-0.4138699523009839,-0.19004882329390754,0.24961206099523914,0.22275890556314987,-0.5517431518829312,0.0,1.0
0.9006851378891751,-0.25159225564635185,-1.0728940171002777,0.6836998964035405,0.7880482063731752,0.3734828542325802,0.0,0.0
0.4055200331253811,-0.40141601678639927,0.018325259091650503,0.2277557157993077,0.10038933297479127,-0.2722887873888024,0.0,0.0
0.9521266603307196,0.4447547818075693,1.8232384310192238,0.5854543347063054,-0.5042964144809244,0.48162342850818674,0.0,1.0
0.39431397723637107,-1.345172477252628,0.6441053413684033,0.4986696415306936,-0.38235133671044047,-0.2819967597722351,0.0,1.0
-1.0548579078620672,0.6655233532938742,0.68624198779643,1.2512248233314454,-0.8805570707433253,-0.6804834864626399,0.0,1.0
0.4856918639421523,2.224311909904464,0.00594595179603048,1.6657280233870189,1.853592933455145,-0.20233593857692186,0.0,1.0
-0.5880263474947506,-1.2157985644455045,-1.6510716247164343,-1.0605274677951586,2.0008351372787803,-0.6451358300939939,0.0,0.0
-0.2563573910390891,-0.9261882787512687,-1.0511542706642385,0.3410001603166808,0.5900688029087714,-0.5780987998489849,0.0,1.0
0.7592666564434383,-0.5256607746377665,-1.6374627960485182,0.8353491619930973,1.1253919668129047,0.12755440849609673,0.0,0.0
-0.7328364611548225,-0.8895122560370006,-0.5694834180533503,0.7459641960568525,1.2402662717742958,-0.6600394659789273,0.0,0.0
-1.6590097417494065,-1.2099660897706073,1.3476674182284163,0.38881019272518885,-0.12506928672438244,-0.7050875842880822,0.0,1.0
0.5514979435080627,0.06911453741296479,-0.5683540153715163,0.5961243739455545,0.28833673600837206,-0.13679598665916173,0.0,0.0
0.43740458001660826,1.204368123101984,1.5300329779792885,-1.9104218709439582,-0.30301128657972737,-0.24428588025263112,0.0,1.0
0.19698440508794265,0.04403057270746767,-0.8953113396981156,-1.8094384010751092,1.1011721018590628,-0.40766524334595305,0.0,0.0
0.6027256592846356,0.5509335721184373,1.3395923757337207,0.9999035745190549,-0.7098725457113325,-0.07909106980853493,0.0,1.0
0.7994842107304995,-0.06635779927720377,-1.1621194917615434,-1.0657813104971834,0.5626732364594975,0.19214133254185087,0.0,0.0
1.1406673015062432,1.5041657948364826,2.0904317385510707,0.21344334065719972,0.9233498945865555,0.9716604574370733,0.0,1.0
-1.3504264803764596,1.7385076251161633,-0.9806814680935403,-0.887538828061703,-1.5731142696693763,-0.6961858355169795,0.0,0.0
-1.505996340758701,-0.9258149738693069,1.0737203792330483,0.660935068490155,-0.31775600720727526,-0.7018188375204005,0.0,1.0
-1.2158547710697438,-1.3496954009230429,1.2616569660591574,0.9861933104021396,-1.0060556476222653,-0.6889022886128391,0.0,1.0
-2.3127670740454866,1.1379415951661764,-1.0880540782059827,-1.3210621306099772,-1.7111331334986257,-0.710382920513153,0.0,0.0
-0.696844736918835,-0.26192899154440424,-0.5205263306502501,-0.9929700765193236,0.5659992321527326,-0.657516206738528,0.0,0.0
1.106295609674427,1.4585647809690172,-2.074873020375705,-1.50424953508933,0.5852912813854977,0.8693973246112148,0.0,0.0
-1.867377621031151,1.6084616427858107,-0.37286968575944063,-0.925302282698801,-1.3014157970499742,-0.7078857141268291,0.0,0.0
0.2605988582067035,-1.5918545820386785,1.0986013657537725,0.21976085927162817,0.34119207895025344,-0.3753244679721367,0.0,1.0
-0.024063032779720255,1.8729559959866193,-1.1409320877118163,-1.2012742478608274,1.7378385787634485,-0.5063497262096717,0.0,0.0
-1.5043778890079897,0.35445173280543535,-0.5368089911803291,-1.2492941927854937,1.576685886961759,-0.6948912354163487,0.0,0.0
-1.128645707689709,-0.7413991634491799,0.5775984588944147,0.6573633527470343,-0.7344884655478376,-0.6863913665153083,0.0,1.0
-1.6055974166227087,-0.7139486933394649,0.7194023972413564,0.8373900581634391,-0.9167374863308082,-0.7027718639296702,0.0,1.0
-1.0779961283813049,-0.6621104557904851,-0.6988684661946623,-0.8804362154103968,0.18424958939533082,-0.6847922231333055,0.0,0.0
-0.20157492369325158,-0.05662947641032712,0.20598628264078941,0.03551687574515422,-0.8436001148322189,-0.5673237539755647,0.0,1.0
-0.015733460389000604,-0.09670691440461275,0.6714304948476402,0.894861976139501,1.225375835194182,-0.5082588442575442,0.0,1.0
1.118766110012375,1.0544553758828672,2.1816200951394658,-1.7662534983355227,0.008729620010762053,0.9085523531612781,0.0,1.0
-0.8408812953903958,-0.728484059586605,0.06991414367632644,-0.06514784681059772,0.3740078883355506,-0.6689292200159087,0.0,1.0
-0.6183454493003131,-0.25771445409596794,0.4413095566505137,1.0367393032057821,-0.8062971954104302,-0.6444742590903483,0.0,1.0
-2.7688994307678523,-1.5356826246870674,0.8772817950542079,0.5647498592353183,-1.7427153078697675,-0.7128519249761445,0.0,1.0
0.144530276387152,-0.10319208363201214,-0.11226060814796737,0.7537717926208698,0.7596518313449968,-0.43639107585151865,0.0,1.0
0.8718832422729964,1.1431702233914425,0.888524113767707,0.7429884644749586,1.3108377518503147,0.3243203071047279,0.0,1.0
-1.9137977872055407,-0.665285346870354,0.9054327829679389,1.1562987872786465,1.8529036012976658,-0.7092433343959651,0.0,0.0
1.1221021463804204,-0.31067572503327834,-1.1276681200585288,-0.5981823115052309,-0.8838338875438149,0.9149032965226902,0.0,1.0
-0.7582547505750074,-0.4078867134916307,-0.7232987128187093,-0.8142261292907327,0.9353825585232415,-0.6616747366014453,0.0,0.0
-1.6797746689562587,-2.1163428579129153,0.5990585403906885,0.004016822410540646,-1.1450022037420202,-0.7040928174520569,0.0,1.0
-0.25163183131088956,-0.08084477944265793,-0.9593336110117165,-0.17430010311187888,-0.6987297388126094,-0.5779123356522989,0.0,0.0
0.4403027813765165,1.4294868992931526,-1.3588592854483785,-1.393597321348196,1.002917402972921,-0.24204108517341608,0.0,0.0
-0.5810492276569039,-0.09458260998820599,0.3145267496509678,0.033061776280914765,-0.2929458716512789,-0.640684230037513,0.0,1.0
-0.653257344023195,-1.6060503426003556,0.2461572381882954,0.17504579035877268,0.03746162216854862,-0.650081207515564,0.0,1.0
1.028189516908777,1.3458348270121196,-2.30743675186466,-1.1745451464478875,0.5046120694870458,0.6615032766947555,0.0,0.0
1.3169799430590763,1.6260346614602048,0.8787368161463962,1.1929372255532906,1.6728894634855196,1.6089393626879713,0.0,1.0
0.7217522576618609,-0.11388846972693596,-1.0852248828929687,0.8524863806742776,-0.1531914859412417,0.07527591153554704,0.0,1.0
0.004437722492693143,-1.1063671484543909,1.1991389441962772,0.7671009222477736,0.4543864096134562,-0.49984859746040494,0.0,1.0
1.1184942099704853,1.59603235683459,-1.7070408708150455,-1.7063701796039294,1.6645914360147696,0.9016613198733299,0.0,0.0
0.4764602136523009,-1.0241851885535258,0.9971817287520383,1.5853130100037784,-0.4268937394859451,-0.21490139005115022,0.0,1.0
-1.399363802254257,-0.9682967182158444,1.0235252198591465,0.5290441418628216,-1.0358725676503995,-0.7015279158510718,0.0,1.0
1.0111836653375115,0.8126982573443686,1.7782063208595158,0.8112642985589733,0.24239234549848923,0.6185177309717867,0.0,1.0
0.7902590826497069,2.0405470196109103,0.663913155104989,1.871101984911925,0.19177328201120405,0.17628735729248687,0.0,1.0
1.6397122112049167,1.1071781341099916,1.5411876169379362,-0.7269859071881924,-2.1604933806096556,3.463991893633645,0.0,1.0
0.4136611087555986,-0.0031138491923417833,-1.164594892625483,0.023324842826609286,-1.2567769016617902,-0.26405787653049895,0.0,1.0
0.012534957376541724,-1.4971865909032578,0.9115291874865631,0.3825893465293044,1.3841996391018945,-0.49745809194491947,0.0,0.0
-0.25879499954151397,-0.27171659846439045,0.7992773616784447,0.9706659781221527,0.7352482706359424,-0.583926846007478,0.0,1.0
1.644097172726124,0.7904381332775926,1.380012882401103,0.7870656266229389,0.8490947166170556,3.498441057386388,0.0,1.0
0.8600805002518757,-0.8740235540572843,-0.8946319207680881,0.010441557827480746,2.000477977339738,0.2960698078102355,0.0,0.0
-0.9530670728693398,-0.9690090805984787,-0.9481880160665126,-0.09662408475635502,0.05424412740162489,-0.6777913228653503,0.0,0.0
0.19291711368689038,-0.5522908207186369,-0.11033455976066998,0.2600294824584457,-0.48903462021153304,-0.4124772414255878,0.0,1.0
-0.4431915317116934,0.36400273069593125,-0.3146699639855071,-0.4065047362326233,0.3284967449066942,-0.6174421574444446,0.0,0.0
1.253939362505214,1.6179412132558613,1.0321640785929285,-1.7991472049083053,-0.06267763529323764,1.3558657144297748,0.0,1.0
0.42891260529263736,0.12606888817305312,-1.5353473804281548,-0.48229509364295287,-1.405078055729851,-0.2503254504787359,0.0,0.0
0.4930002743796374,0.6555187781154757,-1.2469864967180118,-1.5432728791248504,0.07794031650804738,-0.19375863592908918,0.0,0.0
-1.9395953611629808,-0.16130983840243648,0.28362589190937676,0.4867709741259839,-0.09098675923614356,-0.7055742796346074,0.0,0.0
-0.026381313890022687,-0.38353235768985366,-0.172310092603349,0.6062640392824972,1.0596416028379434,-0.5106065635969663,0.0,1.0
-0.7367361808001982,-0.27471949985454164,0.6029220504606672,0.8101652968936713,-0.259836141575668,-0.6614276601770436,0.0,1.0
0.9182999322459332,1.058948128412371,1.7643294978024957,-2.316787253697028,0.8773480739627876,0.41145406336187096,0.0,0.0
1.2277154600956872,-0.40212744880846607,0.5822130752106917,0.5630700828775422,-1.2271701621220934,1.2613694342076347,0.0,1.0
1.2360655144198636,-0.05723858753321485,-0.5778269785621193,0.6026230893041143,0.4597508482817662,1.2919061514982095,0.0,1.0
-0.1073607851386241,-0.2121685045724256,-0.07275664006706477,0.49607454291949804,-0.2539011244018062,-0.5391561560943223,0.0,1.0
0.9128203444619905,1.1489716652476942,0.9928155984372473,0.9519516298056656,0.8344416042882066,0.4006482801486571,0.0,1.0
-0.8436190246558567,0.9841098335284035,-0.942346098075554,-0.7467678672686289,-2.1470006296475974,-0.6700570675666475,0.0,0.0
0.5316660560492475,-0.2660456202906165,-0.8484555840429566,0.24734892288737706,-0.3398220010977721,-0.15778861475523823,0.0,1.0
-1.7493457939731127,-0.8418285630024505,1.1245094890718317,0.621702835593714,-1.7355566506269449,-0.7038441588845475,0.0,1.0
-0.9245028946030468,-0.6816775287201158,-1.001607671973609,-0.74342788312099,1.4118047581530238,-0.6728687411217216,0.0,0.0
-0.9346195709412043,-0.8634436521373079,0.4408437551031554,0.7459843467997147,-1.5175803488104067,-0.6774811877857523,0.0,1.0
-1.3118121380152747,-0.5594679709009777,0.7701718444018659,0.9571400404410438,-0.5115142839979157,-0.6956484988974858,0.0,1.0
0.5360100131897864,-1.6767964221323,0.6737896400062203,1.5859553783316354,-0.3037787975347585,-0.1535019691760559,0.0,1.0
0.8637370588937693,-1.4538646288150079,0.6497412662162756,1.4578529045338862,-0.4274936150827702,0.3048173754302023,0.0,1.0
1.275204566897307,1.8537845696569075,-1.8194375681133075,-1.6788163839292571,1.6876619255566663,1.4400904944828565,0.0,0.0
-1.0685035701479562,0.622332131114619,-0.3133903644085857,-0.8031510039083578,-0.18672384840676948,-0.682529179607823,0.0,0.0
-0.4634869053173129,-0.3644715007617466,-0.4617308857809295,0.7937487611727839,0.9838801478246819,-0.6258923714502518,0.0,0.0
1.2707842384913983,-0.908387650558595,0.36352165964139654,0.4495322516920675,-0.9053739597410321,1.4201014141700685,0.0,1.0
0.030890080343832914,-0.5295528140400434,0.4543781428959308,0.9471128018046218,0.30872280851519274,-0.4922026425236022,0.0,1.0
1.424024992485607,1.2872982370033654,2.0167107869448064,-1.2116661309514782,-0.9640312780525817,2.1092474720010643,0.0,1.0
-0.5850298846600851,-0.2047225959736243,-0.03048778820980394,0.20957648641809334,1.3185466126921281,-0.63879451462899,0.0,0.0
-1.4701710242887545,-1.046680418637177,0.5412068710478712,1.1336452735216316,-2.2658386814178657,-0.7016844358521898,0.0,1.0
1.6486149450275975,1.7700627768816304,0.8143234097005688,-1.8318556009648008,0.22215287827073532,3.534657175441017,0.0,1.0
-2.280675269565392,-1.0014994577717988,0.053875132310671835,0.4508256625699332,0.6956989500380756,-0.7121543123792169,0.0,0.0
-0.11118910169567926,-0.32376052644648273,-0.3211718150659144,0.1251754246601197,-0.8973878389330221,-0.5384695984187867,0.0,0.0
0.5274241338065339,1.078390445609461,-1.866084196957939,-1.2936782978811914,-0.10328734448595302,-0.15974681549645628,0.0,0.0
-0.07318460340638121,-0.20881882461140583,-0.37004490766376036,-0.35556021130145715,-0.7403763238969961,-0.530840979120857,0.0,0.0
-0.3008283538436392,0.9622314928589792,0.2938767470573993,1.5138060760635577,-0.36001373292805905,-0.5912075547507749,0.0,1.0
-0.4129537769311974,-0.4071223002910425,0.8532159807735114,1.4232885460973683,1.1626398360022874,-0.6154039696252259,0.0,1.0
0.05518112704377019,2.7293228711056807,-0.6631661901591867,-1.157217384424405,-2.5456275221905615,-0.4822217680763326,0.0,1.0
-1.786271783879228,-0.2890168698890399,0.5027611286098485,1.57237932667431,1.7263744433391965,-0.7069775005926172,0.0,0.0
1.0341534732560815,-1.5192462638214246,0.6023733700415406,1.706814061090298,-1.2660498001183056,0.6761699181825146,0.0,1.0
-0.5370355951251985,-0.6550608673531618,0.09381690722633508,0.12499704086856353,0.5375008741915653,-0.6342574529674507,0.0,1.0
-0.883531909671158,-0.6619858155645449,0.5033527839135961,0.8392633941818367,-0.3639838067401937,-0.6702318409150775,0.0,1.0
-0.22837210680509054,-1.0113474842802306,-1.5254495309631766,-0.35793343775190284,-0.8743569578032585,-0.5733132054047907,0.0,0.0
-0.20599425904298216,-0.4197392307799214,0.7562092583216996,0.9948909963646234,-0.09373285145252495,-0.5674208927726689,0.0,1.0
1.2191240511115211,-1.4550917514041777,0.6547930078378854,1.7062220773848684,-2.0986056892744402,1.233620342841872,0.0,1.0
0.5385379291547641,1.1851263000251513,-0.8220116786567387,-1.6204835758937552,-0.1648695618519672,-0.15142605580595833,0.0,0.0
0.36549256721804463,-0.697472695371607,-0.7275092523051415,-0.2787409247461767,-0.47166039453314756,-0.2997134072500937,0.0,1.0
0.8100739586441619,2.049714265383531,1.0376005960856687,0.8065724154817715,1.2536902625301132,0.21025802780463088,0.0,1.0
-0.31941150134837804,-0.3927211449055114,-0.5906055309553585,-0.9935780639546353,0.0803606928780644,-0.5969146182197619,0.0,0.0
-0.843579310130198,-0.5594316737338503,-0.6650903093205364,0.4307414319076411,0.03187165701173184,-0.6722127103955796,0.0,0.0
0.08200137622603697,-1.7788911946002741,0.9136694150873473,1.2084479039840628,0.11657049980794078,-0.46888387952901694,0.0,1.0
-0.6949627728480341,-0.09027341524928525,-0.3384844874319733,-0.4091144283296456,0.9847256652999972,-0.6540205452161372,0.0,0.0
-0.6233625123299505,-0.44426520385399004,0.7109532803693115,0.7315476023096593,1.3096170542033374,-0.6452906829568269,0.0,1.0
-0.612220107997774,0.6786795737158419,-0.8552776785058502,-0.7099091554676428,-0.9775785396722442,-0.6409274239281032,0.0,0.0
1.4442617483256635,0.8072364520804718,1.3950270510264844,-2.1046325240075547,0.5011078473716284,2.2155987163037705,0.0,1.0
-0.46047993550411653,0.3559482381087495,-0.2817180097791171,0.6806633736562541,0.1988688134994705,-0.6202506376389159,0.0,1.0
-0.34377253084698417,-1.5365563927622032,0.8265055637781458,1.3347859548678844,0.5546599999849811,-0.6002997169802885,0.0,0.0
0.7685604295925395,0.25693634470676,-0.29803344334739046,-0.8445311214492942,-1.1577709760192554,0.140676209071735,0.0,0.0
0.36000137521206793,-0.38499367039172966,-0.5233859517743581,-0.3281793734384002,1.1359073461010027,-0.30705128486164257,0.0,0.0
-1.7936927144483603,-0.9470042761439159,0.3921342871215454,0.5298833934858115,-1.2812480462321756,-0.7075111727442922,0.0,0.0
0.04941910226765247,2.3692702153183953,0.15845384685990546,-1.9040527431642422,-0.6748444326991682,-0.481459879165032,0.0,1.0
-1.2297338238572453,-1.0153002970232121,1.0970148139995164,0.6714599837362095,0.06805209258261,-0.6926361252139817,0.0,1.0
-0.7316441796659888,0.00886439005780366,-0.8971769808469181,-0.8036769971145209,2.2408287532571767,-0.6586460260433991,0.0,1.0
-3.116674424960219,-0.5096162455930474,-0.10736202944733247,-0.41515347383830586,-1.654759776647979,-0.7099942339869351,0.0,1.0
-1.7033875579808768,0.36868293631960614,-0.8994686187272202,-1.2629170841608692,0.5633524406573257,-0.70598883201396,0.0,0.0
0.13660333115136306,-1.0733483730650328,-1.218203273674154,0.27981187007757513,0.5649093385423462,-0.44405063140398393,0.0,0.0
0.47411627243180704,0.07301535382209723,-1.001105775155744,0.1399811179294423,-0.349783015302685,-0.2128498912231291,0.0,0.0
1.4048595703150866,-1.1605633254043453,0.5261662904958302,1.3176825825997238,-1.1338300185503263,2.0139075680554583,0.0,1.0
-0.020185613485862806,-0.7353825190039179,-1.6851008906681806,-1.0576658985705243,1.0273992249273316,-0.5129481703293272,0.0,0.0
-0.8209257137843744,-0.47471056787068,-0.2663409575659428,0.4144643132043752,-0.7619516609738041,-0.6672949456106383,0.0,0.0
-0.6320605701047186,0.45341892082743446,-1.1827223483185716,-1.2706575949157868,0.9272330353035685,-0.6449549866297772,0.0,0.0
-1.1509589766649402,-0.7088111281532438,0.35580029958340814,0.3671034246495734,0.02728982140140307,-0.6864409364125921,0.0,1.0
-0.64634433567971,1.4701100405123815,0.9337503295926545,1.0835888009160601,-0.5601107583917769,-0.6491408161625729,0.0,1.0
1.1778248664233069,-0.6844932121098106,0.9291019968912081,0.5283808945427154,-0.5048166353153343,1.0889197546402207,0.0,1.0
0.06458677071516046,1.5691391646410102,-1.8164341853952055,-1.0616308911837753,1.2942459909243362,-0.478733958847654,0.0,0.0
-0.24145722927783936,-0.7781093565724138,1.16991788818106,0.7874546110776122,0.8901116715053515,-0.5771692263022474,0.0,1.0
-1.8965015864752541,-0.6526656227652793,0.8468498314424104,0.7795988364076212,-2.4046272685005525,-0.7095216843588363,0.0,1.0
1.351985799189786,1.4323615666779657,-2.1721079292468777,-1.4965873691292353,0.7738041079112377,1.765563731924836,0.0,0.0
-1.5899103803489127,0.5716741391336139,-0.39724129632928395,-1.0842114312301423,0.9111562919966884,-0.6999202027519932,0.0,0.0
-0.688125202276359,-0.39338602109550824,0.5535054949432465,0.8604340203827313,-1.9766796943013212,-0.6594415836460268,0.0,1.0
-0.6747929707932443,-0.9604022259943309,0.568134975255831,0.9488803909521777,-0.7129295288651205,-0.6519750716808436,0.0,1.0
-1.8888876092878797,-1.1497646755041513,0.7798427357871366,0.49801135118770373,-1.9379526534790072,-0.7069184883958054,0.0,1.0
0.10797589955063769,0.08081023454260594,-0.5537356589027626,-0.5411005624040727,-0.05805801783389339,-0.4575279580072858,0.0,0.0
0.8923642027129737,1.6609690971989728,-1.20929785873372,-1.6569468276932735,1.9716513388406762,0.36203977013252564,0.0,0.0
-1.1887997671187822,-0.22398540634049244,0.010550055752460895,-0.823355443591695,-0.6892597311500752,-0.68960392705632,0.0,0.0
0.018256985569999315,-0.9599464938744938,1.2829205833306738,0.9417203457638307,-0.09875086519649708,-0.4959685784642841,0.0,1.0
-2.423985519254151,0.17706883495960193,-0.34822058089368696,-1.1284567560140495,-1.0468403916368387,-0.7091379299429077,0.0,0.0
1.5851897144318785,-0.7493063531679841,0.5216194810353747,1.1949190997474475,-0.886215671481447,3.0678726750249643,0.0,1.0
-0.3567303530304064,1.222846915989993,-1.3567852477018023,-0.965089958970594,-0.3784233635299967,-0.6042564548248989,0.0,0.0
0.7575026892533717,-0.3618090981972013,-1.012942646963411,0.2511454077974733,-0.04905569269349783,0.1280241431433648,0.0,1.0
-1.1430897534027702,0.2938303810795181,0.5685662870355482,0.08745964016516947,-0.3306476087753033,-0.6843110463619457,0.0,0.0
-0.7535125769162392,-0.006950203771481008,0.46182200670156204,0.6583359103326771,0.745152752427826,-0.6599715568061939,0.0,1.0
-0.8325775218235133,-1.3668452502470807,0.04063186858462876,0.41183455458944124,-0.04829431316343998,-0.6661570642904974,0.0,1.0
0.47195143652052535,1.6440785756815577,-1.9180311459914219,-1.2216352895861633,1.7165222549719923,-0.21482838141417868,1.0,0.0
1.3974862062077258,0.3055678065679047,0.9114891259816038,1.2213044599351117,0.5361687392627389,1.9753389198743032,0.0,1.0
0.8514464276787589,0.009407214998316057,-0.9537140922186427,-0.02541753852022941,-1.1288438511433363,0.28452790329142247,0.0,1.0
0.8155607152878509,-1.4159740709439232,1.277259277683548,1.4104239403118979,0.14144046270448365,0.21747224739281165,0.0,1.0
0.14016390527704645,-0.1346223913502107,-0.6792325827191822,0.3081428241473862,0.20846664323213676,-0.44191859179265147,0.0,1.0
0.1398994563363104,-0.5038058769864072,-0.38295309331765814,0.10084198829379294,0.20349762742904995,-0.44138274839135067,0.0,1.0
1.5994797377288743,-1.1239483399875094,0.9039832886834505,1.6108110019312132,-2.19966977718152,3.17029041121146,0.0,1.0
0.7047611372557289,-0.9901228157438307,0.6216989044729533,2.012761912459758,-0.8208830727308047,0.04713712565435551,0.0,1.0
-1.7699555187440872,-1.271071668464723,0.6185103378648614,0.26942492563819714,-1.1451288818843526,-0.7082392217848408,0.0,0.0
1.6376150588172451,0.22225508120226145,1.622911230549422,0.7523422475049434,0.29502171197279997,3.44758087244485,0.0,1.0
1.3583134035574111,-0.2549300039786051,0.7961198165499596,0.372089119888835,-0.09106806904264224,1.7878570152084763,0.0,1.0
0.039060635936234184,-0.7130594969168205,0.39674893815119905,0.9387456735871184,0.3129817578995101,-0.48499692927264504,0.0,1.0
0.58869952579209,-0.4845656540193645,-0.47861906033480256,0.17499730960724824,0.3447689021187202,-0.09543692828859564,0.0,1.0
1.439254020293482,1.742075956059338,0.12203848762016024,-1.357188785369118,-1.2949961899183713,2.188858703882185,0.0,1.0
1.5729592863862354,0.42299036008692903,1.6865396052447768,0.5118257380530404,1.164008511426055,2.9853497488038645,0.0,1.0
-1.5039363850029792,-0.8472406928992207,-0.31153746680702243,0.27618066095224847,0.5143347511176459,-0.7022371326161128,0.0,0.0
-0.6335053564686047,-0.5635784979622654,1.0556580391210237,0.9675895490796264,0.26790214926518113,-0.6473004598141661,0.0,1.0
0.15374060519839988,0.09197400909962318,-0.13683301669318632,0.44172756997724527,0.06137950462562815,-0.4340639437452042,0.0,1.0
-0.7866304490877639,-0.37699648831020993,-0.5068047917131228,-0.7414495456008425,0.22754573674552434,-0.6631365103780466,0.0,0.0
1.6059413143921293,1.673527136688313,-1.7968262324937656,-1.517125972146764,1.2377483303764405,3.2160504247750734,0.0,0.0
1.320130012206816,-1.4497142379362251,0.5328942493436556,1.4800241908437117,-1.6270602764341269,1.6203365363239945,0.0,1.0
0.22488202372340063,0.1913511678008964,-0.5053349223733828,-0.63388248405439,-0.11229809212586594,-0.3921406028959032,0.0,0.0
1.5886127991869308,1.581778095195718,0.5902263912541298,1.0066491061624279,2.4031752218282856,3.093614560461786,0.0,1.0
1.0906078325546145,0.8838325164760836,0.7605199749591758,1.759956017378311,-0.43106735747292046,0.8271152701576009,0.0,1.0
0.7318735234827108,-1.1511648398876944,0.7663217352956985,0.6086989594284163,-0.1543921254808386,0.0887806341384943,0.0,1.0
0.8307981701840209,-1.4638181953438432,1.0586122400541067,1.6936769765324886,-0.4784168322916573,0.24353831525240066,0.0,1.0
-0.401699682810321,-0.27586545093400217,-0.9849349613594102,0.12464197757547427,-1.0902892178943835,-0.6121012039386529,0.0,1.0
-0.6513742924252343,-0.3665226075918578,0.4763992555977084,0.4957153500739,0.6302167694734052,-0.6463133682862979,0.0,0.0
0.7433428655185316,-1.3405847069607462,0.6285463703411178,0.3459308456304564,-1.1305791144249875,0.1058930652232198,0.0,1.0
0.4427297173456288,-2.026491034584369,0.9380440258222388,1.3368934112844693,1.155125726898709,-0.24144966192743753,0.0,1.0
-0.7126528456562955,0.6525070483880161,-1.2298592146457281,-1.032681327941254,0.8249095250146549,-0.6553083565118536,0.0,0.0
-1.6597547906905143,-0.8108027588706268,-0.5687069031552616,0.12945669675397756,0.46345754511728404,-0.7040811923742674,0.0,0.0
1.0641983131574813,1.5237131463345788,1.045352583317109,-1.8308845929110575,-0.15724451610486825,0.7531434526162414,0.0,0.0
0.668944053959958,1.5110525232343377,-0.13225066786947043,1.8952981500139723,0.8233949456270535,0.004796258477246683,0.0,0.0
-1.220871463162844,-0.21550503228427004,-0.12850142671581327,0.4186421973251499,0.14536946848211088,-0.6913965402461579,0.0,0.0
1.057094916782792,-1.6468720888231825,1.188807112286422,1.5492252162122229,-0.6724185393958141,0.7370027285945373,0.0,1.0
-0.9218349287053624,-0.0032938441027889403,0.37004806910165855,0.07709539142235539,0.3461614592632214,-0.6744961004684329,0.0,1.0
1.3983017106598228,1.445630199089005,0.16333942252287334,1.9215939811576463,0.2443225750434396,1.980904144157987,0.0,1.0
-1.1429729052067643,-1.4189531453537123,0.9060381939561011,0.513474804942664,-1.970297043342922,-0.6857947562540526,0.0,1.0
-0.037586274578116426,1.6493007578584913,1.2450148780082635,0.4046788772660784,1.788599529820005,-0.5156903611370722,0.0,1.0
0.3253918553582319,1.7320766045303417,1.0503501714332795,1.175948209598213,0.007931244540725222,-0.3288634927849204,0.0,1.0
1.4137749399821746,0.5377909560401021,1.574270978972095,0.33530225716826406,1.0623716286783413,2.0569764315460746,0.0,1.0
0.15344801861815016,-0.9565659144042264,-0.5761586445587572,0.6277423004059745,1.8303606133604744,-0.43049625782861045,0.0,0.0
0.06959731050539034,-0.024280307116985485,-0.4518979051006201,-0.3288507776345413,-0.8240044599963919,-0.4755025717955295,0.0,0.0
1.0759118210968714,1.6863709571325547,1.2049176858966344,-1.8035444073538716,-0.08812196423287107,0.7851144601501356,0.0,1.0
0.7119707715247267,-0.20201683258783318,-1.4848958308110531,-1.1698643641357493,1.1893253480503727,0.05943784212152005,0.0,0.0
0.34605695953025734,-0.21032001570282005,-1.4617292920291587,0.33245454755592174,0.1067378465926873,-0.31920428180274424,0.0,0.0
0.06262737010450707,0.08907521102995959,-0.46450329704944543,0.8373260691465978,1.137751091377038,-0.4760894716774777,0.0,0.0
1.3697718111974007,0.6605023730760528,2.0972776763492793,-1.6720205193363005,-0.303032536803989,1.8440362878335765,0.0,1.0
-1.7249290129107437,-0.7873815348588414,0.4634012157063353,0.3261174760169051,-1.1309710572790215,-0.7064613708301608,0.0,1.0
0.45270479855664075,1.4948919453628282,1.431851249496657,0.15419703213678848,2.109303551964505,-0.22776703576707458,0.0,1.0
1.2640379552879113,1.2793068950615056,1.5234548370439316,-1.7430238995474014,-0.13759451933946973,1.3941756866108337,0.0,1.0
-0.7530853393701821,-0.5368048767369491,-0.06052867003285613,0.8144251220456346,0.8638070047286828,-0.6599493629198275,0.0,0.0
0.1447954413873119,-1.3420516195816445,-0.8990481404644809,0.9432229501356858,1.7024872491769496,-0.43903811512933605,0.0,0.0
-0.9239734818245551,-1.800040689083243,0.5639286731812538,0.4983805955333814,0.11329426588835784,-0.6718663235854834,0.0,1.0
0.561611354337507,-0.5701553812428409,-1.720485948150286,-1.662795653598815,2.0003729851327843,-0.12588963801367095,0.0,0.0
-1.122135171123273,-1.0902886038928277,-0.32889144936262577,1.303936469471329,2.0557334616645306,-0.6834326626876167,0.0,0.0
1.3724914687500038,2.0813974240562167,-0.23127110543328555,-0.7524863916628565,-2.6641001669560147,1.8544777590614758,0.0,1.0
-0.503698325267902,3.0797778371933573,-0.4726977278395005,-1.1433848399105846,-2.675206285358218,-0.6260468877389584,0.0,0.0
1.4928423805651718,1.7017371339920295,-1.6208019710874026,-1.7478299069565593,1.161123060118408,2.484090426502663,0.0,0.0
-1.6519778467558994,-0.4251537258662549,0.1453613869755799,0.1464574415612108,-0.7531518220660841,-0.7063747259639468,1.0,0.0
-0.6634525528906081,-1.2661314176317244,-1.2517004002961696,0.9179557789528126,1.151374201399624,-0.6565471432474453,0.0,0.0
0.8926755679534812,-0.49699479171196875,-0.5557298788049185,0.024703189836456644,-0.037476317555510986,0.361243988055463,0.0,1.0
0.26598920729504333,0.6122308246143017,1.1536526463051582,0.45808854472923605,0.9607097654587069,-0.3710461259362124,0.0,1.0
1.0552996067395615,0.9354149199444896,0.746472415623596,-1.748197379250225,-0.8076156725899164,0.7299253765636179,0.0,1.0
0.7862913722123239,-0.3254914932288278,-0.7089487191606982,0.35156422689290223,-0.14476116051368687,0.16765897983175282,0.0,1.0
0.277352061402469,0.07475176093686138,-0.2780901164803032,-0.5324717845480229,-0.0670571679580106,-0.3616610878054271,0.0,0.0
-0.2874922123093138,0.1322474717882888,0.2642730602274598,0.2358362012521284,-0.7336406606197279,-0.589445920503873,0.0,0.0
1.006701799472417,-0.741361977952525,-1.186757704166302,0.005153055454529969,1.2920006358348741,0.6078710284155154,0.0,0.0
-0.5285396500300472,-1.3521111226994997,1.0256647603825961,1.6468515138083488,1.3283100508785421,-0.6331793528553534,0.0,1.0
0.5238946117612733,0.34262361216941273,-1.1548082627871643,-0.45254615621749644,-1.295956158315154,-0.1627484459298318,0.0,0.0
1.1074635031148876,-0.5137723247824918,-1.3855278095901056,0.1991763154619907,-0.3339280870066348,0.8746085734594059,0.0,1.0
0.8086375347760265,0.24976366142891504,-0.9662948102993227,0.10588985365739524,-1.0938915241927845,0.20772893592549427,0.0,1.0
1.5229213782662916,0.5551305084469493,-0.7285638401267494,-1.341867505887228,0.18288798758546207,2.665337999131467,0.0,0.0
-0.31025539153475984,-1.070852966663586,-0.5433595368074001,0.946522181358307,1.4340584646989762,-0.596255147565226,0.0,0.0
1.5711509177248764,-1.1517820012488786,0.5867077295327575,0.9652788579083051,-0.44071141882011367,2.97652249797898,0.0,1.0
-1.390380075879126,-0.41683724397522376,-0.18846157809776026,0.061999505615800025,-0.25872824531102795,-0.6966353931321272,0.0,0.0
1.3375696805778907,1.1074424554633406,0.8380712790588942,1.4263158010666777,0.4858110646854417,1.6988833448753862,0.0,1.0
0.52953617877692,-0.9031577729116129,0.8830367105644344,1.4788383276882424,0.41180192550186284,-0.15936732869916662,0.0,1.0
-0.8263772388905261,-0.14144824525587446,-0.15235652888466092,0.8152596681845501,0.27822539879553776,-0.6633989931390384,0.0,1.0
0.09407771228799669,0.05828653260762109,0.31530344251287445,0.11879626810193739,-0.8415102256043767,-0.46243274011275703,0.0,1.0
1.3217348904716801,1.9566766412505585,-1.2901699754167673,-1.800873923409156,1.640874851377441,1.6289592120006793,0.0,0.0
1.0663380762038668,0.5037567007645892,0.4827055183761346,1.3225342728492402,0.6606105400055113,0.760684870760912,0.0,1.0
-0.5172700937262219,-0.019495988659055483,-0.0546282806193579,0.16955269641293277,0.15445291159551852,-0.6281348380752618,0.0,0.0
1.3874603121946438,1.65764325555445,0.2623669364206822,1.6774527739422944,1.4114495833750949,1.927671583215892,0.0,1.0
-0.5724337337895758,-0.44647684254307796,-0.33020706761116614,-0.9392988267685491,-1.8982404763850491,-0.6391004215705862,0.0,0.0
1.382183623974577,1.3544655587293681,-2.875195594544489,-1.2846349592460784,0.500635949763419,1.9036940088983407,0.0,0.0
-2.132935839692044,-0.6827054122916287,0.8651445188299519,0.5226600380490145,-0.5461798322807829,-0.709499156914679,0.0,0.0
0.5966281184146436,-0.4623231180752968,-0.8147737585059802,1.7269535825778064,2.0184528144808156,-0.08709343463028964,0.0,0.0
0.6140446989206487,-0.13534709141857693,-0.6524954993332955,0.4532116646886855,0.3656224524204538,-0.06937684662472247,0.0,1.0
0.7270873501852713,-0.6160555261216092,0.8617122618211772,1.772055315719987,-0.5370478867301473,0.07740108058381177,0.0,1.0
0.8067570186446424,-0.20356223243091937,-0.9641037118098748,0.20098129961257905,-1.0670188422402034,0.20557318020836698,0.0,1.0
0.629518782496491,1.291368543681107,1.8409355220535162,-0.9424850977617445,-2.148666499163509,-0.050849311801252864,0.0,1.0
-0.4535231641298566,-1.4497163376101645,0.8254265693646256,0.7619741462696851,1.6328402328658853,-0.6219533899752628,0.0,1.0
-2.960136471509784,0.29751144134890334,-0.1236891552006451,-1.607312830965321,0.1777991723364176,-0.7118388407236304,0.0,0.0
1.1597794582974323,1.304514723261449,-1.6803555986244916,-1.4794365836213843,0.09429247947919493,1.0328794417618625,0.0,0.0
0.1559646422070906,0.1931302967886093,0.06279174289596966,-0.10005597793796935,-1.4933277309209014,-0.4309771505722372,0.0,0.0
-1.018549012003672,0.6407913234823525,0.784576893167762,1.6042211317892694,-0.0004944976504090624,-0.6824566068385649,0.0,1.0
-0.32047916371897617,-0.4794581161419784,-0.7590099855477888,-0.5654415288255265,-0.18761525281815752,-0.5957970595080438,0.0,0.0
1.499676018786209,1.2818108376995625,1.4805152543173523,-1.3691485277864972,-0.7903761054791214,2.5264402634908163,0.0,1.0
0.9379657763476176,-0.6087035818363536,-1.4616323902340826,0.9644013614212096,0.9838318929683038,0.4511591047874979,0.0,0.0
1.0483629362595637,0.20749323604309372,1.2944267026743634,1.0943471038085344,-0.21188767793235036,0.7102961140499926,0.0,1.0
-0.2887311483096787,-0.10170871364945848,-0.3326202052415572,0.2340676107976924,-0.3779764857811997,-0.591088140082148,0.0,1.0
-0.4572343887910613,-1.299050751271416,1.1978134064106414,1.5114472335599893,1.6718827710796988,-0.6243940325624372,0.0,1.0
0.7162552558808091,1.9108974234946432,0.6667758073441304,-1.3546989295596266,-1.476847036220524,0.06808973616267842,0.0,1.0
1.6668961333907963,0.9578068046752078,1.8955491373494378,-0.6488852387794809,-2.179262367333268,3.675518791808498,0.0,0.0
1.0987537300435253,1.3642743515690294,1.7027665679852375,-1.1999246731467488,-1.296026014530706,0.850524968087378,0.0,1.0
-1.8326536027790632,1.0622691183027808,-1.111265504936744,-1.2615725578919739,-0.7216600629448238,-0.7055568350246479,0.0,0.0
-0.20702603492644475,0.31515061800114197,-0.019504671887009897,-0.12264461952881113,-1.0029750168367786,-0.5693317103286061,0.0,0.0
-0.06899612088766714,0.14896541294803042,-0.39771920836814056,-0.5070710544244517,0.031923938483472185,-0.5286300471535467,0.0,0.0
-1.760319499308437,-1.691594452071458,0.8329550092997101,0.5983037800827484,0.4391498190295128,-0.7044501139987224,0.0,1.0
0.20686652793189392,-0.31929011876290847,-0.17032542362575193,0.05301259474725821,0.010986277197497512,-0.40504027935411957,0.0,0.0
1.6417828483220227,1.367069323450449,0.4517527195408532,1.616975240866893,1.4190954563407,3.480232596454885,0.0,1.0
0.4406696929106023,-0.5853532220619255,0.4951094767152411,0.32980106393246483,1.6438123813659562,-0.24239268869843605,0.0,1.0
-0.5428199579902813,-0.5224241395146478,0.5045164885449763,0.7440551452425703,1.1705204976055437,-0.6376466611066639,0.0,1.0
-0.8324684932170142,-0.42163981086439284,-0.825984491913366,-0.17495502857461098,-0.8437919576860066,-0.667127677919899,0.0,1.0
-0.4083466523380914,-0.9370427324055103,0.9773743353037764,0.9717036829802336,-0.2416342190770986,-0.6116246389457125,0.0,1.0
0.3874935345293882,-0.5228312857032731,-0.47129856911238205,0.21560787808933668,0.9507344679124275,-0.28364868497045725,0.0,0.0
-0.7683643499606203,-0.9474912821834188,0.37784442865676365,0.543833281670292,-1.3627230056347959,-0.66275982762818,0.0,1.0
1.0414537810030018,0.9119576554434877,0.7695480515359782,1.3222136381166747,0.20226184670277467,0.6942402267811126,0.0,1.0
0.09764141196397311,-0.44761990870165813,-0.3984811649441737,1.27215174267942,1.9255901239889157,-0.46061979503371264,0.0,0.0
-0.6882862225523106,-1.0066314383905284,0.4427545250637934,0.8482884807231713,-0.7679000468611651,-0.6525550724509542,0.0,1.0
1.6257099346459674,0.9792655407521071,1.5082097949100473,-0.5296022526108412,-2.6322081130517776,3.3588005841002797,0.0,1.0
-1.0934166353128192,-0.27831006978629896,0.8304791683704944,1.079457801055045,-1.7587556729272809,-0.6863592772609188,0.0,1.0
0.4640982485361747,1.6141969374015745,1.1761254671058097,-2.4219468897712964,0.8423725434212568,-0.2232835554616401,0.0,0.0
-0.5476408940234009,-1.1119001099181451,0.014053345943339186,0.521696888222809,1.8294894970158433,-0.6364512288701076,0.0,1.0
-1.015124471634617,-0.4549708350408114,-0.6886782054256947,-1.2307389182227215,1.7893976231459119,-0.6813708053693445,0.0,0.0
1.5922360459435634,-1.161302257288782,0.6462335317719067,1.0282790441298026,-1.290167645780609,3.11772756915189,0.0,1.0
0.4369079345181833,-0.4356205865903282,-0.4470711301904241,0.2782992551208591,0.09932833795644644,-0.24275820241191426,0.0,1.0
1.3976708164089056,1.2972425613082788,-1.2061142839038201,-1.7557256186031758,0.3737671539479137,1.9764148897534546,0.0,0.0
1.124344790120714,-0.3229010166028873,1.1675841980710155,0.634478805368031,-1.255930941667666,0.9232078773455896,0.0,1.0
-0.801416201498177,-0.4738437146879592,0.10314543867149623,-0.8272298260346538,-1.8499775702746217,-0.6628790050841835,0.0,0.0
-1.4857306709971028,-0.24989107539041777,0.4165873134486299,0.3628164569620361,0.9415042741575081,-0.7003349586629938,0.0,1.0
-0.3970343015403471,-0.7705459052726361,-1.0940820761814292,-1.076179500135019,-0.23942434555521414,-0.613532823219225,0.0,0.0
1.0987537300435253,1.3642743515690294,1.7027665679852375,-1.1999246731467488,-1.296026014530706,0.850524968087378,0.0,1.0
0.8139619042389422,0.9065491354264987,1.219810189866254,0.394846184814812,1.7842712382614865,0.21569278012246593,0.0,1.0
1.4221036303665546,2.0286793913871914,-2.2362266914198,-1.3525530232246772,2.6203372749651233,2.0955160287958634,0.0,0.0
-1.6946357840716049,-0.23286418000365694,-0.44169429349091616,0.13791859710429538,-0.22609753974531863,-0.7053747732148558,0.0,1.0
1.6649267716193952,-1.0116657925295487,0.45279287588719935,0.28066361892380876,-1.0161805819773175,3.6624318381834247,0.0,1.0
-0.5200035198216636,-0.8491700962478892,1.246339067869358,1.0794180544942027,-0.1527597384659788,-0.6333758299590448,0.0,1.0
0.6231599261568413,-1.8854693754346623,0.6677048961879731,0.6330187398729518,1.152558819829438,-0.056885330113235946,0.0,1.0
0.27947318492965867,-0.2695966998615277,-0.6324344055793216,-1.1399295969950205,-0.8239807129386979,-0.3604769554146699,0.0,0.0
-1.8222810646305272,-0.8203697212159067,-0.13443759288014687,0.7806079786785354,1.2272618630517667,-0.7053910581779655,0.0,0.0
-0.8951678805096405,-0.39179198615814737,-0.3931905011015215,0.42763859366802087,0.6979673693462538,-0.674860431108333,0.0,1.0
1.5957151491008272,1.4243705777838231,0.45695016365695806,2.2006730866287056,-0.9665468264032429,3.1452851059312996,0.0,1.0
0.28264984179974145,0.37348783909769273,-0.9901558582271472,-1.0578857029483975,-0.6150996828244473,-0.358755885952133,0.0,0.0
0.9744258753489818,-0.4544304819395882,-1.2189359535888409,-0.37912119955223633,0.011690264352104553,0.5310936638900545,0.0,1.0
1.0624793534235628,-0.5505092075834358,-0.8351466255366515,-0.612417790963087,-0.5190037042154304,0.7442951119683204,0.0,1.0
1.6618800103671703,-0.988505747234562,0.5768099136264377,0.04746380116607723,-0.591414697313758,3.638878997143606,0.0,1.0
-0.8110691947327785,1.0605387389038226,-2.2259517480224202,-1.0243279277594919,-2.648319941955139,-0.6630874215596273,0.0,0.0
0.20356949057775817,-0.5815429248063949,-0.4563829798016762,0.19495631450814835,1.4489105023557116,-0.40743414886322415,0.0,0.0
0.7445428512678243,0.005653231137286595,-0.5365059322016653,-0.2330821833006712,-1.2580590539605898,0.10662026340352056,0.0,1.0
-0.6700109697938764,-0.46495654418586296,-0.7054576231785007,-0.35641504739820845,-1.3908164112821992,-0.6509395737655945,0.0,0.0
-0.09240108326189547,-1.8576745021675491,1.160157491118973,1.8290956883943634,-0.0392500174436257,-0.5313817525422957,0.0,1.0
1.1863910924775816,1.5431997536393371,0.926269587518109,-1.4289431343325154,-1.0479601150607933,1.1179352908369948,0.0,1.0
-1.9208944356791016,-0.5373315639157276,0.2860354396958656,0.00053871330641424,-2.031560394695195,-0.7065887835610002,0.0,0.0
1.6720466035727408,-1.4381310790259125,1.4212220850562833,1.6077992922005795,-0.9615976126207154,3.719076042562044,0.0,1.0
1.5300318007861948,1.9967667681070498,-1.9038802195948012,-1.7409263118767524,2.250434517259725,2.7109690944948226,0.0,0.0
0.5498700065707525,1.7735260763209217,-1.624352961243392,-1.334177741288208,1.8142702260669994,-0.13937129221550265,0.0,0.0
1.062503988920113,-1.6700019310242473,0.6098174500017083,1.3097965924927468,-1.3575268841773929,0.7482741405622284,0.0,1.0
1.6020089864298641,1.803770176119888,1.084302849827338,-1.5534755982362203,-0.29489312820855246,3.186701858962698,0.0,1.0
0.28361435583020655,-0.3491601035511746,-0.5237891562049984,0.1573879997933597,0.9065039087057756,-0.359810586945786,0.0,0.0
-0.9788916763850516,0.650306924475685,-0.9839391596716188,-1.1089049217998892,1.3893255162490799,-0.6801815228683733,0.0,0.0
0.9371257472565004,1.9737073195643111,0.34088140034700787,-1.9385995042428514,-0.1271139258067201,0.4522977844957235,0.0,1.0
0.2522835449468966,-0.3502621101033586,-0.6567148357370262,0.43024763904063423,0.2400332547520783,-0.3800247244639322,0.0,1.0
-0.0787953659499977,-0.30121601404962406,-0.40195041830941336,0.49821136291953855,0.7301226241163623,-0.5312274842148144,0.0,1.0
-0.8905245508084628,-0.732000018965836,-0.6536581519464617,-0.7745484701377023,0.06464815693711236,-0.6725380442741502,0.0,0.0
-0.3205376910568085,-0.7494340074383146,-0.7702147396811223,-0.4349174796586678,-0.4328488983783041,-0.601080075995238,0.0,0.0
0.2482832469625341,-1.099620590597279,1.1767527789448997,1.3314919793290663,1.2227481113650227,-0.3833163038743722,0.0,1.0
0.31421341256137586,-0.9959471482671118,0.8031811892334668,2.0454210395849732,-0.35213700521410024,-0.3414889616281178,0.0,1.0
-0.7769052632510056,-0.835302816022982,0.3613840872867955,0.888508750900295,-1.1762910495518353,-0.662020761707241,0.0,1.0
0.557297157671601,0.1029449823104819,-0.23238984063564627,-1.1484411392954168,-1.437929967625018,-0.12955807154975837,0.0,0.0
0.3237896557535979,-0.5646893506289085,-0.6187448980559926,-0.31653372072313674,-1.7094030979286217,-0.3290369474072228,0.0,0.0
0.2724606080811592,0.45377224649589193,-0.345398716813153,0.5830508218391307,0.5097467657285373,-0.36611659441213174,0.0,0.0
-1.1317164796944779,-0.4489396297065472,-0.3111956137570743,0.007877707456325609,-0.18755367625544664,-0.6858756787648898,0.0,0.0
0.30848815893099757,-0.633593750926848,-1.022634394650348,0.0981689082565659,0.19980865482843072,-0.3433814671919186,0.0,0.0
1.1685527696957823,1.3033868906630168,0.733235108271254,1.042506212862096,1.297182527504486,1.0649339914160219,0.0,1.0
-2.051559871882513,1.1543954021096474,-0.657962750640556,-1.4550679084877745,0.40890384789334194,-0.7088404509367596,0.0,0.0
-1.4039658022884034,-1.0041433820418537,0.5491718848998483,0.4684296968714623,0.4858358555046721,-0.6966965692191436,0.0,1.0
-0.9517811678680668,-1.6690580780681499,0.7303993045398859,0.46766372803069506,-2.0488141397677846,-0.674971081056245,0.0,1.0
-1.266603588358376,-1.086938803245121,0.4857982568228043,0.4994596277771113,0.45774419722832316,-0.6952525227297678,0.0,1.0
1.3948841223710957,0.6212471230524504,1.663411682145119,-2.353293746389989,1.0851375749003083,1.9642321404571683,0.0,1.0
-0.5571022065635334,-0.2624868143179805,-0.11601549926699511,0.14298886413063217,1.3450787203361019,-0.6385949024195804,0.0,0.0
1.4521250040973896,0.5846090775406824,1.1964783836076016,0.9455057719301421,1.1165009929201222,2.25765464858155,0.0,1.0
0.7521935987029443,0.05444448425478999,-1.1319122448806842,-0.05342822463475746,-1.7931557722201885,0.11740005853317317,0.0,1.0
1.453706704353465,0.865129972213466,1.8427207934357426,-1.3106445653648169,-0.9587690460557248,2.2656871331834467,0.0,1.0
0.11841976833861059,0.049809726757183426,-0.3831909513230895,-1.4174249564825285,-0.0222058507811504,-0.45082141101079076,0.0,0.0
-0.5494476002360722,-0.5583991550209105,0.7860446639619194,0.6054517080661657,1.6299692757655522,-0.6411984334901512,0.0,1.0
-1.8725823666824224,-0.859596167079157,0.6928066069601068,0.45294851397955316,-1.242470696677029,-0.7046907310060162,0.0,1.0
1.483274045766109,1.4737214300579637,1.4713667609718097,1.1181122531201901,0.3992567467143521,2.43367923771236,0.0,1.0
1.3107113188429371,0.8022824255369598,0.8272728304894845,0.8359870640313055,1.6628450040382035,1.58177068372632,0.0,1.0
1.3952392282290291,0.5461240385036077,1.8865544129889036,0.446496819030637,0.46359313054595797,1.9656307456605122,0.0,1.0
0.09057802708636041,-0.0501605258623365,0.38427816257315356,0.20611429092414837,-1.0911049010217346,-0.4619001852478692,0.0,1.0
-0.10478759853015414,-0.020503189337156613,0.3045167375136583,0.9255559800718087,1.0354388142641222,-0.5394208497927135,0.0,1.0
1.2338601774868514,-1.6331557093819513,0.7511974484323289,0.6960766856962659,-0.19241962993355877,1.2837905807507644,0.0,1.0
1.2155252440333792,0.00352040696301419,1.2168602482010562,1.7126741377997008,-0.8656890982086216,1.21594502843163,0.0,1.0
-0.5991802250642877,-0.9501126293143606,0.6091140723143018,1.0848537309222774,-0.5364518505229495,-0.6398148014412174,0.0,1.0
-0.7731092315409861,-0.6560429910048842,-0.3416955128943792,-0.6858512935018618,-1.7672649043198654,-0.6659112018422507,0.0,0.0
-0.8567532035318948,0.7399263762994462,0.7020330396885882,-0.34912644347619737,-1.461848941857338,-0.6740287652347156,0.0,0.0
-1.23316882110974,-0.24603099646867577,-0.39728059243220865,0.4938359695385079,0.3956749456425029,-0.694976242731193,0.0,0.0
0.35493063677441,-1.424546973509712,0.7493805740636609,0.8080245479810709,1.502035368751738,-0.3075968195604562,0.0,1.0
1.6186496724994264,1.8601408081803426,1.0938728224827157,-2.031277853036683,0.8284089720795964,3.3134331879972834,0.0,1.0
-1.425576932485607,0.6166351162776018,0.9047285107550657,0.02084545044480475,-0.8044555257219982,-0.6976017349177717,0.0,0.0
-1.0262440482003519,-0.3290934876309158,0.0485661869887097,0.43036467041674836,-0.46036778036648324,-0.6809506269141765,0.0,1.0
-0.5817591125323452,0.7161181572752099,0.5696436485038111,1.139996576233839,1.4018737947972133,-0.6388361394070167,1.0,1.0
1.352570530769658,-0.432906254746034,-0.8920962882590047,0.08175640798786381,0.32026955814430447,1.7633585102669656,0.0,1.0
0.8745529412848898,1.8237746808272217,-2.0778667315936272,-1.3779949925865238,1.4546840990115033,0.32265326365074365,0.0,0.0
0.8261311577044947,2.072368360799362,-0.07365950285566739,-1.231673969689283,-1.9043843614333609,0.2364802105680656,0.0,1.0
-1.2950521345527963,-0.6431954710193363,0.7536617122648038,0.9372130372598212,-1.7169849238511101,-0.6916246619266884,0.0,1.0
1.1558297441432952,-0.8235372253384633,0.45163570936432434,0.5807058161560454,-0.24081812319226187,1.0194221379935051,0.0,1.0
0.10077135422063516,-1.4689773401501107,0.35646960219474977,0.7401456059957311,0.46393987525541186,-0.4586389033050799,0.0,1.0
-2.049429138787824,0.19599218741021204,-0.7902499467021331,-1.50520107105559,0.8260689308580632,-0.7118435643476335,0.0,0.0
-2.7063750181424893,1.286470822771933,-0.8488588336942123,-1.9589338467311728,-0.3270079723816888,-0.713935375403449,0.0,1.0
0.7460932509342387,0.007647510923022239,-0.9331931709906928,0.14918504601959062,0.1610696724207562,0.10929872490654226,0.0,1.0
-0.5893233283376635,-0.6248160307135409,-0.34318350113796614,-0.2519468440747147,-0.06323142361477771,-0.6425055031938374,1.0,1.0
0.4700896311747292,1.7395700811989594,-1.6270385089987867,-1.201131133994435,1.8581958842501203,-0.21710872199466594,0.0,0.0
0.9134558758328715,2.3653372287113434,-0.4352970873240174,-1.4842126523889367,-1.3105709132277532,0.40284898207608355,0.0,1.0
0.8374882760536217,-1.8266749973250382,0.6484400893159661,0.31899710752375393,0.44654136741554684,0.25924156146063804,0.0,1.0
-1.6063914038835003,-0.048118531799502776,-0.33706544654773773,0.5751144961009007,0.08057888499526117,-0.702921783466347,0.0,0.0
-0.332001538538075,0.5464247440519789,-0.18236113907033732,-1.0280220220972722,-0.7231549803406947,-0.5943068505204497,0.0,0.0
-0.9022111420117358,-1.0147879914548992,0.3166462498047904,0.5155508431777982,-1.8586607621392681,-0.6754846835225987,0.0,1.0
-1.6028478368397079,-0.20969320191407523,-0.10100132966966255,0.12673401847520718,-0.06703912468244612,-0.701850654020661,0.0,0.0
0.18442442625690475,0.21767078373995158,0.24801312250836335,-0.1126596394814104,-1.3076915224119454,-0.41357346684582236,0.0,0.0
-0.23156522854652675,0.031574156351919826,0.3962757113775826,0.18259096622021956,-0.2820657529711317,-0.5789973158662053,0.0,0.0
1.4061037309612883,1.0020299433768187,-0.41850184352788494,2.4474794504020547,0.46896155037216947,2.0173560265207424,0.0,1.0
-1.9138556369794246,-1.2639696053581422,0.6428810577495825,0.16197046566339263,-0.9408641444713233,-0.7070845874368902,0.0,1.0
1.242406814090436,-1.4027283835364817,-0.054457483822696925,0.5113557919457664,-2.0676495510342727,1.31529137446495,0.0,1.0
0.4307761137576998,-0.14506041938392059,-0.34243697415877006,-0.30051286623033374,-0.4127377971560895,-0.2496364968258017,0.0,0.0
-0.20821131174964833,-0.5722462724002789,-1.1365936424116159,-1.143876695084397,2.6501898090881597,-0.5691267549545801,0.0,0.0
-0.7477382153464748,-0.39664869297527255,-0.671710272906698,-0.714853741440614,0.5515627928535325,-0.6622195435479563,0.0,0.0
1.3497117374048704,1.7220723444698882,0.07847263645700307,-1.8802083100594043,-0.23658366197597094,1.754129212027104,0.0,1.0
0.14167860254558803,1.8106999798365582,1.5117903364377765,-2.53599681115953,1.106775612177271,-0.4401156433863642,0.0,1.0
0.6884838084787595,-0.33829557566440704,-0.5323164717851444,-0.0949860288320291,-0.8872666137427883,0.026218169788129613,0.0,1.0
-0.7712572416657187,-0.9040221102396706,-0.7745562630690278,0.24602370767472315,0.14873571185226706,-0.6626061315152146,0.0,0.0
0.39160508118751997,-0.29312485432395974,-1.118476365482869,-1.000435102781197,-0.23398779207864334,-0.2807541634237351,0.0,0.0
0.08424609098363346,-0.21390567376629158,-0.3895208284751517,-0.03933578988309509,0.8321660893189798,-0.46390239385355153,0.0,0.0
1.3868124625485474,1.9255085339977576,0.5028436041770961,-1.555065020052567,-0.5731025411281153,1.9237869174574969,0.0,1.0
0.6969646726360891,-1.6334727143222818,0.7670998872413979,1.2966623573045253,0.9246526742592369,0.03741148723751489,0.0,1.0
-0.7517975255551353,0.532509245702819,-1.3099545452198234,-1.1052067783570982,0.7613989528312266,-0.6596506948631802,0.0,0.0
-0.5600577155457059,-0.16327617820400933,0.6045573554470124,0.5296582097048594,-0.23887720540484017,-0.6364765033855042,0.0,0.0
1.0376327420827112,0.2731570343651676,-0.7502195828052335,1.0364668661321668,1.1972847682610623,0.6839384887911827,0.0,0.0
-0.7935788526269696,0.07520983192215812,-0.013037761520304102,0.18929019654676912,0.33520608675785296,-0.6661235346824819,0.0,0.0
0.8700092260859833,0.7291612236142473,1.018825253103488,0.9332007765379831,0.696139930375475,0.3166359551451343,0.0,1.0
0.2546445956542102,-0.005535378282832088,-0.44656280915423663,0.03574315932615119,-0.8475476548602285,-0.3766474875209205,0.0,1.0
-1.4019499541388443,-0.2909580606614571,-0.460544711768532,-0.1997277417865245,-0.7741161976755777,-0.6969929659069591,0.0,0.0
0.2521158548766351,0.05881096987010701,-0.6032165798880899,-0.6983408007556617,-0.37289892709376354,-0.37691183518976046,0.0,0.0
-1.859708409717786,-1.3736817672992154,0.7121578538002717,0.46837454118279076,-2.5917758102441097,-0.707133665390742,0.0,1.0
1.5045081871672297,-0.33392621102700265,0.8801085446405299,0.4647868645526514,-0.9757146214940917,2.5562701766274847,0.0,1.0
0.7059537486004613,1.745397502487604,0.3391659221695547,-1.13354823351475,-2.184420060394773,0.05077048119021342,0.0,1.0
0.5974375917973481,0.412208424106937,0.8560258580837674,0.816067123347008,1.2142920602262313,-0.0892121346059696,0.0,1.0
-0.8189114711994427,-1.0760037296819769,-0.5743558216433282,0.701112590945267,-0.35675067424377155,-0.6649913209638216,0.0,1.0
-0.558910514036615,1.6131042094490025,0.3629350681381636,1.5641176922882554,-0.3814475929612137,-0.6375831525456125,0.0,1.0
-0.9909288417565528,-0.47473215662464396,0.5861224570725824,0.7744440744921056,1.4645286907252808,-0.68303465856361,0.0,1.0
0.9003342720545316,-1.2545833240443935,0.9519611424924047,0.9825807263243427,-0.5904479177107156,0.3746438481468629,0.0,1.0
1.047062750687318,-1.515444723005944,0.11049531736372413,0.8262211445034938,0.05002273239328708,0.7091598732054621,0.0,1.0
-0.6268331874219576,-0.7862075751235392,0.3911066752884808,0.4300913559853033,-0.5975866867064419,-0.6441199013599767,0.0,1.0
-1.0998387385109847,0.35937423314535566,0.32679961166926935,0.3365894233942044,-0.06517956558298794,-0.6851654454981839,0.0,0.0
-0.3798225252485332,-1.6672643459468028,0.5246980290011068,0.5197643636978215,0.6260477359646003,-0.6111337791025374,0.0,1.0
-0.9532271889311683,1.3931888897187166,-1.7941245530364904,-1.1313977187881745,-1.2753502470242364,-0.6725215158535276,0.0,0.0
0.5924502491950698,1.4502922428482166,1.7282909694335944,0.20164505057938045,1.4765616891737707,-0.08778348758750158,0.0,1.0
1.0551744483819794,-0.07530666996991368,-1.230735965164305,0.18062047158176778,-0.4643254691692367,0.7302882517646727,0.0,1.0
0.19797051067084226,-0.3644788444011111,-0.46847456685222716,0.2151663106372574,0.567701495839264,-0.4089932074964989,0.0,1.0
-0.3422587116553342,1.187825441899101,0.7474438635685474,1.253678831621481,0.07294363915132754,-0.6018838894717501,0.0,1.0
-1.768405498839012,-1.1068707398360718,-0.7634177252025177,-0.31402286484380293,0.10231443522828115,-0.7077715182874561,0.0,0.0
-1.360486044922515,0.7663586228962674,-0.44310784083307186,-0.7609311481062733,-1.2596017360947769,-0.6989064488229536,0.0,0.0
-0.002814862334006282,-0.8774513573221295,-1.1697344627344806,0.7928532183206032,0.8660053851898466,-0.5025492019751203,0.0,0.0
1.3789253425093848,1.5220134258129827,1.344157178032217,-1.9258414282148624,0.36777765552473796,1.8881518996212512,0.0,1.0
-2.0209768116955282,1.4461746293706172,0.8558408574901548,-0.06762203689882919,2.4190809184121624,-0.7072537709294011,0.0,1.0
-0.2890601863309122,-1.4359795097099508,-1.0809826774731848,0.7108735654911416,1.2192096693211718,-0.5878939936191183,0.0,0.0
0.4867346367202836,-0.6920970148118468,2.3523213074557887,0.05811988668814735,-0.8142803589748155,-0.2017488216102987,0.0,1.0
0.05777146658474113,-0.20031012356195013,-0.24981678475396818,0.5780068212364431,-0.14395045719724328,-0.47828116412148697,0.0,1.0
-1.0290943703430755,-0.6571952016756797,1.0963250814144485,0.5023317633445769,0.701367559516006,-0.6808995345071656,0.0,1.0
0.7521917537528261,-0.2721260221396869,-0.7599844814754718,-0.23560663222381395,-0.09542654911429584,0.11990390006748408,0.0,1.0
-0.7744348095163411,0.29813583524060217,-0.9257419460429482,-1.077364952888537,0.9826980681484928,-0.6665824676263787,0.0,0.0
1.240930028139778,1.4142091068651572,1.2667111083045688,-2.419185363883359,1.2511844371886869,1.3102698201615033,0.0,1.0
1.1255192040113509,1.2933287094478745,1.0174500142344332,-1.5045866322911448,-0.9750866961748541,0.9261016301328776,0.0,1.0
-0.3342372913899012,-0.7428641234974912,-0.18626919341004197,0.29243296343553243,0.26607603336926683,-0.6012365319581341,0.0,1.0
0.581914503419711,1.8559571399721926,0.5055839248371499,-1.4418086995683301,-1.4250316332381834,-0.10665093937045103,0.0,1.0
1.2580828238372272,-0.09847015419709677,-1.0593708340611168,0.11732759095622361,-0.5821968456522154,1.3731127787057857,0.0,1.0
0.3506493302988931,-0.8071747790798521,-0.43908261720455555,0.5213330516918349,1.4042494359866613,-0.3138324153205308,0.0,1.0
-1.5594068226248576,1.411014143194534,-0.9283024128479835,-1.3054104387658505,0.6348755168515977,-0.698992052292494,0.0,0.0
-1.0382246077934052,1.4073971888431311,-1.0731643077855666,-0.7873918272526572,-1.9426823997954192,-0.6826424734041121,0.0,0.0
0.20410799733831111,-0.8975504534754003,-1.1473036580718294,0.24697369541635927,0.5441791489628033,-0.40695773014345754,0.0,0.0
0.5399048649988681,-0.48237552761949076,-0.49520143598455646,-0.0017470484112119212,1.150018061173152,-0.15307329427600025,0.0,0.0
0.03321967970127971,-1.701248673946357,0.7645260287708493,0.9525417567384716,0.808912864269759,-0.48921124619136774,0.0,1.0
0.5973082482946221,-0.520017515958649,-0.030402033222550626,-0.3361488220945608,-0.3136697744214947,-0.08559592375690013,0.0,1.0
-0.47880428675660447,1.7899278376751897,0.5997259510366818,1.6248356401246546,-0.7924230080392062,-0.6292934235279113,0.0,1.0
-0.8726422754882057,-0.28312131367739846,-0.45222918383912286,-0.04652182195758017,0.22757971437317046,-0.6688431485987121,0.0,0.0
-2.157668410518613,-1.356056420406608,2.1137562396822913,0.5247767615544146,0.2431618496301075,-0.7077464931470475,0.0,1.0
0.6781109518454579,1.8089614263119957,0.9818799289325446,-1.1357060950483246,-1.833097386570377,0.015260838675249782,0.0,1.0
-0.2540854038441383,1.008661863439236,-1.048125744080546,-0.43275104093736805,-1.4423243067178744,-0.5825472424926331,0.0,0.0
-0.6020631042516643,-0.43943434440360557,-0.07903528628920915,0.08091539497107353,-1.0762211131126358,-0.6417126259870511,0.0,0.0
-0.9027185027432171,-0.9182636737950253,-0.8593130409246698,-0.9160588178150654,-0.20123941149998084,-0.6728594864239064,0.0,0.0
0.8475529061106303,1.1881010930438443,0.36757817296309325,1.3116115443162444,1.1576187425173472,0.27923230554717116,0.0,1.0
0.38411421425672765,-0.041980432349831925,-0.5039972486610772,-0.884888443751894,0.03605157361974324,-0.28714833564393866,0.0,0.0
-2.2143952168554084,-1.3264818719538425,0.596016225299589,0.04190939505717253,-1.0405178529717705,-0.7122666439917503,0.0,1.0
0.3881477264324989,-0.022282749484132464,-0.001170283625364415,0.5233844167672779,0.029382390905389494,-0.2848955405046085,0.0,1.0
0.005359045774412477,-0.8275837934135124,-1.5000279447189995,0.36040213144943695,0.28865140704262726,-0.5008784005872668,0.0,0.0
-0.34332634610982504,-0.30328178881123413,0.37951548328742984,0.6451007777487873,0.30623660593515495,-0.5990983643440476,0.0,1.0
-1.0756286053007547,-0.8055199025242469,0.6929357479215911,0.45207670988911003,-0.11247001189568535,-0.6828192712075345,0.0,1.0
-0.6852081756249845,-0.2602589758035994,-0.2639976780645577,-0.41186388356159115,-0.14751131319292196,-0.6530821847084083,0.0,1.0
-0.36427871901973036,0.4756993441907491,-1.102420866065263,-0.9749282111844602,0.6240137048205961,-0.604682344923341,0.0,0.0
0.9549189203419047,-0.42021217664105004,1.3758674908348507,0.3136017065557476,0.2107706968618184,0.48829903717755135,0.0,1.0
0.6204081568104541,-1.501320731888298,0.48848042221300064,0.23262364291189364,-0.1838840676809767,-0.05980604344549644,0.0,1.0
0.389816978790193,-0.4752524236072184,-0.7982501405411869,0.02962337533345642,-0.19678901558982473,-0.2868130406549073,0.0,1.0
-1.083244115436844,0.6230852597884142,-0.5852565184785479,-0.861279381970016,0.7466236575256043,-0.6808654105606312,0.0,1.0
1.6209123880794598,1.2552906744746997,-0.8810553723121607,-1.943153587301396,0.5162615409297149,3.321968851273761,0.0,0.0
-1.2360092899393664,-0.22048176202921405,0.13353113254436821,0.6976973981463181,-0.4029524471136326,-0.6924759069559582,0.0,1.0
1.4987129006675268,0.8866893530124195,2.0070640294146997,-2.1995411766969353,1.0841448348335934,2.52178389382105,0.0,1.0
-0.903805904547426,-0.9334195383898598,0.9884822966264301,1.1491981783900396,-0.004766506452286218,-0.6777048743202855,0.0,1.0
0.06486884497039536,-0.22624716822196267,-0.5738859651235824,0.3734627970448559,0.2516515242463442,-0.47477156401371684,0.0,0.0
0.0945815192726128,-0.07901591403542174,-0.7516784894882658,-0.3820864757945809,0.7430935102928906,-0.46079218253594123,0.0,0.0
0.10487813247425679,-0.6439039789321436,-1.9143714670658163,-1.0885772858816656,-1.9800841889551077,-0.4576374897607072,0.0,0.0
0.10913458533209759,0.13203596641603452,-0.9467905808314737,0.7008431511467794,0.46308288014861504,-0.4596788640585219,0.0,0.0
0.2803392471671837,-0.02768311796876514,-0.8213208592640486,-0.333836324801282,-1.0996361298957367,-0.36169546114419815,0.0,1.0
-0.014766002695851606,-1.2092598218887682,0.9946706999018023,0.43532393558225024,1.0259341911733415,-0.5068148147709,0.0,1.0
1.0556393894194196,-1.2728768516532347,0.4829869268586453,-0.038801205440834034,0.9807265323213677,0.7297145988286643,0.0,1.0
-2.3033841931206704,-0.916850013881014,-0.38872684625587517,-0.1509137353166757,-0.7026381354489913,-0.7130457358850731,0.0,0.0
-0.40889165708098957,-0.4143800658114271,-1.297080924811052,-0.28546745597867196,-0.6128846569346934,-0.6127579536325171,0.0,0.0
0.9530054862262546,-0.31891125005412346,1.1913589462265233,1.2377512245995095,-1.4290454091000986,0.486747458603773,0.0,1.0
-0.4684940985340027,-0.5641983387146743,-0.7596333186928004,-0.756703549746021,-0.5556293232892336,-0.6226272419852267,0.0,0.0
-1.0733836447287601,-0.14086709116467566,-0.15165932920079636,0.18587562888000816,-0.3775134367316854,-0.6840180840916209,0.0,1.0
1.1463951634525094,-0.11759573881579384,-0.5884679204611508,0.35252947808798296,1.296064937082887,0.9920525851180855,0.0,1.0
-0.550790577355496,-0.12600965794278912,0.9301977983667485,1.0596382870135288,2.4099191536970217,-0.637353092586945,0.0,0.0
0.8463258884845491,-0.5976827577685697,1.1417491611184512,0.48995457306367796,0.8089321023948917,0.2738216927951501,0.0,1.0
0.9401535276235525,2.272538564926983,0.47971944517872284,-2.2419720539040413,0.7488304246412267,0.4598232669355433,0.0,1.0
0.2195732507446322,-0.5681668918736741,0.36005644588073654,0.8024769406388936,0.2621346651641127,-0.39506333583585906,0.0,0.0
-0.9037848342905197,-0.25288962676272236,-0.8058105726838847,-0.17370445186699673,0.2741646314819923,-0.6736523669770601,0.0,1.0
-0.9646837940185682,-0.46137220811244006,-0.7075069018964232,-1.0117033383995322,0.7504029036962777,-0.6779405366063244,0.0,0.0
-0.3659071187444214,0.028356459039416047,1.7910170737143079,0.1302755595949681,-0.25214366004396754,-0.6031021096250284,0.0,1.0
-0.8467555701159563,-0.849755859498357,0.007899758283957422,0.758872339731996,1.1642405106549323,-0.6700124075580113,0.0,0.0
1.417810019660839,0.5765844825194759,-1.8055745197213295,-1.6548825298059047,-1.756358373555076,2.0767767946899727,0.0,0.0
0.628801344439616,-0.4411873382293427,-1.0513030303771729,-1.041972937085908,0.2502015090592084,-0.04861685142716641,0.0,0.0
0.43048792680399606,-1.6341045294780958,0.9002511249446583,1.2471400155076395,-0.9348669827576838,-0.25015250478103634,0.0,1.0
1.0083300341299226,1.4777228800177644,0.9609320929669322,-1.6158520968581902,-0.6963556045033054,0.6141182490071261,0.0,1.0
0.5141168096233373,-0.34517586090780933,-0.7027495977015157,0.2733356378053295,0.3531059663164274,-0.17500279923254092,0.0,1.0
-0.14019295840505683,0.297127772157394,-0.4283552284980785,-0.5951229649032093,-0.21871666173946772,-0.549664666468364,0.0,0.0
1.1676877294691372,-0.8674656103732715,0.8882475123667355,0.8686638143390043,-0.5633789065620828,1.0562103967214238,0.0,1.0
0.9114419622258352,-0.4975264736227726,-0.914528844370659,-0.39221972756137913,0.45798271075881153,0.39965686996777444,0.0,1.0
-0.3067871663064302,0.2625668920430954,0.49405013154128424,0.0018225409606243196,-1.1513692727323808,-0.5935489940734372,0.0,0.0
-0.14927043953874122,-0.7076924355522553,-0.9532056830140347,-0.4545212344568056,0.017315958802123613,-0.5540580638883864,0.0,0.0
-0.9941643352496204,-1.0302228694616387,0.9259784506580995,0.8423134959655149,-0.17483057169852384,-0.6789398152421693,0.0,1.0
0.5983796002166024,-0.08931638746687828,-0.796301334029099,-1.1654161102990745,-0.05037421470802237,-0.08418824000089259,0.0,0.0
0.49230027424725475,1.4925115812146323,-2.243772732262466,-1.0471401566271137,1.2489226777132776,-0.19724159950215817,0.0,0.0
-0.15225322870543784,0.35794823177672835,0.0856291050257559,0.10185831703208677,-0.5648275930005006,-0.5515940924227577,0.0,0.0
1.6297510850867372,-0.7592837753212327,0.9018310053665364,1.7981019359013513,-1.367696075341107,3.3905773434690256,0.0,1.0
1.2540705891573294,0.19547467419323264,-0.5358019098081424,0.5333188017150875,-0.24805360333285828,1.3560503787239837,0.0,1.0
-0.8497319389682126,-0.6805812609908128,0.5067506734058079,0.8512447683508616,-0.11946097256758959,-0.6702369679378354,0.0,1.0
1.3920521541958732,-0.260216217758335,1.3153881229735802,1.2767252003843874,-0.8257730682735367,1.948805607037282,0.0,1.0
0.5973625575774577,-0.7578527223093747,1.3689278867767622,1.8031174845577636,0.7875853102740823,-0.08571118126334953,0.0,1.0
-0.9901198514022732,-0.6666360423957801,-0.8420034921750249,-0.20094230686620715,1.1376102580520857,-0.6788394890481391,0.0,0.0
0.640265327980826,1.2132172148882026,1.2170551648957066,0.82065669030841,1.1191889098202783,-0.036333241191978186,0.0,1.0
0.7990479818971625,1.289613373172111,0.9449917291775033,-2.0572590024770974,-0.021168186150715546,0.19156603141120987,0.0,1.0
-0.7283441263696203,-0.5687599314386621,0.38881715744757206,0.8928295843120522,0.23378718385463698,-0.6560162402717621,0.0,1.0
-0.33222496123450584,-0.5704883635588404,-1.5114159558103177,-0.7999356942896138,-1.3660000375056591,-0.5987921331949,0.0,0.0
-0.8376803027275166,-0.23694416828130066,-0.042959658389246654,-0.11169646729334869,-0.9333807534985731,-0.668931277017478,0.0,1.0
-0.5045737282444966,-0.5874439924527303,-0.1406336943513295,1.0863121283749473,1.50939642679822,-0.6295920982314003,0.0,0.0
-0.7719231696000457,-1.3012689738707317,0.24293271629107918,0.5310630944059272,-1.4458763227935076,-0.662967833155252,0.0,1.0
-0.9726068559682797,0.38276314000468814,0.05556549756728309,0.9854567965261876,-0.6103196050195453,-0.6754154068940421,0.0,1.0
1.392483132333493,-0.871449634482409,0.750587531151662,0.1946717858620239,-0.2907672652488812,1.9515005736797322,0.0,1.0
1.24588351840446,-1.53737862759909,0.5704954330347481,-0.2578952980423806,-0.10701901796245875,1.326111958965364,0.0,1.0
-1.673635199864273,-1.4905308221329385,0.6894526904039887,0.1419645366245182,0.2389555510140855,-0.7039989572879412,0.0,1.0
-1.0202114728168217,-0.3346978472906595,0.23009891130696458,0.6769161041869363,-0.39718619071737366,-0.6794353226327344,0.0,1.0
-1.5914790048410323,0.9886097237018691,-0.614854838464815,-0.8232560755834685,-1.8239873038384318,-0.7027067955064449,0.0,0.0
-1.1642198592082758,1.3447370064447766,-0.6785530540572992,-1.1412242890674327,0.5201076932533095,-0.6893353048460231,0.0,0.0
0.6465261654303693,-0.3256006325130518,-0.9214441929613387,0.13546619262331863,-0.31216245079523786,-0.025762539753439517,0.0,1.0
-1.7236006156489188,-0.5943289835992236,-0.31619005121477645,-0.10983365511679932,-0.5123772818605643,-0.7020641892823849,0.0,1.0
0.28996522075917874,-0.09748377872480618,-0.25634917610373303,-0.08447921843341014,0.14130102715009712,-0.3565157674517284,0.0,0.0
0.4720816202592808,-0.9456895720377968,1.2637363284813803,1.5481158006881273,1.2014706717364996,-0.21429733833290074,0.0,1.0
-2.5815509862946366,-1.0149800645955545,-0.21196607137585755,0.483723117722122,-0.14835347752364836,-0.7113139668877112,0.0,0.0
0.798722691842741,-0.5430573458114104,1.081720418445624,1.9321420046007747,-1.0840052754055522,0.19255310525271965,0.0,1.0
-1.2070777974746978,-0.1851245733692823,0.45305909396025695,0.8401564554035372,-0.8050624012510061,-0.6921058531951237,0.0,1.0
0.9329963852244816,-0.7336676992464451,1.0750935059785343,0.8513306896259517,-0.5675610941625662,0.4417316005097459,0.0,1.0
-0.9779044267991036,-0.8797065897666129,-0.8194325381728299,-0.43940350656093263,-0.6597474112619505,-0.6781533768910195,0.0,0.0
1.4772668153551045,1.1935151774392259,1.1107420690223684,-1.424028121592173,-0.9307615939640969,2.393359813226484,0.0,1.0
-1.208902052628891,-0.3731738135941508,-0.5416488953500912,-0.5663040991751347,1.54485010057341,-0.6937187495660879,0.0,0.0
0.5347548279184615,-0.1326754556189584,-0.28376176956172977,0.28294162955573565,0.5572719860363129,-0.15283933516918935,0.0,1.0
-0.9297832423953785,-0.9248078210584665,0.5952988347373107,0.7437361860065397,-1.0747813877245342,-0.6722791440477206,0.0,1.0
-0.16739977051421098,-0.2314517273292277,-0.19400203491080392,-0.23353486289482514,0.8210664182990278,-0.5571523534949343,0.0,0.0
-0.6403585699789381,-1.2345431192957348,1.1651283269881392,0.7198731994255203,0.3412229515754691,-0.6488716705081128,0.0,1.0
0.4987646395794751,-0.4303433166571153,-0.292684591071396,0.4195640242134688,0.6297026920390132,-0.19080277864486922,0.0,1.0
-0.29754491155496104,-0.26484427506607394,-0.2019002083735531,0.9996932157144262,1.0920334265179468,-0.5892888553909048,0.0,0.0
0.8176783595760265,-1.3704258119280786,0.10642213610798332,0.3387576611985121,0.6852293202602749,0.22234362253912468,0.0,1.0
-0.6739020982351318,-0.7484601874156643,0.3599803528549914,0.7850417319302243,1.0118998507056394,-0.6505319109419355,0.0,1.0
0.9064574369722187,-0.29394654721023084,-1.1579619397264191,0.9766400423050431,0.8424945384461059,0.38703040361168806,0.0,0.0
0.14232127515091528,-1.1153608447930674,1.3493373902972157,1.017756678929667,1.5031173756196512,-0.44106119599581134,0.0,1.0
-0.4832022166902038,-0.6867505394075042,0.21149797723331734,-0.0349039865549542,-0.37454679800833374,-0.6283381207426559,0.0,1.0
-2.8902892903074404,1.4600649726179944,-0.9044149520307743,-1.6322021795633337,-0.9940564415406725,-0.7116885998366508,0.0,0.0
0.41656688350079935,-0.5361564562576816,-0.8362379165831701,0.1859536809193173,1.4400289332866256,-0.26354792844157815,0.0,0.0
1.4843040736517565,-0.6964006681415503,1.3283717530346502,1.1512328716261642,-1.6247814061137233,2.437674441931452,0.0,1.0
0.610831339877158,-1.6476408689501159,0.858714335199015,1.6331465912464458,-0.7717535909271986,-0.07127970785078659,0.0,1.0
0.11806217340788593,-1.3094399100158718,1.0308357543940045,0.843725030244267,-0.11943250548128927,-0.45203966418590447,0.0,1.0
-1.4698546718645462,-1.2667574054173005,0.78303970832359,0.37278003284863287,-0.3058257601934858,-0.7012223568586948,0.0,1.0
-0.45613572374925143,-0.7738502631087067,1.2451097940480091,1.1074993281150398,0.15251264718216523,-0.621661413739243,0.0,1.0
-0.06236126718622514,0.33006662827938044,-0.08310646005092649,0.917664877741384,0.6184307608690588,-0.5253481049680399,0.0,0.0
-0.0005804878717617414,-1.137327669708484,-1.5685195833724577,-0.49840713750835697,-0.24549284282753805,-0.500763735988479,0.0,0.0
1.384052248138485,-0.8567954932653724,-1.7117216447213832,1.179725640321714,1.7602840220487634,1.9119504000707916,0.0,0.0
-2.19374233253211,1.5737660720637567,-1.3519120898937438,-1.6246699099567454,-0.30860214382715534,-0.7108823067417257,0.0,0.0
-0.4995182419986283,-0.5252488250816392,-0.4212622912859146,-0.7002179797970162,-1.3840609638439774,-0.6259693032263681,0.0,0.0
-1.1102073746065988,-0.8229224461046326,0.6650926655621419,0.9348433368355313,-0.1400244673361503,-0.6855361489890129,0.0,1.0
0.7988975548427797,-0.9813216655791716,0.8165948207440968,0.7325571559517368,-0.585593250386921,0.1888571052161065,0.0,1.0
0.23299617673172804,-0.5160693437918904,-0.76891622241362,-0.9291572888198686,-0.20194972678286596,-0.3894844549904661,0.0,0.0
-1.189133466984396,-0.171285173375775,0.07749868427368385,-0.8704651638716816,-1.4205004917786148,-0.6896341132217156,0.0,1.0
0.5788282479922517,-0.837698077369339,-1.3828437591878273,0.7268172776944438,0.9237193001748661,-0.10390831353216198,0.0,0.0
-1.6071997749224474,0.4092311618768545,-1.2781656549879798,-1.3811258832055988,-0.20781787622648928,-0.7012631590241643,0.0,0.0
-0.47624039310284966,-0.2805941039366084,-0.7305183454686492,0.06507847930031994,-0.01638699450610405,-0.6277994091320445,0.0,0.0
0.7391592189317305,-0.4261101091284903,-0.8462060883400353,-0.583199155511935,0.3034762409456667,0.09931427383402362,0.0,1.0
-0.6727277395459349,0.030237129973709007,0.05726507633044346,0.1444235774696881,0.0661967427896155,-0.653071664688357,0.0,0.0
1.4489652739771437,1.5703082652591736,-1.7503688002411393,-1.7938287234312154,1.1063331628018163,2.2395561179778722,0.0,0.0
1.6346526738668539,2.324413711933747,-2.5990715508759936,-1.458626814836354,2.7685161682430786,3.4271280199844267,0.0,0.0
1.420519107354709,0.15008040110738102,-0.4949371557511764,0.0420185761728855,-0.19373831929843852,2.0948870033712232,0.0,1.0
-1.161942483480587,-0.2751758390803216,-0.3718550094571086,-0.3513311173181884,-0.708871961125157,-0.6878274935150384,0.0,0.0
0.3403314422691285,-0.5981101073927738,1.1083457293985057,0.5093109917772757,-0.2168886519276393,-0.3224994601055065,0.0,1.0
0.30491499264630545,0.08324835252256797,-1.2514407280889153,-0.025151870088936646,-0.6252718029873204,-0.3451933670004558,0.0,0.0
-1.0826870176472068,-0.8126916717342726,-0.23623359543607092,-0.06468801114276004,-1.658764881263057,-0.6847476768993154,0.0,0.0
-0.03320238774471726,-0.231847804959276,-0.8963800488829389,-0.7895372437235573,1.4598086950766727,-0.5124366852710267,0.0,0.0
1.0629344228888953,-0.8662046049755469,0.8676442224375324,1.4407404714299008,-0.701202838020206,0.7530675109061181,0.0,1.0
0.1891343756187122,0.15439626296432968,-1.3877218678041738,-0.8722819754229796,2.4122067014510358,-0.4183678857018636,0.0,0.0
1.4284272303625016,-0.9686027763828163,1.0085550259148466,1.1177272945226169,-0.904450855258452,2.133572345242623,0.0,1.0
-1.1958015235129988,-1.1063895062670213,0.6843386469381378,0.4972156001862445,0.5482538692469993,-0.6906350588983605,0.0,1.0
1.4192161429144476,-0.6708487800144404,0.8575436075980011,1.1795848411757601,-1.4310550290542996,2.0844715268312215,0.0,1.0
-0.1996772533008121,-0.02675090591841281,-1.083051653940786,-0.29615500896252556,-0.9892722418745429,-0.5693452373643794,0.0,1.0
-0.2856319362352341,-0.785832965027929,-0.8306923631619123,0.009057323705714266,-0.3302801411866554,-0.5882788392385251,0.0,1.0
-1.2664446071582205,-0.18719587044197034,0.558456795700668,0.6081817635827237,0.7138106369523088,-0.6947995134464504,0.0,1.0
-0.805925523522437,0.2958086791595858,-1.3975533556524586,-1.16902816570121,0.1131661188871629,-0.6684846706240085,0.0,0.0
0.7275224099113026,0.0016714483687982722,-1.5963623793174053,-0.36445407126783286,-0.5994397156858492,0.0800849576131621,0.0,0.0
1.128991492202072,-0.7562656577061304,-0.9514901664549751,-0.17429104631836653,1.3861687952907005,0.9344838729672134,0.0,0.0
0.14536137878151376,-0.4150450788297941,-0.45269698843442013,-0.33146702153403756,0.7891195318780068,-0.43794252671369027,0.0,0.0
-0.7755157197959298,0.16152438777184727,-0.40368912490138664,-0.23155161735360896,1.0299871300069623,-0.6609924457537347,0.0,0.0
0.958121559850079,1.5965500455726376,1.9243219358050534,0.412394924558985,0.26276184217562937,0.49405533908157256,0.0,1.0
-1.092040151048164,-0.18522600155828006,-0.6497971145147143,-0.38701066185148064,-0.9028098132136431,-0.6855132757865067,0.0,0.0
0.41599974331710293,-0.15111634532931642,-1.3932473504460592,-0.12816953342464915,-1.1141954754113945,-0.2619089932853273,0.0,0.0
1.3546339619819392,0.7930716545438634,2.268677482564864,-1.507941796832699,-0.4413034084824285,1.7752901081783592,0.0,1.0
0.04066032986321227,0.2782480121252178,0.18855919959792355,0.19160621087131635,-1.025584455991324,-0.48611420670684546,0.0,0.0
1.5848495267567322,2.087557914539602,0.3389461647029664,-1.2383521762531435,-1.1475531213389003,3.0704851057582223,0.0,1.0
-0.6091373524055725,-0.9060301436075686,0.9711573849349201,0.9131717142847288,-1.1023969760331966,-0.6464219608987584,0.0,1.0
0.3489210309228507,-0.20199893814403197,-0.5632439792278928,-0.5112445610592631,0.44362981779596994,-0.31212696501440756,0.0,0.0
0.37326543070089674,-0.14784253364815533,-0.5062609014494919,1.2018680984665326,1.6186554220068115,-0.2938675293333052,0.0,0.0
-0.36601362422503747,-1.4356299968878836,0.6820605882420583,0.7016853330513986,-1.3207198988193163,-0.6077967520864839,0.0,1.0
1.1385578488406305,-1.190025387368569,0.4645317437457384,0.9260764855806224,-1.0271527338544284,0.9662590591201945,0.0,1.0
-2.2339210471543027,-0.9019750667650571,0.17333389414870481,0.3485239261701859,-1.856248207783258,-0.7114696955533885,0.0,1.0
1.1727411971961106,1.9412512586282882,0.9691787864191092,-0.9572174593541328,-1.857488214274033,1.0745393601646502,0.0,1.0
0.2922994818918766,1.5091514026252482,0.957378602311995,1.471282000194297,-0.4422222719456561,-0.35390544853276606,0.0,1.0
-0.3528500372964401,-0.34916253216322723,0.7362909630331781,0.9186413006823708,-0.30645194565078304,-0.6012943896886594,0.0,1.0
1.3099119962569494,-0.0003264393471912953,-0.867814175921974,-1.1851104713997747,-1.0493471520892599,1.584396931522798,0.0,0.0
1.4626640225283363,-0.8263266527290691,0.7339314086103611,1.6324520537835587,-1.876735726352183,2.315177849761895,0.0,1.0
-0.21534182604696028,-0.6603802049401846,0.5846384197643354,1.3922699765451987,-1.1118252150115824,-0.5699769170612029,0.0,1.0
0.2429390604997966,-0.4666380075228158,-0.5935023973740687,0.19111984732497894,0.45757481030950664,-0.38391615338346213,0.0,1.0
-0.07376164088711308,-0.2501668430018752,-0.7375191823769411,-1.6252520814438585,-0.28000666647162836,-0.5279337197283632,0.0,0.0
1.6225468076251623,0.6934745660698328,-1.2230237771730748,-2.025901382246193,-0.3224388874023221,3.3332477473959323,0.0,0.0
-0.32526696541366473,0.25432082880966134,0.2557524199440709,0.07610766174216106,-1.2998139810858287,-0.5999235155382913,0.0,0.0
0.5667445482447578,0.19553123061613448,-0.757888194571053,0.7081002459858919,0.584206778320262,-0.12084026981521034,0.0,0.0
-2.3391555346247532,1.2494537789337727,-1.0754124512231862,-1.3836909425723087,-1.4276530590682917,-0.7080297465429986,0.0,0.0
1.2108666141425806,1.4003026700548988,0.9344978301321614,-2.419648193168745,1.074656345354509,1.204904926131387,0.0,1.0
-0.2474172162028983,-0.6956035972011051,0.29060894670097365,0.9898819908418943,-0.5970483401484967,-0.5813504133942938,0.0,1.0
0.9490573630765463,-0.10011464300690545,-0.42993114568772545,0.1259632869458196,-0.9911469781599944,0.47641249560997057,0.0,0.0
1.0489947703503468,-0.31456598991517487,-0.6355971024437861,0.07870139626497603,-0.9493161268002431,0.7133793473044452,0.0,1.0
-1.5368495777160478,0.8335572775686572,-1.3159312140571928,-1.3023708247965649,-1.8044099471165052,-0.7015534739363455,0.0,0.0
0.8300884245896876,2.0702987148121,0.2078422961746286,-0.9824849265621987,-2.327020173590712,0.24376826584403571,0.0,1.0
0.6524277284396311,-0.4683413717102569,-0.3192332887950287,0.4165336415315539,-0.058529705853927125,-0.018969720960883507,0.0,1.0
-2.232135394365868,1.053682432857418,-1.3146385416469295,-1.646203243211965,-0.39212652581128277,-0.7097731016032229,0.0,0.0
0.7823329098455823,-0.13718659402387975,2.3710165022555896,-2.0137177542294085,-0.15873176464345023,0.16797860220072525,0.0,1.0
1.5826748639055104,0.12924923060942317,1.891568892971356,-2.1358210392764647,0.5613784642640366,3.052856143082363,0.0,1.0
0.9460833770420694,-1.4950955226938825,0.7584619971214416,1.1542260883374045,-1.3316198739349319,0.469203056996824,0.0,1.0
-0.49825609548579514,-0.21493642873682783,-0.7210190325495962,0.16174225027740935,-0.04458459205269465,-0.6295156151522023,0.0,1.0
-0.01986084915001315,-2.0016210369432414,0.48627789777372243,0.7820843056729704,-1.9759105801912251,-0.5120019806349009,0.0,0.0
-0.4377273945764783,-0.6549334925886219,-0.05688423029418261,1.1915716074784364,1.8298811022939836,-0.6179032795464005,0.0,0.0
-1.3220496586018455,-0.1794062235084845,-0.8093078045590053,-0.37254805847523154,-1.1966634188320657,-0.6987711833905977,0.0,0.0
0.5399222864655313,0.20119546419226528,-0.4667436340871411,0.5455080580556143,-1.0454593000693626,-0.14613791950327085,0.0,1.0
0.32777485609709744,0.02152132317707226,-2.4418681625998224,-1.2532378266255735,1.36261226867171,-0.33120964204827086,0.0,0.0
0.42667019061262523,1.7043319928866114,1.358736365968754,0.8918983929821979,0.8674069605887796,-0.2516676804313097,0.0,1.0
1.029574695446703,-1.1810919135162339,1.0245389652913701,1.2967447222928352,-1.6289274811140622,0.6655123873738529,0.0,1.0
-0.15313143076363228,-0.661736385612405,-0.976905292028892,-0.23715888928444467,-0.5391876256010341,-0.5510639935297897,0.0,1.0
1.5836403242265258,-0.7088145874898562,0.7013702576868776,1.4704311519568183,-1.1702093890737515,3.0611616314838903,0.0,1.0
0.560655106597534,1.9704932948070875,0.4697866016329034,1.372591896776142,1.1691734979447899,-0.12636737215847504,0.0,1.0
0.4747123033289119,-0.432830918646589,0.28618729242298135,0.8834948074156775,1.8987139906855366,-0.21026546355390355,0.0,1.0
1.4639030816496994,1.669672870475195,-1.6252379449342012,-1.6433972627803748,1.181604579546187,2.325067779985489,0.0,0.0
-0.23219173884209307,-0.30018558407819407,-0.6382898652620889,0.29314341806342037,-0.2729638179604546,-0.575801532085431,0.0,1.0
-1.0501997807947776,0.4570404251131568,-1.4955862311448496,-1.3180269279029582,0.7955810303897426,-0.6827474859017317,0.0,1.0
1.2043574582146959,1.5366819978710502,1.0059094365431933,-1.6269268474617258,-0.545452589714186,1.1777927309229557,0.0,1.0
0.4736759734616661,-0.1980474560498903,-0.8440499519110908,-0.13983263543551613,-0.7000001997827907,-0.21291203056777583,0.0,1.0
0.6239201656290404,1.973982449120265,-2.0127463956753027,-1.0588087340961538,2.6012211942303227,-0.05459935475767147,0.0,0.0
1.1267371695579735,-1.0845086630498266,0.5088886775432724,0.4901201207167456,-1.0075682025220418,0.9314014558119984,0.0,1.0
-0.5427348953964508,-0.30772594618289445,-0.912368320223925,-0.7598966050455456,2.316834080689316,-0.6355504068402428,0.0,0.0
-1.0611039826286102,-0.2912748344323758,0.2950287072266039,1.2863506733134493,1.5938566659971405,-0.6816434509000562,0.0,0.0
-0.5657654044162693,-0.30211419439030907,-0.2507528658491431,-0.38850111380747393,-0.098232108192978,-0.6360630775775723,0.0,0.0
-0.837393913178894,-0.21602967035229453,0.3090139710029871,0.4380828196542581,0.5500700166003094,-0.6690004672021352,0.0,0.0
1.1026914961297918,0.2663886712828091,-0.5701009362705156,-1.0878212227548558,-1.2532750461920388,0.8627385087131829,0.0,0.0
-1.1758014094431894,0.5181954842211078,-1.6313030225439613,-1.018008063178379,-0.849241622500733,-0.6871930260687981,0.0,0.0
1.48497681061292,-0.7945257505531569,0.6590510242133237,0.37418688774709075,-0.7348724702409339,2.4420784185441247,0.0,1.0
-1.641545299049208,1.2148606897992253,-0.4560882081335795,-1.1188763559927424,0.13261514509642955,-0.6973167902767227,0.0,0.0
0.033022372903784195,-0.6905636688860234,-0.9857228396039395,-0.289831183369267,-0.5090959764550739,-0.48979718605502,0.0,1.0
0.2299100756140972,-0.11773171017120113,-0.49482956064648004,-0.347921665648018,0.3347404492813471,-0.3907852486879821,0.0,0.0
1.0338340316559034,0.9044588769877526,2.7725685055313147,-1.3537486957455174,-0.6887195963321832,0.6738657458763024,0.0,1.0
-0.959301941583188,-0.5036906149285905,-0.5772200421768987,0.33195962375730836,0.2988019889328332,-0.6807896719135197,0.0,0.0
-0.6819276049275963,-0.39196207345061057,-0.016647049956522605,0.9799409683382192,-0.04577064778931885,-0.6509016275853151,0.0,1.0
0.2105021443475349,-0.2838911617248015,-0.5594640222423546,-0.7429967199872787,-0.40614639162379523,-0.4018665869136999,0.0,0.0
-1.4979028571521456,-1.0266765658525956,1.2103400620665796,0.3565296668878542,0.18766524152388897,-0.7020590293599174,0.0,1.0
1.2766160682994103,1.0146829929985648,1.3286334242992808,-1.2239361426393338,-1.466881038709039,1.443219528953508,0.0,1.0
-0.9709354376723706,0.3055342862503506,-1.0334726807548231,-1.3128158574612292,1.6612824680794782,-0.6789981562442775,0.0,0.0
1.1072939090945608,-0.441503111856347,-0.33387108612002797,-0.1439738972025648,0.3524947297783282,0.8733842037712106,0.0,1.0
-2.1023968520516405,1.6262892359289463,-1.3224048313462426,-1.7084475409916615,-0.5481782533464331,-0.7098271945542175,0.0,0.0
0.7642075664933276,-0.4367235332892793,1.1157647297721625,1.4859239582525163,0.359229267136934,0.1374228727741287,0.0,1.0
1.1726792193871944,1.4254588807897477,-1.3935625277545118,-1.601899654093617,0.6775477971604705,1.073146688884295,0.0,0.0
1.0111634815024348,0.857678709861515,0.4146949244996567,2.068059043787334,-1.3027091167859648,0.6172338263595083,0.0,1.0
0.7882703771274384,2.2155236253894444,0.0500209706578749,2.0477633127756714,0.44303361108478495,0.1729550994751924,0.0,1.0
0.07582749604358037,-0.7119445419609395,-1.8017688057603005,0.05481713680452366,-0.5763542610216121,-0.47260539231639515,0.0,0.0
-0.19019537095363329,-0.08180958535237277,-0.1741908625566401,0.0007126563495635712,0.2829166702326804,-0.565706954428003,0.0,0.0
0.06396748268179207,1.2318231809467772,-0.22812012658749398,1.920468945145305,0.5594828181867855,-0.4757859811586321,0.0,1.0
1.1544445370855687,-0.8204552120639371,1.3586329499602727,1.6210567054733838,-0.16257252103647368,1.0163260125056013,0.0,1.0
-0.23258187001922923,0.3111709573783993,-0.6830344798182116,-0.26620381016427247,-1.14769728477793,-0.576639084526371,0.0,0.0
-0.8846101356448965,1.5640185086504945,-0.88401054381107,-0.5368699663348373,-1.961355209644363,-0.670202496051476,0.0,1.0
1.2393269710446246,1.8769196575447742,0.6513248454660641,-1.1282222501889616,-1.608150810078609,1.3018321271165367,0.0,1.0
-0.04054804007596631,-1.7203788865871052,0.7740621099080407,0.9045925626714763,-0.17880333928385775,-0.5162277783111727,0.0,1.0
-1.10883183914922,-1.0440959515543513,1.1274755832741568,0.4338108490292248,0.7061118707333173,-0.6849736356035048,0.0,1.0
-2.152938667289693,-0.0631735531650637,0.09451060339710272,0.4774736586790423,-0.20528184308068684,-0.7078749497755965,0.0,0.0
-0.24580998385503303,0.1569153063954175,-0.9836572878539634,-0.6707920583767976,-0.5167182316022829,-0.5830784852063148,0.0,0.0
0.10801759885894718,-1.2417465446463436,1.0077054113378026,0.30619887728786904,1.1742526162171785,-0.4569308269681498,0.0,1.0
-0.7953845293359736,-0.4095657324487597,-0.7125713597929692,-0.8861194911273209,0.23611710635936778,-0.6589886311294468,0.0,0.0
1.0425276394917538,0.21792761882284978,-0.9068293519662287,0.4902815457362196,-0.4110964988281845,0.7002084188980786,0.0,1.0
-1.2592369390976415,-0.36633058221227277,-0.3334838449469752,0.03110858580216726,-0.18904479652841405,-0.698496989039385,0.0,0.0
-1.1892693913284498,-0.24959585220376826,-0.45778550032158183,0.6959921635538451,-0.47453145452282586,-0.6914360307216652,0.0,1.0
1.3730584125662806,0.1768074965375862,-1.0297862039960315,0.9368926466481732,0.6568990177005597,1.8594675135199592,0.0,0.0
-0.19238795625522026,0.6683353777201202,0.5181673924683301,1.1814230031498434,1.0454296006007526,-0.5624186711944557,0.0,0.0
0.2548811750529514,1.859067222587999,0.26032464502161207,1.2775264667211652,1.3171547200883476,-0.3775239381332506,0.0,1.0
-1.249833008568097,-1.5382152606390898,0.516810632347069,0.4874418848693266,0.1216023494698965,-0.6915471666879873,0.0,1.0
1.2283822953333166,0.44063350455882466,-1.2313581654977246,-0.120831260360071,-0.4206104862953117,1.2684763739120788,0.0,0.0
-1.2622961653246985,1.0074392209696281,-0.8718694515279591,-1.0160661996239941,-2.166460171028237,-0.6929977200984436,0.0,0.0
-0.11568513807221605,1.4996375716679395,0.6858215423119434,0.7645559059844064,1.6333702373195387,-0.5462238717364,0.0,1.0
0.7895954286653417,0.2687684441764744,-0.1473636266226661,-1.1769486489911427,-1.1425141736282116,0.17567950459667903,0.0,0.0
0.44988765267547515,0.17526731053932101,1.504721256996863,0.007868814330009964,1.524298847609356,-0.23382410567305273,0.0,1.0
0.6190591781972008,-1.4873503167940896,0.35223732244496253,1.5276687070849995,0.39157710167333015,-0.059312724117862925,0.0,1.0
0.05231839255563821,-0.19446002785846034,-1.0753965660766716,0.370145761918732,0.2755915867895745,-0.4836492562275227,0.0,1.0
-0.21761278349834465,-1.3975132383913598,0.962713012173236,0.6181328578634505,-0.8448494328007855,-0.5698006562786874,0.0,1.0
1.3987792738027198,-1.2296506484598178,0.5244099326510346,0.7079520135556934,-1.7331357727915004,1.9808563473967067,0.0,1.0
-1.9887259851946777,-1.5616458925837409,1.309649849082141,0.8060677225782649,0.39482242272313717,-0.7073842455321179,0.0,1.0
-1.2493457034407054,-0.8121999283606015,-0.4595952403593146,0.44949139002090643,0.3768964511102253,-0.6891033740646499,0.0,0.0
-0.7639230372097985,1.5820568135874977,-0.7454015147930373,-0.6432761878246507,-1.1861855689370584,-0.6610572478312732,0.0,0.0
0.7978487851175962,-0.36365973451348493,-0.708124270029178,0.34000283530719005,0.4816294660621963,0.19149154147246475,0.0,1.0
0.7466400932439479,1.9704527124953055,0.8024147018822718,-1.651023480232117,-0.7000819440891927,0.1094165946602265,0.0,1.0
1.5949183823922934,1.0711689635788988,1.3259042782589883,-1.6100945955598456,-0.42615744598326966,3.1390549643149948,0.0,1.0
-0.9348404262409147,0.2836226685665394,-1.162134049256262,-0.7384743151287605,-0.23277273585536098,-0.674462113819988,0.0,0.0
-1.0485546368912628,0.15967213359879773,0.2618871163543719,-0.13574398211747643,0.3918200645543642,-0.6836590737483376,0.0,0.0
1.1539844798643089,-0.6928122314274766,1.3309634774858,1.6440715024087913,-0.6279892817283339,1.0125908697468062,0.0,1.0
0.7107365425738877,-0.9599791215684478,0.6903358106177652,1.6599713676852448,-0.36641775458637865,0.061692318887894525,0.0,1.0
1.105070646951638,-0.051660332801743966,-0.813785844580103,0.0032000646025549064,-0.9608259652887596,0.8676132175722548,0.0,1.0
-1.2138571344423745,0.6931871190284172,0.7674648465997571,0.9759245600706272,-0.4451929460141408,-0.6907278382168902,0.0,1.0
0.9069957140365101,0.37384632693338926,1.76761643753895,0.306040633016946,0.20175010697115162,0.38959152358118143,0.0,0.0
0.9103070583755645,1.573822276328799,1.4046936661525335,-1.7194599514875737,-0.30706642316702126,0.3964631080915211,0.0,1.0
0.6775436835498905,-0.4434744872112417,-0.6960683278127976,0.08305862666505348,-0.4979665176468796,0.013183049329450365,0.0,1.0
-0.42915397808180905,0.004549717103274689,-0.1420071934731939,-0.18468125974409844,0.5042784426209651,-0.6177625482300368,0.0,0.0
1.2761491630424258,-0.41558380722342236,-0.48890490087229765,-0.37306746450983325,0.22604276643438273,1.4465538424807345,0.0,1.0
0.7612208609426432,2.0008480348037683,0.7076160843021958,1.6433194310265735,-0.19457870284373488,0.13279254073307464,0.0,1.0
0.9617138736930515,-0.44311474169015985,-0.4477743293751154,0.3391773657388457,1.1944575124580454,0.5002456568321365,0.0,1.0
-0.6226935568216729,0.48274880540210763,-1.119657708081529,-1.0091217773106254,0.30998334642366476,-0.649287308831222,0.0,0.0
1.658671337633927,1.7197375338670806,-1.5040682485612515,-1.7085775713827867,1.9032209251843781,3.6088143374894943,0.0,0.0
1.593920487638378,0.9412537000696356,1.9480847012246014,-1.7136205766641328,0.06681367492898178,3.131396777222925,0.0,1.0
-1.2440643661510031,0.4681043191534483,0.270863814868144,-0.0009706754626727766,0.08629744695095291,-0.6923637584303367,0.0,0.0
-1.701559605602267,-1.2165120701432723,-0.6961791324170243,0.08677942980421151,0.15488328658323391,-0.7051566734358196,0.0,0.0
-1.0018174099759956,-1.3897258982248437,0.3322374222401603,0.4485983286539124,-0.8260657347107222,-0.6790923773126394,0.0,1.0
-0.23077050022740808,-0.957572711671001,-0.3527687567604927,0.6963009463651868,-0.8702380101612192,-0.5754093412215999,0.0,1.0
0.13843587466246446,0.1011695544563227,0.034809757909073896,0.279993442831616,-0.5450195128483013,-0.44036992957019766,0.0,0.0
0.7890958132316689,1.121257028796614,0.42497449945995336,1.684762338067625,0.4077463805799982,0.17620325117293076,0.0,1.0
-0.5657504404659996,-0.37578223721972154,0.2682968428264939,1.2186502445815302,-0.3038259780740009,-0.6400742724211207,0.0,1.0
-0.5726510508791458,1.5698536889879129,-1.490857089895449,-0.9938399181985104,-0.583247446665663,-0.6422313606770544,0.0,0.0
0.0059060663585276,0.4776176581696386,1.4989633378713028,0.31860135907953546,0.8848340339024381,-0.501116589525361,0.0,1.0
-0.31668555930244086,-1.4057223440634585,-2.1421963134483333,-1.0751070633281232,1.3731445495434975,-0.5978539110853159,0.0,0.0
-1.3408470182212195,0.3952712870455249,0.07764949693511941,-1.0606830213422735,2.6080250576059307,-0.6943332143838744,0.0,0.0
-0.2010638072126018,0.3346491583516493,-0.10880526552437413,-0.5287647849640131,-0.6370107758523279,-0.5679951202181711,0.0,0.0
0.41501648377391254,1.4172709132322625,0.6259904381724876,1.386875543332765,0.6377546330832028,-0.2639559011865452,0.0,1.0
-0.5180692964000374,-1.6621779429875811,-0.14136009011445488,0.3619477870197087,-1.0104122395271384,-0.6323079889721533,0.0,1.0
-1.4198170571812478,-0.2587723735659376,0.317945968946978,1.0195862287715884,1.2105794107631456,-0.6996003574186015,0.0,0.0
0.9746127121662843,0.020315666369478784,-0.6212295669383249,-1.1564834255858423,-1.0178035365742124,0.5322598900581782,0.0,0.0
-0.7450127192179795,-0.46470787782883677,-0.01587868633376625,0.1341858356125121,0.3443059512694586,-0.6587366451710703,0.0,1.0
0.6768007307831395,-0.05815625675128807,-0.6510523481819833,-0.2637274224352159,-0.3070011388224635,0.013398304564611479,0.0,0.0
1.2016997489836914,1.109711943353997,-1.3346694973042013,-1.9169782212256872,0.3424171243055253,1.1730106950049197,0.0,0.0
-1.1478271452646975,-0.31773115397124446,0.5560282782343094,0.6164441027266175,-0.33008864513273717,-0.6864999698903852,0.0,1.0
-0.9239961459537707,1.013430641715321,-0.5939374049841214,-0.6390467466586409,-0.8050148532992789,-0.6749328069872407,0.0,0.0
1.2912893043182931,-0.9927439131160142,0.6032824152826717,1.3375780845840577,-1.6538499415767176,1.5008443657242538,0.0,1.0
1.5941277395285516,1.1289808945549793,0.4132539368839782,1.933641741001957,-0.09710435026215423,3.1349602861176695,0.0,1.0
-2.547290212002502,1.0740385587499854,0.015658482106774882,-1.36410476083075,-0.07156966519503478,-0.7127185119010262,0.0,0.0
0.9593255663595677,-0.08952348084816435,-0.06347382905943022,1.6554761319803517,2.5433844763903193,0.49507291812932663,0.0,0.0
0.03496124652767674,-2.118515102725281,0.4331148257931558,0.7870312885395134,0.8603614999182977,-0.4886462005004469,0.0,1.0
-0.5288806951034936,0.10715873649570568,-0.2492898250894711,-0.11949862632180334,0.7530610980362152,-0.6379835834388654,0.0,0.0
-0.10848513729118,-0.18438667774052298,-0.47658196065308805,0.10500035819692564,-0.8152711105038892,-0.5394993017144314,0.0,1.0
1.055591423176957,-0.5613144912692453,1.2050470797019717,1.5245264379278292,-0.558832316236184,0.732687703400664,0.0,1.0
1.3717558331980475,1.3840376553247418,-1.6124421801399949,-1.6816821734437222,0.25152349820100917,1.856802050447389,0.0,0.0
1.134858453811069,1.0704483746372015,-2.0640588866292116,-1.448108361118803,-0.004945241448987515,0.9554733981294552,0.0,0.0
-1.3945626281131105,-1.4068926617230941,0.7696834836967892,0.322278207450795,0.31442006946366013,-0.6986047371538385,0.0,1.0
-1.2783455826577672,-0.4406183096643968,0.4243339765386418,0.6263656983964192,-0.34344994498680165,-0.6923167998106745,0.0,1.0
1.0607852335226884,-1.7255864498953628,0.5309183270269006,0.5296007907867534,-0.767183141013472,0.746390284645929,0.0,1.0
-0.5890166833015597,-0.5317018943861582,0.3234085849210019,1.0621511060784314,-0.7695682998922642,-0.6431781732667777,0.0,1.0
1.09341849063529,-1.1241459912721974,-1.6402142687743253,0.0434219424937196,0.24742196197209057,0.8285243987475381,0.0,0.0
-0.6897586686453377,-0.8535589668035485,-1.1099108458339602,-0.7422687512804833,0.07111963977202927,-0.6524225651054838,0.0,0.0
-2.2623681801855406,-0.8478910795133533,-0.6856677535094494,-1.1381690337199182,-2.1422167852796776,-0.7088788697835523,0.0,0.0
0.23191218134158245,0.7968447678496766,-1.6177304807587674,-0.6373533047825296,-0.14581991250510168,-0.3989391084689114,0.0,0.0
0.7228787776067765,0.5862411809439981,1.8445883406561228,-1.9416324460351848,-0.23175495329525017,0.0772221180873584,0.0,1.0
-0.8632443759480716,-0.2506088660263348,-0.1600485290261518,0.15834148486607794,0.006821431522373456,-0.6692655121431357,0.0,0.0
-2.038717061241652,1.049887907885351,-0.8596849483051712,-1.3214685398698576,-0.357425880740881,-0.7065545734788838,0.0,0.0
-1.0216604034492214,-2.2212801149730033,-1.2374139926384002,0.725261389357725,1.7943040538544732,-0.6823221957483485,0.0,0.0
-1.0360169701629647,-0.03345933094016559,0.18146460433039174,0.28305250891739925,0.8922219509231067,-0.6776472269244105,0.0,0.0
-1.4740621577902568,1.1407953392828727,-0.6594356688527324,-0.9873432133423959,-0.34260446104888104,-0.6987642859403167,0.0,0.0
1.2002041092576272,-0.16808797094764802,-1.1353183438064198,0.4901153619301934,-0.013086554737127188,1.16268034093044,0.0,1.0
-0.5700253856437411,0.6752061306269805,-1.6319259795507925,-1.1795992455034243,0.01098950436744324,-0.6400924227041952,0.0,0.0
1.4725147306859792,1.2221728369657798,-2.2607530507169376,-1.4985024250677348,0.07093886754866478,2.3667994666423744,0.0,0.0
0.16403536221873685,-0.44144138711363656,-0.5751827452394116,0.5854712765141693,0.7190025263999326,-0.4261484179692239,0.0,0.0
-1.3287301625920496,-0.32897589563735313,0.6765807664370994,0.5562276940763056,1.7095281130639552,-0.6951003299497142,0.0,1.0
0.6630479714835534,-0.8113828591090517,1.0399893719618398,0.42474967041557876,-0.33094424999985894,-0.0017349295190868786,0.0,1.0
-0.12283852933477357,1.6840950114147057,0.9338083208257196,0.31767272115031736,2.5465609784415264,-0.5438212767197116,0.0,1.0
-0.6807546571095942,-0.03161090184408089,-1.131545846944287,-0.9067683990379206,-0.29728472816294443,-0.6511501889096556,0.0,0.0
-0.8921576257492809,-0.8715710689133987,-0.40265192543204936,0.11807436304644695,1.2802429490543346,-0.672174851761257,0.0,1.0
1.0718745270259893,-1.7265971969450953,0.32184624777238263,0.29994533342376406,-0.5423458509247512,0.7766532006232277,0.0,0.0
-0.7580724323890891,-0.47084453686998684,-0.008940475940689536,0.5325745573358546,-1.6032921773207998,-0.6618623518954116,0.0,1.0
0.2562644787911963,-0.8837614106664649,0.011834493655670037,0.15173573097693582,0.29117325918892467,-0.377162005879536,0.0,1.0
-0.38696201902259786,-0.6780316889398748,-0.18162444259506583,0.21990881159007003,-0.06797258712104222,-0.6103254330950211,0.0,1.0
-1.02896813083465,-0.949609461825043,0.6399820637998539,0.7487195765175307,1.3097746595243709,-0.6804953564537483,0.0,1.0
-0.9343821985833891,-1.7244272407076595,-1.94534252254522,-0.5277898219941094,-0.6758816365850715,-0.676787585628905,0.0,0.0
-1.231510948286477,-0.22841316085360625,0.7119740007599252,0.7624868844347811,-0.3113564592915326,-0.6922385103418609,0.0,1.0
-0.49768376116926255,0.41218235862775715,0.5082523951230793,0.9467488999846086,0.5850041066384143,-0.6290968186155902,0.0,1.0
0.4949817033107134,-0.17762722322488145,-0.8906541206190345,0.397373337393235,-0.5723429998414346,-0.19404804327850508,0.0,1.0
1.2678132753325695,1.288399821221348,1.1339483938456512,-1.9068814444294282,0.0994275246659968,1.4117051957474973,0.0,1.0
-1.8946085488928035,1.4710882033521377,-0.9961923005015209,-1.3976431269348184,-0.4767462683109011,-0.7076229226203548,0.0,0.0
1.0386725126908465,1.5305534843542046,0.27709311746290144,1.7113796144571132,0.5099091146477915,0.6888701188808452,0.0,1.0
1.2501493070433842,1.6129459547646317,0.7939971689397889,-1.3826529878243268,-1.122214460164524,1.342480946584442,0.0,1.0
-2.839840699834453,-1.0692778256657847,-0.5882135354287955,-1.2315593629497221,-2.2115546863726387,-0.7139177647103871,0.0,0.0
0.48343174422044977,-0.8931420093334437,-0.6800214189105964,1.111669591443593,1.784620779662884,-0.20355401559240766,0.0,0.0
0.39697271721246136,-0.18676263433262125,-0.9576623837117143,0.19614222390325636,-0.5851057962933441,-0.2784176138203446,0.0,1.0
1.6262761849103486,0.4591196846896896,1.5087751889430345,-1.3436963634448313,-1.2088481854705637,3.365338714186996,0.0,1.0
-0.6318728181068323,0.9174589768404375,-1.4669480799400814,-0.7762643116433144,-1.9236176286586022,-0.6455669499868225,0.0,0.0
-0.08462501850214399,0.09260718868284765,-0.5656948222245182,-0.44053825623298437,0.8194173639327679,-0.5318970729932703,0.0,0.0
0.20581955862076468,0.47451815887239396,-0.38160349330443827,-0.526214027084369,-1.7025049621932042,-0.40244268306203335,0.0,0.0
-0.19803671115680738,-0.10874783155476632,-0.04518902678875577,0.6169756353483025,-0.26203468038076694,-0.5665213949313234,0.0,0.0
-1.1079195470684016,-0.19750330138473807,-0.1410738824396055,-0.06301830562761476,-0.37730532007552003,-0.6853679935552933,0.0,1.0
-1.0433403500064329,-1.2227843626334516,0.8305062646449874,0.514634351815318,-0.12242266073249868,-0.679788760208919,0.0,1.0
1.4388419404587764,1.3217900077904499,1.1281778876768025,-1.5289941286440984,-0.6100867410170888,2.184795957234771,0.0,1.0
1.1701079078776258,0.8963707675298184,1.249001203256884,1.1305479906389284,0.19021248470354693,1.0678454076432793,0.0,1.0
0.06915587975759155,0.4030555684548424,-0.919178273989984,-0.7982724779202661,0.5632670132970342,-0.47370971437168735,0.0,0.0
0.8962860846758253,-0.06757662490515721,-0.6823336238229971,0.2874688480004422,-0.5076932197558568,0.3688515592452934,0.0,1.0
-0.9998958413447615,-1.4623600623280186,0.40493624424218794,0.634873761185913,-1.836959047565817,-0.6792876639817916,0.0,1.0
-0.4875958328513976,0.7495489302460577,-1.4605296530259184,-1.0811672064336841,0.9083738078740153,-0.6256178693784575,0.0,0.0
0.6747212717770167,0.41819868462589177,0.866453072538652,1.39511240510994,-0.8859615443791716,0.010337358266629617,0.0,1.0
-1.1030781829809786,-0.20249966224312996,0.7877098876052333,0.9260879964540253,0.5399072319060745,-0.6889046832858181,0.0,0.0
-0.04576123177216774,-0.49705573211084847,-0.6701782773782471,0.8613709849185539,1.1358601603754306,-0.5193829728796694,0.0,0.0
1.42167996004938,0.6275864545533463,2.284087214252393,-1.917502453430628,0.37179525153794346,2.094016352597716,0.0,1.0
-1.406602761903427,0.849521516595274,-1.1237514375794866,-1.3327872248801707,-0.23575621770869332,-0.6952515653997774,0.0,0.0
0.3468433105984663,1.5082389128500449,1.3397128625170107,-2.419965369474759,0.7402101487070527,-0.31838740549888167,0.0,1.0
-1.7223621281753796,-1.4658686358738462,0.5514501591445969,0.1892889951899479,0.2832478364051602,-0.7089456026747756,0.0,1.0
-0.2092032199270743,-1.3844106025898317,0.5415753158664615,0.42048861179708324,2.455903154065618,-0.5716990509377975,0.0,0.0
-1.2532469618833628,0.7884287549386985,0.1434144849619211,-0.4591185573244213,0.10845767645106347,-0.6914491985110526,0.0,0.0
0.38944948619392844,1.1145671455180102,0.9453797067200465,-1.5767286946082955,-1.4261556022850894,-0.2815342476028744,0.0,1.0
0.4008922654232335,1.5986107729184122,0.9033991756862114,1.5996699859998476,-1.0775825740510567,-0.27426020122265365,0.0,1.0
-0.2881092538735984,-0.4111851629210753,-0.7763310268742141,0.9405555524272284,0.9203656927462974,-0.5899570745596281,0.0,1.0
-2.8701059815000636,1.32607961032327,-0.4494649570618316,-1.744305865075971,0.8602971667009864,-0.7133327682046516,0.0,0.0
0.773005861107011,-1.169608390819032,0.7695456561128977,1.3192991370455176,-1.895445261108404,0.14821940252911092,0.0,1.0
1.411168983360252,1.0909243598169964,-1.5773872188884879,-1.7867186725202615,0.09081675400900757,2.046221135104802,0.0,0.0
-1.556582102401067,-0.8248587635329563,0.8332681831957661,0.7380111951395096,0.2198410901031603,-0.699418465361381,0.0,1.0
0.4376266399785432,-0.19782909739645996,-0.5308667997895679,0.05533219619078577,0.33508582109450047,-0.2451776996439703,0.0,0.0
-0.5948007580085684,-0.5072129380623032,0.24304319454968254,0.4159015297701307,1.1348108865519315,-0.6424430129660283,0.0,1.0
0.003006930173936438,0.6455494716233195,-0.2874427029969881,-0.8907064254623136,-1.6699219661722797,-0.5022579372565388,0.0,0.0
0.6091018880647222,-0.9484799218780279,0.6985353231676664,1.3244583900084177,-0.13979127900505142,-0.07475437027614021,0.0,1.0
1.3372701112393781,-1.2220141853042397,1.228793822826204,0.7715317177318355,1.0530133571891047,1.694847875038013,0.0,1.0
0.5937568785088522,-1.0092326688954427,0.48039372162281685,0.1188765859524039,1.2018507527480273,-0.09036469895589673,0.0,1.0
1.499953188370992,-0.6138766929943031,1.248409802467151,0.9952083776933738,-0.8794264666033793,2.5266596621276833,0.0,1.0
0.34147455952913996,0.4137369413902379,-1.3942262742994747,-0.4823256383114059,-1.0300116824259364,-0.32329244820181535,0.0,0.0
0.09380952737176008,1.7484927279376536,0.6359980531703883,1.0798707595323096,1.2919726730305698,-0.46313024652146245,0.0,1.0
0.18647318708134822,-0.3092541702602355,-0.796805831234321,-0.062225336069816124,1.2644282530308169,-0.4148987074499583,0.0,0.0
-0.31792398417207773,-0.7831785926626801,-1.024198664635326,-0.3873999593627741,-0.5866126628052746,-0.5935325299312839,0.0,0.0
-0.2996269398560256,-0.07636252166857313,-0.33175338069293553,0.8526584763731252,0.9271440243332064,-0.590146356123139,0.0,0.0
1.3537235188316756,1.106260393300742,-0.12239727692959991,2.2385364950452655,0.8057253734583296,1.767167637018969,0.0,1.0
-0.7219864719472224,0.2263410286706437,0.7677811100348002,1.0147963413864853,0.00779347023743472,-0.6580576440106496,0.0,1.0
-0.43492471464863197,-1.4677986309503346,0.5312196051990132,0.6130632938290486,-0.5501688930693547,-0.6173243397828401,0.0,1.0
-0.9675976611188445,-0.5619883351623289,-0.7089211141464954,-0.4302796632385388,0.41853649591922,-0.6755407479908664,0.0,0.0
-0.5357466459496207,-0.5425210884548356,-0.1903713984419822,0.3217255513312879,0.8541824823611532,-0.6354798080795913,0.0,1.0
-1.3799875956548233,-0.44780884752470257,-0.24895113421843892,-0.7095624540052633,-0.7393211624940521,-0.6981218717294334,0.0,0.0
1.3676261504508218,1.2108690458830094,1.2765146578102295,-1.5091273643586636,-0.7237184971271051,1.8318645898135457,0.0,1.0
-0.18538890751880374,-0.11536807951966196,-0.8892275720199505,-0.2970474772824385,1.2124543638333658,-0.5629481677331156,0.0,0.0
1.2419185436126228,-0.6613618209242966,1.3662669671606327,0.4973216978502379,-0.6352760908737014,1.3094023659092364,0.0,1.0
-0.40073602738263353,-0.4323012807374591,-1.0298924954235555,-0.17343987408881154,-0.43773883404305647,-0.6129522229163257,0.0,0.0
0.3703973764469627,-0.3864660146791612,1.5987776145551809,0.1507172776790209,0.5503218092597598,-0.2984572374434227,0.0,1.0
-1.9258681044882484,0.7814271778734363,0.45252932027729814,-0.7999705481400011,0.22021101804562992,-0.705781813649431,0.0,0.0
-1.0806626346894272,-1.4212409815444829,0.023563969198837072,0.1711501682473828,-0.23001887386422515,-0.6862604770187741,0.0,1.0
-0.1282356734469337,-0.6713160001095527,0.3784649891638518,1.0046113744315626,1.1073714967356365,-0.547692891877803,0.0,1.0
0.6187554184881064,1.5758590242631134,-2.400791857175865,-1.2629765248650486,1.6138865704252283,-0.05964794507638733,0.0,0.0
-0.7141972311976182,0.6770410334053886,-0.23785372355949655,-0.7779032427258464,-0.3387373823159976,-0.6572836874407824,0.0,0.0
-0.4258546327581062,-0.2950503862769282,0.9228927106346718,1.024787041840702,0.7050715967664491,-0.6138940581251628,0.0,1.0
0.3926906333986436,2.0798946944466046,1.1787266175498172,0.5938432861889282,1.952115674143269,-0.2811093166479816,0.0,1.0
-1.6275559191925064,-0.4398561205730587,-0.25449507256967474,0.009934490856142914,0.3337063343801395,-0.7022157285728818,0.0,0.0
1.0303518625303467,1.1641590514126396,-1.7707928028324962,-1.46516675968472,-0.176366639448589,0.6664333307314251,0.0,0.0
-0.7243055201190933,-0.5997673435015094,0.9208371103837542,0.851758510434767,-1.3023313933250362,-0.6555369370371322,0.0,1.0
0.35731338343810715,-0.03848178677640438,-1.2407343577860295,-1.2015768140424652,2.069173072262736,-0.30534239743108854,0.0,0.0
0.8930513562217745,0.8330129449137627,1.6661933640408952,-1.2739293002683354,-1.6033884682176933,0.35963940935121713,0.0,1.0
-0.9707128699962977,0.6722076917235384,-1.2706930039908348,-0.9019551218513608,-1.2537639380131373,-0.6791814345488172,0.0,0.0
1.515459991479738,0.5474103908979022,-0.8936914233987427,-1.9766638402528296,-1.3529551625042695,2.622433014190394,0.0,0.0
-0.8153274765534348,-0.12559012374290524,-0.04669226307265233,0.26820198446173,0.3219973112366651,-0.6686417402380712,0.0,1.0
0.15835316516280193,-0.3871996038371383,0.8797924298599301,1.0886219743721341,-0.12564881499721053,-0.43062018150880244,0.0,1.0
-0.8495623938779162,-0.4102259674870386,-0.08268214588001442,-0.490282842217623,-0.6114171620039439,-0.6682451549771088,0.0,0.0
-0.9664074310583112,-1.065696567974439,0.6153330652185097,0.4301783421607051,-0.9639501963073689,-0.6771694594562299,0.0,1.0
-0.449803938232533,0.0035304535495149507,0.45252137999523373,1.260859379895944,-0.2237917253700467,-0.6219935615823169,0.0,1.0
-0.7164304337773615,-0.918677530623465,0.1831917621472495,0.7349479197885996,0.30292836910290755,-0.6573550486542228,0.0,1.0
0.53221137236459,1.2557127918745254,0.7351505153213699,1.0965623560235003,1.0038336514884045,-0.15564712818265625,0.0,1.0
0.7178201011891193,1.1116221172423497,-1.4811496359878398,-1.4334067391028502,0.5693185072684999,0.06300151914670453,0.0,0.0
1.5162700750678217,1.2101900010419604,1.2896359733087235,-2.2175064827044446,0.9492587706898256,2.624913196000482,0.0,1.0
-0.8757489508055457,-0.26919366824754987,-0.8284759178803862,-0.9244099439682384,0.46758118630568984,-0.669581464892063,0.0,0.0
-0.1953153110290366,-0.36784260664683777,1.2271220775759064,1.407236659794723,-0.8384227128503544,-0.5643069216652793,0.0,1.0
-1.2328344574271735,-0.03707970957810288,0.12469950533840284,0.3844312630360501,0.058255115516553005,-0.6925983259667859,0.0,0.0
-1.939084709853122,-1.6036319709903144,0.9721444369098705,0.3509984369462017,-1.807107940010627,-0.7063101570556389,0.0,1.0
-0.362314813630586,-0.5922998134631319,-0.0002781669576760816,0.8541218098591994,0.13274125533271408,-0.6023845978284136,0.0,1.0
-0.2314999599628556,-0.9315093422396478,-0.40057599099125274,0.7433687055293873,1.5055853448142382,-0.5779608508532196,0.0,1.0
-0.2294953286833042,0.5535126286976971,0.32031770213878324,0.0634039911953172,-1.2262791705506022,-0.5776195120947506,0.0,0.0
-0.5342581747850527,0.20464917573079314,-0.45895057739739564,-0.6842313918562191,0.8224312856745337,-0.6319186047602725,0.0,0.0
-0.7670564388880132,-0.37885125301584793,0.1482906321176126,1.1975059880121672,1.9741360045346867,-0.6606486157223953,0.0,0.0
0.0021361781627706423,-0.6004412900365403,-0.6772502160759836,0.3174647791706155,-0.07765384458503671,-0.49825787467183147,0.0,1.0
1.032473099549035,-0.06050271169629982,-0.3618036483027519,0.16251466609473525,-0.490353389908121,0.6721640272898354,0.0,1.0
1.2055531651389781,1.0301728464935536,1.2347874005469202,-1.7803401065755105,-0.36003548696782367,1.1817572630047517,0.0,1.0
0.7063866052062497,-1.5434394657948898,0.6661700845945956,0.7362430332567419,0.13248266718690443,0.04923228200007688,0.0,1.0
1.1495472790164931,1.6166079863452167,0.4849152553912605,-1.6623481508935298,-0.6923925807414991,1.0014376496072321,0.0,1.0
-0.32533410409985714,-0.6554782046237341,-0.7640691009373813,-0.581559399367995,-0.82533086553063,-0.5987717259667629,0.0,1.0
1.3581517571854032,1.3543666317375036,1.3254929214552478,1.3244556194282313,0.07222103501706097,1.7924090912374613,0.0,1.0
-0.20178040203278538,-0.9042560050699,-0.9614536915176521,0.8965210920622211,1.1982114748655193,-0.5667556344621579,0.0,0.0
-2.630822647973338,1.764837799046318,-0.9199470865819858,-1.3102471127363224,-2.4423065233273276,-0.7139422489523592,0.0,0.0
0.26694999949670356,0.26258555387785165,-1.6247656334700005,-0.7399208730939176,0.22353297009137085,-0.3711468018920969,0.0,0.0
0.14606126645882642,1.0950567309419985,1.3294491655253171,0.43511976835855015,0.625826553367001,-0.43977777123374795,0.0,1.0
0.6117254537651147,-1.345558942240055,0.8432774330041324,1.3713528245547866,-0.5813616873151768,-0.0714204110269548,0.0,1.0
1.2689496186175242,-0.6819229282585102,1.0822209736483752,1.0102845197132344,-2.0109414859772614,1.41726394322941,0.0,1.0
0.672522626240036,1.9581896753841554,-2.0498882204770283,-1.242321204171008,1.829143176232389,0.007704746785118575,0.0,0.0
0.5924557149091009,-0.6752975359440426,-1.3136571247353337,-0.22499683684860333,-0.5526262229084045,-0.08833065150403026,0.0,1.0
-0.12091334312303868,-0.1926200207791603,-0.8586670295309258,-0.5535835390885081,0.705859905914978,-0.5444315283140786,0.0,0.0
0.6347497574879682,0.7869719462383273,-1.907653455618702,-1.2075711543753713,-0.6181740911187417,-0.0434149492359051,0.0,0.0
0.23900508827380793,1.166456916752434,0.6607737820550121,1.0461834478914114,1.5586041374887452,-0.38871243441361475,0.0,1.0
-0.6842258529422502,-0.013367158989926707,-1.4056512719564584,-1.009310998241081,-0.9385339224730151,-0.6537660220944247,0.0,0.0
-0.2019662687410585,-1.0510723049781547,0.5586045420575059,0.9064254895812583,-0.7118052019305179,-0.5686084943978307,0.0,1.0
1.279277790283504,-1.1645870499340822,0.08603170385713643,0.5111582728042233,-1.7394682201147578,1.4547369723958854,0.0,1.0
0.9510420745432201,-0.9640621165820458,0.9076029738932622,-0.18480384450651888,0.14305385256506395,0.48091369259586686,0.0,1.0
0.9702933731106007,1.6314006131509962,-1.5696239470992488,-1.5143891211275176,1.655760616597802,0.5203992409120016,0.0,0.0
0.945844523976686,-0.28917249896834263,-0.9732322558989432,0.5190628633417605,1.0486948939326,0.4684064452060488,0.0,1.0
-0.5179373675626197,0.047044304774198714,-0.03572271416560198,-0.1804055768281505,0.6706789829084203,-0.6319990044905526,0.0,0.0
0.12273211342289972,-0.3700404371997839,-1.7114051423139391,-0.1570120964249954,-0.9722077013658685,-0.4489833494337655,0.0,1.0
0.12895149935552683,-0.4980101776099126,-1.390921452013022,-0.25301317417811486,-0.6942714100538093,-0.44454889609354664,0.0,0.0
0.717192436241163,-1.6236137260785677,0.28526446271461936,0.6156018500776089,0.07506230008131838,0.06394244499030569,0.0,1.0
-0.500208849133191,-0.6819192736741229,-0.9434844235948792,0.9460146841397229,0.8952923815607543,-0.6304821222683283,0.0,1.0
-0.002608620067734774,-0.4835178706671926,-0.21008663961174792,0.29728868207593456,0.6205392425690119,-0.5022223258087728,0.0,1.0
0.9574848592983475,-1.1151550261364824,0.4886529999520186,0.8833919109262125,-0.8997113332244439,0.4933022291686059,0.0,1.0
-0.6573917982806099,-1.36706315402796,-1.5087642854102663,0.6504761542814451,1.0828307358354983,-0.6472116904473677,0.0,0.0
-0.6676956601144616,-0.30921420975576436,-0.46846067596918656,0.30874170169779214,-0.13240836458420352,-0.6489441396548666,0.0,1.0
1.1394350265061666,-0.12736797770869235,-0.32984971108214506,0.43255189161201185,0.49117984917660157,0.9684889020278279,0.0,1.0
-1.011380705743243,-0.463397502714601,0.2955994364898309,0.5569929574528928,0.9265757451479572,-0.6816531700805766,0.0,1.0
0.002684387804595595,-0.10220264089878174,-0.45425636583790396,0.2825633835829817,0.07301057880671699,-0.5019795648456388,0.0,1.0
0.6510326342813596,-1.2025770128851199,0.6683613527967559,-0.1258934445060735,1.8151208506106562,-0.02337914325199668,0.0,1.0
-2.146957925562319,-0.5151768756318719,0.0353311137021022,0.7087649511597351,0.4244622481461877,-0.712033717571417,0.0,0.0
1.2367067422603708,1.6919956999430972,1.1043941063279454,-1.5179523357292262,-0.6484177778645914,1.2962707321400324,0.0,1.0
1.66529222400601,1.0477226481659578,1.0500935936590043,-1.1353123759273076,-1.5496398093437354,3.662543656999062,0.0,1.0
0.9163498798464421,0.4360683859177499,1.2217952602621593,1.0029460567726105,-0.01992058557329553,0.4082876204299503,0.0,1.0
-1.0519063580976609,0.29412999732471146,0.6459506204114666,0.7574902139987242,-0.4491170144300011,-0.6822462866542583,0.0,0.0
-0.5388391067575324,-0.5684909866997864,1.3571659643977727,0.8147779985420671,-0.1141585659341238,-0.6310424242009836,0.0,1.0
-0.7945417357656339,-0.07258984799242953,1.318537562551369,1.0664486783758045,1.1659789090695862,-0.666236706926581,0.0,1.0
0.23854439167841135,-0.5761325159492297,-0.8160310565242975,0.12266037256751298,0.3442790391886126,-0.38761481138174847,0.0,1.0
-1.4626357542407127,1.2197565473434417,-1.1096501449652578,-1.3199009085167914,-0.13624181071997019,-0.7006205292038168,0.0,1.0
-0.2174588812688066,-0.28618183438614575,-0.5246800831696578,-0.24110543891269026,1.3034930804227196,-0.5708911313675186,0.0,0.0
1.5072659591550526,-1.0613120329501773,1.2340234964351324,0.9453154622932978,-0.056762188607818405,2.574652301821688,0.0,1.0
-0.39812561381168904,1.1169577220110989,-2.0670008039989867,-0.9983819862694857,-2.0277703380150545,-0.6131863175977599,0.0,0.0
1.0712427179418387,1.478154978626717,-2.4625275379694505,-1.1275139632582605,0.8450950098568975,0.7717557606928676,0.0,0.0
-1.124572131404376,-0.4559972596337637,-0.021312202501647177,0.9895776568197979,-1.85736122741905,-0.6860930297669057,0.0,0.0
0.5295860533135263,0.7311880673925177,1.5321707641878406,0.7213455765283651,0.03342471601640435,-0.1605910151079119,0.0,1.0
0.656936835833613,0.18005589115314166,-2.323147363107338,-0.09750608842422512,-0.678439708617086,-0.01576512946914449,0.0,1.0
0.8059630514957439,-0.9232996067202703,-0.15718685227890344,0.050693002616249004,0.1661880004434025,0.20547394880181152,0.0,1.0
0.6352626368685947,2.3367656935596646,0.3115372512732499,1.903162588101075,0.2663014905795245,-0.04242691988135196,0.0,1.0
-1.3727342542319894,0.9269213918469614,0.5869788297899747,-0.020612642913407232,-0.816814779378443,-0.696350744715211,0.0,0.0
0.06877501511538624,-1.314419717539425,1.44533275107625,0.34936400244370186,1.0327127920405192,-0.4728711732115249,0.0,1.0
0.6577433363267726,-0.23401897248547607,-1.365581659722862,-0.07953763664881863,-1.5543707460610172,-0.015772626963663557,0.0,1.0
-0.43762852821642445,-0.30100417861983025,0.8772639399178879,1.0171727887208024,0.558183524226163,-0.6188012768038177,0.0,1.0
0.14051264461953752,1.5621050446467988,-1.8489160077564537,-1.178590859015305,1.9341084032562046,-0.4393791839903086,0.0,0.0
0.9846164426414795,1.4150031523509896,1.3900449889529336,-1.0945987219213575,-1.7131392480820895,0.5545053293879629,0.0,1.0
0.8642239038274545,-1.849622625659025,1.2701507938614085,0.6250474422055783,1.4232848904429425,0.3033765494583048,0.0,1.0
1.5163268101744585,2.0272229770856294,0.29338684332819276,2.259039753821995,0.2258771141859942,2.623262330715069,0.0,1.0
0.9820752152123712,-0.6135452011800748,1.039639178941984,1.690186471074394,-1.0545287016176128,0.5483870756483794,0.0,1.0
0.12673635832224506,-1.2128249351469083,0.3195099777564469,0.33201669105913084,0.03098679744671604,-0.44735137134392755,0.0,1.0
-1.0325502039519734,-0.3321184162605853,-0.7450640448997896,0.21316595872692443,-0.19367753972963403,-0.6823554513897561,0.0,0.0
0.8097955660161139,0.9333051502724549,-2.118464588630645,-1.164831562594569,0.053868678018938576,0.21006746633279347,0.0,0.0
-0.7506138092813117,-0.05627434994192447,-0.9471535096817576,-0.9854955911575943,1.100936804978087,-0.6632382691452328,0.0,0.0
1.223415269030638,-0.9684362259006304,0.09448748169356026,0.9654812841232573,0.1432346128676417,1.2440022340169294,0.0,0.0
-0.05102060831378019,0.2596612298752139,-0.09355833408442674,-0.4214360910374518,-0.39874852263670396,-0.5213214560758686,0.0,0.0
1.303652219071756,0.9747043258003245,1.4034857283254167,0.3677315689232253,1.5415830950078633,1.5555226134043323,0.0,1.0
-1.1170083095553995,0.10902927607470751,0.3411159027493822,-0.07120143903745532,-0.004723102628649694,-0.6870846553732171,0.0,0.0
-0.8385306642023198,-0.5060950058836314,-0.271320486846737,0.4379567166352862,1.0234552575579343,-0.670987248345791,0.0,1.0
-1.5342816636970682,1.0988110364832024,-1.454915973217877,-1.2212757290624319,-1.2666335478544006,-0.6983582277498374,0.0,0.0
1.5236547600550783,1.328632372198054,1.4122994377645754,-1.166957888890068,-1.3023285970753018,2.6694734304722654,0.0,1.0
0.4723427758710879,0.8553900819586129,1.433015030903473,0.37737402748647214,1.3323203260344079,-0.2122761927080525,0.0,1.0
-2.893910395952646,-0.2188066834714041,0.24483329028413436,-0.47118766532013096,-1.482227982513136,-0.7122527952500775,0.0,0.0
1.2032510522927156,0.3763579737650557,2.063364987612535,-2.0303798298205997,0.27403034791892855,1.175020823034334,0.0,1.0
-0.26335635579147587,-1.387892693600573,1.0735177040737582,1.9138548546674459,1.260896705263623,-0.5842610341572451,0.0,1.0
0.17882927864235812,-0.16120868129066188,0.29764862061306974,0.49670720943637764,-0.9598623036216657,-0.42731751465672835,0.0,0.0
-0.8322411355341696,0.6253661822388009,-0.7045237551836641,-0.7435057501433467,-0.5968313389485012,-0.668071607904879,0.0,0.0
1.2228784934688657,-0.17980533898706746,-0.13781994490216792,0.07808409033796114,-1.4595609744719926,1.247403910342817,0.0,0.0
1.1887974959797336,-1.9722572852327735,-0.06961691751230824,0.5046016510337046,-1.1441630737497377,1.1275861968847887,0.0,1.0
1.1224310785410223,0.7883710519708711,1.9169608043461346,-1.7918454431873359,-0.13552058722871757,0.919366763290134,0.0,1.0
0.5129082356616904,0.06784564241643658,-0.9274441672629182,-1.0832370337919972,0.4740177626856958,-0.1762146994347245,0.0,0.0
-1.1763645132159566,-0.5794643292412381,0.9304071281623505,0.5529498736877647,-0.014851373856787127,-0.6886147622997185,0.0,1.0
-0.9259417821981134,0.2730275694106002,0.5609412198843877,1.0519939306487098,0.22095305146294372,-0.6756683367345672,0.0,1.0
0.2949238432019038,-0.37272812493107177,-1.1245540997899053,0.29883206305483806,-0.14598407213876435,-0.3517211823029844,0.0,1.0
0.054793894763473884,1.9066312168246913,1.4536213946701706,0.6547756584728605,0.32532088642176177,-0.48170259016951306,0.0,1.0
-1.4566011818984088,-0.6827459875189906,-0.2936943582590933,0.1644874004659211,0.029934932560407426,-0.7015988061975434,0.0,0.0
-1.2405843786002841,0.48053101499139617,-0.41670148739003454,-0.6953946889396827,1.572766913360993,-0.6918499265136572,0.0,0.0
0.2737255427526921,1.8390745469296879,0.43250971535744576,-2.3576098437420687,0.2965141875584826,-0.36543485551823685,0.0,1.0
0.4170437492390505,1.4633703237490496,1.4565579447071642,-2.34959331613308,0.6924241279000536,-0.26354799103523624,0.0,1.0
-1.7110518521335487,-1.5625406664447195,0.5771205116188531,0.07853976258727877,-1.435579289356682,-0.705584372945911,0.0,1.0
0.9574183291979549,-0.433038585751808,0.9628000027578497,0.7265206406883636,-0.9006887201380783,0.4962552582654788,0.0,1.0
-2.768839135471619,1.3581453875441771,-0.6658416708312069,-1.5937475067485158,-0.0057199594766327525,-0.7108554412840107,0.0,0.0
-0.2508069472530881,-1.342648798953387,1.5199974492764639,2.038753360992931,-0.17366378453267103,-0.581328123602135,0.0,1.0
-0.3839628207912204,0.17373127948481215,-0.3422552803976066,-0.3791132933566689,0.02843110137011999,-0.6081845767597547,0.0,0.0
-1.6407089463569642,0.6311073763670133,-0.17957798480778248,-1.0616375487950231,0.9166911793453997,-0.7031605033048943,0.0,0.0
-0.8425933998130292,0.7270480507896978,1.67428033065389,-0.12180912291435046,0.8052803026956922,-0.6696013246774892,0.0,1.0
1.614405298104756,1.448989019054157,0.8098882058782487,-2.025605223977617,0.45089967095372313,3.2787188539429684,0.0,1.0
-0.48846332577899865,0.327883748771027,0.12534938364715417,-0.0906064281602337,-0.7454805740536173,-0.6293457195439449,0.0,0.0
1.093267887129528,1.7521204440501952,0.6581581199748393,-2.3259660367384614,0.8353951725480744,0.8324509385131056,0.0,1.0
-1.3159569895217953,-1.2147284358253407,0.6760449794288992,0.7482962570867953,-0.9953549178837641,-0.6947917027632601,0.0,0.0
0.7042376380900222,1.4686964625716052,1.100785762853403,-1.589904823170505,-0.9645193054114394,0.04761139187210078,0.0,1.0
-0.37113873169184813,1.1704503153807677,-2.1588986492712454,-1.1737707625821832,0.46470479439544005,-0.604208347043949,0.0,0.0
0.46343096799548855,-0.25449051039735954,-1.051089370285965,-0.18608159384683653,-0.2769564805237555,-0.22171171514270033,0.0,1.0
1.0594630743308515,1.3779803782317053,0.41587266634118586,1.699357414904911,1.052801812463135,0.7415392644018943,0.0,1.0
0.5882501175383726,0.4334147642618679,1.3078891752042607,0.9845189378106199,-0.5633851788129266,-0.09450119366814123,0.0,1.0
1.2445336322916614,1.5239738157173954,1.2329239890103063,-1.5485810797336033,-0.605088465342416,1.3240305360712634,0.0,1.0
0.9206658123844949,1.383175742712983,-1.7707118359975882,-1.3520898548198668,0.5249731187887583,0.41661120462061557,0.0,1.0
1.3341638947103371,0.8835138488478058,1.3823096132169315,-1.305300459519953,-1.3264479369798998,1.6828487244823975,0.0,1.0
1.065939531296167,-0.9580889410728347,0.6528762897771438,0.6811267785831717,-1.3387298644103458,0.7596935164265888,0.0,1.0
0.9019379264200328,-1.1866274747003769,0.7557688374010637,0.5020674954133334,0.3949718012899428,0.38010939027218854,0.0,1.0
0.21639179371967143,-0.17988082430421418,-1.3096443397517932,0.39533862434131417,0.2285938813889299,-0.3976966201218845,0.0,1.0
1.1385612918612524,-0.4071341021450163,-0.9747220007965495,0.28261863699581546,0.2954908463155002,0.9638854596252241,0.0,1.0
-1.283083871002811,-0.9740612040708057,-1.756689903647714,-1.5340440897349965,-2.476212497554866,-0.6949889993586041,0.0,0.0
1.4718509736212166,1.4055053983618453,0.8628972683130519,-1.1944231500171054,-1.4107079832273475,2.3676206966613407,0.0,0.0
-1.0078767192495857,1.6094889987712178,-0.7889363667532483,-0.7685951822457964,-1.7439672048148847,-0.6809075621944864,0.0,0.0
-1.2547414534893355,-0.7191176001551425,0.42554475959517535,0.5856864591411489,0.9776764770243553,-0.6895441094454225,0.0,0.0
-1.9347660031858198,0.8792389032559986,1.3315805196511428,0.4154711393788477,-1.3793729352164648,-0.7069010656953204,0.0,0.0
0.7925721967064809,-0.9086130315959855,0.7923319228559651,1.2794295181990383,0.10491423929079735,0.18060414680729014,0.0,0.0
0.13323162938548294,1.5564832256836119,-2.5149793635327202,-0.892143597074128,1.399167878931686,-0.44587725659020344,0.0,0.0
-0.7498544515113759,-0.4297214198258201,-0.5722912004998798,-0.1261666207442056,-0.5349363420177509,-0.6569229735386496,0.0,0.0
-0.6570330757126436,1.161344376680656,0.29481639420346417,1.4255343227623787,-0.008048124257168285,-0.6508530056069505,0.0,1.0
-1.473349721565643,-1.2900475379400238,0.7494795034658189,0.26536422745080807,-0.21164322010036035,-0.697366874266544,0.0,1.0
-0.8352959818154967,-0.6628075208330239,0.5938060475076051,0.3996416826410538,1.5898631335839915,-0.6693125401232672,0.0,1.0
1.053523233115721,1.772565854851159,0.7546141656316538,-2.1197778311675086,0.41491834427689156,0.7258209222875145,0.0,1.0
-0.046031031756775156,0.352882421663568,1.569837125745251,0.56665964876906,-0.6004111213067012,-0.5162637024777418,0.0,1.0
0.582010336613578,-0.09599742376464349,-1.2508628870000618,0.06791922842380294,-1.4568929848611598,-0.10125971453678108,0.0,1.0
0.9995172736349163,1.0639119345096737,1.6892218613187966,-1.6644856240412633,-0.5086424563214326,0.589698680739055,0.0,1.0
-1.6932933614175563,-0.4191238473015843,0.28483825969695,0.3617436662396951,0.48321779246950924,-0.704235432188092,0.0,0.0
0.7891447413331535,1.1213002801874152,0.8042887680930694,-2.5092331609033036,0.8247970561167971,0.17377640808073988,0.0,1.0
-0.14291942331221325,0.6289429886750904,-1.2378956486625317,-0.645708551682674,-0.8550097064682799,-0.5533936395160901,0.0,0.0
-0.32408499029208093,-0.7022278298515707,-0.011094898930780629,0.5969510739430257,1.2515218673326878,-0.5994549129296096,0.0,1.0
1.1262173903432793,0.989075239907589,0.09999344797661841,1.9958274733181214,0.06709000381311146,0.9252743368379339,0.0,1.0
-0.11863486526885203,-0.27548846041127156,-0.46830307633203866,0.6173003825997031,0.462798533016803,-0.5450521138622106,0.0,0.0
0.522129497830035,-0.08198837534117044,-1.339178099974357,0.3509566208918263,-1.0289824128808722,-0.16961170754591856,0.0,1.0
0.17783225386616006,-0.020626074604840287,-0.9326200363496192,0.8037358530366467,0.5484232098321095,-0.4237643447935913,0.0,1.0
1.263350520482879,-0.9908668275003453,0.6775401641996692,0.5712170335299968,-0.8096066202610822,1.394302419099965,0.0,1.0
0.09332488066299047,1.3281127655652816,-2.5612681867691363,-0.7876406062395305,1.2156309061310493,-0.4628625984333632,0.0,0.0
-0.1478546063996512,-0.5607525076496035,0.304831206850232,0.9573731926555461,1.4575839764910774,-0.5514189847063182,0.0,1.0
1.3937854673970786,-0.4507375144580055,-0.7601621552196695,-0.14563772592877144,-0.1446803507759275,1.9585251761876716,0.0,0.0
1.0489243275763918,1.4724852289224184,0.8487585899740955,-1.4502258577915905,-1.1360854348041323,0.7124887448800318,0.0,1.0
1.0954067829047274,1.4299982284049557,-2.542257516500729,-1.1658882683935186,0.6706426487333428,0.8385687489094351,0.0,0.0
0.319495134559035,-0.7767364515476507,1.1241317622252036,1.8060637984697214,-0.9003125762285196,-0.334793506004226,0.0,1.0
1.4605975780280762,1.9357261832997181,0.05921538086254396,-1.6088548526578315,-0.6436953310362699,2.303439070466529,0.0,1.0
-0.9453901274756027,-1.4356859993967943,-1.0378117242003877,0.3873171151767688,0.8351701077810543,-0.674768751946651,0.0,1.0
1.1668756312872035,1.699875058365559,0.7599627667029168,1.2120280502506235,1.0637451779037492,1.0518661023062688,0.0,1.0
0.9662934607175889,-0.7127306418984359,-1.5229247094589426,0.7411375217758852,1.012521043607534,0.5130761541352021,0.0,0.0
0.7632433956580149,1.282516273557206,-2.3387912327634237,-1.1092426442682097,1.3487694741513725,0.13434071653624402,0.0,0.0
-0.5848690274786102,-0.8557758670987224,-0.32641736857249914,0.5370583686354516,0.8635034377050621,-0.6418908128697846,0.0,0.0
-1.5744353019906576,1.3176762537925293,-1.2111104058522526,-1.3421592397040643,0.36408580625315884,-0.7026012665338355,0.0,0.0
0.23297342822043576,0.022616197705738143,-0.499060713946075,0.18439503858641598,0.21265094712619056,-0.39000891132958093,0.0,1.0
0.0742294114066964,-0.6606043420226708,-0.05660974205612952,0.19560444912171338,0.4831605837723452,-0.47343025888059365,0.0,1.0
0.215584565843283,-0.9125030193890865,0.4050650985590326,0.9077684745055136,-0.8398917473137706,-0.4024007122760162,0.0,1.0
-0.4751687466594704,-0.3438029071912992,-0.7697978449493371,-0.3987321079528409,1.2926887232889472,-0.6251229716956154,0.0,0.0
-1.1846428602888976,0.2577368642012299,-0.4515606440098496,-0.8616058045732035,0.5451174763807194,-0.6893148712927898,0.0,0.0
0.5263644107918382,-0.5963273302271563,1.4026058281080525,1.3940127331085899,0.082593574272884,-0.16398401825222836,0.0,1.0
0.364619704425198,-0.4604460278263752,-1.209354065486807,-1.1515768147619228,0.7109155462159326,-0.30090985322115893,0.0,0.0
-0.5604618155841704,2.179267132900786,0.2129007748522117,1.5586781283287912,0.64201515464048,-0.6367354321876544,0.0,1.0
-0.7094378923734022,-0.9009132677280964,0.42614635033889336,0.6688346975289493,-0.41009915468861746,-0.6552006413537834,0.0,1.0
0.9192018374611289,-0.0009106935686824662,-0.7968892397062073,-0.8202725093769055,-0.5426623041284327,0.4149582147665483,0.0,0.0
-0.15716016282826764,-0.27806770172686524,0.3141932402135666,0.5108464100524364,-0.17338240234368715,-0.5573879637266246,0.0,0.0
0.742263160952309,-1.305961936977914,0.8385493850210515,0.5309958937968702,0.09112582209175567,0.1065707304083739,0.0,1.0
0.3238496889944939,0.1084234579204639,0.10376809340825141,-0.8220648424892434,-2.477447591087989,-0.3332760450024207,0.0,0.0
0.29362246653013735,-0.5594455890985428,-0.5985524656545829,-0.06805713570801483,0.24660473231991453,-0.35283128161955263,0.0,1.0
0.18655167926335248,-0.17020382423317595,-0.5568546621536145,0.6608096127047274,0.21055715684326562,-0.41639828097596454,0.0,1.0
1.229460062331003,1.466154693841552,1.3519976783302163,-1.3473312944895521,-1.0054802721125997,1.2717262234369209,0.0,1.0
-1.0202545491830917,0.8316327715159533,-0.9539659537106876,-0.8696844507475494,-0.4428982966907829,-0.6789809054944728,0.0,0.0
-0.4935126071548381,-0.29109943459111454,-0.8914202086473287,0.13158870445790946,-0.35967102241043913,-0.6262611021016777,0.0,1.0
0.5056846276316787,1.9812134368668,0.27361571377336924,-1.8407008748213989,-0.6209846195174804,-0.1838183280252259,0.0,1.0
-1.6626151720507996,-1.0256083797726478,-1.183511548640098,-0.7299535189369933,1.1234759101998024,-0.7042357770496718,0.0,0.0
-0.9070937162268924,0.8108653527526957,-1.3350807452605427,-0.8810979648198496,-2.1197640747569606,-0.6752205276120576,0.0,0.0
-0.2035190220274028,0.7286503941501931,-1.4310043873552742,-0.6904144080238864,-0.9085435991005074,-0.5684128046008179,0.0,0.0
0.5482264646243211,-0.1756552533118504,0.22865743046004924,0.05328048875886375,-0.8619527365312409,-0.13954025456931965,0.0,1.0
-1.0317886571999377,-0.5222438034533474,-0.3082225890303716,-0.6594506450304196,-0.19606043996902406,-0.682231959404367,0.0,0.0
0.5595281077073176,1.4781360387642408,0.3486627545734689,1.5463514065659727,0.3320215661667733,-0.1227304062196778,0.0,1.0
-0.4676137057876223,-0.03403096631814279,-0.4663388090569314,-1.4187078346955788,0.4097664919725228,-0.6246075434620084,0.0,1.0
0.49401660892404725,-0.021258104921509553,-1.4881709409587747,-0.11492066013480111,-0.4619501477762676,-0.1947999997288337,0.0,1.0
-1.1389813845031527,-0.10668727676992146,-0.08415627542103059,0.05405781408314252,1.9588690799506905,-0.6900060069672065,0.0,0.0
-0.2375437340650049,-0.8292453408520158,0.524971989877362,0.9851170842119897,-1.2347289116945381,-0.5781423337015511,0.0,1.0
0.35563627345562676,-0.5897491414424999,-1.111129780605738,-0.9683274685765745,0.26523811809146486,-0.3100735224196769,0.0,0.0
-0.48350595404417507,-0.5483974539972207,0.6170912038612866,0.632561594659397,2.5302665230689665,-0.6259791455807477,0.0,1.0
-0.4905203446308548,-0.7046315566241301,0.3715064696845332,0.35074748360354474,-0.009611966225028447,-0.6293458755455936,0.0,1.0
-0.9548297543123051,-0.09181759067880838,0.2058946366026721,0.7419971190322384,-0.8238017037370772,-0.6778804735119827,0.0,0.0
0.22908262912755217,0.7696597207670607,0.8169381211307629,1.1078767843181028,0.2661983043179707,-0.39207868091005976,0.0,1.0
-1.8231901995779045,-1.2094650171259498,-0.7014380667764606,0.03210186784058115,-0.8152895979976669,-0.7102453609340585,0.0,0.0
0.5667183563756298,-1.3214220809123924,1.6319231341334135,1.263348475526644,-0.380156116610365,-0.12315388843985653,0.0,1.0
-0.6926439071881926,-0.7637812054710906,0.3813205661921338,0.13848676864754997,0.4837090955738584,-0.6551752960114849,0.0,1.0
0.7995276050045533,-0.6492755155702349,-0.14487073769008948,0.16079290307219485,0.18200966497077772,0.19227405281756635,0.0,1.0
-1.1373561084619792,0.6635877375846231,-1.5566803983797135,-1.6302606870798284,1.3822938207688444,-0.6871233571270507,0.0,0.0
-1.005482547613146,-0.5433212764156526,-0.37550976788721896,0.37003922322152966,0.7713563566770766,-0.6791567916544681,0.0,0.0
1.3413187036430256,-0.42130556963387084,-1.1408960709382048,-0.14294546271811673,-0.61863930429146,1.7134237863696473,0.0,1.0
-0.19308340142061722,-0.15338111083848588,0.1784426429311494,0.24259247077917429,0.4712579024311008,-0.5649058327621584,0.0,0.0
-0.9851434623770895,-0.41209129300771896,-0.10959317383900065,0.2547048535913077,-0.3908237498265963,-0.677681924272991,0.0,0.0
1.4627864175983964,0.6297936367441678,1.749665348798798,-1.5480047818353633,-0.6868398311987922,2.314076049905305,0.0,1.0
0.4035602329348888,-1.5584568323797043,0.38125473081837774,0.30552187665148983,0.09418898692606038,-0.27215036910015006,0.0,1.0
-1.0474100982092498,-1.3095958653030457,0.42830009601065255,0.8148958315745426,-1.096289956311254,-0.6827051086049873,0.0,1.0
-0.2651546866060307,-0.8024254192338619,-0.3361170702145403,0.5671146855829406,1.235453813470276,-0.5833446524189253,0.0,1.0
-0.7908401254434805,-0.5712299842730993,-0.769006730929219,0.0527483738980282,0.48940428477361114,-0.6642800785313094,0.0,0.0
-1.163752198432446,1.0141202311519883,0.376449156787518,-0.7458174199378129,-1.6145021164915827,-0.6876544981457505,0.0,0.0
1.5871917644207139,-0.1974449400259948,1.460140649554447,0.6463608081806707,-0.39157764720273747,3.0857628975755658,0.0,1.0
-0.3990522495945149,0.235096685380029,-0.7222269565345814,-0.25563023965049714,-1.2177913402959586,-0.6110683196525225,0.0,0.0
-0.9286830035388316,-0.4259560858336134,0.41648140752381985,0.7531333210995778,0.003987912275929645,-0.6762747525267618,0.0,1.0
0.42920657929162537,-0.02407101748986879,0.001969177532892648,0.542114297912404,0.42025645140799067,-0.24940077019045154,0.0,1.0
0.7575108745471254,0.9005370910558251,0.05527680259682007,1.9444148934411385,0.04500478055311947,0.1291317951920491,0.0,1.0
-0.10178913260009148,1.5775097064716146,1.3149770813658435,0.19325286351506046,1.7049439466911323,-0.5394716150197288,0.0,1.0
1.4963951079614581,0.7114973510258377,-1.6689602842521252,-1.754758082632305,-0.8538789155624108,2.507044389127858,0.0,0.0
1.443329135809596,-0.8576468840564485,0.8265706930506734,0.5420001219936346,-1.3526307063104244,2.2100349681951985,0.0,1.0
0.4887718662786623,0.7678279999283685,-0.9936909254759464,0.41127168044295476,-0.6446677558984802,-0.19625618174894427,0.0,0.0
-1.2061316027002376,-0.25203849181996635,-0.23147717139774582,0.47619216001164444,0.3789290114258365,-0.6913590147644401,0.0,1.0
0.5411151526943688,0.0670771529879932,-0.6194963764002398,-1.3144511885261474,-0.3784881151207655,-0.14457640637344094,0.0,0.0
-0.34948519124449806,1.0254433114992598,2.110542028005253,-0.5195657438663158,1.096209357107194,-0.601351467033476,0.0,1.0
0.6326005488454478,-0.09205755427579582,-0.27848588837051047,0.05836903188264078,0.7039239287416197,-0.044292204492913566,0.0,1.0
1.0965813071482615,-1.560242712983574,0.6323793898286705,0.9127866540739752,-0.4597750768520909,0.8409244324506788,0.0,1.0
-0.00795720990821778,-0.22553685545365867,-0.43512725927245277,0.6446206234644153,0.42513562752164497,-0.5043526164660692,0.0,1.0
1.0731114101247936,-0.9875985733164193,0.5059834409932602,0.23608102644822102,-0.5383402374123486,0.7781428161721522,0.0,1.0
0.47308661997369167,0.9941335292009981,1.7331414845241868,-2.0787520330961913,0.015788750296305085,-0.21468764349440286,1.0,1.0
-0.05483591697403482,-0.09841522377771647,-0.0896889691650409,-0.7411499183273169,-2.360751953895292,-0.5207957617144634,0.0,0.0
-1.0513596145319613,-0.5748900077320608,0.3356449594972929,0.6459380070651392,-0.5610582195838721,-0.6798692574126048,0.0,0.0
0.9891052002025846,1.4771988585906064,-2.0965081470920106,-1.3208071327330084,0.1783094003078774,0.5698555542744645,0.0,0.0
-1.9871198460496005,0.9728548319568616,-1.3805058492675852,-1.7564449294130648,-0.0037601093460674006,-0.713058832887908,0.0,0.0
1.5661050476880565,1.2620626992397566,1.1277245290759443,-1.5193158241204425,-0.6035552655179574,2.9406177160218436,0.0,1.0
0.3278842109772517,-0.01242226125723974,-0.6889379344575227,-1.0157480815521345,-0.17856498579713756,-0.3307093990253424,0.0,0.0
-0.6353790900946275,-0.27629331779686517,-0.32069898068851954,0.7828850592977444,1.0017500838091842,-0.6466451577823733,0.0,1.0
0.11233943403433289,1.1841264292465747,0.5836207665087476,1.1680564676423137,0.742180798209599,-0.45282249864173624,0.0,0.0
-0.03387862382595751,-0.0007965947854800517,-0.5151147856999672,-0.1951867229473279,0.9118033482202029,-0.5170197004370527,0.0,0.0
1.2303216687672196,-0.8026496785724718,0.8861976070480658,1.402326602544701,0.4641812655552496,1.2706098401365864,0.0,1.0
1.5050513295160457,1.549415598137814,-1.7571783687846643,-1.6945958425420093,0.62657674107266,2.557069261870172,0.0,0.0
1.4784877521133653,1.1473873655911466,0.5893585747676767,-1.9550927381822127,0.0030958676526932905,2.3992882882420625,0.0,1.0
0.11019380461520417,0.23201323927979078,-1.521504813553795,-0.28959258990696196,-1.6857752193967446,-0.4557375535159274,0.0,0.0
-0.6040192128122074,-0.18173241430158665,0.36633894144953866,0.8102648036836767,0.3156060116503965,-0.6431598662967337,0.0,1.0
0.002524274985243372,1.7161145147929187,-1.870472719966086,-0.9349144005243872,2.3336447158402778,-0.4994193519484058,0.0,0.0
-0.719648869146019,-0.12345552830563199,-0.22750810103240948,-0.9158737712243539,-0.21030812303977206,-0.6603585013609476,0.0,0.0
0.8816039626080483,0.6467486641981336,-1.5159360566935107,-0.25232356081076296,-0.20978746050545874,0.3382992574051564,0.0,1.0
-1.0079856293567628,1.0540439356433147,-0.4936539284156657,-0.8616664237884558,0.13463045209198923,-0.6795630071519396,0.0,0.0
-1.8184892187774166,-1.2336340982369223,0.9170608446200362,0.29664026553774997,-0.4866863739295884,-0.7062841270007231,0.0,1.0
0.23450442276243735,0.20129618567528618,-2.0022494633667005,-1.029761676372334,0.16794517005771598,-0.38733508356358054,0.0,0.0
-0.16411261127180823,-0.16384996546268946,-0.36633121256550366,0.5176609291163293,0.18610726120415,-0.5557827244150342,0.0,1.0
1.5766615337067467,0.12174058753612133,-1.3950934715310552,0.10839939050632769,-0.46253996338906833,3.0154879441209514,0.0,1.0
0.6045398516310644,-0.2855644774030546,0.33780191323788034,0.8374354948216144,0.2566344268847636,-0.08026775826959939,0.0,1.0
0.1355374844824416,-0.9547134286133427,0.871172292190043,1.4444277267582164,-0.3114913236306033,-0.4413855851435135,0.0,1.0
1.3695999371843997,-0.9130192615221894,0.813792430133984,1.5113842804513875,-0.9510259402746395,1.843020613810347,0.0,1.0
0.0829126459135574,-1.554055308021973,-1.3273089825803779,0.460092865396646,1.0494904325561836,-0.4714273399613274,0.0,0.0
-0.4066040661714698,0.19925609056193186,-1.427279703218609,-1.081190112728427,1.1776260563431422,-0.6129638517679997,0.0,0.0
1.1854978619551264,1.7701639218015017,-1.6828388603041493,-1.5056098844570356,0.949648553774005,1.1169945883431325,0.0,0.0
-0.09109333700201662,-0.08557659418767045,-0.14597251999485306,0.29123468763030197,0.23457775416303947,-0.5349265509459612,0.0,0.0
0.7968352260205163,-1.1281208795715454,1.3032645984185875,0.2781673530358937,0.9346439884979241,0.18765803955583876,0.0,1.0
-0.4418027068502787,0.765767474845449,-1.0848579579655884,-0.6146973998198322,-0.6813343777263713,-0.6183855312297002,0.0,0.0
-0.5495185588633916,-0.13505233547022813,-0.28490469388286643,0.44276357337373634,0.4489713123557477,-0.6374573787258502,0.0,1.0
1.1631618289118821,-1.1407575776542258,1.5087972171858968,0.418768544411053,1.3499005832567799,1.0397777458034079,0.0,1.0
0.45307203602515433,0.016709780916952365,-0.4151828842053001,-0.6005783250869418,-0.42112245842479634,-0.2264360522402379,0.0,0.0
0.6974521384797827,0.578188633958273,-0.5309035913452304,0.4062053633397813,0.10187969872880559,0.03811290469461254,0.0,0.0
-0.5957798494345972,-0.6842676660767797,-0.16861502275053603,-0.014698207672178455,0.2269681595931132,-0.6421741452673592,0.0,1.0
-0.9361075949573144,-0.7549963676394658,-0.419839834234726,1.3931791946097454,1.6442182137181447,-0.6740436586818526,0.0,0.0
-0.8826506157003711,1.4015306872908564,-0.057742534319385405,1.9613311558269841,-0.3449753062950564,-0.6739553754346456,0.0,1.0
-0.4133101278905216,-1.5260221901602617,0.8345132796836121,-0.23137806511207487,2.777737464881809,-0.6132345069534434,0.0,1.0
0.039381370598568416,-0.047232683639369236,-1.0063809864880298,0.14153428198430298,-0.4243975018824246,-0.48343168307346207,0.0,0.0
1.4583906249597585,1.3674512558456784,-0.24801341470227328,0.9943647296708027,0.5787840586043085,2.293922976609495,0.0,0.0
0.1823440195945782,-1.5319851497240438,-1.7761092306015778,0.8673862707138887,1.347847024417002,-0.41884093198947925,0.0,0.0
1.5506708346854747,-0.5810140992244931,-0.7291651148038986,-0.6359295612246421,-0.6268564343538658,2.8393187632553443,0.0,1.0
1.495460159436991,-0.46126842328874784,-0.7807302876167592,-0.22266215989945579,-0.9027239032526138,2.5032258132018654,0.0,1.0
0.4531605931174688,-0.42362175758942655,-0.7463698300247754,0.07905039004406206,0.09697513266018024,-0.23301095882990583,0.0,1.0
-1.4658148814271208,-0.37653014548316566,-0.20164130838723296,0.5126330211019364,0.04219113227916309,-0.6997675643466443,0.0,0.0
-0.6606305493934539,0.5724479308249024,0.0320509606884,-0.4997510585807118,-0.5337833230490652,-0.6488813373727847,0.0,0.0
-0.7429435875811267,-0.7318612583238296,-0.4832992524144945,0.3177634587030813,0.42764119394801026,-0.659763817138924,0.0,0.0
0.9177272631220728,1.9509340278901817,-0.04219172426271282,1.9182645733619974,0.845958980033475,0.4114857964291774,0.0,1.0
-0.7334924600735648,-0.938083786168948,-1.1480151006124706,-0.6511532860343533,0.40453255227610674,-0.6586066638645625,0.0,0.0
0.24670960844024978,0.8610579180049115,-2.171557009559211,-0.7445943969048796,-1.4840629097897324,-0.38128525014747067,0.0,0.0
-0.42329581041847597,-0.7035310616876715,-0.49325250977181406,1.5283207344692549,2.0896130910332142,-0.6173098086728087,0.0,0.0
0.2583484913936158,0.05861464847112148,-0.7949168841094321,1.0653490328345634,1.0248319291911692,-0.3763407799495476,0.0,0.0
0.006502325364595632,-0.06245897404478485,0.06334075177248608,0.09682268868560322,-1.7585638498661325,-0.4955376604900586,0.0,0.0
0.012957180571926243,0.766485483744638,1.3684830875056717,0.17047707906492943,1.415380057301811,-0.5008544625578164,0.0,1.0
-1.1788663349164104,-1.1253753860630384,-1.4416237749281058,-0.026615028165553604,1.3990020168677981,-0.6912255821684599,0.0,0.0
0.7773933267909927,-0.7355321539085923,0.904397449420431,0.8002286887370028,0.6282014670871425,0.15558667324668624,0.0,1.0
0.14841459441904747,-0.8693190016960555,0.3779731343849912,0.8232597597621607,-1.267602572674404,-0.43827448180051504,0.0,1.0
-0.886273677884897,-1.138427359090272,-1.6975810579814012,-1.4014190777518523,1.8586880460113446,-0.6717165748349035,0.0,1.0
-1.6177812238557063,-0.9281423358740519,-0.32075373622526887,-0.21119620040049134,-0.42643981091003397,-0.6984778134347982,0.0,0.0
-0.22475304988886435,0.2641058725989802,-0.5537519075729279,0.08102326608961022,-0.511536199298827,-0.57280590838568,0.0,0.0
0.3493246662694932,1.4160773106723044,0.6417241449234536,1.2509066602845502,0.38209456161206623,-0.31703541696477067,0.0,0.0
0.5779202974324907,0.3454579647323753,2.1462586558746692,0.4408947755355023,-0.8526025096928851,-0.10903089332218659,0.0,1.0
0.8053834781510356,1.0555346336491154,1.666281765142008,-1.664039817214066,-0.5993701352863113,0.2020147927603338,0.0,1.0
-0.2918267052436217,1.7421211318519436,-2.4979759226291343,-0.5602748994567639,2.6292327575760726,-0.5883134814545117,0.0,0.0
1.6278522862417175,1.7855109621392369,0.7998034355158028,-1.5660965005632352,-0.34016444982892974,3.3763177443204175,0.0,1.0
-2.472955262752584,0.7449885658935196,-0.1671663354781593,-1.3621873266200246,1.4155176632843849,-0.7090393543609277,0.0,0.0
-1.5334705022839499,-1.7104180445923698,0.8547970985942865,0.12503023232228958,0.3251001969609953,-0.7011630469241923,0.0,1.0
-0.5854256470057778,-0.5383836822960524,-0.7853649500740039,-0.13729195397088673,0.7464672935452492,-0.639328168942612,0.0,0.0
-1.3389263195572232,0.1644482860027799,0.9123144908446736,0.45235999884624356,-0.1244871149942501,-0.6953498396582218,0.0,0.0
1.6603853386010758,1.4622134522256833,1.1647540419737408,-0.9846793316216834,-1.6428910687003555,3.6262852372898546,0.0,0.0
-1.9396218618572327,1.9086831034649487,-1.3481015628539077,-1.7449751565696825,-0.0038924387055514157,-0.7065237899480075,0.0,0.0
-0.2691077997132986,0.1565228203454692,-0.2762540161936396,0.33973803517946766,0.02813932808658583,-0.5832666212877097,0.0,0.0
1.2481312670693003,1.588084355984118,1.0491377277693104,1.0097993388786373,1.2837403498051896,1.3380916009860169,0.0,1.0
1.3701709636350181,1.5243465629057298,1.330157275240664,0.8523633863365866,1.2085907807904186,1.8466512951545957,0.0,1.0
-0.8285180118778313,-0.34365244064805966,0.5036380903302713,0.8670351705995514,-0.7560433331730538,-0.6656566549089522,0.0,1.0
1.5820443283717183,-1.1248937040880789,0.7172277405865126,0.981250255147143,-1.2549023140958675,3.0457404609980454,0.0,1.0
-0.8975831811813364,-1.3357917723776986,-0.06775365535541862,0.383095984455483,-1.0265139850260223,-0.6742992363117343,0.0,1.0
0.17988076188648255,0.21245239750483222,-0.2047415444958154,-0.3580870733026878,-1.1400227943136567,-0.41973250838593573,0.0,1.0
-1.2916578543041426,-1.0108989043426702,0.6995821590032852,0.6465271989079734,-0.15622172139663099,-0.6952856895799369,0.0,1.0
0.5911868332418718,-1.2404009720190015,0.48178066269080355,0.4873497494134861,-0.8498315253455335,-0.08983649451888301,0.0,1.0
-1.285250818893178,-0.673925446516978,0.1539975366680249,0.8740788952560529,-0.26675995170471706,-0.6945521201794626,0.0,1.0
1.1439181033976218,-0.3171027572703179,-0.8442351802483901,1.2157196484737989,1.9518198718301634,0.9813063878620985,0.0,0.0
1.626864245239425,-0.42080020927003847,1.5563659857736132,1.72437708560108,-1.3712081180230553,3.368026881356628,0.0,1.0
-0.38359399508108105,-0.45549895646444066,0.6244697789846375,0.48377954470064577,1.0752316819240235,-0.6075440983618557,0.0,0.0
-0.16138218268770965,-0.563994700261183,0.8524022668431546,0.7337658387502206,1.752159228390981,-0.5558128734609922,0.0,1.0
1.3576186048866692,-1.4123885731416872,1.116059113131647,0.8414253213015706,-0.4216556513472555,1.7873459378750758,0.0,1.0
-1.6658803890999656,-0.9957538922980281,-0.3883039408976106,-0.042981896510696393,-0.8932315125768626,-0.7042894807842016,0.0,0.0
1.6661612201512195,-0.25207512303939555,1.090024371737295,-0.0008621636639881951,-2.223513583013278,3.6702709025891673,0.0,1.0
-0.8349770750973262,1.5954315078077586,-1.299753607932819,-0.8767086315750003,-1.7363594820744062,-0.6661253427144034,0.0,0.0
0.12359708789365514,-0.35383998890341417,0.32679048030728713,0.9666740579147405,0.40087697451213583,-0.4485734814232416,0.0,1.0
-2.108842654989719,-1.032657333701338,-0.3375661230606292,-0.09086907021161374,-0.4223559284046913,-0.7096330482057148,0.0,0.0
0.21723528342573045,-0.23487820386383473,0.3522073404634169,1.3373873055050414,-0.22974865194750008,-0.4005637561069358,0.0,0.0
-0.9624370039330854,-0.8624051282865962,1.1122390554535164,0.9173894668700789,-1.3356112421536495,-0.6769752294851934,0.0,1.0
-0.2233934449226426,-0.5839589181723011,0.7732931823212907,0.8549060995333839,-0.7889083181255611,-0.5745999321317042,0.0,1.0
-0.41361974156960934,1.999759541227541,0.9350498343499977,-2.041748964074312,-0.555318619990551,-0.6171797222673538,0.0,0.0
0.18517833873329564,-1.2642258604369012,1.1295554737806954,0.9829791053941538,0.5126726413865714,-0.41698564007442823,0.0,1.0
0.008955786315103726,-0.3579736450819918,-0.44753901858876316,0.549634298017881,-0.1628361843561399,-0.4990968404929415,0.0,1.0
-0.21518317399920203,-0.311412238931272,-0.2288598846360479,-0.347556354783027,-1.5639462311903576,-0.5706688204866311,0.0,0.0
0.633082286387241,1.1534848268849307,-1.7638902172720567,-1.2267613158137822,0.4188670442147886,-0.0444156543915984,0.0,0.0
0.7192748604684858,1.3890091776994349,0.3017603755337493,1.4339380128126968,1.042752207937667,0.06978076839619621,0.0,1.0
0.914756086475918,2.91158806284072,0.2665490377048701,-1.3359784293220573,-1.0414631877837488,0.40298149336145556,0.0,1.0
0.7596973508412155,1.4672441155360525,-2.4306422166301447,-1.08522190249656,1.4703885864278887,0.12625467581052124,0.0,0.0
-0.8607393126152008,-0.5933639709708715,-0.5293405344301364,0.7476842205776619,0.9291680411561606,-0.6687403050252478,0.0,0.0
-1.6713794779565305,0.8215961272215418,-0.8800413679488888,-1.312110035074145,-0.2210394405816795,-0.7066821840935579,0.0,0.0
0.6880256206187133,-0.8861498211124741,0.9367927011569216,0.8115545182526522,0.7113761091909133,0.024899350046340505,0.0,1.0
0.06299071372101445,-1.293468604602564,0.43377174173301297,0.7341961283782904,0.08452311736632055,-0.47847829973990746,0.0,1.0
-0.8124233098698539,-0.9964159601565497,0.7279546488868595,0.3872486654393846,0.13992777756585692,-0.6649353277786175,0.0,1.0
-1.2914283368620765,-1.3769626142753986,0.9765158315609742,0.2819146383277751,-1.134678031157583,-0.6943446038486871,0.0,1.0
-0.48120074516889444,-0.1444262222695945,-1.0904080060546233,-0.3659704277653493,-1.3485209187606437,-0.6274584741385533,0.0,1.0
-0.47833222399643816,-0.20479326608225965,-0.28086434487791395,0.3137373583454835,0.8159851912826283,-0.6252513255229669,0.0,1.0
0.10086899927133114,0.5738235046325675,2.212720459424547,-0.1443589768001586,0.7280313483692838,-0.46173492189526216,0.0,1.0
1.4140481571999246,1.5448082392505518,-1.0185279216789687,-1.7746066022462537,0.7883128171722092,2.056880783690512,0.0,0.0
1.4121732472170343,1.491220047081102,1.4007584681207077,-0.9310718076515629,-1.7158835257140965,2.047431387353525,0.0,1.0
-0.4945953724257097,0.12339025404743252,0.13644402742695083,0.09666306048042629,-0.3420852308052021,-0.6275011755850973,0.0,0.0
0.5969954301762604,-0.9174929301964513,-0.7161298918283602,-0.3367310356151307,-0.05171289125958214,-0.08760235143155727,0.0,1.0
-2.3450095108298097,-0.37817630426436205,0.27338288337278344,0.29540928687212137,0.1698360478330687,-0.7099757244930497,0.0,0.0
-1.5454720677433484,1.722363633120131,-1.0536229856059203,-1.2708491790118759,-0.6760793567023933,-0.7033312986068944,0.0,0.0
-1.191741677477826,-0.5474459823441248,-0.6074767556373301,-0.6152799740572827,1.6505957885034266,-0.6888132025580754,0.0,0.0
1.3932123632156357,1.0844709972195092,1.200101827511042,0.9317063465477171,1.2705123251347172,1.953528824398588,0.0,1.0
1.1826385277732134,1.4366817520089037,-1.061584747080005,-1.8551375966527284,1.2149968723319309,1.1061114966066337,0.0,0.0
-0.28249197529251846,-0.5061739401547514,-1.1160357101145775,-0.6394739589999646,0.32699300494346617,-0.5855993519721517,0.0,0.0
-0.8447953729238317,-0.21237814539716796,-1.1080178655172934,-0.0762539447180209,-0.9754399101416682,-0.6680679960359692,0.0,1.0
1.5354665204596358,1.6264446082510506,0.9066563404759496,-1.031665162626985,-1.6323416986754744,2.741748942441208,0.0,1.0
0.21018518081254628,-0.765596470579805,-1.5664134364436613,-1.78984554213346,1.4488473652036726,-0.40277039588616403,0.0,0.0
-0.9864597676450264,0.9158176199552577,-0.5877811560337565,-0.830409250696479,-0.31858863378384666,-0.6777685947386314,0.0,0.0
0.3065344094125068,-1.8664356241728022,0.7932186025005883,1.5947618234001517,0.6960345693040993,-0.3460542790174472,0.0,1.0
-0.0036982543581448447,-0.2618651590276399,-1.4323882637299754,0.20518579550672528,-0.5516996519560052,-0.5044190994123331,0.0,0.0
-1.085630128096099,-0.7085956823036147,-0.8248986288871187,-0.8429282381477005,0.4027858155011755,-0.6877207801658175,0.0,0.0
1.6117467404856767,1.6458723779060587,-2.044631401571552,-1.6860847580009566,0.49159769715634755,3.2580484258611757,0.0,0.0
-0.15710881111942004,-0.3694995289602009,-0.734585738170984,-0.068647877936799,0.4833334457585522,-0.5550981577800977,0.0,1.0
1.0873096726562483,-0.7802452716163115,0.34686906793896083,0.15182553143263822,-0.6798921969461454,0.8166200897811375,0.0,1.0
-1.2673816048345312,0.8606831816951668,-0.6597972542330783,-1.1099142967378821,1.3607337923878458,-0.6950418723234114,0.0,0.0
-0.9407090387242097,-1.2808693705866885,1.5110955098831784,1.1014441888007296,-0.5737307721133832,-0.6758637001841338,0.0,1.0
1.0830374545475026,1.629859419480125,1.1457245679256134,-0.8319598195358183,-2.227325763995689,0.8054000331641809,0.0,1.0
-0.7881648227573088,-0.04663683197116901,1.119543443709889,1.2759442753818024,0.8851702083960936,-0.6640763680176891,0.0,1.0
-1.4088661246267589,0.8554929507577353,-1.0691665590032984,-0.944018750642858,-0.7480818393539301,-0.7003528202946532,0.0,0.0
0.527262621642765,-0.8627326957881466,0.08456382733137671,0.9048474297797297,1.0132414971323964,-0.16117226022235867,0.0,0.0
1.4012553188614914,-1.0837461974506741,0.4627108926442776,0.6604401136279938,-1.5720603405907188,1.9937187596047048,0.0,1.0
0.26290047523333815,-0.5360245731964238,0.4243900235597672,0.9939006418484393,1.277410421938035,-0.3701195193365698,0.0,1.0
-0.22004999214972887,-0.557112048748864,-0.9415926246656081,-0.5294461817077194,0.6537305096804393,-0.5692281364417415,0.0,0.0
-0.5639329478465736,-0.8513981561272124,-0.19394483956862504,0.5581236541958611,-0.01927878827391805,-0.6388634783391536,0.0,1.0
-2.877671486963662,1.873272295192726,-1.0385641476462446,-1.653520315343555,-0.807951008544445,-0.7169433236112172,0.0,0.0
0.43801703701159383,-1.1347742459231525,0.6579674562868614,0.5512525050976255,0.9790909869858481,-0.2439144345974343,0.0,1.0
-0.26300799694212157,-0.6629503728197222,-0.9455593016170998,-0.3848122330944135,-0.2912934849615041,-0.5839472511448477,0.0,0.0
1.5168236200288974,1.2607210933140756,-1.3995837057111185,-1.8154812085454262,0.6967235728903475,2.6273786566961985,0.0,0.0
-2.3200672337856374,0.5846134441138154,-0.5046528791763503,-1.3239289108246268,0.47649178337045067,-0.7108030545524502,0.0,0.0
0.5385793860029976,-0.3068576584721883,-1.4174568539458507,0.5599836783781377,0.42186273463855717,-0.15021824688675847,0.0,0.0
0.5162239042144204,1.3647658042441648,0.9032899221240115,0.8286959370611879,1.5360955641114777,-0.1708645043028799,0.0,0.0
-0.09429693634451336,-0.6540961328725367,-0.2982823011145237,0.4299833036713144,0.6841483848851857,-0.5339575535368966,0.0,1.0
0.3354324480047702,-1.516344958764032,0.9628544728738007,1.695534641691071,-0.25673077305402187,-0.32708802382216695,0.0,1.0
0.3563306192625915,-0.49750547292075703,-1.3300661707523957,-0.3587924712284103,-0.5266806823694932,-0.30575268115257864,0.0,0.0
1.4754425228666037,1.762689659579091,-1.7480779356115688,-1.5994472463303415,2.093021224053413,2.3875495455098696,0.0,0.0
-0.6267029230172725,-0.27885088799091745,0.20983570076353217,0.9854726293898247,-0.058988696815130595,-0.646504022839944,0.0,1.0
-0.41882271559598505,-0.2620988349368916,-0.9003855320369286,-0.23157687493346307,-1.2777576417657208,-0.615487223361428,0.0,1.0
0.07250589635062861,-0.7507460484791842,-1.4743692422087047,-0.9718578567141544,1.2382415710422672,-0.47459158141019536,0.0,0.0
0.5321413729796091,1.9844918895583377,0.9979754509903906,-1.6020867459604529,-0.7914304447804228,-0.15362890035754656,0.0,1.0
1.1055185055206198,1.222453798861618,-1.347536673081811,-1.5858039972118434,0.26615876375592107,0.8648929324975122,0.0,0.0
1.1939474042093958,-0.3437564934350101,-1.3700980447792102,-1.9735852088385086,1.1467055528584817,1.1446643910029566,0.0,0.0
-0.15389566651622313,0.85135934196496,2.0082234031025292,0.1794133370510477,-0.024442249940451265,-0.5554250721064925,0.0,1.0
0.9112155034452438,-0.5191312775363116,-1.1351793859775838,1.0911227711869433,1.3112713881562839,0.3985464096020416,0.0,0.0
-0.9445839077367215,-1.327051706507538,-1.0521670660941127,-0.1583677553296268,-0.19189945037442646,-0.6739909111054916,0.0,0.0
-0.5456449860728748,-0.41180256092993217,0.6632497971709902,1.2316283264464962,0.4636032035544713,-0.635202422520145,0.0,1.0
1.2831809096242963,0.21319744943949037,-0.6824731450439082,-0.09987727177790336,-0.6741554478095505,1.4747416441011252,0.0,1.0
0.9342336874816357,2.3569895502214133,0.5483642646084641,-0.9798138337591492,-1.9740148238059316,0.44458015820610164,0.0,1.0
-1.9926830538434528,-1.4910526089936016,-0.6892521167279947,-0.35725912081384564,-0.030903483373616154,-0.7096035413596933,0.0,0.0
-0.380487364677784,-1.281643594516523,1.5670309549956503,0.8819482968776695,-0.040942387743665466,-0.6078087783658436,0.0,1.0
0.7163876582743931,-2.1664347336258154,0.4559419482563009,1.054796441048599,-0.16320102633565955,0.0650407142805934,0.0,1.0
-1.046059909168335,-0.4204062275883732,-0.4856528293342414,0.3929795505847155,-0.08340144726499492,-0.6834042879208387,0.0,1.0
-0.34456883414140793,-0.4053386845633241,-0.4738539039328242,-0.15803796021268257,-0.410707936359504,-0.600449115272605,0.0,0.0
-0.49032461467208677,-0.36290642887058927,-0.32821238521989765,0.7260672171223082,1.06042767175316,-0.6277102529942215,0.0,1.0
0.7351108781591721,-0.5596542769725009,-0.8928854097959948,-0.20923197811595953,0.8996732781948656,0.09293352739937705,0.0,0.0
0.016423324856097907,0.3828513000174857,-1.4636025308991039,-0.00031298694568821715,-1.8422957015081949,-0.494673145396746,0.0,1.0
0.13712659072999314,-0.6459491302244861,0.16839977915274562,0.4530922930457898,0.4359903638906465,-0.44420292092961733,0.0,0.0
0.07773874764933293,-0.9156620485742649,1.5315204715275579,1.3139239543577856,0.7554968013649643,-0.4703503330096455,0.0,1.0
-1.3179198373708678,0.5450861853025916,-1.2882336480793015,-1.076895506208828,-1.524550141091308,-0.692750850242816,0.0,0.0
1.5633740560976312,0.37653265293132543,2.1630654023212585,0.4973032191270872,-0.8343107723528526,2.9237204705609363,0.0,1.0
-0.9790288624164234,-1.6187946478176949,1.15307799176844,0.7769173300976863,-1.349905289391891,-0.6803902965631935,0.0,1.0
0.5789641024637489,-1.4810880699020672,0.7112090335030361,0.20036486297362308,-0.34173803105623524,-0.1035312337026602,0.0,1.0
0.8364584750248512,-1.4965251498627818,0.5885317134416256,1.1492441636866113,-0.10683599746633682,0.2575212059834643,0.0,1.0
0.005891861275813645,-0.12207630565917611,-0.19117938129589016,0.7093676052044801,0.7172091313801036,-0.4977076619015941,0.0,1.0
-1.6667304809322443,0.6453745070352248,0.2218646155654187,-0.09133680001990084,0.370920572602465,-0.7021594116744814,0.0,0.0
-1.0754469824322341,-0.4233222046836162,-0.10883374459202769,0.1256236319390908,-1.116317837801452,-0.6869579175504419,0.0,1.0
1.2246730729651771,1.2575743077079495,0.6894851429471758,-1.3246883273635492,-1.4748574235437224,1.2528305301728453,0.0,1.0
-0.0755382132714819,-0.7387876792523694,0.04001403106658727,-0.015961786042852644,0.994620555189511,-0.5282879578439237,0.0,1.0
-1.344809295623818,0.34960788309102137,1.1318584770573439,0.6786621085791174,-1.0228213873859748,-0.6957778728531582,0.0,0.0
1.1279816455254175,0.8959230721847637,-1.010709722864592,-1.7940258686106711,-0.2422543708998726,0.9366737417610714,0.0,0.0
-1.0912944694293472,-0.9386808091216595,0.7262873582729185,1.1056032816681376,-1.6436670582078157,-0.6835025536885437,0.0,1.0
1.0268549709663477,-1.3576840869024052,0.9002713583694295,1.3461308231758375,-0.5898297670096372,0.657303010345292,0.0,0.0
-1.0608569690491088,-1.0130533260335826,1.0966092993005863,0.8777453953222152,0.1330624673507314,-0.6820954236036579,0.0,1.0
-1.9095011093662686,0.31332211947406097,-0.6370758478726797,-1.50920328093333,1.3926310287204096,-0.7080188276935109,0.0,0.0
-1.2822126605972972,-1.0885569697788895,0.5201153606572254,0.3354579984290509,-0.5635984377661806,-0.6944317856845246,0.0,1.0
0.7995707835914506,1.7740435093161804,1.0167649072700862,-1.364078221921978,-1.2202660118388382,0.19122480514622212,0.0,1.0
1.3204623661414283,0.8964195784591796,-0.1025654640170177,2.3116791998396042,0.07847079137823583,1.6239232090773388,0.0,1.0
-0.5206840115240797,0.02968709064325802,-1.114051852897143,-1.205402701357239,1.5238881044580441,-0.6291545469815766,0.0,0.0
1.0773848650431646,1.0366817059462197,0.7933826505019433,1.01789568989528,1.313110503912143,0.7886632329084311,0.0,1.0
0.4149408066670337,1.2819048303625182,-2.2844184564818444,-0.9473915999941354,0.4559503702778883,-0.26331872468434836,0.0,0.0
1.1605418891765036,1.6503483846922216,-1.4407064460339325,-1.72207956126648,1.3126053336879002,1.035131903947716,0.0,0.0
0.5238045669421338,2.320026356316655,1.0027115573294503,-2.1054949621066896,0.43815333686740804,-0.16726439135976784,0.0,1.0
0.21882641505420158,-0.5960262541013078,0.22098214969187693,1.0940427282267802,0.28051538965975875,-0.3958090775245947,0.0,0.0
1.2758973039148316,-0.5968978038360443,1.1426255438876372,0.7216930472467574,-0.47315437582307424,1.4422969343743415,0.0,0.0
0.2814493798635778,-0.2698741494453705,-0.29521942543726093,-0.8624518651776626,-1.802554702401958,-0.3593672400439106,0.0,0.0
-0.30413946608955567,-0.18324642253631276,-0.18033776582907496,0.36698076898308785,0.5728844710305561,-0.5928385967644989,0.0,0.0
-0.3142618705797501,-0.028410413825471097,-0.20861186240271162,0.18093559307463178,-0.287183912490707,-0.5930548062443209,0.0,1.0
1.0503003483858255,-1.478037054569333,0.2760493012726231,0.8150452840621725,-0.08325494010281576,0.7149696895300763,0.0,1.0
-0.7797040636655395,0.557907894289824,-0.8021943272384239,-0.7162443350420444,-0.14048869137053305,-0.661845051585518,0.0,1.0
0.7043572674259723,-0.18184383365472748,-0.6730081906921238,-0.5310053072017809,0.331232113483511,0.04611350497983072,0.0,0.0
1.4921540083823805,1.1937456839542462,1.8770634713106946,-1.519555137667411,-0.33652472661417615,2.4817148799549855,0.0,1.0
1.0522696238199198,-0.17573227206527517,-1.3420550931049,0.8687164921935076,0.7106505213151623,0.7209230756836443,0.0,0.0
1.266486875560335,1.3934253735323472,2.0593987390266992,0.5679778728701618,0.10123503729767444,1.4026207578857146,0.0,1.0
-0.011128299821128949,0.2809661572664809,-0.1969661855350132,-0.14883897406391586,0.09540753616637687,-0.5081194687798156,0.0,0.0
1.433083187597279,-0.49856998701528066,-1.3698812067937731,-1.30479454518483,-0.7310151336029377,2.155867543016993,0.0,0.0
-1.3257019332191013,-0.9406255499536793,-0.975591021175705,-1.333008462459298,1.1701720203162942,-0.6927954645208434,0.0,0.0
1.0841961226640753,-1.2998101104792439,0.5120556276503916,0.16335905696264136,1.177720690680144,0.8099280675908006,0.0,1.0
1.3686791335455155,1.5612379322398353,-2.9336676594458218,-1.1430546980310465,0.5600434185621732,1.8371892050228704,0.0,0.0
-0.8672948344229552,1.1404233701371604,-1.188942496576443,-1.0832888060787653,0.038896093523807566,-0.6709997284929301,0.0,0.0
0.8843556713335365,-1.1730969464822472,0.7696360734353502,1.619104925439401,-0.21347957668587525,0.34750868408901486,0.0,1.0
0.5979887656394303,0.295573737417057,-0.5458555761300046,1.2657324654044273,1.1009051420248939,-0.08504993592583354,0.0,0.0
0.6060101670940107,0.6195242774275379,1.295895822189859,0.749730234121881,0.3280897372079193,-0.07638726519736053,0.0,1.0
0.6820307306106507,1.6597919166736317,0.13746474469039086,2.058181465261388,0.17559256489010353,0.017362825191232008,0.0,1.0
0.9682821201585462,-0.6717492199349029,0.20224474017052596,-0.09347597118305041,0.37736332939507944,0.5173288870622574,0.0,1.0
-0.6095885500600444,-0.4335863057352677,-0.7387512688510467,-0.37419974517541915,-1.4464500608771227,-0.641747939053849,0.0,1.0
0.09579098454580552,-0.09322786359665884,-0.27602067878315023,0.4539058401304549,0.3990339600450467,-0.4616647877004784,0.0,1.0
0.9902808281787239,-1.631190708752042,0.19074023470821985,0.7303874861573381,-0.5815031590591738,0.5703465889979508,0.0,1.0
-0.05926150247518114,0.8036132871337839,0.8264737700198733,0.8672285552892152,0.8906163952511185,-0.523193468098229,0.0,1.0
0.9966312812408251,-1.3555000755160935,0.6910664546513117,0.9559098186180847,-0.4397185620171352,0.5832044510318616,0.0,1.0
-1.011759853860439,-0.6733390161065408,0.384473326949869,1.0605619338835606,1.8386115619744914,-0.6791689021924009,0.0,0.0
-2.195497387008934,0.9651848848165936,-2.03718681142891,-1.7940678182571848,-1.4264402278307788,-0.7110721099527814,0.0,0.0
0.9010120992204607,-1.5010233901762844,0.20827256187296783,1.441254539179802,-0.3480094786488045,0.3778737552207299,0.0,1.0
1.6345702206836523,0.9305457750369827,1.8000295075654604,0.7030261210981216,0.7195997916365425,3.4263533084986055,0.0,1.0
-1.1349393339449245,1.1051213033754916,-1.1339344868417498,-1.1895691826932209,0.1307175617035142,-0.6871496504293875,0.0,0.0
-0.12339510201592824,0.46040250471689154,0.7780648436633301,1.2284497233507903,-0.8958901179316122,-0.5466106599482308,0.0,1.0
0.9492747591493601,0.3005701325721631,-1.082323545516432,-0.3527186429490439,-1.270596356906006,0.47621736463045355,0.0,1.0
-1.550474428162792,-1.2669343683325758,0.8857535152562928,0.23998927329729586,1.4263792613320203,-0.7015346167609009,0.0,1.0
-0.45089116027052656,-0.21704801020308803,-1.0240633395170198,0.28420763369298435,-0.3305215030760847,-0.6203537317156065,0.0,0.0
0.5701704004892915,1.262065616414923,1.2162399667668702,0.9213484328789349,0.5120735703076331,-0.11800145795588936,0.0,1.0
0.6234878232885185,1.0421617768982772,1.3303571000087941,-2.798380069440177,1.5171808687461101,-0.0557981763963074,0.0,1.0
-0.8576245745999566,-0.42859312324554194,0.9734834042588578,0.7978010905480856,0.734743628306642,-0.6693471050845051,0.0,1.0
1.0846530622148027,1.2257464149836133,-1.408382593627617,-1.5116552474159182,0.341017060188129,0.8087680748058986,0.0,0.0
-1.9728100428650366,-1.1879322886063137,-0.6090807699758437,-0.23786591382955452,-0.1884354849415588,-0.708626360257039,0.0,0.0
0.6327467326118009,1.6945113464557868,0.817270995593593,-1.531185699087194,-1.1571154228978777,-0.047178894103030895,0.0,1.0
-0.49479391882751783,-0.7015691937200932,-0.03772511374782735,0.16934378426579658,1.222517092543577,-0.6229545891480609,0.0,1.0
1.156638430800646,-0.9843693407651961,0.9595064102350634,0.6990804984723962,-0.8194170520267396,1.0220479742315989,0.0,1.0
-0.6525326424576391,0.8405239885989219,-1.635571752609424,-0.9795424667573971,-0.2057720801670208,-0.6523024909403481,0.0,0.0
0.9353523604495615,1.7558308817613435,0.41396619771379134,-2.350239983236315,0.7216314228024416,0.44620950776240287,0.0,1.0
-0.644718131204036,0.9083262568057929,0.9918667165604121,0.8433967220825548,0.13937934628482507,-0.6457787253741932,0.0,1.0
1.55717652801224,1.0382397569760426,1.1582925116266047,-2.216664562123422,0.8567317175119035,2.884624011043384,0.0,1.0
-0.49671798267070827,-1.468963914186238,1.1393397485320353,1.8415749831112438,1.074221168704665,-0.6253791427784892,0.0,1.0
-0.918616306350336,-1.0243270382380092,0.513696772413451,0.5567871958832957,-0.7669440559836106,-0.6739090076210972,0.0,1.0
-0.5095182398986696,-0.6563530264815578,-0.07239855241240793,0.30271262178546754,1.0391307115681285,-0.6284040691859893,0.0,1.0
-0.6331090406162236,-1.0298786680932215,0.4164593403203299,0.29814184682032946,0.664148561762973,-0.6437136988637332,0.0,1.0
-0.20045795930606902,-0.8826180062705286,0.0413290106970995,0.7022168900755271,-1.3243205458620602,-0.5724828063113716,0.0,1.0
0.07382800408731761,-1.2966319747846373,0.5533602518863594,0.908407753034354,1.6516665413790206,-0.4718485893264701,0.0,1.0
1.1508009617217738,-1.1945770743063573,0.7529919246227246,0.7799691508027294,-0.5934813438887879,1.0068408181783788,0.0,1.0
-1.9267302507326103,-1.541342601688715,-0.6287684700776099,-0.10086368823839122,0.05035567493639199,-0.7080303159858925,0.0,1.0
-1.2972125881123493,-1.56632313373812,0.3264850736185076,0.522724549209306,-0.11220946897010883,-0.6944102399700876,0.0,1.0
0.8828829678348309,0.9753705923985668,2.255982735445632,0.1643482038514686,0.2849271913008114,0.3396596260148382,0.0,1.0
-1.5362203112907913,-1.2654565983288177,0.8067440736354078,0.051368667641642926,-1.0089241890054115,-0.7031237556396251,0.0,1.0
0.7388803648128079,-1.1016492068920363,-1.9560602037777919,0.4811710092717657,0.694076048470219,0.09523217343773645,0.0,0.0
1.0500023310704214,-0.32338073361677844,-0.7815571431823239,0.015199981709360327,-0.06630940503664752,0.7171200468272517,0.0,0.0
1.265819733540479,-1.4491823469034977,0.847002656781018,2.14869339869128,-0.3321860544037821,1.4006141237899739,0.0,1.0
-1.2833748185951315,1.1421761786817493,-0.7461693189706176,-1.055439442148984,0.0988487248961,-0.6941980764128677,0.0,0.0
1.4046498265738594,-0.21989611341691023,1.0614636610936752,1.0994160306346439,0.37584122791096325,2.0097522674993735,0.0,1.0
-1.8124494806171227,-0.4510607731534835,-0.7538909832660166,-0.7460449427487785,-1.6264058462988176,-0.706817246428251,0.0,0.0
-2.154999617039636,-0.9631927386130283,0.404698826912441,0.30302236402975985,-1.2871200324414505,-0.70852880375661,0.0,1.0
0.4342389282079735,-1.8355091544859583,0.35198442167268934,0.34041751831391653,1.6965732386218155,-0.24851477651934387,0.0,1.0
-1.436735553293063,-1.1859393928794104,0.19365531762873664,0.38359969228974583,-0.11156425259354337,-0.6982012416538932,0.0,1.0
0.032023379148658465,1.8571069379613407,0.4673857921232079,-2.7639140630227836,1.1007217006075558,-0.49061960870355414,0.0,1.0
1.510930078081515,0.35518125377046655,-1.5808289212510143,0.219003667064592,-0.6334974857268467,2.592682986853789,0.0,1.0
-0.24189217589849518,0.48158592166824304,-0.23961706520024764,-0.4446291235361942,-0.4503918970657134,-0.5761808338396412,0.0,0.0
-0.051488340393402374,0.2111253538703867,0.23916922688469613,-0.1131122486876039,-0.8278998029685589,-0.5224683622492469,0.0,0.0
0.7658219478196944,1.3450072864971718,1.1427930316066295,-2.585299498909764,1.220789339153178,0.13998464002078442,0.0,1.0
1.335556423663903,2.503539707079167,0.08299044738860169,-0.8381116899538701,-2.134977732224813,1.690895578251331,0.0,1.0
1.615194092612374,0.6835799140820011,1.8985572843289498,-1.8829314299043138,0.2971613243812117,3.2839566473180803,0.0,1.0
0.22936913934469882,1.4229797261465655,1.2091870093715955,0.6720645857549284,1.2684247391682544,-0.39376992210496814,0.0,1.0
-0.8575077649632126,0.6080562004657535,-0.6034800681285983,-0.7894208208654262,-0.5904551939885728,-0.6691370191396077,0.0,0.0
-1.2636694870998912,-1.2663011720328197,0.6108139685571278,0.33738776459502523,-0.7633690828925311,-0.6962306496430173,0.0,1.0
1.628693617873541,-0.9911514546676539,0.637963219106969,1.7045002410149068,-1.0765572730549475,3.3818610161168214,0.0,1.0
1.4198558931994512,1.2612063364618098,-2.152671823354285,-1.6088283001206622,-0.620539836746221,2.088565905534125,0.0,0.0
0.4936492842538657,-2.0627646034312574,0.9662828826209771,0.07856406954961251,1.4762110006445814,-0.1955105227285295,0.0,1.0
-0.024220949404888475,1.7048004794554277,0.7351730697033627,0.9601775484356925,0.732096590451854,-0.508988703298656,0.0,1.0
-0.2393161790614489,-0.596716991014428,-0.2736403739056065,0.036918203313064,0.19511547284949984,-0.5759617314204385,0.0,1.0
0.2954474488739652,-0.8637906736288358,-0.7814899678091772,-0.08890818221895268,0.23579458722683463,-0.35295049773242243,0.0,1.0
-0.7270225719079093,0.20258887312849364,-0.7804745675090295,0.21874823331249676,-1.159268662639119,-0.6592671565818716,0.0,1.0
0.3547936236480136,-0.4214516772202533,-1.114716086771088,-1.0989655693166582,0.5181898210533232,-0.3077050144718726,0.0,0.0
0.9668677976846655,1.3523291256166192,0.2770570660205565,-2.1549896858914823,0.02361736417331948,0.5182130415010214,0.0,1.0
0.5312017797639331,-1.2759132617425581,0.9152554991883455,0.6042786846521094,-0.047675844325320085,-0.15704077877085432,0.0,0.0
1.1968510877106342,0.21518431747302902,-0.9556087881124896,-0.012031860211017688,-1.1302949975938763,1.1518472958462542,0.0,1.0
1.4111860075868277,2.3751464419100525,0.8133948871057681,-1.204283286340112,-0.9668183320606945,2.0462018698243742,0.0,1.0
1.3837692823735608,1.2647571568818483,1.2227839999814174,0.98452119541958,0.6769469292746854,1.90878438375152,0.0,1.0
0.2281237344851631,2.1485785149087464,1.7083390389048376,0.47222183307922677,0.8877157188366153,-0.3931141790828046,0.0,1.0
-1.2638791490547803,-1.4286835434891925,1.031055137783309,0.42842671651543046,-0.9711193618222065,-0.692898271200795,0.0,1.0
0.10592889381025654,1.0336654658614441,0.39320675878369565,1.420032255075379,0.5185904045362104,-0.4553264866977843,0.0,1.0
1.1223256040808613,-0.032106328415762934,-1.0288348190402732,-0.07474945688633584,-0.9078644313927324,0.9219448392394114,0.0,1.0
-0.1707076798090831,-0.31516216757953713,0.2603987087167,0.7488774231928298,2.0442094765020564,-0.5604554822561415,0.0,1.0
1.586448888225859,0.806423304638907,1.8750292977686611,0.47986931483939577,0.6936288009464945,3.077438012001239,0.0,1.0
1.5779114329534298,1.0811644035258892,0.9933838591085093,-1.817473608194955,-0.07740927785392598,3.0243865931747607,0.0,1.0
0.7720739860445397,0.3010784577721664,1.0466849992626615,1.0425567208666546,-0.39748573058064346,0.14687138694787932,0.0,1.0
0.522399839289937,-0.7456291515444778,0.1869345062243551,0.5375134726737834,0.5743896424427992,-0.16729345588420227,0.0,1.0
-0.3155714939624808,-1.0497226199176761,-1.27044698536501,1.278356794334284,1.3350837816713952,-0.5942556898756636,0.0,0.0
0.07985653279229973,-0.4570718475683909,-1.0957769917087878,-0.7113467676986935,1.251972593501104,-0.4708883796878453,0.0,0.0
-0.47549704217036315,-0.3376246528637689,0.3903685687888022,0.35987035429545405,0.13164365227878325,-0.6245248104941383,0.0,0.0
0.5770359510163515,0.42653942729794486,-1.8138688143159587,-0.44996824737589314,-1.9835539486613447,-0.1075154701315827,0.0,0.0
0.17276683966627515,-0.7068488755500422,0.6049343222125534,1.083835201785522,0.9863202470259358,-0.42279051694950653,0.0,0.0
0.4237578930496788,-0.2900649194331308,-0.6016480071206773,0.2931328487698707,-0.5534206284000546,-0.25748298423015437,0.0,1.0
1.37355539946024,0.022976573200313065,-1.4508733493972281,-0.1950431879654578,-1.8931394959360528,1.860931201355461,0.0,1.0
1.2336692319608376,1.1445544189293346,1.516176676054732,-1.6426715925679107,-0.4194192535287147,1.281452572557131,0.0,1.0
0.8209082020894186,-1.557220273900752,1.2561184508023537,0.8725718075984616,-0.20490002097428273,0.23022779940721194,0.0,1.0
1.0118592925704044,1.888100596002925,0.8779401804907727,-1.487293118831103,-0.8947471264642782,0.6220015182651686,0.0,1.0
1.512569166705862,0.903559662176853,-1.406806729381629,-1.9038321443651776,-0.46560896927981793,2.6031023929992836,0.0,0.0
-1.2798286094955644,1.2097582033454282,-1.284428870759858,-0.9670424829969481,-1.3601873299131921,-0.6923115560120274,0.0,0.0
1.5386551732722806,-0.5201992440099099,-0.7431633805169545,-0.15387547078439356,-0.7655191207094859,2.7629354998681044,0.0,0.0
0.43769574402436845,1.5209398755940695,1.3857644044940511,-2.385453996947232,0.785262809714165,-0.24454820052899365,0.0,1.0
-0.5318372580874335,-0.44053898016861714,0.5454302453409797,0.6135811574726171,-1.71974547591247,-0.6362518402685488,0.0,1.0
0.31840141440712566,2.2357182748425912,-0.3595344270930257,1.845090687427274,1.7232038916699275,-0.33638194854898645,0.0,1.0
-0.8349778004290247,1.1931043977665126,-1.8358881304582406,-1.196879910738116,-0.21755639013304987,-0.6679848142207181,0.0,0.0
1.0413080622043978,-1.1984637235667077,0.5845465695396631,0.9443438323609581,-0.6281546020328123,0.692450529600555,0.0,1.0
0.5680237480171443,1.4575506376750338,-1.2845775062942093,-1.4842364000460646,1.158132817649919,-0.11739712101575471,0.0,0.0
1.5572281528624696,1.5341470581479983,1.17243686398004,-1.0879058254686356,-1.4847507011121064,2.8872376766422985,0.0,1.0
-0.43102716118828555,-1.1380131598548267,1.2716753970965275,0.92834162787069,-0.02759037369130824,-0.6194279614852963,0.0,1.0
-1.3148282793635786,0.32548676615523103,-0.5812979417145231,-1.0236544230010467,-0.9719351153098283,-0.6926142197189166,0.0,1.0
-0.3774043538967924,-1.2034513975102492,-0.5983022680743715,1.2277253843142586,2.065317462404197,-0.6087631023228266,0.0,0.0
0.5915400532656526,-1.0668767710576479,0.6497917711718767,1.0079461474570024,0.5393013567713466,-0.09536602139062608,0.0,1.0
-0.09147804220766567,-1.8652330983727075,0.9802807034224225,1.4715434094103395,0.2825548369254714,-0.5354482109742317,0.0,1.0
-0.3417319547595895,0.04356404635525121,0.3802497913653096,0.625865461239084,-1.1037182840887232,-0.6008142261864066,0.0,1.0
-0.6561588603940882,-0.1787568689799898,-0.4639802473786742,0.23541761940574985,0.1955003797540679,-0.6522285454070337,0.0,1.0
-0.330406893822509,0.06178768724517845,0.3176847540616052,0.45732674170410004,-0.24817471700731356,-0.6002135353139207,0.0,0.0
1.514238970347345,-0.663216567788777,-1.453978355096011,0.1557524450664584,-0.4732335122252156,2.6132265110335537,0.0,1.0
-0.8839876253101304,0.2865682803393119,0.11201574291879067,-0.10811027638069257,0.07021620176422534,-0.6679428346342581,0.0,0.0
-1.3269242104338383,0.8309816139129792,-0.8305243805977925,-1.0901615742828201,-0.9091666723191023,-0.6973295457624973,0.0,0.0
1.260638958692759,-0.6028932179367799,0.31530556576825514,0.4795408790381239,-1.2421889691387922,1.3862533074604009,0.0,1.0
0.8765385477425511,-1.0236827809441114,0.8064331258834779,0.8135998203091606,-0.369606502532759,0.3294166363522744,0.0,1.0
-0.9359417627473258,-0.596339723935036,-0.9017169634415264,-0.9440097813417171,1.755282139603471,-0.6773958669460445,0.0,0.0
1.2270127754794087,1.3073728691609137,0.9681867762658422,-1.743150212220309,-0.4074047863327962,1.2631236490102005,0.0,1.0
-0.6903406567547344,0.4268471841367829,-1.409038713571576,-1.1255100838939907,1.2059803405407048,-0.6568490932836027,0.0,0.0
-0.492491337824253,-0.3981620171213574,-0.6738335674383767,-0.8570917229518956,0.2078517027121499,-0.6275005259719921,0.0,0.0
0.11667058113244667,0.2207758474923092,-0.3346292568122761,-0.5927969249951742,0.16635036294835848,-0.45494001328705375,0.0,0.0
1.1229694048003618,-1.1066709602606073,0.6344068965149267,1.1819915459219321,-1.096245130185132,0.9172117044365927,0.0,1.0
1.5009967064380692,1.3466321838953197,-1.5800049866649846,-1.9070931826760154,0.2721548474016249,2.5363106620283875,0.0,0.0
0.46646140686364473,-0.1322096327215965,-0.6424473335038025,-0.7771495510493477,-0.19207765846519095,-0.21726398311864328,0.0,0.0
0.6737301902194639,0.10721057152140046,-0.3571865132598951,-0.9350389480857435,-0.8892051511704541,0.006685581545166199,0.0,0.0
-1.1879260686435924,-1.1018612383799848,1.0227372930205632,0.9741069009719711,-1.3502285611756977,-0.694450800154487,0.0,1.0
-0.6103120091200168,0.4357031794142212,0.3361520528932226,0.10103335691909564,-0.4492905744846264,-0.6453475104678754,0.0,0.0
-0.5045062044250073,-1.9109546989148027,1.105136465116981,1.9976476664498692,1.1103155947437149,-0.6318404701664093,0.0,1.0
1.39866327798845,1.1570485613945614,0.18094743752019776,1.7178690994730021,1.171252672230865,1.9814419806989707,0.0,1.0
-0.7960908209167037,1.2085636345005581,-0.26444179437375165,1.4887681562405295,1.3390889018710253,-0.6692627469708035,0.0,1.0
-0.5475287858124682,2.2562575293234657,-0.36433874874158656,1.8480046983644682,1.0802590086043264,-0.6322983367142083,0.0,1.0
0.09691543586075724,-0.3184011552167675,-0.36673341143463883,-0.6621571856552276,-1.5846962190005722,-0.46087259113519624,0.0,0.0
0.8406341846640069,-0.9913752455421928,1.0260231940138322,0.9409867128013252,-0.21524347177458691,0.26386968243154074,0.0,1.0
0.07152943965185352,2.042572943180929,0.6826328814558588,-1.5736159529427047,-1.3121727534342027,-0.47378336753699185,0.0,1.0
-0.6349914903853533,-0.06113235553202653,-0.6807614040625262,-0.1774339685399494,1.78229737757309,-0.646104673284322,0.0,0.0
0.7318735234827108,-1.1511648398876944,0.7663217352956985,0.6086989594284163,-0.1543921254808386,0.0887806341384943,0.0,1.0
1.1618403856894124,1.6891905642138734,-2.1306903498427894,-1.2460431245567232,1.677651382309544,1.036203203551622,0.0,0.0
1.3861578907885248,1.1205158196756169,1.545560138219761,0.49862998033743766,1.2953730554651752,1.9214390962412133,0.0,1.0
-0.17540441203731677,0.48613502638646733,1.560973671312577,0.14823571743380734,0.7102692645973087,-0.5591716852892772,0.0,1.0
-0.20267250726223965,0.25742399077418715,-0.19886628813180796,1.1111984144139606,0.9290554592242753,-0.567946038988486,0.0,0.0
1.0165306310256599,-0.19936622571309,-0.20746516257461367,-0.22543558935676633,-1.0035971556168475,0.6302489258636399,0.0,1.0
-1.4996949899216927,0.33969944747272335,-0.31686312478848394,-1.0104966165412907,1.058172720817531,-0.7003762211705988,0.0,0.0
0.2666996684729341,-0.08499790250251213,-1.066166298879932,-1.229502550983109,0.9412623370024651,-0.3683369949379985,0.0,0.0
-0.8013259924159352,0.6863906479644936,0.5565541275520652,-0.4641681415480696,-2.0038545882359173,-0.6669887907204451,0.0,1.0
-1.5076946291699929,1.3268397846706708,-0.9996472665763548,-1.0892589398505608,-1.168363551320348,-0.705432303386226,0.0,0.0
0.23267310435949312,-0.15735486713390584,-0.8435206231437058,-1.0776466962611306,-0.01980577548590128,-0.3889691818253935,0.0,0.0
-0.9921362603539791,-0.3931921640761407,-0.25802552298183107,0.6765788882336379,0.552802908778545,-0.6787145405518781,0.0,0.0
-1.5845300250007166,-1.3890908938903417,1.7322682636345477,0.5018540074324315,-0.3884175136851877,-0.7058570257730561,0.0,1.0
0.3106901860778095,-1.4613007903053388,0.46187226904527384,1.3364591286421241,-1.0475441588939611,-0.34084220348912747,0.0,1.0
-0.0899430090800017,-0.2513535924812453,-0.4536146539530035,-0.15810604090614666,-1.6505893118980717,-0.5340861935845456,0.0,1.0
-0.024464128288476914,1.872097424971821,0.3215922403666306,1.5155967198931073,0.49307111577697044,-0.510619530666677,0.0,1.0
-0.002880237970433104,-0.17252298913883737,-0.7851639062042997,-0.5031083160572971,-1.7467163697664052,-0.5081773638175102,0.0,1.0
0.23761386846944077,-1.0329560968576725,-0.12945987603876513,0.31403717798783326,0.9042983335185861,-0.3870975995479829,0.0,1.0
-1.1265682130546586,-1.0279149954478453,-0.9758383388229572,-0.009792784266031342,0.15332241603310415,-0.6838195829376613,0.0,1.0
0.5962913298544511,-0.4898169553356798,-0.8298179467488668,1.344376890828637,1.8210207481002965,-0.08816003666593467,0.0,0.0
-0.6863101043664269,-0.534490138264216,-0.7222386939000756,-0.6420450033863112,0.03190958853976178,-0.6516824091685968,0.0,0.0
-2.0224327695389817,-1.7444245288483804,0.6742978448638982,0.35216533646027387,-1.9550265101915123,-0.710665971266525,0.0,1.0
-0.33775213349791106,-0.40254074663391254,0.1271139937175144,0.6539856573747123,0.45059919433574935,-0.5993582564803682,0.0,0.0
-0.37849528808876765,-0.16264165729604127,-0.03426055528708828,-0.510112204022971,-0.873973038582269,-0.6089663732584529,0.0,1.0
-1.390719979597895,0.1516659820253699,0.3527764537042605,0.2030253843610271,-0.20014786857769587,-0.6992498411821069,0.0,0.0
1.565667149394585,-0.7765245480512633,-0.6074052544660313,0.25136680673483763,0.23126919364957244,2.9357509199991076,0.0,0.0
-1.0133545731157345,0.3950079904322905,-1.5556124378441187,-1.516006179666799,1.0939024770429062,-0.6776550989590573,0.0,0.0
1.4609821749611225,1.4630054893006872,-2.075481628011036,-1.6629987051233055,0.2266328739105186,2.303265601627132,0.0,0.0
-0.035767505279598696,-0.3057258474301482,-0.5761662213660744,-1.1606538259797776,0.15929494618711063,-0.5142985013017797,0.0,0.0
-0.7726554991858237,0.6008798585436612,-0.5539334919937474,-0.9313329555942789,1.3844527784718361,-0.6612925625264615,0.0,0.0
-1.3360038344220633,-1.7830728741617548,0.9144667922918297,0.8260212376589382,-0.5874248405023077,-0.6929221478372077,0.0,1.0
-1.3257799935195906,0.6174838680573767,-0.8266553851291002,-0.9737953274278216,-0.23742882237192336,-0.6915124862866968,0.0,0.0
0.42376241888921823,-0.4988284856954647,-0.9109482141682241,-0.45467953963749724,-1.193064480668603,-0.2565593564348882,0.0,1.0
0.4005860426575393,0.05558907119174923,-0.6136998874949481,-0.9506147829765831,0.6484885827284679,-0.27361719542700896,0.0,0.0
-0.6544485351285635,-0.3724803933862651,-0.43578124204240204,0.015934610499862875,0.1522236127728255,-0.6497697597130944,0.0,1.0
-1.3358754632029417,-0.9238037694969508,-0.6110135882665897,-0.6111960353436763,0.3289915988989096,-0.6940691087342975,0.0,0.0
0.5030363052196347,-0.14478358947900552,-0.8275211971848748,0.33964275382440284,0.31696744778709607,-0.1881436161870296,0.0,1.0
-0.9983214950372811,-0.6141086620195203,-0.2687200476116991,0.4990600563150859,1.816489619155117,-0.6823088023729204,0.0,1.0
0.859771101973066,-0.07656577345984511,-0.3184739881519737,0.48952033610477114,0.1979794283688258,0.29859889688017294,0.0,1.0
0.03444860210816974,0.49522640676140733,0.23229862674742113,0.5627765275043564,-1.6123732180805808,-0.4896274170509218,0.0,0.0
-0.9700079368918024,-1.6062122696177525,1.1410245520690827,0.5002375085186797,0.679859568843339,-0.6774399635047245,0.0,1.0
-0.6561214023546903,-0.2764184769906075,0.6073599522545914,0.9892417594124152,-0.05116708500624723,-0.646953090173062,0.0,0.0
1.2435131957958399,1.1561062378261318,-1.647363877013522,-1.7647114258583623,-0.3171281102756408,1.31733098771351,0.0,0.0
0.794914569258311,-0.7292994424367413,0.24510034836882694,0.8767126947216887,0.3226288527577903,0.18286002524224138,0.0,1.0
-2.448214834927239,0.4561490366532887,0.11735548953562679,-1.396119388223718,1.0389353623759665,-0.7104603607145892,0.0,0.0
-1.0071435086720477,0.04512159808910256,-0.6252044246010309,-0.7368037489452169,-0.5544886232771266,-0.6794993922344931,0.0,0.0
0.7640854363115724,-0.8493907746346584,-0.8156214573750268,0.0019573273559998915,0.2678877619535558,0.13190703136060702,0.0,1.0
0.19422651330658608,-0.5968974838743771,-0.02505498769814983,-0.07416364113443145,0.39621727850824506,-0.4123602953378592,0.0,1.0
1.0389006571971082,-0.7101186016077299,1.306924262327051,1.2704712672903338,0.07933767133051416,0.6868600112505815,0.0,1.0
-0.5494767320778936,-0.09320788654536952,-0.4176043881912513,-0.6671589354765277,1.2623633227764581,-0.6365685722426057,0.0,0.0
-1.0459319499368913,0.14247899258906574,-0.7614943655566825,-0.9999290576349557,-0.03864310933317672,-0.6815378233780104,0.0,0.0
0.9520420013757359,1.6157448474528517,1.1873302962913201,1.1384350924054705,0.3345192361641619,0.48090258087555054,0.0,1.0
1.3889309129826783,0.91172895370109,0.8246987262706071,-2.7528644241192897,1.6968447986367277,1.9382349523568712,0.0,1.0
-0.04991083216066128,0.22153259092810457,-0.12730042946497386,0.6801018059042161,0.8816441724196389,-0.5240957553105066,0.0,0.0
-0.5259115605335016,-0.18840631876984934,-0.22934338993562023,0.02999416298791242,0.7849361767112188,-0.6316789451347147,0.0,1.0
-0.2279942872866406,0.06000108222574196,-0.5909774643896517,-0.9329207901835457,-0.34826214446629417,-0.5744200624117578,0.0,0.0
-1.7915476615131722,-1.3035989130870091,0.3072877784322639,0.6822734876622458,0.043561712981201255,-0.7032762870194287,0.0,1.0
1.1218192478935494,0.9369539334426782,2.124407139585184,-2.268488275829488,1.0577392922164923,0.9154225034709405,0.0,1.0
-1.6084408219364719,0.42207236238738766,0.7282103259415865,0.7145116125294484,0.37688809063250817,-0.7003425131655756,0.0,0.0
-0.6209679628224364,-0.4272051248102507,-0.6993613780793564,0.08114831925943106,-0.430925542696382,-0.6450722047763039,0.0,0.0
0.4254755144291329,0.08045851485732947,-0.6921158962874541,-1.1500054835937603,0.4531579639842012,-0.25525227637623604,0.0,0.0
-1.1295294515859613,-0.7410946703158421,0.7496260177525592,0.7632668776616066,0.32647360219759125,-0.687134085259003,0.0,1.0
1.2086786895590114,0.05839212380728789,-1.2706184957688913,-0.2604791810899014,-1.1860870058939523,1.1938831792151743,0.0,1.0
0.3549975499301113,-0.34243771677971474,-1.112152845126347,0.5382693228271167,0.6362290855207701,-0.31118223798595773,0.0,0.0
-1.162505967709547,-0.5565214865157234,0.031585978614704496,0.53274342962351,-1.5149263825292207,-0.688077935243793,0.0,0.0
1.1202265692142601,-1.3473403404005129,1.105601129145342,1.1401092821720746,-0.0642474739670702,0.9081778030899517,0.0,1.0
0.6086179602380046,0.9326862860375564,-1.9363640349514166,-1.289469114600114,0.4051901842470726,-0.07149076352058638,0.0,0.0
-0.16709298843596623,-0.35350126511507973,1.0611518954059156,0.8436079068550209,0.612136271983764,-0.556579026407397,0.0,1.0
-1.6090669431173112,-1.0401125312824693,-0.6887151093301783,-0.6402092539144977,0.4605186508492042,-0.7040370067953439,0.0,0.0
0.7237149158000415,0.05579208659130642,-1.566215276043984,-0.7461739472558168,1.8440311939806968,0.07565771776668015,0.0,1.0
-2.2121113100189684,0.48446027187493973,-0.37476942188555845,-1.1734492604817024,-0.5213336345437376,-0.7093176072569655,0.0,0.0
1.470121406116634,1.0845128216529345,1.40966125516395,-1.4661949778403602,-0.7363385318431467,2.359560402120502,0.0,1.0
-0.9100253626369482,0.04839319557634683,-0.08531678468181449,0.07969688741558542,0.7893204345721089,-0.6741070044835303,0.0,0.0
-1.0069236606378045,-0.43664580345188597,-0.6561627376975301,0.16874476760558946,-0.18641460032039633,-0.6810438362118971,0.0,0.0
-0.29412654632522217,-1.3411974821813908,1.3302854415160972,1.109301528166761,1.5927472850242872,-0.5900277944517288,0.0,1.0
-0.24945615548778863,-0.09896874581313646,0.748936101086573,0.7181736072166489,-0.8974059277732507,-0.5799649611778704,0.0,0.0
1.6655522611800273,1.4071784129103875,-2.4055050138042358,-1.3666456351572214,1.0227663253709298,3.669009962167664,0.0,0.0
1.521809472754041,1.3142858096828756,0.11442088265551553,2.076367153820779,0.276674152805786,2.659177548121978,0.0,1.0
-0.4119483274458934,0.05279021627147986,-0.06889050460830343,-0.23301574867127495,0.4188370720639735,-0.6126507846500073,0.0,0.0
1.2177071635043313,-0.37902022421525805,-0.5146195786441129,0.32469258071112145,0.1870826729777508,1.2249393092997214,0.0,1.0
0.6292769540992016,1.769797492304656,-1.8938819330677357,-1.0275238017933197,1.3588083387380812,-0.047524445791078535,0.0,0.0
0.751299903543564,1.6165534114005669,-2.1180025411457675,-1.212249054894529,1.4737744610771344,0.1145630283842195,0.0,0.0
1.2640432414416565,0.3806070661973746,-1.3972339600374692,0.07326612282156245,-0.547790682242191,1.3962613129375068,0.0,0.0
0.4903585532805541,-0.43539334596721835,-1.200179786120032,-0.4653914845635071,-0.755904391057458,-0.19599411951787882,0.0,1.0
-1.6232725130988148,1.189958779116396,-0.7979437160108132,-1.1626300099995257,-0.8909398074364685,-0.7057289669157772,0.0,0.0
-0.026851597765048637,-0.29459029206896126,-0.7038869454755325,1.1681650454387669,1.2873031159844373,-0.5113859391610392,0.0,0.0
1.1445012568075061,1.5673933695160767,-1.9963261302745183,-1.4896486236148347,0.8032488687177891,0.9833581747212039,0.0,1.0
-0.6145605475890425,-0.9572534802830452,0.9596166654594384,0.8836418339182306,1.0726155480697184,-0.6430687381842438,0.0,1.0
-0.13268617863466875,-0.924973097883346,1.2339250154791201,1.943937914764446,0.18956235896485818,-0.5493015829596682,0.0,1.0
-0.5627956312898598,0.42090207441545463,-1.0665752151786085,-0.8370360290437991,-0.341480397826864,-0.6347439720403846,0.0,0.0
-1.3095055364224375,0.16401674385560566,-0.15392736272830462,-0.2703354388434129,1.429549034075843,-0.6952193433274482,0.0,0.0
0.5844725918802414,-0.6239522221633362,-0.6721576247084506,0.11266182313911507,1.346523016060441,-0.10167993290364538,0.0,0.0
-1.2532611586681,0.8064196198671135,-1.1897599315006264,-0.915977469097911,-0.9387750499110542,-0.6903084124253583,0.0,0.0
0.5486599719163393,-2.0402528162923983,0.5105273651771755,1.1396526241931126,-0.5802073458228466,-0.1416959898591135,0.0,1.0
-0.34614088065095117,-0.6278776919792687,-0.8023988756238342,-1.0234892782279326,-0.10281973193704615,-0.5985039401257983,0.0,0.0
0.3947445346713632,-0.4628346824917984,-0.8960280202688231,-0.05015462169358227,-0.6166847770491751,-0.28052453831696617,0.0,1.0
0.27323098488626135,-1.8226266292454958,0.5221051622789643,0.4391286530323409,0.05645219757928854,-0.36134388666307293,0.0,0.0
-1.6727540690999843,-2.335850149550966,0.7866186767500524,0.30185688906549346,-1.0320541263142975,-0.7021247879817145,0.0,1.0
-0.6267156020670293,1.4971288977841817,2.2200418632561423,-0.33374272953292994,0.7696026153503104,-0.6466909001918887,0.0,1.0
-0.15555728433060564,0.018155383864567054,-0.4879436623692835,-0.5479512392789923,0.8325170567732669,-0.5533482729522,0.0,0.0
0.5194003116634711,-0.45364811794665494,-0.9605385075921119,-0.561053937909832,1.088518779536455,-0.1705370763750685,0.0,0.0
-0.32324796131630606,-0.35181115441025024,0.6921957854363036,1.0918560230841219,-0.47881835711921844,-0.5983954933756271,0.0,1.0
-0.7528976883702958,-0.7902923051133552,-0.7900221993567076,-0.41580483722529404,-0.5966963134655089,-0.659574333428883,0.0,0.0
-0.1393356385612403,-0.6158722649224294,-0.9821774265288931,0.5239205189322804,0.8288831515076716,-0.5528956767770159,0.0,1.0
-0.6990561511703672,0.31827500696388655,-0.457162091584985,-0.5656491488886396,0.6345895168908877,-0.6505294690004572,0.0,1.0
-0.2167207286868789,-0.33602762217193766,-1.040913481705502,0.32802340144785486,0.02654871041425211,-0.5735945561240181,0.0,0.0
0.6816202353727399,0.47972049153280905,-1.5587764691363,0.41101184567362037,-0.6178047926960211,0.017321288515118983,0.0,1.0
0.3309216287647565,-0.30547405394304056,0.10478575227686952,0.15513436364895983,-0.22618089764759836,-0.3290726536902946,0.0,1.0
1.0726097472985239,0.5670570509800258,2.7710295165274834,-2.0279022459745715,0.6014512790100507,0.7772497668875052,0.0,1.0
-0.32163462170214796,-0.23796081799346822,-0.6135527045461547,-0.2920972840427243,0.04511645630082454,-0.5977164452020467,0.0,0.0
1.1610621513307655,-1.435737415966033,-0.042464508147136634,0.6050191266050645,-0.9277498237444777,1.03529096289,0.0,1.0
0.5747763760388271,1.8584834344352872,0.9098204024455419,0.9225913723691404,1.49306579170772,-0.1142309753391822,0.0,1.0
-2.3068974552223604,0.8893165142433626,-0.695094277836829,-1.1492676112826234,-1.7493206301811306,-0.7141056847963821,0.0,0.0
-2.1376287990161087,-0.4417970924216826,0.28610754248892983,1.0495962802302576,1.0580980405741525,-0.7082355403229146,0.0,1.0
1.0732090291072982,1.2719938909347452,1.4471519088874605,-1.3685853681497993,-1.1261463367312992,0.7742083946825801,0.0,1.0
-0.9589523962343162,0.41103092620524284,0.21079455839340164,-0.46076184368178946,-0.02357774200975816,-0.6747396078341431,0.0,0.0
1.5297189079409979,2.046576760238694,-2.0081439953810616,-1.549952042549706,1.6074985799966646,2.7071437648059846,0.0,0.0
-2.212332572024635,-1.0710295629520805,0.6495954806144018,0.4968767251158519,-2.613473024989272,-0.7107306270698118,0.0,1.0
0.16472721422533973,-0.4868274151461025,1.186169472971815,0.8929545628052229,1.0917005015314483,-0.42773921202854065,0.0,1.0
-1.5487926535994276,-0.5991624450034422,-0.014222906573672554,0.13636332476230012,-1.0185083190941577,-0.7009797825754018,0.0,1.0
1.3531569289105119,1.4643273547555264,1.5265712641777238,-1.8653656611876146,0.31724051190068514,1.768352510623115,0.0,1.0
-0.3895570422652557,0.6059855478663305,-0.775490656174711,-1.5113368058596448,-0.26352650818211976,-0.6110063315686447,0.0,0.0
0.0056184738166408016,-0.6669024435628408,-0.9819048472481477,-0.6062645477554859,0.46255105969224775,-0.5007792362668398,0.0,0.0
-1.1563535020118847,0.4285533434277454,-0.7635412647837182,-1.0786967395666807,-1.0023547811280795,-0.6867269796966227,0.0,0.0
-0.5165329927534424,0.13447210162665707,-0.25035643898742915,0.1387255379845661,-0.3715628520617793,-0.6314263864072513,0.0,0.0
-0.15942003572499,0.284699439976833,-0.8104486097163381,-0.4967088294173124,-1.5276965615853701,-0.5522142180160758,0.0,1.0
-0.20495116717721257,-0.3641641787843658,-1.003356986642735,-1.1065522436572852,1.0910515963888647,-0.5686509859367793,0.0,0.0
-0.060246398556696515,0.027952042244144108,-0.08593435466102317,-0.056551776752696396,-0.3343122168511533,-0.5230373084104412,0.0,0.0
0.737826423340838,1.3430882841714116,-1.7805861064749844,-1.4812317544523839,0.17720377746348112,0.09337214471157043,0.0,0.0
-0.31991593892956754,-0.2996576757746799,-0.5865957870724101,-0.7582082185397024,0.5318172055015856,-0.595481133520662,0.0,0.0
-1.1953923341564054,0.5172728952604004,1.3274467513150523,0.26091168810769433,-0.25481776896951397,-0.69204871678428,0.0,1.0
0.5438665128699394,-1.7726626455302916,1.422146490472669,0.06955819848445685,0.6373146600515383,-0.1409089222799948,0.0,1.0
-2.0141281179366084,-0.8399825387648959,-0.7474479559535883,0.15224779146501394,2.2295325207404595,-0.7108701745090009,0.0,1.0
-0.3417319547595895,0.04356404635525121,0.3802497913653096,0.625865461239084,-1.1037182840887232,-0.6008142261864066,0.0,1.0
0.8779016312087345,1.7242743555606759,-2.4359897399423196,-1.1597250989278998,1.4169994648100117,0.3308809477211147,0.0,0.0
1.474573580127563,1.8507596736049972,-1.8300973655008974,-1.7865328562223604,1.797715797749629,2.382230001923973,0.0,0.0
-1.2620803440371189,-0.7462671214032055,-0.17182303816967964,0.9194392530440939,1.3326566491864618,-0.6920897707557013,0.0,0.0
0.5248598538649729,-0.14002178300836932,-1.1782768962007137,-0.2785857877965153,-0.635452113032686,-0.16154346621502585,0.0,1.0
0.4577455537913619,0.2329497337456211,0.07992051299522272,-0.860093023443916,-2.075048697502703,-0.22907124707940174,0.0,0.0
0.4511717103209265,-0.5902518134480663,-0.5865602164150729,0.6047846633359405,0.32407342488299873,-0.23496308903120836,0.0,1.0
0.005960308379804257,-1.1494271257973014,-0.32439310518818576,-0.11649655942089762,0.9481602229195251,-0.4998854316616682,0.0,1.0
0.39745989274852583,1.3150136488082378,1.3407489315557597,-1.7908131522331512,-0.6873718931020358,-0.2789258359644512,0.0,1.0
-0.32887341264570374,-0.7548680032061572,-0.6922058303244978,1.1054539146188302,1.5532429341892127,-0.5991033802076207,0.0,0.0
0.9381809903900724,-1.5291364142696915,0.7313814010556892,0.8871611268653208,-0.8481809953846378,0.45355502442047724,0.0,1.0
-1.8289285475641102,-0.8036311046032297,-0.654905544117218,-0.16888974836912177,0.6992024580847804,-0.7072629255515935,0.0,0.0
0.44639736607966707,-0.17829316332947262,-1.002780091099763,-0.2600539090947644,-0.6203610140460661,-0.23469603148741502,0.0,1.0
-1.4216156039794166,-0.5455567120353556,1.319181896093085,0.6181441594683948,0.6511332144178069,-0.696390855376919,0.0,1.0
-0.4685884211730325,0.4064873241414548,-0.9709962991020075,-0.8282909067604634,0.36676012745013387,-0.621278444985377,0.0,0.0
-0.15817706112924645,-0.135642305993093,0.3098177214258292,1.1369496471563945,0.09278157238796701,-0.5547372170786754,0.0,1.0
-0.07339421416647134,0.09737884642588049,0.21903542414225516,-0.2330711484285038,-1.2339558002578999,-0.527721738649275,0.0,0.0
0.07537192844470901,-0.19490919796785147,-0.2835270102608652,0.09782537062225967,-0.6870501304208272,-0.4712122963710883,0.0,1.0
0.7496216140015445,-0.15980385728028088,-0.44832997243818823,0.12889248580324233,-0.6324508598982426,0.11344610644269523,0.0,0.0
0.46257513382330623,0.10026321358236619,1.0080320299031853,1.2609368903417533,-0.4790859157341372,-0.22497096502004843,0.0,1.0
1.145240916253177,1.4680313400385554,1.3947093525826164,0.8521750457477504,0.9561130638965313,0.9826229728219451,0.0,1.0
-0.2845211739437322,0.024734718819573582,0.23594193314578882,0.16118826055044852,-0.5560682880697356,-0.5871265772913982,0.0,0.0
0.9379658731556029,1.4074532231790533,1.3464243567434435,-2.0376028277614995,0.2644182283733175,0.45039830651047413,0.0,1.0
1.0537444487162004,-0.08441824599829638,-0.5686333712384547,0.583758836341827,0.8204165476239864,0.7270375458719139,0.0,1.0
-1.0158245637332894,0.7229761184343371,-1.2661419556228086,-1.126389698717573,-0.6970240471644186,-0.6798486041310523,0.0,0.0
-0.6330131289686557,0.33260623309764126,0.8418896749018706,0.24807682267097703,-1.4083611825735722,-0.6452677458736455,0.0,0.0
0.7150571218866117,-0.7713158430578868,-0.7472477861140078,0.023466271683916722,1.5043269595998852,0.0646718632357086,0.0,0.0
1.3387449530154243,1.9590895734539853,-2.3121041658782175,-1.4109297349510352,2.099059814200002,1.7047329161853046,0.0,0.0
0.7919199502067251,-0.3680745513265215,0.12991076259097697,0.40414269584208234,0.7982538435414283,0.18286614673352397,0.0,1.0
1.5033343473105623,-0.11603895660443592,-1.026766430310908,-2.147063006510477,-1.2969010823851748,2.5480334939632128,0.0,0.0
1.6241131589422961,-0.7617295968340508,0.6492543290208946,0.049211123330036806,-1.1200915584700746,3.347485375110528,0.0,1.0
-0.42139870036462823,-0.4212913733074146,-0.04884984901612405,0.9881297197459222,1.5107388332265945,-0.612598682378009,0.0,1.0
1.1393759539844248,-0.811968258228768,1.2160900362611324,0.3992219909624228,-0.99876943846525,0.967522225350404,0.0,1.0
1.0628033190575379,0.9804513370380666,-1.810297175044579,-1.5988075024554964,-0.14720910338524296,0.7506910594431695,0.0,0.0
-0.8935280642120119,-0.5269207135624859,0.4660489936865241,0.08963841187903457,0.09323229772450246,-0.6740797286893041,0.0,1.0
-1.5641533991761674,0.36353406571543895,1.233880031341951,0.6644306964184044,-1.4282669772629784,-0.7025828664193029,0.0,0.0
-1.6094844608587047,0.9079952565707381,-0.9023384693689358,-1.2468901683546163,-0.055921174560923576,-0.7041036385774191,0.0,0.0
-0.6211623089125271,-0.6425545587956883,-0.7961341834884476,-1.2292529998229211,0.32304896541008987,-0.6408053586211874,0.0,0.0
0.34209188548822617,1.8323319784871313,1.6428007589578473,0.24501655359344549,0.9515641205307702,-0.318285399290544,0.0,1.0
-0.799236706040973,-0.9432377132168395,0.5704822798302968,0.9382601570164355,0.972868199439897,-0.6674907485895333,0.0,1.0
-0.4337169870851651,0.07965405082371337,0.2495067649083688,0.5513009812796366,-0.6905240301102932,-0.6171232887244301,0.0,0.0
-1.4277298744154492,-0.5288829107520087,-0.20486683850106582,-0.012261366396751988,-0.6640447122683776,-0.697218647060698,0.0,1.0
-0.25177900555727,-0.029244354057746412,-0.2116318724371925,-0.0570652284078086,-0.16153978233622548,-0.5810193595392563,0.0,0.0
-1.3640392117333766,-1.3367114583190751,0.20243122570346808,0.5076600075428571,-1.5563345939506785,-0.6984690454598106,0.0,1.0
0.47162872329702055,-1.275255150418483,1.205681080176251,0.5646277980750215,1.0254133521438011,-0.212035031791993,0.0,1.0
-1.1204493676374647,-0.22663368177701643,0.4680273354659797,0.7954132589601877,-0.7906947176235468,-0.6883020446857767,0.0,1.0
-0.04990236276007621,0.8693773170069821,0.9480312854714483,1.1065127117137328,0.2491676232145152,-0.5198347535426816,0.0,1.0
1.1967679972685321,1.558924369618566,-1.394631327288855,-1.748016386975932,1.4568588273546363,1.154119389945602,0.0,0.0
1.611000877259575,-1.1030228617653057,0.07974884660615472,0.5376721090908255,-1.4847225115176692,3.2509303701151984,0.0,1.0
-1.6179441624527218,0.10754274146688547,0.6626383802287863,0.2694408894247069,0.38021372286086647,-0.7023092237882808,0.0,0.0
-1.7377149371474336,-1.0854192771010522,-0.9855894180305721,0.31244811404758416,0.237280967572486,-0.7017778604436651,0.0,0.0
0.3373148256842279,2.248526656820205,-0.0029662846223001845,-1.7795525595141735,-0.9458803990446322,-0.3208882174143592,0.0,1.0
1.1813789461216762,1.5391795260257994,1.011432250741686,-1.5823869349863737,-0.6746683085577366,1.1012059619993853,0.0,1.0
-1.543878761491351,0.7731373283427873,0.5135617082655538,-0.1786460350854105,-0.9118924034516364,-0.702970807869079,0.0,1.0
0.013377989258388007,-0.8575290459244679,1.4637149662457378,1.3741615322232656,-0.08097162617070748,-0.49741345205606935,0.0,1.0
0.7568697853554154,-0.34965356494838706,-0.5571672724260236,0.38742410984646175,0.4593393193247348,0.12629815080173254,0.0,0.0
0.10830627815889779,1.2567644124474069,-1.135942144133418,-1.4053890581533541,1.3365924935792513,-0.45507216681772905,0.0,0.0
-1.1481326829394118,-0.24734524212369732,0.5113490598171156,0.9727167929671264,-1.2232069441751963,-0.6899598883732555,0.0,1.0
-0.3702489334480932,-0.9790002588189429,-0.8778753303948783,-0.1878968679025984,-1.5037489677861662,-0.6026475561656829,0.0,0.0
0.9546626397638281,2.16956838577907,0.47031835303835723,-1.8344117827565893,-0.17645317955483875,0.4881889211709149,0.0,1.0
0.271000919633321,0.1655042215336356,-1.131952770877194,-0.5454309578526355,0.6762962371525592,-0.36864652908505957,0.0,0.0
0.6729883618003708,-1.754469165895943,1.1718245245409733,0.6245601026648332,0.7280551306378056,0.006494900028844507,0.0,1.0
1.6723092710888787,1.770467490472132,-1.506954250568548,-1.7579507701528232,1.020920764941743,3.716308987448668,0.0,0.0
0.7375988172276428,-0.1736471600830791,-0.5050065664097576,-0.7676824405778726,-1.3323191254056073,0.09452265556800059,0.0,0.0
0.8731502647501004,1.965424857634192,0.28961523133368167,1.695680024831136,1.1799400081759632,0.32412181422405323,0.0,1.0
-0.39193487772471053,-0.11281697323556743,-0.14394790701253068,-1.0216386966876903,-1.1618113444246967,-0.6088221229597104,0.0,0.0
0.3335082289680412,-0.8502778577874978,-1.4033232845799593,-0.9507551731117907,-0.4174641420344061,-0.3243164937522783,0.0,1.0
-1.9449372248766466,0.8175732899999485,-0.8779811779459175,-1.4966068566399497,0.7701920256514306,-0.7082965723861496,0.0,0.0
-0.3254695340016513,-0.6916638096461205,0.005281094741825832,0.5553042735875947,0.9723880757955389,-0.5934802332319316,0.0,1.0
-0.5866726318075872,0.7447533811864437,0.008067113423423266,-0.649944652786365,-0.7057231149503973,-0.6430889271631226,0.0,0.0
1.3307435591258476,-0.27508891611136144,1.283577375803695,0.7669192902378419,0.5146584536522222,1.6681313040917003,0.0,1.0
-0.6385603681262246,0.32635428740593264,-0.4523865490991931,-0.7309631117095624,0.7564825641266861,-0.6479872325895644,0.0,0.0
-0.9483655296077388,0.7637885352517071,-0.79258559325992,-1.0123022019483698,-0.6990033475800099,-0.6747888665805453,0.0,0.0
0.8111026328089483,0.07963388967957309,-0.42004231613182336,0.35079719259136305,-0.14799736290674476,0.2145445416512985,0.0,1.0
0.6575817249962227,-0.5673257817704354,-1.4836948422160272,-2.064841918048226,2.4339929182755444,-0.013695314048867625,0.0,0.0
-1.3178317228390957,-0.8203125990707295,-0.6160439726962216,-0.3401768338943425,0.33157397603305605,-0.6945264051449495,0.0,0.0
-1.2156081521776925,-1.2183699625501703,1.0023242525403904,0.9073504766669027,-0.4566382256629866,-0.6895396831525379,0.0,1.0
-0.9089445782242761,-0.22091435301572374,0.18952606204919384,0.7128039850425852,-0.03819570010595077,-0.6741138270518127,0.0,1.0
-0.9110402856539421,-1.1741037669156211,-0.6859168490199068,0.01295588310116491,0.4370659762196597,-0.6726375074250851,0.0,0.0
1.0395665067988549,1.5123211834834922,-1.3565685171057438,-1.6390253434313757,1.3415210872634395,0.6892247020375547,0.0,0.0
1.1417240533331154,1.6678710697765977,0.8691486170460774,-1.3739436835717758,-1.1137675008015357,0.9765171121669645,0.0,1.0
-0.4968059568691896,-0.12588740664355985,0.4130150202695772,0.40732680810626243,0.5009736485389412,-0.6271017915724704,0.0,0.0
1.2641428828991914,-0.3442381215953843,-1.152336560209043,0.20525558218142773,-0.3616281068823207,1.3976984280676994,0.0,1.0
0.6990606105615622,1.5580079537704918,-1.9272565453819868,-1.2101436509763008,0.8156723949704527,0.04206276896474776,0.0,0.0
-1.4713274282895297,-1.820380119584203,-0.8704860859390551,-0.023950287129399637,0.6275248405337563,-0.7035970616299362,0.0,0.0
0.8552154604672024,1.6595875958430153,0.829726506205776,1.1729404370922305,1.1815482170432008,0.291258179342425,0.0,1.0
0.34719295176405424,1.5834674403914266,1.2154729277414877,-1.6241754736300533,-1.032106761530943,-0.31722621151127994,0.0,1.0
0.23440105923924412,-1.0448957471208247,-1.270888652678325,0.7040868067188231,1.493951441549009,-0.3906045734515369,0.0,0.0
0.6933365778144945,1.7796167027891898,-2.126210744440473,-1.0995486130558931,2.2210928531749596,0.030715797434429776,0.0,0.0
-0.29313736319892386,-0.4486068602665977,-1.5492344916524405,-0.5725460052573061,-1.0410535577914675,-0.5893698302428471,0.0,0.0
0.5088103954534702,-0.8263637114041779,1.5387539660374896,1.4829866325661476,0.22611386975425066,-0.1792974283536054,0.0,1.0
0.7795153771575745,-0.12172116838927717,-1.3393869589656544,-0.8243766753872542,-2.3249254188826725,0.16389211051558283,0.0,1.0
0.4239939292917789,-0.07878959468485229,-1.4462182287027396,-0.5231864004281036,-0.6975733725113109,-0.25750872067008457,0.0,0.0
0.48392773323975957,-0.2849952664230702,-1.145224130661566,0.2068777198052718,0.09488362700015635,-0.20539774738776093,0.0,1.0
-1.4973979967302617,-0.5764321083384877,1.4890407181237642,0.4938407209406945,1.202644727905071,-0.7018667125508584,0.0,1.0
0.19395873885187573,0.4328851550313638,-1.984990167276287,-0.9633274297150749,0.6977859295912848,-0.4117458721378327,0.0,0.0
0.6344922925368244,-0.9214294300791408,0.9935899413540444,0.7312707479073546,0.29886864255274603,-0.04375951627692191,0.0,1.0
1.3319566638121645,1.8056569912029892,0.14796173436824614,1.681083629684196,1.12500166416471,1.6755505772708474,0.0,1.0
-0.34380500333408015,-0.7855694351739242,-0.2647958671066949,0.8712743140517069,1.2113334010441779,-0.6007193790289989,0.0,0.0
-0.6613679726877085,-0.4913535602276516,-0.6454605481986667,0.30315081893764156,0.8186692398401758,-0.6527760015349495,0.0,0.0
-1.5929867431308535,-0.9214762293618936,-0.4022072981326868,0.5625127866044808,0.16905757248471714,-0.7027873233305714,0.0,0.0
1.0257506699495142,1.3836782152233094,1.0205381796448791,1.0293979860329148,0.9178257142063949,0.6556423888092026,0.0,1.0
1.1161221389379907,-0.5076398291041365,-0.27135352070128615,-0.48799151577568367,-0.422432177362616,0.8981357824818531,0.0,1.0
-1.6491172015261846,-1.554849499450575,0.3976225118910139,0.6364960325806406,0.08899269158043668,-0.7032192164337231,0.0,1.0
0.02409512088582303,0.41502317756953816,-0.598833283320978,-0.813425803256695,-0.06142630236432524,-0.491956641092147,0.0,0.0
1.4607927456969363,1.719735792159149,2.2040060308039875,-1.5893531676083745,0.15945552050600864,2.306268493184884,0.0,1.0
-0.9003307390309165,0.47595371588121616,-0.6147781426999598,-0.4433742558665653,-0.17525066406502463,-0.6741908836177593,0.0,1.0
0.5071156778186724,-1.0888859608222474,1.6572861004999846,1.6380692231359892,0.36386527343705255,-0.1811302641114128,0.0,1.0
-0.9871566286661517,-0.5358472008741934,-0.2742841629145313,-0.5715335962647214,-0.6727167668456743,-0.6786971003891116,0.0,0.0
0.048458532080395016,-0.07160980900171124,-0.9970877105862032,0.20706853387881635,-1.016496424800806,-0.4832459822434287,0.0,1.0
-2.262117454781214,1.1108071038464826,-0.8484663113354523,-1.4387596549131807,-0.347065246620536,-0.7088497800770442,0.0,0.0
-1.4126009344485522,-0.9277317896946086,-0.6320188762155885,0.42341483422722725,0.26123894476189247,-0.6943425626241262,0.0,0.0
-0.12125751531674998,0.8259591784240783,-1.5235108271511077,-0.9168306842918895,-0.7084866221460498,-0.5448880244095855,0.0,0.0
-0.49918935633701983,-0.7909192543301112,0.38052025293487274,0.8113446579306697,-0.27426717069808493,-0.627685936922269,0.0,1.0
0.7534924818947851,-1.4426400400961514,0.9597758926376213,1.0767417915347526,-0.5035217426333596,0.11885723584927552,0.0,1.0
0.8977110222867385,-0.4241978787472168,-1.1464091835199253,-0.7878110686011718,-0.28555194849296167,0.36487992092615906,0.0,0.0
1.1069595732103106,-1.0658095760565762,1.076009115706177,-0.17038459589554814,0.15342149560502633,0.8715980807465911,0.0,1.0
-1.4959193909421824,0.807958131834127,0.3217467953889974,-0.26635029874563176,-0.4589156270790297,-0.6986725432697267,0.0,0.0
1.600660894929589,1.761445337522026,-1.6181303952109725,-1.805021855009295,1.6397122213113597,3.1786935288886307,0.0,0.0
-0.8245294375421013,0.8149386536876841,1.2438587517675923,0.6742373621677202,-0.519276964760286,-0.6624781546438621,0.0,1.0
-0.8224421989533024,-0.8178023132475547,1.1806283230670365,0.882718424344586,-0.35065403674886475,-0.6681540532908963,0.0,1.0
1.1238569575725548,-0.9826807392187631,0.5347813985141869,0.7366717543919619,-0.38824572311556627,0.9195079988987939,0.0,1.0
-0.5729411361001568,-0.6337560595711895,0.7394861584328061,0.3368269377409253,1.220639390932911,-0.6399299773646169,0.0,0.0
1.570212577498123,1.0143505710732164,1.7302588297446986,-1.042926882022059,-1.459230908225017,2.969997620759683,0.0,1.0
0.1312294449849728,0.9820057281024173,0.5833589264294122,1.2942381300295933,0.512171335214501,-0.44587616866810287,0.0,1.0
0.5017817818607287,1.7258821398609312,1.0872478590365142,-1.0551880393391484,-2.138605389691285,-0.18162924902229574,0.0,1.0
-0.31932386972257687,-0.22112901408889415,0.8958340892541827,0.9321603343298144,-1.3608947442766153,-0.5944214467157533,0.0,0.0
-0.6596169503621601,-0.5652518393576956,-0.4509263519148255,0.5669184059613969,1.0209884205540432,-0.649437666628845,0.0,1.0
0.4478773368899937,-0.3295741085467383,-1.0634693183945736,-0.7956567270199248,1.4046133684718187,-0.234482207478947,0.0,0.0
0.5861554345625085,1.2205381782487355,1.1439979239633757,-1.3644633506975181,-1.627381494899776,-0.09548348476772121,0.0,1.0
-0.739341277397242,-0.35109158995279294,1.0597047570899025,1.185063585044018,-0.19291727943985137,-0.6609210976818208,0.0,1.0
-0.8520471586175946,-0.29483013413265324,0.6724060770650956,1.037296347006277,0.7813864409717325,-0.6694669659972181,0.0,1.0
-1.4932723512209771,-0.6217317694801485,0.28875780048261307,0.4374176111712531,-1.9437045945169829,-0.6997817750285528,0.0,1.0
0.6349182751227925,-1.2878044607555275,0.694606558812855,0.8303254889221633,-0.0048296249583910465,-0.04021298683442969,0.0,1.0
0.25900799030169747,-1.3729295958777328,1.6109961199260585,0.8999607921963969,1.4528233621528612,-0.3781145868746507,0.0,1.0
1.3542639495274342,-0.31648582112831775,1.0735338231425464,1.556608924570107,-2.0609345412735385,1.7701933021178775,0.0,1.0
-0.611156789497665,0.05528981437052713,0.43902911764654945,0.11248405058990456,-0.8166622945314352,-0.6433562684572866,0.0,0.0
0.6307872670477538,0.3991899747332028,0.5535179358387511,1.4153928842830457,-0.45100744604051973,-0.0454777237905919,0.0,1.0
1.4690201445353597,-0.3842345473285368,-1.5514708205411365,0.41367494566300156,0.4021705328194862,2.3497207037757195,0.0,1.0
-2.4161932249287594,0.9891655955841497,-1.6659567269050486,-2.0320022027708053,-0.4808844020271481,-0.7121369524642798,0.0,0.0
0.06815969670848074,1.2088949990961613,1.6841820009387203,0.36773364659416286,0.7013638904588831,-0.47662933686638487,0.0,1.0
0.9162874047043471,1.2259719933631013,1.570175497929408,-1.6376312348869468,-0.6314578888519723,0.404667626229773,0.0,1.0
-0.2568630473463437,-1.108920236094595,0.42180791149902297,0.5656503573785594,0.3500490563840521,-0.5850133355347594,0.0,1.0
-0.4200536937707196,-0.6033326238805585,0.8511781841901134,0.7575959628524145,1.340931871081602,-0.6159660169671917,0.0,1.0
-0.7889961620629785,-1.3441797633669934,1.1090122207492765,0.4483341905214173,0.12941127095281124,-0.6640381388954096,0.0,1.0
-1.854195080600777,1.1860440842741053,-0.7352876106603694,-1.4360955799937858,0.2649633357073555,-0.7061706267659479,0.0,0.0
1.00747939962132,-1.197444583219793,0.9253831702797459,1.6523135937227489,-1.0968903898825018,0.6088277401326698,0.0,1.0
0.7279555551785872,-0.3865669267615154,-0.1729692162639765,0.3272890722265643,-0.1046700016237442,0.07879793981665209,0.0,0.0
-0.4209400741796316,-0.3274481098246849,-0.05955671601609388,0.5531053153497968,0.7165576122925478,-0.6188236243411055,0.0,1.0
-0.21178563728938293,-1.6151346297782119,-1.7532583737992944,0.7944810605239044,1.2971747529446904,-0.568702326747779,0.0,0.0
-1.141200815140916,-0.94790380841204,-0.7560686487371009,-0.3059498503086329,-1.0689253423999168,-0.6876367982020543,0.0,0.0
0.07019350858426354,-0.8228558472396558,0.263489337351597,0.33035130181048955,1.247905867733015,-0.476133927231978,0.0,1.0
-1.4595990885844,-0.6115968241044292,-0.5935341515185657,0.4487285632070759,0.44101641414606113,-0.6975837210352474,0.0,0.0
-0.4557945652017165,-0.07787190741173942,-0.4129713925392004,0.30929537246318506,0.09560165844563522,-0.6213489502240745,0.0,1.0
-1.2897567485417059,-0.7675469934575264,1.602273188655945,0.6355447727694716,-0.4206653057966538,-0.6915259281950027,0.0,1.0
-0.4631756374954136,-0.07392816695384855,-1.52842488772906,-1.0955009603584989,0.7453202703354213,-0.6191957568692973,0.0,0.0
0.544202680670336,-0.261970207618044,-1.3164014966840503,0.057635409123544507,-1.1003220694690061,-0.141522567087595,0.0,1.0
-1.1981837660609316,-0.6831853895345849,0.9792239081085905,0.8338592642618156,-0.6932847328614783,-0.6914314591646454,0.0,1.0
1.61491241716057,-0.7110787875206412,0.6274487212044405,1.6110144470199543,-1.0671306146285042,3.2821043563880825,0.0,1.0
1.2953195401722772,-1.235100900124197,0.364950413675931,0.4886973347557616,-1.1801030558900456,1.521831603694762,0.0,1.0
-0.7773763144599086,-0.019232240113032054,-0.8772692458607184,-0.25739477289780494,-0.34745627926223666,-0.6640350624051009,0.0,1.0
-0.5052904781304964,-0.6670710601409875,-1.2435946909273767,-0.06997194094601764,-0.45644888210998635,-0.6289713165338341,0.0,0.0
-1.189026101711915,1.0704100547742221,-0.9046293192745016,-0.944972959767325,-1.259722303780138,-0.6905566970433479,0.0,0.0
-0.4573066756468265,-0.9920689792151655,0.87086269335493,0.8112956292468392,-0.8193140259731808,-0.6194942409414934,0.0,1.0
0.7078803804791118,-2.193008617746501,0.6668116275066808,0.21490400481151192,1.1989772189867345,0.05270146242806819,0.0,1.0
-1.898925057874151,1.3089098655388027,-1.1542969437281154,-1.362630099222582,-1.569088041057653,-0.7077752419808508,0.0,0.0
0.6808325741967112,1.5099287485245085,1.7023885650402186,-2.1239729489964376,0.5080196702122595,0.019058315856099066,0.0,1.0
-1.2131335076250782,-0.9168659185538346,-0.9208088680427206,-0.6358732223964426,0.8444356393250098,-0.6896465374009394,0.0,0.0
0.8749833350804332,-1.1557292641816588,1.2757934416997279,1.225183124713851,1.0885509688570152,0.325933132375124,0.0,1.0
-0.4202526136803983,-0.3149630051932243,0.1665080513344528,0.8009237034960953,-1.0972984769855283,-0.6129273135027266,0.0,1.0
-0.977855644749305,0.2546485179214599,0.9974672486265066,0.7944306068708015,-0.8209162673733529,-0.6758129924555321,0.0,1.0
0.9212488750630822,1.9387473896609435,0.9399434281101628,1.2912158240963163,1.1743551222840778,0.4137594147410818,0.0,1.0
-0.39428553524683985,-0.6739745353646592,-0.15624239157126002,-0.20088319221519793,-0.8632393870094677,-0.6125999335484479,0.0,1.0
0.9729550574861958,0.08551131233079727,-0.5986040188130258,-1.1307633875954852,-0.9798203649834972,0.5260846268635028,0.0,0.0
1.429326378037409,-0.611604507177703,-0.6551638384794481,0.409026445442761,0.1611001421218802,2.1410485284052454,0.0,1.0
0.6629318286436907,-0.28583989139448834,0.28517393483693143,0.4270044973007927,0.19834398198052078,-0.008799738997094827,0.0,1.0
-1.3436489190901928,-1.3628909816064343,-1.8352387450067573,-0.5904640631590572,-0.858350655122841,-0.696626834611037,0.0,0.0
-0.08789496322517229,0.7549205137802992,-1.551750561710111,-0.9108247011787395,1.4800051694011405,-0.534158490644479,0.0,0.0
-2.024841633075193,-1.6735198905362947,0.259391452118865,-0.008292547553923509,-1.415781534980988,-0.7088913767547628,0.0,1.0
-0.8602361685202575,0.3619354885317088,-1.2829491877824932,-0.8203660246921533,-0.7000157753544227,-0.6668500737124763,0.0,0.0
-0.6515113656045274,-0.4366799759420213,0.11117420426572475,0.3065896110168912,0.5311773135447915,-0.6465916364890139,0.0,1.0
0.7358846733524422,-0.3104401560176388,-0.48454765539507644,0.02369673668539535,0.12617392311232978,0.09232783069810845,0.0,0.0
0.2960040297788989,0.5784009766816033,0.5211043709951287,1.719888988005506,-0.6756657544384649,-0.35158433637845105,0.0,1.0
-0.22481985957815842,-1.52974086262484,0.8258252897405319,1.0582164193376076,-0.33600105797401314,-0.5714434088714377,0.0,1.0
-0.16924340589813763,-1.6108015810749179,0.637638296956696,2.6404606497497176,-0.3572341729645924,-0.5579542538036167,0.0,1.0
-1.7762876691844236,-1.1821908344131007,-1.026491542624989,0.26451234345832253,0.7293770713515512,-0.7087548913831909,0.0,0.0
-0.09447969269673903,-0.38789686549442665,-0.8049718289893067,-0.47125159056210875,-0.692564369627674,-0.5326129747234208,0.0,1.0
1.3776278029439364,-0.76018335068826,1.162925905507977,1.5156560057062578,-1.0616147886802343,1.8829061619371006,0.0,1.0
1.3664902898573974,1.4516053843741659,0.5099279624561499,1.4372822652259092,1.5676434739423806,1.8294942001188685,0.0,1.0
1.57810572837745,-0.6923341770009196,1.0852663637016386,0.6650869491559939,-0.6801458516068064,3.0232381278217573,0.0,1.0
-1.7709536702163307,-0.8456740141451673,1.760101970430745,0.5667358701062628,-0.5030567780947761,-0.7080772484418554,0.0,1.0
0.6099139748288478,1.2771742928362582,1.5673387706350619,0.3942429678880238,0.7979910640817307,-0.07078871700923703,0.0,1.0
0.014226428074650615,-0.6411875094734313,-1.2562810221901881,0.7848537260525269,0.9470060855755675,-0.4968175187308113,0.0,0.0
1.190214935255797,1.3527950780707245,-1.5311411759401503,-1.7918192031467863,-0.44587008496798036,1.1308593908761297,0.0,0.0
0.14798695612750604,-0.663596847455027,-0.5748239236980162,0.1517161959457446,1.2258559633095645,-0.4369642140047406,0.0,0.0
-1.4102747580954513,-0.9243293713422848,-0.31578453032446396,0.597101169935837,-2.007968232931318,-0.6962081656728383,0.0,1.0
1.5847137562906366,1.3074636240374655,0.5660406662790192,-1.2927990220618353,-1.3120362240341714,3.0695147576880055,0.0,1.0
0.38355618285665194,0.6884892320996455,-0.9321208083825049,-1.4926201499436142,-0.3125526975290142,-0.2912843351546285,0.0,0.0
0.04159628287245329,0.1866004929087655,-0.056091363356883854,-0.7057759812525484,-1.1865357073798808,-0.48362082080739144,0.0,0.0
-0.9171221914726972,0.3514147075788094,0.3355736194448677,0.13024286299907906,-0.47780628065494113,-0.6735909028922242,0.0,0.0
-1.2149762200646765,-0.8547877821952529,0.47643488003138246,0.526533927080174,-0.3557090126181555,-0.6916159241249118,0.0,1.0
0.1113191072203936,0.3441627586360734,0.5418371881891744,0.9730064924164102,1.10058067309246,-0.45344713203860687,0.0,1.0
-0.032602901880420775,1.3376043035669885,1.1537527767254987,0.9680813944593807,-0.008210444735869564,-0.5155755723487644,0.0,1.0
-0.20005975591452627,0.5609033000454661,-1.4241691520775046,-0.9225647198958186,0.9468278524620646,-0.5664787458582256,0.0,0.0
-1.8738435876642248,1.2434515084846574,-0.6574310276814241,-1.483148825006387,0.7966360635010741,-0.7102260102521886,0.0,0.0
0.30542222458961177,-0.36977289670856617,-0.5500509362677893,0.3486536953497953,0.1320252409585538,-0.34786976584500856,0.0,1.0
0.04088572861710637,-0.1966646419152564,-1.3907720533792336,0.5614560298175437,-0.04393064709378536,-0.48587149721915646,0.0,0.0
-1.5645151412116045,-0.3056147723910375,-0.021698190381323382,0.10588859216516058,-0.27250252506837264,-0.7003908418468202,0.0,0.0
-0.37124182080056245,-0.13010919888817243,-0.854487298071764,-0.06377176412131672,-1.045412130470053,-0.6076655578154775,0.0,1.0
0.11522653716704054,1.4042207317741253,-1.8286941375484929,-1.0266318767186955,1.6229312994379306,-0.4517583589015969,0.0,0.0
-0.30583520863743824,-0.1425714361940903,-0.4397138312337941,-0.8555591591664444,-0.5330323648217261,-0.5931312277199567,0.0,0.0
-1.064178513998355,-1.0631641072667155,0.9547527701312696,0.5260798374772471,0.30297737458072316,-0.6833127795059823,0.0,1.0
1.5528710704051591,1.2647893402300723,-1.6244367703862201,-1.5881934727012843,0.5438228583107677,2.856563267071425,0.0,0.0
-0.4987895962166408,-0.6565302766801736,0.27482404522440357,1.0238204165673912,-1.5437407329167485,-0.6286326734068884,0.0,1.0
1.2981986232794118,1.0660956213346904,-0.25214168687777305,1.391713278304893,1.257723586102575,1.5333134542175213,0.0,0.0
0.8065379553669376,0.6463750463726783,-2.148456777041577,-0.4716229977986901,-1.1568724917646465,0.20487819100953644,0.0,0.0
-0.041608315538061505,1.387065133598302,1.4334088623444277,0.8689117117779943,-0.7771345761499856,-0.5166732190411382,0.0,1.0
-0.3245524635361162,-0.5907619397939621,0.08884682830578033,-0.5670641479642923,-0.5692304908699035,-0.5973306987843757,0.0,1.0
1.035984252770541,-1.1030226146963396,0.739746868161891,1.1004546292158206,-0.7633471302138246,0.6791281107334901,0.0,1.0
0.16967581274196156,1.7374868894476618,1.26358233403959,-0.1349900515578545,2.5301236745619518,-0.4250120422484814,0.0,1.0
0.9632978945740696,1.2334136177122808,-1.648679071839703,-1.4030135448043042,0.61539329940905,0.5058511017998507,0.0,0.0
0.4272325511784859,0.22170662915987327,-0.3109036617548578,0.38870221655231774,-0.8341741752477956,-0.25186465642989586,0.0,1.0
0.4669218275587819,0.2857657695457373,-0.15352697112660124,-0.9125563933369664,-1.017040694613276,-0.21934719103960176,0.0,0.0
0.6638397344643938,0.5702468663521099,1.0322694976123972,1.14215100927201,-0.1231240704813835,-0.005076817815909937,0.0,1.0
0.7951218336065132,-0.23231286384224,1.3737399472620004,2.0731972815413218,-0.6094079763276254,0.18741287310736587,0.0,1.0
-1.6256487010117013,-0.6049740942633616,-0.12363035690749719,-0.27703296801174415,-0.519745319918289,-0.7071414509188094,0.0,0.0
-0.40889229106211367,-0.28709803178904464,-1.1624112508973612,-0.5337262075289759,-1.0769135059062287,-0.6132802143051816,0.0,0.0
-0.5534568646349765,-0.07446978097879117,-0.2120051089718843,-0.11076391934433835,-1.002255078472244,-0.6347232075460536,0.0,0.0
-1.871925456468581,-0.6728917706667711,1.0379030237801763,0.5785955307032015,0.7366038670791043,-0.7087468081225149,0.0,1.0
0.47178088056474415,-0.2876365700614227,-0.1537485859506781,0.5168056788507206,-0.08022099054025467,-0.21812445026896637,0.0,1.0
-0.30168317954175383,-0.0761319263979822,-0.40346335718708537,0.20507202835227506,-1.0495775528867746,-0.5907874703564232,0.0,1.0
1.2057274534029179,-1.1875627396900974,0.45803287563762307,1.0467395108377966,-0.2279548795491304,1.1859162363858724,0.0,1.0
1.0253513327363337,1.7353549326259625,0.610746573267567,-1.284107162409665,-1.4855375968702706,0.6557262181393991,0.0,1.0
-2.7243166639101655,-0.9032654566489252,-0.3624410563692231,-0.031889412820899306,-0.4696885706662766,-0.7148253953942124,0.0,0.0
0.8348026768999798,0.9656044438730098,-1.9255522056264598,-1.5005505753966706,-0.2035610061825994,0.25184431621196285,0.0,0.0
-0.4638029541924632,0.8301184401910322,-0.6549149527312116,-0.7061893873928703,0.571604575379248,-0.6265794801127618,0.0,0.0
-0.05910195377446164,0.09174413295449065,0.48615666721513945,1.089408972962177,0.46005221376975297,-0.5242574945796378,0.0,1.0
-0.0025325309817663543,0.41227351691986913,2.104491844016505,0.007417735361344288,-0.20690208866357093,-0.5040272652769118,0.0,1.0
0.03052352714890825,-0.2894636275246366,-0.7553795440026831,-1.0578898054810104,-0.528069107783605,-0.49242947495665496,0.0,0.0
-0.25721908455392917,1.2849434269614433,1.3626297350479226,0.5641205026491464,-0.007492570546922499,-0.5862140524024531,0.0,1.0
1.0822498348353689,0.3369586505100745,-1.9288834332357487,-1.525056563378562,-1.329078374780589,0.7990544545235728,0.0,0.0
-0.10444836352118883,1.1321584283947443,1.1327531708420593,0.7534195345954248,-0.01735240008835446,-0.5420984398022497,0.0,1.0
-1.2488114844651095,0.3563541812232583,0.1847219521911227,-0.372713612273975,0.509598604707551,-0.6916314850404552,0.0,0.0
1.4890403328477215,1.3679992142300914,0.718824189905807,1.5077494050500306,0.6285176377808191,2.4664969518022497,0.0,1.0
-1.6850449805577277,-0.4749910061193569,-0.24629907559970868,0.40808081367470855,-0.08372678789409618,-0.705265321944583,0.0,1.0
-0.004710624160405099,-0.7585963770827602,0.863997242396427,0.9698587988229574,1.1980501444372793,-0.5016816252500236,0.0,1.0
-1.773537745413616,-1.200398311607664,-0.16482222483282036,0.5767666382899658,1.0403806288023651,-0.7037419906619109,0.0,0.0
0.8299479523285691,0.7556912590727166,-1.2061393697917195,-1.6014928840229614,0.055621849005603886,0.244731550612646,0.0,0.0
-2.3314878256875256,-0.6230254513159873,0.009594559606550658,0.16109451312334447,-0.983526871642596,-0.7143667449546343,0.0,0.0
-1.0195830962936643,-1.3447730050455795,-0.02454777355136006,0.31346715646184303,-0.7683227728140298,-0.6824888201625049,0.0,1.0
0.7000352496186031,0.03502138904965737,-0.46280848424444754,-0.12160795550690763,-0.7577728723412994,0.04352350287809981,0.0,1.0
0.12703505805294663,0.0015539290635170576,0.44369276830071486,0.7403587943195293,-1.4509202578450242,-0.4460783115062763,0.0,0.0
-0.2647635963212262,-0.546677365007488,-1.1420737834696362,0.21012402163063226,0.14539817441080968,-0.5860509963584334,0.0,0.0
1.1666155892078829,2.1360023979383556,0.6106039091305467,-1.4706762578788999,-0.7914795717851162,1.0567704596553096,0.0,1.0
-0.36427871901973036,0.4756993441907491,-1.102420866065263,-0.9749282111844602,0.6240137048205961,-0.604682344923341,0.0,0.0
0.375466333798686,1.5240812601106877,1.024120093893545,-1.4782380348045912,-1.4119733257049338,-0.29390842453776994,0.0,1.0
-0.27483597908760415,-0.4590904555902213,0.1013348991981444,0.6267325150024725,0.8676349523497816,-0.5845878819822672,0.0,0.0
-2.1461069394043033,0.6676573163793432,-0.9530007474876742,-1.5343376544703704,0.1890612545740109,-0.7083810529019932,0.0,0.0
0.2518224021300294,-0.9572163183762753,1.5571903839738617,0.9603762631443836,1.3481236566197603,-0.3802319012239584,0.0,1.0
-1.3834047768599373,-0.8079088670496056,0.21381892548564127,0.1569282646780461,0.2922884522942283,-0.697713018692386,0.0,1.0
-1.3306950772156199,-1.2865502826238142,-0.9970661621768936,0.18991969183544652,0.2904035834617964,-0.6921392182680918,0.0,0.0
0.8490085397807821,1.061995737487495,0.5093132944947742,1.8795151362820046,0.09983527096530025,0.2754109422732523,0.0,1.0
-0.686885912735663,-0.12029429366429589,-0.1902077007516942,0.728886578702967,0.43203281788913367,-0.6548891077408358,0.0,1.0
1.2382420407874646,1.1821455889656598,-2.259822845456315,-1.3861936056213084,-0.02257425725194481,1.2995500224800076,0.0,0.0
-0.9462212098994865,-0.818152174940545,-0.616696319032603,0.42553887227988996,0.7609846120994983,-0.679169801076387,0.0,0.0
-1.5193046208365457,-0.6005817244702573,-0.5105585022499868,-0.05095847479554994,-0.15347043285195472,-0.7020670001939502,0.0,0.0
-0.7870062845244098,0.9833301770853361,1.5077123175499856,0.37721251652877646,-0.03269119993317543,-0.6674049024512921,0.0,1.0
1.0724207006140334,-0.2829076295451609,-1.082068887682562,0.0361356449372588,-1.0150910411670209,0.7742027002163708,0.0,1.0
-1.6501998863824305,-1.2956948768816658,-0.022525978776468645,0.30323940143808176,0.21708683162872924,-0.7004479642293785,0.0,1.0
1.4952496927131955,-1.0852010052432282,0.7469356142162613,0.8255995976720117,-0.9606662234374702,2.5023565171487654,0.0,1.0
-0.8272765446856627,-0.7811797016635292,-0.6971662244206321,0.08841124659340344,-0.003988353838514478,-0.6694106955902094,0.0,0.0
0.2557703196262938,-0.36344351065229613,-0.6470707302864465,-0.44313855490350906,0.7523953125670564,-0.37868979902632144,0.0,0.0
-1.999074261819485,-1.4750618085890819,-0.7533888494182358,0.41004892313860547,0.9367193347295162,-0.7093155290489531,0.0,0.0
-0.3222589548679957,0.34427764740517885,0.22281135739967772,0.3818171667158256,-0.024079664533463625,-0.5958678773351024,0.0,0.0
-0.42501602202090877,-0.5111653903045473,-0.6348389584083243,-0.019569256031655963,-1.2266698884419733,-0.6134314761176103,0.0,0.0
1.263401121091337,0.7146571426425048,1.932197519292439,-2.5058265701414606,1.4821650533310429,1.3927423560148129,0.0,1.0
1.1598078301083437,0.7389560858848069,1.6897219803075836,-2.0569752732723536,0.3334861522815327,1.0305321969876773,0.0,1.0
1.4650220824948996,1.8663959405699653,2.2348963823834667,0.10074845089580278,1.1408192601124403,2.32644373991678,0.0,1.0
-1.0076018979975334,0.26712694219815636,0.9243458531240488,0.45736320322645313,-2.1426011236105147,-0.684268716341093,0.0,0.0
-1.0741281670028897,-0.9754687364221296,0.6998371426922512,0.4135902168713853,-0.23862873217400343,-0.685183068864752,0.0,1.0
-1.3943893424069835,0.19506980229368912,0.243577609650385,0.0818796458763949,-0.3269704723411769,-0.6974083328351844,0.0,0.0
-0.9806694280191642,-0.5236624806321413,-0.7439083564058521,-0.8205808648174042,-0.01626194771258079,-0.6766044191567046,0.0,0.0
1.0492037003428443,2.0819394214782574,0.04537976644536931,2.0197473068105287,0.9377345277366153,0.7128357218355619,0.0,1.0
-1.0010388490683213,0.6685822586177351,-1.9136113650859685,-1.4872641092330778,1.2930528255893405,-0.6785838854871049,0.0,0.0
0.32977779789034917,-1.5757975879965773,1.2666006045731393,1.3041122797151934,1.618230049259952,-0.3288329633652919,0.0,1.0
-0.7334327320026249,0.9312780537695117,-1.4559497235453307,-0.9573392571440147,0.11518126169075205,-0.6566100285556009,0.0,0.0
1.4983366458803813,0.5025613793808029,2.069577667907631,0.2968580781011908,0.2894364367065861,2.516986559054446,0.0,1.0
-1.7842092546821937,-1.4164072355181498,0.5230711313405518,0.3535589957305426,-0.20134376671468457,-0.7047812603158538,0.0,1.0
0.4490177289800273,0.9067152542822775,-1.6730365092946178,-1.3149693913776679,-0.07987276531379273,-0.23503690462647042,0.0,0.0
-0.32109208702636843,-0.18990311122462117,0.06802388861598813,-0.386899258039866,-2.0380396139374968,-0.5959620169203634,0.0,0.0
-1.5790132957924514,0.42347363389867565,-1.422295761335592,-1.7001496543876977,2.0274475246796695,-0.700749325732685,0.0,0.0
1.0637245243184001,-0.5948038880502173,0.870951360425475,1.3145587130598646,-0.7051827393973269,0.7525723098169813,0.0,1.0
0.31279738734902407,-0.35679689764584416,-1.2374182892376395,0.2815548140429501,0.14928798040244812,-0.3448908860643071,0.0,1.0
1.4608604311548465,0.9819959795786145,2.2089806893529307,-2.075153741235458,0.8837407068752939,2.304457811863761,0.0,1.0
-0.6837905842561544,-0.1548270852917957,0.028446691218849973,0.7279354750259179,0.6905216320798672,-0.6514532742548426,0.0,0.0
0.5880317292929714,-0.48444269801828815,-0.5823363229439742,-0.12362707931840494,-0.12904397426869785,-0.09892798631447611,0.0,1.0
-0.15885232989723683,0.9129810236683586,1.35003801809823,0.39657206810047124,0.5320853696111926,-0.5552460290227833,0.0,1.0
1.3815317417061872,-1.1666943529293368,0.7210008515200389,0.7005375413163808,-0.005761401492634796,1.899682556168736,0.0,1.0
0.7402392578377823,-0.3378948127084933,-0.7470297475969948,0.38104196922761957,0.6413582426974309,0.0984197956948175,0.0,0.0
0.44987395325919316,0.009738429247826185,-0.6375322533902573,0.3816840214436775,-0.14291014807136848,-0.2352055260992664,0.0,1.0
-0.22562270066080445,-0.5695943376538529,-0.4945319285191749,-1.1522342124371598,-1.5885290726902361,-0.5749485283493174,0.0,0.0
-1.5375880212915443,-1.248353964933004,0.4939891287003938,0.36796367951520353,-2.6294228300512246,-0.699613021620264,0.0,1.0
-0.2802581353849452,0.31325306718830126,-0.5754636622395602,-1.0431550892716044,0.17877942983704753,-0.5870329485411679,0.0,0.0
0.39491264187977043,1.0475247622158539,1.7076038763729269,0.08262965470092362,1.1867437067845634,-0.28158125259642286,0.0,1.0
-0.29319360282280627,-0.10032133876180459,0.5120320805744087,1.255598712975374,-0.3245519282507883,-0.5855474558796036,0.0,1.0
0.3698692764675989,1.7624410022126964,1.9856661746148514,-0.13304363786624468,1.8081420488364048,-0.29947763575195113,0.0,1.0
1.4885906323769669,1.244822981968688,0.814867035370227,-1.3611280114046167,-1.0996709277440335,2.46032567199273,0.0,1.0
0.016945905447258172,-0.37450234797306015,-0.18145557612980542,0.32529547517165575,0.8746955488988438,-0.49572988471397395,0.0,0.0
1.1542437455876657,1.3670499925339246,-2.305225261608955,-1.481613745088238,-0.2115456050372002,1.0150628918020985,0.0,0.0
-0.29660480133674244,0.8131515205646327,-0.7250740142723316,-0.35503083910526173,-1.0628738656740526,-0.5907509325790369,0.0,1.0
-1.8595190788720748,-0.14421509992042264,0.3627116323536931,0.532223493445169,-0.11514617503009295,-0.7094307602187558,0.0,1.0
0.6946693656968496,1.2299066965534826,-0.19148838929995032,1.995020908203201,0.7754378836603776,0.032960745391616766,0.0,1.0
-0.4386711846987399,-0.5172819475750714,0.33491968710458453,0.7160926651329473,0.9506917489761535,-0.620319574193128,0.0,1.0
-1.1324447965638629,-0.9484464105996,0.4110205188402962,0.7789082375797024,-0.39102600933023623,-0.6877867802114956,0.0,1.0
0.4555015538287227,0.36852696866766516,-1.393109043324121,-0.5521679356957732,-0.41162363793352613,-0.2301815051770949,0.0,0.0
-1.1359997644022894,-1.2246718714368081,0.6158330506354309,0.7803632870826015,0.007641450082703798,-0.6878052037858675,0.0,1.0
-1.372007185357483,-0.3986797130349464,-0.5295938433457245,0.35669440676012715,0.11928336448598731,-0.6984645608875546,0.0,1.0
-0.41329411958957024,0.5026264090440054,-0.6010146213671063,0.39670333013488834,-0.3948340451830131,-0.611246978568964,0.0,1.0
0.64692882823671,2.58615216587753,0.354534009055232,-0.6792196751506578,-2.7534347045512515,-0.02508525810505793,0.0,1.0
0.24153069337416747,-0.28403320071632815,-1.383743865578912,-0.5556789860443018,-1.0481269965140005,-0.3869317506275769,0.0,1.0
1.0777706539763805,-0.6557251296516916,0.43839078810604976,0.9983346488913414,-0.6818732736576858,0.7903483152924132,0.0,1.0
-0.4875558440649419,-0.3040029994723753,1.1023499272583663,1.0778926912009177,1.274136736285394,-0.6287270962255264,0.0,1.0
-0.43551836665589017,0.27309546324588724,-0.12033253431089969,-0.35102054221646944,-0.09800935672817322,-0.6197187445285534,0.0,0.0
1.352262223244232,-1.3838833108984565,0.691495674161693,0.3213561298436061,-0.6740294496861704,1.7664028253150985,0.0,1.0
-2.313029623053634,-0.7425800263855141,-0.18814929830246727,-0.32640333392217696,-0.49933068017951887,-0.7135086729774974,0.0,0.0
-1.3296200500263529,0.4614459373500215,-1.1844903167667096,-1.3153809892697204,-0.38264862176499087,-0.6954283934566471,0.0,0.0
0.5542987607505452,1.3085847068548342,1.272029651524248,-1.9007281596117287,-0.3249304798900556,-0.1290295426566297,0.0,1.0
-0.5142748134078092,-0.1828448964368135,-0.004811426470757643,0.4683076517079597,-0.12125730127352916,-0.6301486474982241,0.0,1.0
-0.060170196883413345,-1.5551102462482036,0.9134422128783344,1.8033430922634974,-0.2184737819413897,-0.521572465031236,0.0,1.0
-0.7418860378342738,0.07680317011902862,-0.1338062391259086,0.9873462643433045,0.7967990454861091,-0.6602952782726551,0.0,0.0
-0.18399878095320185,-0.5213926435126224,-1.0790838010382409,0.4561807546090119,0.33930835933933345,-0.5621760595531717,0.0,0.0
1.373865365747463,2.5253112233131403,0.17283076957221685,-1.4448489704584369,-0.6928667162661347,1.8608447657503306,0.0,1.0
-0.42866306029281115,-0.4005325097241259,-0.40579856648035406,0.23402303599544802,0.013931776970192893,-0.614274843396504,0.0,1.0
-0.5190271660317018,-0.9006593623669276,0.30086444340930585,0.7489914791830491,-0.2884967549496402,-0.6294138044127521,0.0,1.0
1.0052996096849023,-0.5573319483589043,1.3314144524616927,1.328242828848433,-0.4969700004441763,0.6046664939212127,0.0,1.0
0.4809639977742009,-0.3846565480042936,-0.47613829566746707,0.20722967772890435,0.16121497901998874,-0.2036994130670097,0.0,0.0
0.3873277839506087,-0.1284602953244782,-1.1168068225648269,0.06613554454617059,0.339471145856874,-0.2853144859397119,0.0,1.0
-1.1235379040630462,0.027600331090801584,0.7042113548327937,0.011324331824439168,-1.6441684030137558,-0.6906755607756679,0.0,0.0
-0.2919562673231796,0.04609012664075472,-0.09442827111300633,0.6217664349663538,0.5441471513927771,-0.5912714331446473,0.0,0.0
-0.3365703537176909,-1.83216180494704,1.1884594600758556,0.638412126730199,1.0779561601551357,-0.60099628962295,0.0,1.0
0.6505606993350407,-0.5724970821598391,-0.8348928078209146,0.22667044409549264,-0.593642643682616,-0.02110985911893361,0.0,1.0
0.43666951349437494,-0.6382898190195143,0.6495427805959426,1.062320752305976,-0.7767138251267258,-0.24911153071475028,0.0,0.0
0.04976916205650132,-0.9327735566050077,0.9692729028395203,0.21755240967483558,1.221793299898917,-0.4806324621184037,0.0,1.0
0.10100272524989243,-0.1115167681986995,-0.6069116940834101,-0.9381177849272194,0.5962387908150094,-0.46106400425070326,0.0,0.0
-0.6151940494037381,-0.26318730542781393,-0.6340007539162602,0.4568110322989732,0.790975288551873,-0.6434654319385702,0.0,1.0
-0.4935789234717994,-1.3350007072960248,1.120686419140577,0.6885925688211826,0.43349883608201184,-0.6240491318459699,0.0,1.0
1.3178245840755327,1.1482645076480147,0.9082482731820162,1.2823246820812166,0.7211016901129568,1.611543054574839,0.0,1.0
0.45427110598406345,-0.9534588204701473,1.165655744893217,1.364471776537739,-0.12395651446762959,-0.23258481863973776,0.0,1.0
-0.22904600809275427,-1.565945365470042,0.7399167421293826,0.355756933160415,-0.7151179379666868,-0.5751934571705863,0.0,1.0
0.7655900146437492,-0.2993980618200161,-0.9989232384826258,1.2668169650416046,1.4482806794819534,0.13911136771679466,1.0,0.0
-1.0652257637438902,-0.6365388512198232,-0.6358413427576565,0.4500512761749299,0.3459445912190626,-0.6848149527056662,0.0,1.0
-0.129252492235621,-0.2339394775798431,-0.4611109755503034,0.27257198373560965,-0.4541662900893901,-0.5470887068423308,0.0,1.0
1.2811811335514263,0.10140329921055251,-0.6698405621334895,0.38248928767234797,-0.7754126110394461,1.4643598892565457,0.0,1.0
-0.4150340702023322,-0.8844620629277937,-0.6691766220979665,0.36421696756062993,0.5216463340153894,-0.6135530492577875,0.0,0.0
1.2893543107945602,1.5736677359746993,1.7009526552588998,-0.8067312974765495,-1.9007338653242551,1.494744290138432,0.0,1.0
-0.3307844495398832,-0.9911567459330424,-1.2860251417480615,-0.2212090328036257,-0.20373632223691557,-0.5978986089783309,0.0,0.0
-0.28898555871050213,-0.1925536782571315,0.8374833759378805,1.3270684955691345,-1.0211038365165628,-0.5900028360238333,0.0,0.0
0.5244573200916465,0.323137720539966,-1.279222586917731,0.2562786057551772,-0.5724009207959762,-0.1668254620167103,0.0,1.0
-1.349180176166882,-0.03600506140575456,-0.12648987468370662,-0.23915897551706775,-1.0472183524855005,-0.6959481837165279,0.0,0.0
-1.7929355251123995,-0.6520379695694007,-0.3249575256484356,0.5532026774612616,0.5651931799775924,-0.7069814574775735,0.0,0.0
0.07358408761711269,-0.07445260856790814,-0.03175428426902173,0.2562385853527718,-0.3849566593119817,-0.47277200853411494,0.0,0.0
-0.7220310904673901,-0.22055884371273515,-0.7742997606716482,0.08240255046379165,-0.1947727078944824,-0.6579137944841121,0.0,0.0
1.263895243222485,0.0456314570328466,-1.0650427183803597,-0.042932765111411496,-1.4012207120416234,1.3979151190882457,0.0,1.0
-0.8198428386935466,-0.17622615706831224,0.6862810534597054,0.7473083809488045,0.24001093471657337,-0.6636501377806824,0.0,0.0
-0.9625897036383971,0.40774924210785507,0.8756769238112808,0.38372289807362475,-1.6243246713503379,-0.6717606535218035,0.0,0.0
0.5935493682154183,-0.41026097032489206,-0.13161363995702532,0.6030329901059983,-0.018673017064455066,-0.09301370731755942,0.0,0.0
0.7047639829354924,-0.2443306732571029,0.15069214140613002,0.4756474818991599,-1.1037971802458673,0.048778805093899126,0.0,0.0
0.4723943378227566,-0.13139951830286542,-0.9534607063132247,-0.7387088630050875,0.9012364272970697,-0.21158522574975602,0.0,0.0
-0.7796495786390478,0.7263597440205031,-0.3089367036026658,-0.9514088845463989,0.7942826432533545,-0.6628848555845365,0.0,0.0
-1.3493044255078326,0.871956151667284,-1.4637310354366109,-1.5312535833162109,0.674386631880492,-0.6948893471538462,0.0,0.0
0.08472898247723855,1.5132782249046657,-2.1951715663267577,-0.8901229017961445,1.6548034681714447,-0.46614786084066584,0.0,0.0
1.2833505919328403,-1.0731328982799953,0.7995632689484453,0.13835324614260955,0.06734560256810451,1.471463982813618,0.0,1.0
0.2642448515742383,0.8220557202450854,1.9216778131280474,-0.10982759363347717,1.2772650862906931,-0.36893569624139977,0.0,1.0
-1.584043464263639,-1.7817631364863764,-0.1589570026926348,0.17526031281187862,-0.9377541499997877,-0.703930243054871,0.0,1.0
-0.5904362146973333,-0.4264053035312442,-1.3108932991891014,-1.4175518868169341,2.609912694582979,-0.6434612077236834,0.0,0.0
0.3276205422553305,-0.4941683910536801,0.7899665083172887,0.6236459195245894,0.6533652116419985,-0.32945719802112494,0.0,1.0
0.22545480474831997,-0.2592530013579622,-0.17008022555531868,-0.2844438000942973,-0.027320550112083036,-0.3938951052196437,0.0,0.0
-1.6086000752192815,1.2128311189800505,-0.7999528536051449,-1.1474938841370965,-0.9282676838490687,-0.7005696362822892,0.0,0.0
-1.191447618126476,-0.16939828029279647,-0.002188999956959628,-0.3424767835765677,-0.008299219266088068,-0.6883433124601874,0.0,0.0
-1.0761361686317708,0.9726303180242099,-1.3610584735207842,-1.2145517190633033,-0.5803342165607642,-0.6878669443269508,0.0,0.0
1.1425940561821293,1.7448497220679666,-2.0791078849515396,-1.3412737799651526,2.065874196469416,0.9818013249841506,0.0,0.0
0.70467934656029,1.8991133141185688,1.6463208161554626,0.4265842235831412,1.0102738370257107,0.04495125384534361,0.0,1.0
-0.09098908704741147,-0.7764298297113014,-1.378937858618798,0.48706383028534495,0.6589177911707703,-0.5306967412530633,0.0,0.0
0.1531189991234952,-0.2637486494104446,-0.7832977095990724,0.12142448749260235,0.2883112805130101,-0.43240532458353353,0.0,1.0
1.0934647289112571,-1.423131240923263,0.4380812285050473,0.4057442220570162,-0.24275863232129935,0.8324207175580551,0.0,1.0
0.059822385602723856,0.951339991426489,-1.8096399861820232,-1.069201457330198,-0.7502212039437595,-0.478190569175629,0.0,0.0
0.19650015439656773,0.11273503699397297,-0.4749640487607164,0.10759958107955309,-0.3153493330527543,-0.4112201618047572,0.0,0.0
-0.8443133361543808,-0.7448057966593841,0.09091243438740204,1.1284290018700127,0.3102438426929337,-0.6670812736711557,0.0,1.0
-0.46363887571888407,0.06001316152273929,0.08773601548649873,0.6918806442531004,0.7559421642853347,-0.622963673850439,0.0,1.0
-0.3436416356718385,1.8067907266133085,-1.9950522392228118,-0.8234599358408052,1.7614288850033708,-0.5974669829429938,0.0,0.0
0.6137001277723602,-0.8341934071894014,1.2650242652415833,2.109908819390938,-0.47648925120024743,-0.07113708603839086,0.0,1.0
1.6187419772990244,0.6565560430205901,2.508960117764189,-1.7732481746901345,0.3232945795234159,3.3107900448988614,0.0,1.0
0.9391382371268844,-0.4310413818555605,-0.1932203213677812,0.5112587517332534,1.1216450281718646,0.45121982826757134,0.0,1.0
1.641131477427252,0.6810388003134538,1.0217879447151914,1.1472964203894642,0.9144860395103919,3.4772594094204687,0.0,1.0
0.456479696905341,2.122353599678069,-2.183354589392106,-1.0206100088243515,2.123786852130816,-0.22742526966505058,0.0,0.0
-0.6582707751712858,0.23336432498655782,-0.3004935068803625,-0.5032475256710951,0.9884508957751713,-0.6530774443481017,0.0,0.0
-0.8525256939953595,-0.44123511314105435,-0.13435614735951024,0.46745219983430175,0.03172329474618456,-0.6677860032400091,0.0,1.0
-0.8234529536946169,-0.8901470795325312,-0.5289589543693393,0.8925430599792198,1.1156853961888873,-0.6701168770696612,0.0,0.0
-1.2828835814469712,-1.0149709279421835,1.0631013847500346,0.7886752103224993,0.26301441100084366,-0.6948507520782775,0.0,1.0
1.0542697246199209,1.7766373259378028,-1.4167838852079717,-1.5905102951479586,1.5942415249411626,0.7289659188210699,0.0,0.0
-0.34593053302512033,-0.8370704987007206,0.584742293594349,-0.07542073650232135,0.7392438398069124,-0.6005874960016744,0.0,1.0
-0.34925804907523017,-1.6710417748312545,0.8684476505397143,1.9165621646295534,0.6885054896706382,-0.6023473724395797,0.0,1.0
1.1448917337503823,-0.4038870946345442,-0.6198359108492084,0.17157796494274608,-0.2918275079992219,0.988786881512408,0.0,1.0
-2.264363356138927,-0.9914629089735412,0.6716533951786453,0.7014665137751257,-1.8777568489960137,-0.7110241632080467,0.0,1.0
0.7574753447598228,-1.055877808914254,-1.444901186359148,-0.571376932066539,1.1727237657029537,0.1302959244011677,0.0,0.0
-0.18725788856698605,-0.717643426997978,-0.8235797461775051,0.8426441097951359,0.8716460366481014,-0.5630891289284001,0.0,0.0
0.6870076546632516,-0.15951714565241534,-0.46952041755976975,0.2678020717336525,0.33419004933303453,0.027196261203918676,0.0,1.0
1.5848038203541306,1.350787145984807,1.2921967724428527,-0.7389414212069482,-2.1990622816554186,3.0678257201405312,0.0,1.0
1.6500632941765148,0.8869418725642533,1.5864562310308659,-2.2113994909198555,0.968816243439876,3.545088386348634,0.0,1.0
-1.4031725767726984,0.6009451623473263,0.5522361384943729,0.11765214192950146,-0.5063120110196924,-0.6987975500570632,0.0,0.0
-0.9788496567191601,0.16560016057966684,1.0084269440424674,0.9856839179717277,0.8538398405119019,-0.6772643092893147,0.0,1.0
-1.1723715705481248,-1.0714447408822496,1.0229308599739853,0.886698631763805,0.520651531631986,-0.6890047689424182,0.0,1.0
1.6419341810146824,1.1957352732431734,-1.9084289052130556,-1.7530867182974506,-0.2130778455870725,3.4826772902487155,0.0,0.0
-1.6698568451733782,1.1066724200324347,0.39786200415942136,-0.4706901430260371,-0.7591399887896826,-0.7012620411269027,0.0,0.0
0.2177287868097333,-1.6439249351675558,0.045713012386616785,1.1376146529247015,-0.16542723089770975,-0.39790927363757,0.0,1.0
-0.5139011695823243,-0.31718648312401776,-0.6510162417429672,0.0036917769998617745,1.7704483843427863,-0.628106019806297,0.0,0.0
-0.6085772827949687,-0.5736050612004447,0.44900750154551344,1.020158485740288,-0.4469107133992783,-0.642329403901697,0.0,1.0
-0.9252201524654545,-0.5912358595799517,0.0587498746084297,0.6621118690835244,-2.6599086004036194,-0.6750587285831082,0.0,0.0
0.9879175058482677,1.8075719206739516,0.3727861260059852,-1.2882766550434128,-1.6242140497907032,0.5612160149765983,0.0,1.0
0.7172234741098298,0.7551556026939388,1.4299339333278926,0.9687730223589349,-0.12092084279942925,0.0649198974670533,0.0,1.0
-0.37253403455701883,1.7512814562083592,-1.001791723750164,-0.6181313762124943,0.08049753180454909,-0.6073350078980637,0.0,0.0
-0.35957933941217296,-1.4294226098752925,0.14251083642257278,0.5578623085080432,0.6225552067397655,-0.6061856037284331,0.0,1.0
1.6035854270439593,1.0868965689318117,-1.1841523273846197,-1.8390949641855991,0.17837540857849657,3.200232945058537,0.0,0.0
-0.5222142175357608,0.07079200546422305,0.4547983842985253,0.5501471444221268,-0.46818031761378753,-0.629493508492233,0.0,0.0
-0.6133814977917528,-0.04460491308899543,-0.3962401866634435,0.22408251579807054,0.060302009995218515,-0.6436817819813807,0.0,1.0
0.14160597287278961,-0.4100528545882466,-0.6674341250483302,0.3175950953978396,-0.3655055718291231,-0.4391076053175547,0.0,1.0
-0.7906674924517312,0.32411591559875835,-0.11535092648891564,0.7186564755058261,0.1666401477808322,-0.6664074638224344,0.0,0.0
-1.0845335110517307,-0.20474026794764896,0.34156740805068897,0.5566137776263151,1.1671858146886072,-0.6856876869045563,0.0,0.0
0.62440815866328,1.0981444174204424,-1.5446608698482946,-1.6931890986385574,0.1950324272974733,-0.057132183853044936,0.0,0.0
-1.3231175922093457,0.40063905576141995,1.0244218112235284,0.14769846181769866,-0.7744280984586468,-0.6954027030388564,0.0,0.0
0.23273449584439454,-0.04822034220514667,0.06462506174699024,-0.3914286848497543,-2.577857685195153,-0.39167592209145385,0.0,0.0
0.4674484880075074,1.4337148746893877,1.6342959618806148,0.5488189898665086,0.2984296405729878,-0.21951447204820296,0.0,1.0
1.231088245669746,1.4077605529923685,0.8364445257184753,-2.6389713343698906,1.5480570232114297,1.2749788263165467,0.0,1.0
0.4916446330597741,-0.4619157350689178,-0.39219561681651,1.773755907843394,2.4159573838295043,-0.19522304475408672,0.0,0.0
-0.10452044348211866,0.24341968455635338,-0.6186218593159443,-0.15122679469104477,-0.8444371706452157,-0.5398904035014348,0.0,0.0
-0.12595323511866738,-2.3908298884151313,0.06995175457592608,0.8740731520663327,1.628316667432787,-0.5462713162320182,0.0,1.0
-0.9579169765818104,-0.9980857816241524,1.1860138409463217,0.9275503544137313,-0.6665845626175769,-0.678830539953803,0.0,0.0
-0.3359042941543336,-0.7091985246650209,0.5923155076826573,0.37537012992453317,1.2749800077604188,-0.5952300740837958,0.0,1.0
0.38754744685622516,-0.06311668846139508,-0.4411572240415221,-0.6537217014587434,0.2517841927852273,-0.2862219457102323,0.0,0.0
0.6306246755138314,1.8452016472181085,0.5919784748060822,-1.257317256816052,-1.8276512331056478,-0.04758889049292583,0.0,1.0
1.2293753348793812,-0.49103537541012404,1.526099554343295,1.2142788525505153,-0.0967397541093437,1.2676614366934917,0.0,1.0
0.5901567899953558,-0.4609041455916218,0.018009104036385143,0.4394260982850832,-0.4180640387376767,-0.09623504697595064,0.0,0.0
0.22874491079278383,2.11734240761192,0.9580990680813887,-2.2650104810142815,0.4338114977965728,-0.3912921553651619,0.0,1.0
-1.4198464490443128,-0.047215475428469454,-0.8257305482438906,-1.0095620357267738,0.16745526671389374,-0.6980300102340762,0.0,0.0
1.648014398998312,0.08939907884662736,0.8824768457603197,0.6014492888470291,-1.0722729601466403,3.5293502968118675,0.0,1.0
-0.3923888200483689,-1.1369484938082293,-1.000767677353217,0.1624730543490799,0.8446064614040291,-0.6107938198396687,0.0,1.0
1.2796792337925882,-0.6986226320133422,1.443322038830109,1.081572135368749,-0.8439661977185388,1.4609334502399265,0.0,1.0
0.4710088619512534,-0.3551863839016345,0.08487653956518398,0.584807074903606,-0.3572098332200974,-0.2162401079165961,0.0,0.0
0.011609734088973854,-0.5352762459301377,0.2603100381011622,0.8917544135973241,0.14632429149361467,-0.4960093530201043,0.0,1.0
-0.6097725692238956,-0.572243977861284,-0.70122707670416,-0.12445931219964988,0.2468478126486437,-0.642427404933372,0.0,0.0
0.1298279502662279,-1.32999355437956,0.7185411359988325,0.5381553753768169,0.3908461493959888,-0.44412897161579634,0.0,1.0
-1.326215196640199,-0.5692411836619908,-0.11198938134057264,0.41962105305728364,0.5086712175998173,-0.696599345363104,0.0,0.0
1.6137959802516562,0.9566684384245627,1.824124713426633,-2.124166193654401,0.9356728243112735,3.273959112985642,0.0,1.0
1.4823258619986797,-0.6132752245454468,0.7102826091150622,1.3727186673983773,-1.6204873715620998,2.426575357249856,0.0,1.0
1.3640964567372014,1.2976279967729032,0.9702116092379519,-1.3343959388958064,-1.2192512641842739,1.8195107805054103,0.0,1.0
0.7785031936731952,0.8259729658217867,1.3946168800846634,-1.4771334280879767,-1.275080630288591,0.1561188578720268,0.0,1.0
0.6916863465260471,-1.5751374911206153,1.3119471699998646,1.511224829456686,-0.5768607017019338,0.03241828838835244,0.0,1.0
0.3850189256032651,-0.36795596174180756,-0.11691768282198818,-0.06127748082810382,-0.3031697632306456,-0.2889895153096281,0.0,1.0
1.0856070977440269,-0.6564539274527968,-1.117540622228553,0.3578882606027604,0.2889120377101785,0.8117636839693027,0.0,1.0
0.6672823155550052,-1.7711577573968968,0.7301815463295461,0.9319339196614721,1.1276188721406921,-0.00029635228595899753,0.0,1.0
-1.1400091890102373,-0.6360911049574879,0.5958169874657692,1.019371388502057,-1.1164407380755377,-0.6881498152141103,0.0,0.0
0.009103818700817407,-1.03936967328659,1.1388226942457627,1.2579385592818326,0.4335004218970346,-0.4961042557594915,0.0,1.0
0.3053508117555278,0.5768977578298289,-0.8408922488389047,-0.9704320479354231,-0.599946290844861,-0.3463993376928085,0.0,0.0
1.0881397942174444,1.6603945692972533,0.971531632781966,-1.476976345634092,-0.8977762698349342,0.8211437717999991,0.0,1.0
1.2679793070320018,0.8400928823004871,2.041582490907518,-1.6730622667149067,-0.2204874215700866,1.4092779586890296,0.0,1.0
-1.906791778940569,-0.40652142047239964,-0.1327830077879601,1.017120158519226,0.8335463121895195,-0.7070319634923983,0.0,0.0
-0.394625058004526,-0.4607287937921851,0.9875914536014404,0.8830933389867804,-0.39341355678883017,-0.6099647929629733,0.0,1.0
0.2787352009208141,-1.709601937365512,0.8582775716995361,1.1810459955652157,0.6733704835071604,-0.3641365320123539,0.0,1.0
-1.3131135706474226,-1.4701284876382419,0.36151915056525635,0.37294941383997693,-1.0172567361666704,-0.6956477544854199,0.0,1.0
0.07396782236693365,-0.3734388618367207,-1.2177926602732474,0.04054471679500921,-0.9799685290583806,-0.46975143807586445,0.0,1.0
1.5283843160619244,-0.6877917901012318,0.8426630342574583,0.9208756296968675,-0.4659971225035971,2.700575099447,0.0,1.0
0.7359349851376642,0.7850014367434884,-1.3546866520988934,-1.6006401139294189,-0.9920508638692676,0.09218255763371508,0.0,0.0
0.27937989704227223,-0.3063396851089246,-0.1342215235246619,0.24863772548865345,0.03752754186455857,-0.3669868817936015,0.0,1.0
0.8620575034888496,1.3579339327713786,1.1334751436167971,-2.0918683846279844,0.21745612235052603,0.30261387044313875,0.0,1.0
0.9645976077060525,-0.7657143302213552,0.8828342317149405,1.0986374806695458,-1.2040092857240121,0.5104201889707825,0.0,1.0
-2.145929505128846,0.7113760154598252,-0.18210398699487426,-1.2208947051445243,0.3537483081172233,-0.714721683044521,0.0,0.0
-1.5334762988674004,1.541671575720693,-0.988832140587352,-1.1321791112849116,0.37454371426270083,-0.7001632898192461,0.0,0.0
0.8468235240425358,-0.21730003126330497,-0.6252968434983817,0.3664383765453467,-0.09863736055985327,0.27235816265796625,0.0,1.0
0.6184618235663679,0.6385674805507082,0.8839820552866914,0.7658773187795316,0.6560071541804477,-0.06085436520734502,0.0,1.0
0.5697908039812346,-0.6316798186702514,-0.5449611723470363,-0.340918464614691,1.0204248446713706,-0.11728393431415923,0.0,0.0
-1.4681753636212445,-1.028464054446152,0.6681218769293646,0.3031744588392408,-1.7499792698879815,-0.6990684113572753,0.0,1.0
0.278609568647135,-0.3073760935981584,0.09118586929046996,0.6891784502850058,-0.07447274354295712,-0.3590330664170919,0.0,0.0
1.4951153195652207,1.342701144888642,1.658150357174729,-1.954063079616565,0.5643502591699705,2.5006959924132355,0.0,1.0
0.15498529452186763,-0.7859299045477788,-1.5621097846575271,-2.101287242511721,1.3003882730126168,-0.4329999336528183,0.0,0.0
1.2738597956148578,0.20963102796853175,-0.5991381176750227,0.5437566225489819,0.06923000438290507,1.4325713687542763,0.0,1.0
-0.4364132832275513,-0.5669402488158691,-0.7595620226835544,-0.7500732098075874,0.07749561486378014,-0.6158822142074207,0.0,0.0
0.6909694737373739,1.10241386639349,0.758415992301342,1.3624595483244277,0.34253848244383256,0.028883559066435867,0.0,1.0
-0.27566930236564857,-0.04930067929509138,0.7609751393964258,0.8845588519986309,1.271280099962891,-0.5840415755837622,0.0,1.0
1.4767866232670699,-1.569459452979608,0.4870175620343916,0.48299541210060654,0.18308184608910488,2.3953217212883984,0.0,1.0
0.4365703127384824,0.613211187572214,1.6248421200473502,0.658178534080675,-0.17616212889256114,-0.2480187426838345,0.0,1.0
-1.3691887575670443,-0.5731541635948956,0.09600519951009452,-0.08191181900980016,-1.7356060082186855,-0.6951083020923247,0.0,0.0
-2.6548360558516886,-2.1364178852713174,-1.0033518229383882,0.23178531856756227,0.2953493041823666,-0.7098288038840774,0.0,0.0
-1.2352263192788588,-1.191792389466322,0.461643153671133,0.5974259351226012,-0.3676296728339478,-0.693873388678601,0.0,1.0
0.41779220911521847,1.816325645175354,1.3472085928599173,-2.3609290519635975,0.8988207242465931,-0.2614131495533367,0.0,1.0
-1.8318410446884847,-0.6078873009760795,-0.27873882787827775,0.1903840899537269,-0.06717306406838341,-0.7079767520974595,0.0,0.0
-0.36692641841634716,0.14005868925723972,-0.8733144798730169,-0.5984764697764925,-1.0757273044416054,-0.6039712069551226,0.0,0.0
-0.3539139919252503,0.8704078338451119,-1.7447480288935282,-0.561816138704494,-1.7901605453596985,-0.6042489365571518,0.0,0.0
1.0948114517744352,1.2931771078759355,0.6651952043635319,-1.3933958737147751,-1.378428224368836,0.8351208031528026,0.0,1.0
0.6919013618650511,-0.4461620226655608,-0.7205874606196192,-0.07398354621929769,0.798265965052014,0.029694970189168075,0.0,0.0
-0.08241129026147558,-0.9166539624337754,-0.09868559496511337,0.3080084273074649,0.9557953755570846,-0.5316057103583655,0.0,1.0
0.8660881681806393,2.0496509579384616,-0.22174368148527054,-1.4158388817250689,-1.5078253194674809,0.30963203359277053,0.0,1.0
1.508339842697103,-1.1562119081122613,0.9367131205433117,1.8176463939035483,-0.5608722927120571,2.573755246102622,0.0,1.0
0.11560526155324537,-0.15939425890588163,0.5952659494075505,1.1202619448743347,-0.7032717894554429,-0.4520159077412044,0.0,0.0
0.7309086521852369,-0.13771118306236213,-0.6981832215039728,0.19145141680586097,-0.7736208824776655,0.08678719604333245,0.0,1.0
-0.24210985010288058,-1.2044304382824969,-1.3084095334732257,1.1341505945343662,1.313748868043929,-0.5803711226321773,0.0,0.0
-0.05136814630890416,-0.28811353175598925,-1.3762278801147187,-0.6688979627630621,-0.9670961455129448,-0.5206138077404353,0.0,1.0
-0.9212040035993593,0.8592077610241856,-1.6067065502514188,-1.1844260972997196,0.5344841363173544,-0.6743466917148873,0.0,0.0
1.2657624500192883,-0.4231135121137626,0.7190142393004334,0.9254510684006022,-1.3732371204279936,1.4023173533619986,0.0,1.0
0.15367897674884518,-0.7207059525221348,-0.18103229663682,0.467176190942787,0.539244635318165,-0.4357430437233714,0.0,1.0
1.0722112620073876,1.708287770511393,-1.5871204905404956,-1.6314935584573427,2.275210813997822,0.7783944442868173,0.0,0.0
-1.340001351555642,-0.2288332864452028,-0.7292387073113576,-0.08874923433889989,-0.7820886280284004,-0.697338600078522,0.0,0.0
0.08566707173837766,-0.806509187911265,-1.258584799101594,1.0332749725054224,1.4589196077728241,-0.4650967261779737,0.0,0.0
-0.12284655917045745,-0.3353706155131118,-0.49068189159803094,-0.06291616236102454,-0.7673842926045542,-0.5444517170436238,0.0,0.0
0.14549638561081993,0.7895416326851443,-1.3669226759313458,-0.45034797472995064,-0.6499119220361564,-0.43900896520992805,0.0,0.0
-0.2483363560881221,-0.37621158174828123,0.5275271708156484,0.4208785896299334,0.6370088300950926,-0.5782938184706987,0.0,1.0
-0.8747176068974373,0.6906349423073811,-1.174499867644371,-1.0452522526214578,-0.5610715350441547,-0.669589071668912,0.0,0.0
0.6870076546632516,-0.15951714565241534,-0.46952041755976975,0.2678020717336525,0.33419004933303453,0.027196261203918676,0.0,1.0
0.0073669855777052165,-0.3010488682282635,1.2477111555747047,1.0699482772353726,1.387362454701442,-0.49901674683647096,0.0,1.0
0.9901417488264234,-0.23500809028454855,-1.2699596370229622,-0.5216175492253251,-1.433912640121502,0.5659812026765382,0.0,1.0
-0.32223937321366836,0.41990913436132427,0.17683808136316878,-0.21384799185139752,-0.8301500967346771,-0.5990090101512908,0.0,0.0
1.0728879876893294,0.6324085325756468,-1.3893328000835143,-1.6396611496385327,-0.7465343986400823,0.7744663046497406,0.0,0.0
-1.705586659876978,-0.7719997213937514,-0.922479878471096,-0.6254414990858661,1.7010462464397589,-0.7053346843987102,0.0,0.0
-1.725714199469443,-0.1867940501055113,-0.07016601319775631,0.1057251660356806,0.9486377128453821,-0.7047827314764198,0.0,1.0
1.1395834949627297,-0.43577703892618275,-1.528981213509653,-1.1868338489432122,0.3816477281009605,0.9680239300273442,0.0,0.0
-0.05436271788485706,-1.3074575641990611,-1.2818664193844258,0.6312335315977351,1.0587834900111865,-0.5217196616835691,0.0,0.0
0.8008574416027604,1.37444652491832,-1.320788580720643,-1.572751497359099,1.170476329824734,0.19662116142335406,0.0,0.0
-1.4452973124162718,-1.7237867534333533,0.565746226746576,0.47281883534894087,0.019220466340247936,-0.7021817223356589,0.0,1.0
-0.5099226318009767,-1.0218706328680596,-0.7091635553238171,1.6490010724795885,2.410199739675587,-0.6291808589588277,0.0,0.0
1.0344063275070192,-0.8232149410433917,-1.8175840320936807,-1.1337651970520175,1.0643062505116183,0.6779416291082158,0.0,0.0
0.519699822486948,-0.39350591740676844,-0.851874907208886,-0.9611223736420651,-0.5127592987312956,-0.17063526493176215,0.0,0.0
0.20368565992533463,1.8071430387365819,0.10623183982292145,-1.9714608727879737,-0.7659852035937881,-0.40916185542190703,0.0,1.0
-1.0199628075971061,-0.20620112321505102,0.07493132443975187,-0.0019882176523776415,-0.1318085779267006,-0.6799038762844095,0.0,0.0
-1.56571068081259,1.3329203395924645,-0.9396370377590957,-1.2177573206601078,-0.8444087829930973,-0.7051933892298222,0.0,0.0
-1.2815390466739047,-0.4557694108608316,-0.25720722400864793,0.16902694626303325,0.11900202575633037,-0.6937962010431299,0.0,0.0
1.175599093524958,-0.7205943702341839,0.7750503822120157,0.5557407120943996,-0.27462480397213196,1.0854542729867447,0.0,1.0
-2.0299029702854883,0.9496509475629704,-0.5778068727896871,-1.3327971230565747,0.19908616656367914,-0.7045654597205869,0.0,0.0
0.9628448433482174,0.7958719862632301,0.7611078081509003,1.7112398035520164,-0.6334134804304128,0.5082485504010511,0.0,1.0
0.9651163400898535,1.6053588198825386,-1.7006309654923215,-1.629075292123385,1.9358921077759337,0.5126655270490577,0.0,0.0
0.2264235700665174,-1.3290590652317202,0.5327328577219416,1.2982719482399068,0.3639356914528159,-0.3950679369896503,0.0,0.0
0.4442160519180004,-0.7742240833357213,1.8491309065203507,1.22214784661249,0.5211029512704656,-0.23826812070322617,0.0,1.0
-1.020993446030624,0.1748210767146142,-0.011112956329658214,-0.3522174487609688,0.5162741385348337,-0.6814164158917245,0.0,0.0
0.05795781912769259,0.3736452964109624,-0.9735366573415692,-0.2443463265438069,-0.7297175782459611,-0.47952874233841514,0.0,0.0
0.1977213704641603,1.8099869852442112,0.9131749143531638,-2.4305748138060856,0.6527176020424283,-0.412686206449034,0.0,1.0
-0.30342615908595183,0.2586486935296378,-1.6256679579321176,-0.5591304670064181,-1.570457552747668,-0.5925021224802401,0.0,0.0
-0.7684235650010119,-0.8780051783773466,1.0827071097640415,0.9167767777720398,-0.7120266466699078,-0.662360516492257,0.0,1.0
-0.48037663729134367,-0.3487475671409043,-0.7887215606497142,-1.334950001710479,0.7260133859459699,-0.6262864444795402,0.0,0.0
1.5971739833401406,1.3801012375091914,-1.3185632757554713,-1.95278845259008,0.2635653039484745,3.1536122164708495,0.0,0.0
1.5219414342891442,0.6994401465765533,1.4185001782647138,-1.0591921499165433,-1.773337529373925,2.660972595643616,0.0,1.0
0.9680880581423524,-0.7222253153495948,-0.5589441378880919,0.20551238848093878,1.0121622706260833,0.5196021226944253,0.0,0.0
0.05065116924903383,2.128179008523567,-2.2222331093552445,-0.9243759237993185,2.804467372205013,-0.47979711589354174,0.0,0.0
0.05288611266492123,-0.43505793150932975,-0.3447443762307625,-1.0765220680847736,-1.9878345605156724,-0.48075056930216586,0.0,0.0
-1.0611039826286102,-0.2912748344323758,0.2950287072266039,1.2863506733134493,1.5938566659971405,-0.6816434509000562,0.0,0.0
-0.9245864134595145,-0.924154581378915,-0.5590151744434865,0.780992278209818,1.1095443736456563,-0.6722872906211026,0.0,0.0
-1.2479133751970368,-1.4766144768289164,0.6139549082263549,0.7520226807769033,-0.43609875233429124,-0.6934721828019693,0.0,1.0
-0.706177014231817,-0.23355979445926436,-0.2989774960797358,0.25132589685621454,-0.12639561371225552,-0.6548199832031332,0.0,1.0
-0.8475595388507241,1.3569984696974422,-0.9606715194333397,-0.6902495445997452,-2.0034063496165815,-0.6704184291887061,0.0,0.0
1.314736964545845,-1.1316714904325997,0.919069754197245,1.4169928071102729,0.373463565571097,1.6000132414564143,0.0,1.0
-1.2993230398657794,0.7416293344798347,-0.8104618392425281,-1.0892986407909553,0.5431995064837616,-0.6945026095927654,0.0,0.0
0.058538295985563954,-0.7057850224958093,-0.27850500784414456,0.4125973320776301,0.3774784395115428,-0.4773790663270993,0.0,1.0
0.35471350426578896,-0.7728904454507995,-0.7059814680305552,0.1681747786148058,2.173330699183296,-0.310273140381161,0.0,0.0
-0.0881151781451426,-0.21235979306781252,-0.08321065697397036,-0.30766710305494394,-0.8803636505096172,-0.5285228308201451,0.0,0.0
0.21251094140402532,-1.3707117365177146,1.236216294832814,1.1963650098685283,0.3491193221999297,-0.40204585778617863,0.0,1.0
-1.5357025746179658,0.8199820365312631,-1.1255773057371854,-1.3188120384846804,0.7406963376317443,-0.7010115985012249,0.0,0.0
-0.014733987946428996,-0.08579611670453742,1.0520537650232007,0.9624211935192557,-2.3396852809925015,-0.5094423454957361,0.0,0.0
1.2666567530133968,0.7744239734445283,1.3827111349519654,-2.334461577128027,0.849941618960571,1.4078256667725222,0.0,1.0
-0.11682679766428708,-0.44225634170002326,-1.0569826906736604,-0.7414605329351356,0.467659776403421,-0.5443070650300135,0.0,0.0
-0.33576925819290054,-0.2777687677477259,-0.2573640643982581,0.36708619267919074,0.402052488846829,-0.5988267510849249,0.0,0.0
0.7463129958423224,-0.7205177989848186,1.2179629831864478,1.1319318246209553,-0.015291220175843816,0.10925944034682933,0.0,1.0
1.3539254296788399,-0.70153278445085,0.6204196895010415,0.666444943135505,-0.043397934998796135,1.767440981600441,0.0,1.0
1.0422779240834938,-0.10050038255431747,-0.6117562327246215,0.21583567570210918,-0.13952976463962563,0.6944018846062601,0.0,1.0
0.6911832787386983,2.0522248897260766,-2.1506619724363794,-1.2426257586664267,2.528132050671314,0.029766609879397117,0.0,0.0
1.1291399313413657,-0.3815424558204975,-1.0894069700266222,-0.40155424092430514,-1.0520128489132945,0.9380169321131028,0.0,1.0
0.8220728952827413,1.3297991386998955,1.6200303274555816,0.6714976283511578,0.26460050461033596,0.22965335726718733,0.0,1.0
-0.13877963437866084,0.40168328594727254,0.535935908717106,1.464628325846682,-0.11816996048957241,-0.5495897534661617,0.0,1.0
0.5602457625287072,0.3089789447646277,-0.12126128947081338,0.11355173405618266,-0.8954153586730496,-0.12869296649751166,0.0,1.0
-0.7941136643799378,-0.989643554066645,0.5657767622202216,0.8837442264664477,-1.12488876247021,-0.6636612005265896,0.0,1.0
0.8800841003524456,-0.6760157095864391,1.0688355205287865,0.7482752307367371,-1.3713039495580892,0.3370823140225133,0.0,1.0
0.3850347153835938,1.7460782048575538,0.5064937911396505,1.431126569811455,0.28885596043055295,-0.2853401902069886,0.0,1.0
-0.03872995946982408,-0.06442649170378403,0.23929532071463294,0.5107738064321922,-0.06034524799034379,-0.5169523306213231,0.0,1.0
0.3879630562504397,1.0122094340885546,-1.855149694758579,-1.2877929908107755,0.3859685303151132,-0.28589129977583483,0.0,0.0
-1.128291760819954,-0.3365323494146292,0.910601705217182,1.110283624454651,0.9459315017227267,-0.6835369965331646,0.0,1.0
1.2192108237650616,-0.25509990920026465,-1.2134708964900853,0.1267368432625032,0.035918798302600696,1.2326942863108739,0.0,0.0
0.10454405882704967,-0.7274353975160852,-0.4363170104988859,-0.14908192695194158,-0.2338616805306687,-0.4572760009982452,0.0,1.0
-0.3462780795177816,-0.16688946865956192,-0.1114193428156703,0.36901598530832763,-0.4482890300527466,-0.6020979861340902,0.0,1.0
0.7726483373947476,0.7749651513983364,1.2291765687275997,0.8210603444578444,0.32059647631567867,0.14994837477548303,0.0,1.0
1.0492052334989268,1.9779542119136537,-2.1870125134159086,-1.2502391866050984,2.157380429502506,0.7130786787645563,0.0,0.0
-0.6073411535367237,-0.5263941204512224,-0.4597732416956027,-0.29648124332381204,-0.8291685494636515,-0.6443944834415091,0.0,0.0
0.1702712437764136,0.9121261968851673,0.0630373540695279,0.48954208519508047,0.09304098393460941,-0.4222610372705079,0.0,0.0
0.2740930750592733,-0.897043910173582,1.1109836635401813,0.5334328477846122,1.0057866258317885,-0.36683713387788097,0.0,1.0
0.1811977866588811,0.03176803432616529,-1.0948943213091866,0.07007842715555078,-0.054667152337825514,-0.4180581343021085,0.0,1.0
0.7671225959035187,1.9848912240145284,-0.13559174777955935,2.1088126524389716,0.685703627573209,0.13679942896754368,0.0,1.0
0.01074191659328456,-1.3856012673349332,1.0882461248720363,1.6671978137396781,0.42350066111868667,-0.5005895870564502,0.0,1.0
0.8542928000469965,1.4277786569822515,0.8403070786336241,-1.6268440297661497,-0.8526287133348069,0.28778634054618824,0.0,1.0
-0.7321555465140158,0.061345260013645986,-0.1450418011200641,-0.46992163237518286,0.7007246388465533,-0.6599276483723807,0.0,0.0
-0.09502829646424969,-0.9673553754362579,-1.1516916302197209,-0.17892486584212608,-0.015343914972580482,-0.5358943462370764,0.0,0.0
-0.2924183754594015,0.9659338607580717,0.9602060129817377,1.0890223259972407,-0.082928440374252,-0.5882722059144154,0.0,1.0
0.3887856358640103,-0.2814734294210215,-0.5689649665400989,-0.26869481573251475,-0.8044899634101271,-0.283535302460856,0.0,1.0
-1.5655985946019302,-0.25946868993032884,0.036820102811421986,-0.49358946892155825,-0.43242223814715347,-0.7036362201529971,0.0,0.0
0.2099991110750635,-0.66333444764623,-0.44554930148535626,-0.14536987652015185,0.3131507684526339,-0.40318104158793094,0.0,1.0
-0.3894740061394727,-0.5772197929676905,-0.2095460503326668,0.38626870834617,1.2084711937163823,-0.6114688452092121,0.0,1.0
0.2314754962673485,-1.072891879490175,1.760938227767322,1.6762676808747452,0.564249881785675,-0.39199523012365023,0.0,1.0
0.043503014806693885,-1.84326002020392,0.6738896056256898,0.6632017039281797,0.4144370293471205,-0.48572659429851944,0.0,1.0
-1.7182512238612093,-0.07058921445869193,0.38016549492896173,0.4383543085032196,0.8708142907788872,-0.7069790108894661,0.0,1.0
1.547764458158622,-0.5257436192032132,1.0709969817234295,1.1324757317091725,-0.2448991180462289,2.8227288287838284,0.0,1.0
0.6451317160873572,-0.013480704095701844,-0.15425943069208906,0.370881843847307,0.4821993525070061,-0.026649294542885654,0.0,1.0
-0.10741897443437283,-0.13108074941939832,-0.2242769324889237,0.23627750442041517,0.8038628117455956,-0.5380179964992928,0.0,0.0
1.4024514453159778,2.5734843519323567,-0.1857771761664155,-0.9766650373882672,-1.9059209939420858,2.0021941310626468,0.0,1.0
-0.7938380950530466,-0.643284921481863,-0.006015153079943756,-0.07296527856480774,-0.7139683832066495,-0.6641433480134097,0.0,1.0
0.8298548381765466,-1.7426561540128611,0.4602762616047906,1.629623757281686,0.5556777861449066,0.24489199022019578,0.0,1.0
-0.9962954914365015,-0.800681741614003,-0.4939053299838513,-0.11303422148986837,-0.6491324938571515,-0.6789940287110585,0.0,0.0
0.4899005523646738,-0.32410970288275753,-0.325883710917757,0.3868090020437974,-0.17379011733094898,-0.19914156224405746,0.0,0.0
1.497481682315984,1.3852316520691088,1.5069664371396554,-1.2791111391621282,-0.9000644119935556,2.5125393585419324,0.0,1.0
0.7600423430717483,-1.2594163302181096,0.5839978660412637,0.8571580000759078,-0.8838923964803368,0.12969936349856276,0.0,1.0
-1.018183314842829,-1.0015269588254392,0.6689024197959361,0.3940078084566321,-1.1734678414037016,-0.6855471744588598,0.0,1.0
0.5169126452245567,-0.8144240040480539,-0.49029805120015163,0.5313381644255211,0.9337486655085985,-0.17176448965848307,0.0,0.0
0.4440008701190853,1.1291093498336862,1.1755060617147588,-2.489163696165166,0.7355826061771179,-0.2381167670382542,0.0,1.0
-1.1640230330030998,-0.25568542304219255,0.6220567430307856,0.8990863686071994,0.5857849161735849,-0.6907232062570828,0.0,1.0
-0.9534600459324669,1.7664589032796012,-0.9422166653672411,-0.918457454466608,-0.06417617139786344,-0.6783568699230947,0.0,0.0
0.8813344032886004,-0.5525585627529958,-1.0119429481011406,-0.32706189598347907,-1.3263101271534437,0.3372623029135835,0.0,1.0
1.5334102260587361,1.6377299156624048,-1.8283025072907209,-1.4418455954322085,1.179921225998816,2.7305821547638645,0.0,0.0
-0.5193331221314114,0.3261105753872377,0.4243449143851304,1.3226460671286044,-0.25574626756206653,-0.6345097560280651,0.0,1.0
0.04206131964388872,-2.1712279158207117,0.4372899665772066,0.7562572052296745,0.9947792924907953,-0.48448640326010106,0.0,1.0
-0.853737766437923,-0.07835248671039065,-0.02338099916207299,0.17557797686902804,-0.9572170542319008,-0.6705959954863665,0.0,0.0
0.09465882598400152,-1.234723590915677,0.7813705619853286,1.3761304347591772,0.3642093672476915,-0.4623963304158186,0.0,1.0
0.632105276769263,-0.2760017288890464,0.04233861242585163,0.6385791668711722,-0.24169797346951005,-0.04568010503939103,0.0,0.0
-1.5292071710005268,-0.3072484781804979,-0.4083298059115536,-0.14456643735053237,-0.6853278416772944,-0.6998897170422782,0.0,0.0
-0.927050712178122,-1.1459695587348706,1.1612686606463543,0.9586194069715149,-1.5538925034380178,-0.672938530697483,0.0,1.0
0.5104591759838879,-1.7313736394991952,0.6999412243028102,-0.02528681267063664,0.7399817970320418,-0.1785647564392169,0.0,1.0
0.4716367346475147,0.7651850709582406,1.60758266186393,0.7041680856134329,-0.12497487562982379,-0.2153749114767461,0.0,1.0
1.4769049591972752,-1.1060551816216424,0.5217180620566535,0.6115736396341849,-1.1171544941649452,2.394741620574493,0.0,1.0
-0.6283774035818782,-0.12834729484216348,-0.4306808767024296,0.541969181232951,0.319083376035718,-0.6446141718244568,0.0,1.0
1.0079780273631855,0.6564878495064235,1.614518151574382,0.6167265456213483,0.5499466447235917,0.6096860801038054,0.0,1.0
-0.904215275570407,-1.0446220679101255,-0.7984582728288281,-0.23710540111668688,0.6057106696887425,-0.6754432693863076,0.0,1.0
0.8285148876135284,-2.155248252292693,0.6259246424193511,0.7795073659056276,-0.42545682462528006,0.2427047225624436,0.0,1.0
-0.8424693051625917,-0.61289362959038,1.2971610125804434,1.0877628547758773,0.8596356116587115,-0.6681725473017682,0.0,1.0
0.9598954544116198,-0.8614813751842064,0.4760104844401475,-0.7184339629243839,-0.309170830204473,0.4986938746872849,0.0,1.0
0.0010292287390807479,-0.5582094585083415,-0.8873516684366912,-1.401290382510951,0.09687999300860754,-0.5027302193962361,0.0,0.0
-1.5235330390710928,-0.8017869741734367,1.0953916225179456,0.7008262152294471,-0.8833565423069966,-0.703494342908674,0.0,1.0
0.39266628572080575,0.1467762299465893,0.08520415017357984,1.0095915681713452,0.502211699839501,-0.2822397227132639,0.0,1.0
-0.2634270067431839,0.8593227115349119,0.4714034105884172,0.9477465318663721,1.17028712891707,-0.5841778163706611,0.0,1.0
0.3384314139076421,-0.717012713470061,-1.165035396730277,1.1381911154698177,1.4376636036914252,-0.3255159382138289,0.0,0.0
0.36408478221616813,-0.07169537687331717,-1.3416752783538368,-0.6565840022610727,0.32608469411178925,-0.3061516809535846,0.0,0.0
0.33125341650372325,0.3231085516248602,-0.3418675932484847,0.8709230673991905,0.622936558050597,-0.3288305485254013,0.0,1.0
-0.0437029198197022,-0.16549426084195287,-0.2026335525217028,0.11760437177012553,0.03684048832883106,-0.5196118330903653,0.0,0.0
0.9929460133456888,-0.9419630090128832,0.406622827604638,0.6350974200488517,-0.5254952452774729,0.5749824810649893,0.0,1.0
0.5571815651555307,-1.5315080597473552,0.691775426569361,1.1185579445343985,0.08385895820654844,-0.13041616370166104,0.0,1.0
-0.5894142506754445,0.1280463988873135,0.9055388302242008,1.3626373838991894,0.3099107473945243,-0.6409224691606469,0.0,1.0
-0.3123523555784696,-0.22438424498955478,0.46085683334727273,0.6810570213953249,-0.1453944577422795,-0.5923089241709342,0.0,0.0
0.7017483401618934,-0.3392590195447315,-0.5935428533996202,-0.06852997508669637,-0.1565822947788077,0.04367625941858314,0.0,1.0
1.1698806778849544,-0.7952175128951678,1.2548199157789228,-0.17416104589500225,-0.3175783512793823,1.0632492752321985,0.0,0.0
-0.1294785858314073,-1.6781742726479698,1.3833009973426438,1.6939046683583407,0.6732741489117579,-0.5457358031214532,0.0,1.0
-0.7350540600700161,-0.6500382023807268,-0.854550575480608,-1.0086905298438418,0.25207306280968717,-0.6615958741902895,0.0,0.0
0.7841266104149096,0.34335640054205546,-1.2959333384802936,-1.5166555424796322,-0.27264532523956525,0.17110523701911848,0.0,0.0
1.3426398981694856,2.503852321498026,0.6783611355428354,-0.5818677288496329,-2.4351639857520597,1.7201698690179956,0.0,1.0
0.353723977603288,-0.5201196377939598,-0.31746410944191894,-0.3896300987436792,-0.8554372476326657,-0.30889893487276543,0.0,1.0
-0.5979998177421797,-0.9060697450129178,0.49506831041995564,0.7297901035975024,-0.4598277141999318,-0.6432517462638732,0.0,1.0
-0.10659080573565642,0.8843802791862513,1.33977775252012,0.18210193103742262,1.5201520719532613,-0.5413386064305521,0.0,1.0
1.4472438287125566,1.542531068640103,0.8149200799953517,-2.292821952276565,0.9835401499686766,2.23152392024494,0.0,1.0
0.47992051112119655,0.49132678409016484,1.2942564380708987,1.0382223500023378,-0.42216008564703744,-0.20760873970980945,0.0,1.0
-0.3484871418192722,-0.8604151328004281,0.4452995356625226,0.43679845577076915,0.7708447245678438,-0.6042788174364717,0.0,1.0
-0.9105359475284854,0.12790222774402998,0.314141091713185,-0.20227580755347113,0.00815828179494151,-0.672536676327822,0.0,0.0
-0.04803502117771809,1.3603392902073874,1.6270741917189704,0.12767507890267968,0.9964565077219816,-0.5182732692625465,0.0,1.0
0.6618293265390428,-1.02238357260257,0.5578078384468269,0.7042072287053133,-0.04563173957837964,-0.009522646234441294,0.0,1.0
-0.3190537663501498,-0.9036496094220431,-0.9829243285968123,-0.02780095985096148,0.25724975921308624,-0.5946929918807871,0.0,0.0
-1.0405650856886821,0.9801703800034327,-0.21158130460766206,1.8051431495923531,0.48021104666529274,-0.6822179612034719,0.0,1.0
0.7741349058207624,-0.1487942727640804,-0.2397362353016368,0.5678818646547824,0.11885445453147925,0.15131657123848988,0.0,1.0
0.7932130620545025,-1.093131764799939,0.6360409985823322,1.856840683612348,-2.1252659429763634,0.1838167082901944,0.0,1.0
0.35123927858001963,-1.7871453045874413,-2.142907078125921,0.38423954299572277,1.0058556259728504,-0.31078439432111093,0.0,0.0
-0.028206232397371907,2.348645370748673,0.4841712827038021,-2.232824938086957,0.09073999700464966,-0.5130775791399526,0.0,1.0
-0.7570460758305438,-0.5258738701414534,0.01508859952236346,1.4190167943006948,1.8518154901675024,-0.6573505382609278,0.0,0.0
-1.3550142283048061,-0.8683209301843986,0.2619923691851735,0.8669294565779577,-2.7374047070281837,-0.7006228116891678,0.0,1.0
0.030500923401518745,1.7441628109009617,1.0886656786204425,-2.1049609433453664,-0.15947398443603672,-0.4924798473704265,0.0,1.0
-0.40333595546091366,0.8368337421283059,-0.9691888854975231,-0.6605733939614447,-0.8966741807590707,-0.610380096029774,0.0,0.0
0.6777388049150755,2.020302586004546,0.8094320153224184,1.1634869811146549,0.29912139970187,0.010906427063898789,0.0,1.0
0.9748264520218977,-0.2199815520136342,-1.0418650271968573,-1.0114398660187671,0.2706421696565991,0.5320293385953,0.0,0.0
-0.451807395098341,-0.7057825727446698,-0.05543583468904594,0.8552438273848885,-0.2615215331043905,-0.6199157361618476,0.0,1.0
-0.7826167024470576,-1.1737212101822785,-1.6386408871063614,-0.36828110251614327,-0.8343702891473748,-0.6592719636374428,0.0,0.0
1.3454879606027257,-1.7154609602552693,1.5394313706181657,1.5584707532235715,-0.7934287074565107,1.7306592709889281,0.0,1.0
0.7818735113159618,-0.3551208363585501,-0.44917831547512665,-0.39332907066903305,-0.0533651565921583,0.16518134883874702,0.0,0.0
-0.26167293154416565,0.06366387163114283,-0.20074295828874986,0.10993527459355004,-0.012571595320846824,-0.5841033710966584,0.0,0.0
-0.4668225221537998,-0.017581678793576205,0.31516186610025765,-0.10757857535670304,-0.43796247882438155,-0.6267894178024455,0.0,0.0
-1.5176192007755052,-1.0899677666270065,0.4558811903529551,0.6717353090479995,-1.3983831204745565,-0.6998006153936176,0.0,1.0
0.7339914133836238,0.06834294187203953,-1.3120605015179367,-0.1704559989562438,-1.063089571151625,0.09114948653114167,0.0,1.0
-0.7468908076423615,0.4295848739852872,0.05504148433098723,-0.24602542624022775,0.10055047959106202,-0.6617613634529631,0.0,0.0
1.0430129161321706,-0.4959951121470577,0.9369798614890441,0.025402912739037498,0.2772197489030345,0.6950999918132104,0.0,1.0
1.1719362891975758,1.1853395606538197,1.1295321255831385,1.8502507164954773,-1.9629372458097347,1.0689705806549743,0.0,1.0
0.23833979041907666,0.9835327548165439,-1.852072230802723,-1.0780286619897292,0.45475675102745045,-0.3868478063111794,0.0,0.0
0.5787260998871903,-1.6032473107584508,0.8713667935683941,1.4731994987756023,-0.24960341067963437,-0.11063561438280534,0.0,1.0
-0.5100698949970995,0.1906797415053289,-0.633148297582156,-0.4836489592917589,-1.4617452257301993,-0.628292833989684,0.0,0.0
-1.1266997580103946,-0.9156397394905518,-0.5132893413105402,-0.019641334240214914,-1.475767958925862,-0.6859024693898875,0.0,0.0
0.4222085390695078,0.020360677617416598,-1.218149335858952,0.6545107078511521,0.17734540352255196,-0.25695519000891215,0.0,1.0
-0.09586980999516759,-0.2230750607128316,-1.5642047683493627,-0.5720537432187592,-1.534234812686384,-0.5377595098761216,0.0,0.0
0.38574848460834515,1.1705843867660124,0.17683917724212816,1.9873844767820625,-0.027763809005259446,-0.2872459662398645,0.0,1.0
-1.0734483844955192,-0.4945467877352605,-0.22526865405644075,0.45198071432108045,-0.5410114726587729,-0.684726972016034,0.0,0.0
1.4263566497027824,1.4347370524270058,0.9137977868560103,-1.0279784820130373,-1.7861195629701216,2.118675808368051,0.0,1.0
1.4440955086957756,-0.27872736296569317,1.015289347900966,1.7382562138996625,-1.2086851115615247,2.2129543073447118,0.0,1.0
-0.5803058040984665,-0.4914309555902328,-0.2627752820754536,-0.07921685757436998,0.5152070632964021,-0.6386139337165552,0.0,1.0
-0.9865785309048173,1.306220246975936,-2.0886013748241608,-1.0807035562951286,-1.482115544657739,-0.6775292948653648,0.0,0.0
1.1173360524744198,-0.5097469843758652,1.3871500180412144,1.4449253470501926,-0.679137873151391,0.9011350177910159,0.0,1.0
-1.198381178907808,-0.10976514577973838,-0.3999715311511149,0.026277698802164143,-0.6686308256859004,-0.69102607211389,0.0,0.0
-0.6927000958971498,-0.2861364186095326,-0.2209443855756698,-0.09421005749077163,-0.7393654690362862,-0.6540233287362778,0.0,0.0
1.1571690859273431,0.5355088125764197,-0.7882350713481275,-0.1990257401162616,-1.619541306571762,1.0250881770702858,0.0,1.0
-1.8334146233567645,-0.6509813514197931,-0.22073093543957759,-0.009749214839957958,0.07599579271272959,-0.7064274855622202,0.0,0.0
-0.43343369891861344,-0.4980786646204592,0.3990515093962348,1.0900693809349662,0.9036267854656458,-0.6192653351956207,0.0,1.0
1.0575073904148595,1.9819721491673417,-1.9768887506955828,-1.550781339612024,1.3837006531355591,0.7363726470553049,0.0,0.0
1.5267669316807626,1.5534028391644616,1.0141043675633148,1.3286109266446327,0.9019529927192652,2.6898562462813826,0.0,1.0
0.8928165524423509,-0.45972042656960055,-1.286570610176963,-1.821783199747141,-0.4226793116303456,0.36275010798272495,0.0,0.0
-1.0325717213782828,-0.2935191509781652,-0.3036819380463848,-1.3262292380867229,0.41484503419394386,-0.6826017885269053,0.0,0.0
0.1568596820630497,0.12408649827303829,-0.8843784340142685,0.7397790836897958,0.3402900059664434,-0.4292297109501009,0.0,1.0
-0.4973401121343019,-0.4014217268131274,-0.3476497587712013,1.0743660217809416,-2.018137764959894,-0.6322882438291896,0.0,1.0
1.4758753640324482,-0.47674160143196304,-0.49366983389699837,-0.3481443369058286,-0.24418119754561848,2.389358078755374,0.0,1.0
-0.23296471097420812,-0.2312511835002969,-0.7890635207060295,-0.286320590515425,1.5544510731928487,-0.5751523362468668,0.0,0.0
-1.1632786817202567,-0.6739351050363808,-0.5993449729817134,-0.4253522369101075,-0.21274322218010397,-0.6905224460711434,0.0,0.0
-0.5163203828830943,0.11756425801575639,-1.5845654028653466,-0.9385054047314073,-1.2732385974050588,-0.63254504016779,0.0,0.0
-1.2932091857355645,-0.4523290568235942,-0.2149392728404288,0.623878638510394,-0.818079684633819,-0.693721899014723,0.0,1.0
0.6969646726360891,-1.6334727143222818,0.7670998872413979,1.2966623573045253,0.9246526742592369,0.03741148723751489,0.0,1.0
0.9290616859320192,-0.08515072608274991,-0.7611328871328051,0.23710155623852355,0.09449582463529412,0.43419548922078055,0.0,1.0
0.3473791279693161,0.1728101312696451,0.8465163960594294,1.4234962494900956,-1.1902371545176282,-0.31617115127108697,0.0,1.0
1.251663371733533,-1.0940911664871358,1.0508967146670949,0.29639765500968845,0.035551804217037186,1.348532235491297,0.0,1.0
0.681448312467237,-0.3426845637249373,-0.79918831221444,1.1602077485062616,1.3493478228615001,0.018875871198243212,0.0,0.0
-1.0280526824775682,-0.7116113990851612,-1.1214184158210239,-1.7140732948865682,1.0048018961145908,-0.6817931534620175,0.0,0.0
1.0466252861995247,0.6678745098441559,0.8888474110583561,1.1136134159243714,0.7745015689838981,0.7073455839493243,0.0,1.0
-2.230004743615251,-0.9354291170833904,-1.0546239072563277,-0.38652188997557874,-0.8449082902894264,-0.7102388197586432,0.0,0.0
1.6065719249730706,-0.15506233283542037,-1.1624124525360024,-1.2422922478658522,0.4361898227531189,3.219477248604702,0.0,0.0
-1.0351424601366443,-0.2585957247008686,-0.1462150129184812,-0.44080759485146315,0.1375481919762917,-0.6819821388109439,0.0,0.0
-0.16031339051718285,-0.032321895692127914,0.17113069577446594,0.33030855578802165,-0.585669503498209,-0.5530443104931271,0.0,0.0
0.8262242382968867,-1.4768060476036182,0.4645760868219183,1.2482615207889727,-0.8080325527865055,0.23877130445256842,0.0,1.0
1.3905368672576373,0.6493913460238808,0.43892786268936573,1.500473990365405,0.8071671877836861,1.941464594823918,0.0,1.0
-1.5934126180342878,-0.4438166080052728,0.6358370076666835,0.6250302878606124,-0.22533401386209936,-0.7016810158466101,0.0,1.0
0.712739204979648,0.5301844435638067,0.046077556263077954,0.9028683927788795,0.936235833293511,0.060825978455461636,0.0,0.0
-0.6217501834954896,-0.7967567810816715,0.8994710198154575,0.7366408286567518,-0.7454973454560089,-0.6489521212116286,0.0,1.0
1.4943899576718773,-0.7592840304913668,0.5033158680270963,0.05433502369601342,0.057077503272606946,2.49079908848287,0.0,1.0
0.009726238932316434,-0.7223398850372582,-0.5377424585228214,-0.40637785240329904,-0.17571504297840554,-0.49835729632143394,0.0,1.0
-0.188207905763507,0.30635350931020333,-0.3204202847064528,0.14588611325423703,-0.16222213394196786,-0.5638476982200632,0.0,0.0
0.4118869561519365,1.5525943542402016,-2.0636657273367276,-1.1548243696229628,1.5373130589688735,-0.26841432089738604,0.0,0.0
-1.3897943059489266,-0.8156488693551971,0.33104695532914286,0.692445677550656,-0.3467421075916772,-0.7013194190814431,0.0,1.0
-0.9375448408506356,-0.30981735664015775,0.3214424812385536,0.7361295397521439,-0.7073267024213895,-0.6771050466438217,0.0,1.0
0.33848303831016957,-1.2271967346167825,0.9319754793189267,0.8811392034611536,1.6136451811301826,-0.3229400012768418,0.0,1.0
0.591958881657305,-1.0398183405849557,1.1299288809605013,1.71503964947143,-0.05973339145223532,-0.09295524385032151,0.0,1.0
0.3267228158045945,-2.0653206379011744,0.43625794279740304,0.6813254383925019,1.2041604120609035,-0.33010266981100544,0.0,1.0
0.20781434082598776,-1.099235490169933,1.2721155095424634,0.793570195346848,0.4594319934919882,-0.40702078403975545,0.0,1.0
1.6425636112595483,1.537732709421708,-1.9764052136964811,-1.783912602739932,0.4025748468274732,3.4893591664667762,0.0,0.0
-1.1940632089027214,1.0733800561409044,1.0436292298181207,0.3496643302416619,-2.260938886416361,-0.689838969349896,0.0,0.0
-1.1837058916676044,0.3158336130497986,-0.7379545660581733,-0.8212102505662536,-1.9052138086819246,-0.6918667932592852,0.0,0.0
0.4152426142744929,-0.21302363943646346,-1.2037050844526573,-0.117243695809444,-0.8372871448876741,-0.26434270502276574,0.0,1.0
-0.9867829097148479,-0.6181766710772096,-0.37694804483718775,0.6184028502852517,0.7833880160423143,-0.6794089222729732,0.0,0.0
1.4595726736689154,0.9097688311875252,1.668364948905516,-1.9666468628923748,0.380566833273235,2.2980595775809576,0.0,1.0
-2.23439903798313,-0.8544706026373378,-0.3941999173088003,0.29129254632589174,0.9642912680396173,-0.7110694216186152,0.0,0.0
0.9926340966481886,-0.9749748132193846,0.560888795664497,0.9231337249208912,-0.8172852812238843,0.5744846021642095,0.0,1.0
0.623251667252637,1.3877676431759496,1.2184274406315256,-1.6959262851334236,-0.7536114488389721,-0.054424776621095204,0.0,1.0
1.129435910077788,2.292758173617703,1.3359554619473306,-1.6183944661021452,-0.08625271770447959,0.9378165249993481,0.0,1.0
1.1777673378894056,0.9669163761457392,2.168873444617939,-2.0010648019625465,0.5539338726011362,1.0928620997305933,0.0,1.0
-0.19937627331310775,0.046365345690126215,-1.0957098285273628,-0.16413743154819072,-1.5490322374329255,-0.5648491993117787,0.0,1.0
1.5717702672633638,1.3072181636059579,-2.636493112178,-1.3710185812945368,0.0546860302024972,2.9796267850392426,1.0,0.0
0.7025306178026048,1.7346122905318127,-1.9530431793216412,-1.168263957222673,2.7137598143871067,0.045333491200230294,0.0,0.0
0.42998406323389504,-0.3032575703653436,-0.43470849040543663,0.43785823851986166,0.6033193605975546,-0.25079842371824035,0.0,1.0
-0.22324928419502052,-0.9111406661464928,-0.14379336479119834,0.1066974477542139,-0.18668853426562265,-0.5749360048052023,0.0,1.0
0.9403128580494552,1.4154275322471006,-2.0720176616905506,-1.536718234599089,0.3179251492430818,0.456553094527072,0.0,0.0
-0.6744637842764336,-0.5135187151267331,1.1056119265265063,0.6926548229346771,-0.11961193063176144,-0.6533607812439988,0.0,1.0
-0.02382239294758332,0.3348308965471071,0.48697226015223066,1.3113235360000195,0.005256293721500535,-0.5107967151608875,0.0,1.0
-0.5604774878597277,0.17390078549328608,0.07962294733003568,-0.010257415007159204,0.3183616332860153,-0.6372329155471517,0.0,0.0
0.18049023602864644,-2.018045758205858,0.8853074201858578,1.708228632347127,0.6621779994549927,-0.41933449182897814,0.0,1.0
0.20890610186001526,-1.3046249302995276,1.3368017895874718,0.3041164950043864,2.3517457788467895,-0.40141659906078764,0.0,1.0
-0.22848052843910757,0.3689597629869376,-0.9555620718050807,-0.6720220224401526,0.04436457765420239,-0.5743388020476315,0.0,0.0
0.48574457845971164,1.5396644257778982,1.6002842766492733,0.6023745938764131,0.2306900266620578,-0.19862381600792647,0.0,1.0
-1.2333218675181543,1.558379082088194,-2.4018920781685322,-1.6977856048320905,-0.7133783009247017,-0.6923416585588933,0.0,0.0
0.27550161960302566,-0.22912301842247404,-0.7768836902613029,0.19605940333650573,-0.5553678461426786,-0.3656638340437906,0.0,1.0
0.20718581512942777,1.7756424119931637,-1.6051227579349463,-1.254380002154118,1.8813981442817431,-0.4059842578596569,0.0,0.0
-0.7881322601321468,-0.4863089365494237,-0.9100148235597387,-1.0059285117966552,0.7224858659487825,-0.6627433700469336,0.0,0.0
0.25651367450580237,1.2919147757906952,1.687646644370641,0.39814352221682947,0.5301081524205443,-0.37705565085082493,0.0,1.0
1.3393585662113943,-0.4877840297734778,0.5396730035604643,-0.0375864440237136,-1.5470748383240573,1.7051526418368657,0.0,1.0
0.40314634294465823,-0.564849386413512,-1.5088446507615791,-1.7680789395129708,0.5516907992491451,-0.27286885129543775,0.0,0.0
-1.0247896483642098,0.5045226755390321,-1.3005504706640771,-0.8952219533267359,-1.4933423788772655,-0.6800854416493674,0.0,0.0
-0.38164488146019804,1.7550411381802737,1.4373356300221045,0.22115226031110893,0.9730971774684289,-0.6067815398302413,0.0,1.0
0.4723427758710879,0.8553900819586129,1.433015030903473,0.37737402748647214,1.3323203260344079,-0.2122761927080525,0.0,1.0
-0.9759857728632536,-1.6405346345819187,0.14105294438316165,0.45090618521015635,-1.1037618560300992,-0.6730232614328763,0.0,1.0
0.04286328766067333,-0.20560073647592353,-0.41146791733105964,0.10793118962703838,0.40436888151149175,-0.48291091998348273,0.0,0.0
-0.4671554696084314,-0.8047816843080811,1.4862342326532116,0.9387979626080877,-0.17461092534349862,-0.6271027467775044,0.0,1.0
0.0973085869982317,-0.33279521201449735,-1.0809267446918667,-1.3120745477869613,1.217866806237258,-0.46101091682746265,0.0,0.0
-2.146957925562319,-0.5151768756318719,0.0353311137021022,0.7087649511597351,0.4244622481461877,-0.712033717571417,0.0,0.0
-1.6340748283364892,-1.2959558220129619,-1.0346654312397838,-0.7464790410097538,-1.2460128356981341,-0.7032980705022919,0.0,0.0
0.8927739723436199,-0.466560579222492,-0.5909812957897497,0.07815205624047439,0.3966030993362757,0.36171137144798066,0.0,0.0
0.8737847772671032,-0.5678619970340779,1.2555300327636376,0.025966514815525414,-0.18266237414587008,0.3235985534492191,0.0,1.0
-1.1354079599699385,-1.0772645121215458,0.5111618419504578,0.5398410002710178,1.546780720523227,-0.6849083274425956,0.0,1.0
0.2954474488739652,-0.8637906736288358,-0.7814899678091772,-0.08890818221895268,0.23579458722683463,-0.35295049773242243,0.0,1.0
-0.4171098944027145,-1.2723584350022852,-1.8050568034746495,-1.3271186742410448,-1.9086324192009374,-0.6148121928626052,0.0,0.0
1.5406982427194051,-1.2469664500637467,0.716318206773956,0.30614401723413254,0.09484617439446627,2.779181577759724,0.0,1.0
1.305558351222673,-0.6220040026857553,1.522774539808124,0.9036227951929393,1.1296383406732795,1.5611875762086955,0.0,1.0
0.8003622068815269,-0.8219103962350962,-0.9297307343843301,-0.1194898409861709,1.7473084249041608,0.1951623105113969,0.0,0.0
-1.5330326839881676,-0.14391671712242424,0.3567825275792107,0.15871756762642983,-0.21832587490692756,-0.7019475079651833,0.0,0.0
-1.3188927216142279,-1.3718351961026822,-0.9015208602308573,0.7021126101479264,1.140544654609568,-0.6960422512713407,0.0,1.0
1.176494527502316,0.744392413058716,1.3306595150402076,0.9378336205079822,0.24585298598967184,1.0823789424268047,0.0,1.0
0.6469493044741664,-1.0692067211150178,0.908062765076182,1.2362098746302725,-0.5801787931847733,-0.025083969815181306,0.0,1.0
1.3460160665663317,1.6426844900787994,1.7734800187569675,0.47444010252855906,0.6006950801547162,1.7347572372218434,0.0,1.0
-1.3184202755980499,-1.165058164549663,-1.0431132149101803,-0.5328828172258517,0.3501216031225564,-0.6941727975887284,0.0,0.0
-1.6891509319083953,-1.4554203761678879,0.833726211120145,0.4538056354948626,0.629202586069071,-0.7053961794389467,0.0,1.0
-0.33773400414485,0.4226202913319033,-0.4695497564161109,-0.17065052723669272,-1.9445973512105024,-0.5996442796413787,0.0,0.0
0.3262657301453783,0.924315368401661,-1.109213376013123,-0.3871694451901898,-0.45684461299146123,-0.332708577373072,0.0,0.0
-0.21718351176130277,-0.029713237544792055,-0.5972250134968441,-0.9678102116769485,0.22874589198518758,-0.5715112195315417,0.0,0.0
1.343172027739122,2.1650633402464345,0.12688439203960733,-1.501947772384494,-0.8138628841957465,1.7236301551203317,0.0,1.0
-0.7127071030775862,-0.06524438546343116,0.913068911684115,0.9053038020402692,1.437370851004735,-0.655407108833135,0.0,1.0
1.489872454373795,1.2725257063408435,1.2589951011007552,1.2092963314949055,0.11871007915911733,2.4688972397706124,0.0,1.0
1.029938250571781,-0.7091379939821554,0.536126953279113,1.1908834729190385,-0.7224656168533751,0.6679282010056279,0.0,1.0
1.2273529997027801,1.5929348175293028,-1.6405202450841974,-1.6507204440243868,1.4738353440852296,1.2610593719660854,0.0,0.0
1.6620270235629377,1.1022850499225163,-1.5725444840365377,-1.7348286639769743,0.2975467076809379,3.6392809114740614,0.0,0.0
0.9260659072072341,0.5960920122246817,2.053077064565598,0.5651440529336641,-0.4898407326333603,0.42775498736293827,0.0,1.0
0.3686145185824956,1.070845273647089,1.5461209736814192,0.691320361206629,0.14297609329336483,-0.2998243358497436,0.0,0.0
-0.7613401920757776,-1.093689388285158,0.2741420761535736,0.4793376927279387,0.9873485296612041,-0.6613755781551192,0.0,1.0
0.850387213422228,1.485585655315384,-1.7108806627728579,-1.6087162589989215,0.8996404736817302,0.2818598398037964,0.0,0.0
-0.2679459185354649,-0.3032817999434182,0.4045627695524846,0.7982535673337429,0.40411636160159403,-0.5827757427982652,0.0,0.0
-0.5249495561906955,-0.7047155096473915,0.39495230929082853,0.6086209194417195,-1.5810172093544972,-0.6336106964907868,0.0,1.0
-1.5237065968935632,1.0575442648104882,-0.7311098656257315,-1.188572714949442,0.4399162053324067,-0.7002224379535161,0.0,0.0
-0.3891987941015078,1.5130039805366706,-1.930326318124428,-1.0623140599141032,-0.21544210755166765,-0.6107370441471877,0.0,1.0
-0.4416165602605308,0.3890553105976958,0.2603043314020369,0.6425254056424601,0.4892854324138551,-0.619260329730597,1.0,0.0
-0.6923119967520702,0.5928538549858658,-0.3664442182607995,-0.5675668080177172,0.42232695873407045,-0.6560683566796951,0.0,0.0
-0.12369447940528566,0.5398974996428952,1.081354833605938,1.2293647474322766,-0.4820870148483003,-0.5459519242705106,0.0,1.0
0.8331413789427581,-1.6787429976321704,0.43766126278062695,1.0646046965792122,-0.21052234614317455,0.247700929349816,0.0,1.0
0.6890175264049638,3.101867656713931,0.10817398847085187,-1.9878146842005617,0.2462156152534472,0.026582024476442857,0.0,1.0
1.117946525231297,1.174692951777303,0.3452025055247931,1.7873090635098232,0.04278726367709398,0.9073872126156574,0.0,1.0
1.5178162429194577,-1.2524266493486922,0.8492238033633339,0.6590738657959812,-1.467968632852628,2.6318041454376613,0.0,1.0
0.8542750496642315,-0.44158583924964645,-0.49922935751812175,0.2359453540061337,0.45515263007113177,0.2900067180629872,0.0,1.0
-0.9475308893230852,0.2599226072296139,0.24822485205809192,0.11180667722968361,-0.1745218883318936,-0.6741987574225357,0.0,0.0
-0.8845510870271202,1.2611774630664083,-0.9523638902042528,-0.7230853716620512,-0.8625655061825078,-0.6726765426238244,0.0,0.0
-1.3181325971114708,-0.4431217058862243,-0.44342213520127216,0.5827365939862266,0.5429896348483507,-0.6969373285911266,0.0,0.0
1.111628637466863,1.3253788788301397,0.7621118641684492,-1.557466420399444,-0.9422665076924661,0.8854952779452593,0.0,1.0
-0.7512250586819109,-1.1657268452248817,0.45270391553959244,0.4211408794154687,-0.32001917648303135,-0.6584343150912743,0.0,1.0
1.2569055176314536,-0.4105971404137595,1.6434080133941178,1.4885233251929673,-1.057639429547683,1.3680006775858666,0.0,1.0
-1.87149163487101,-1.3754227431865416,1.3835473409040187,0.45132598176790356,-0.821445767969125,-0.7053382983226583,0.0,1.0
1.6338834750375633,1.0387736107753673,0.43417487202691,1.7695019421447264,0.5955152253584219,3.4199974032718155,0.0,1.0
-0.6647250756839416,-0.1933207792847598,0.3457841073143138,0.13251918060169876,0.15747667430623447,-0.651358633040488,0.0,0.0
-1.5725463667624595,-0.445342438236775,-0.21518071248001333,-0.012594003210615861,0.05538829216468667,-0.7030728252114922,0.0,0.0
0.6111137386525324,-0.9541481114462042,1.3541363813470992,1.2462481359836761,1.309440754210153,-0.06824077681300442,0.0,1.0
-0.26498381045586294,-0.9627834868222465,-0.9626370034345509,-1.0391951237177908,-0.5111631859255035,-0.582201185453969,0.0,0.0
-0.877399150644641,-1.4079891980440817,-1.0450023795370709,0.40027270990156116,1.1567421103801572,-0.66875620581955,0.0,0.0
0.8851309573983368,-0.6369818345862696,1.3067575419195747,1.4325042504926477,-0.6875873428887943,0.34624141243742296,0.0,1.0
-0.7440169896803472,-0.47096714060578576,-0.21995262177749664,0.14122765790646133,-0.9452721108553144,-0.6566234001863397,0.0,0.0
0.4260631783293822,3.006699777839201,0.5602538074829568,-1.2251610201824144,-1.4447074846924417,-0.25667470926791836,0.0,1.0
0.9322434659835289,-0.815149239517267,0.7384350652314178,1.1572007850084352,-0.5561866555550787,0.4421696080429121,0.0,1.0
0.7903181520199505,-0.2341106207664134,-0.7529992624817181,-0.08882971193566107,0.31422885488067803,0.17787961237116212,0.0,1.0
0.7587142121119052,1.9147095429305052,0.3177330729714408,-1.5376717621323364,-1.1466522292538275,0.1277477566761254,0.0,1.0
-0.17963304935555166,0.5320422430905665,-1.4964480526892763,-0.6401255958154715,-1.1373599949375408,-0.558694564012218,0.0,0.0
-1.0585918143495423,-0.2488271886658986,-0.39754867499859625,-0.43212290870176856,-0.9984203689024761,-0.6845729185487842,0.0,0.0
-1.4632289525623814,1.3212524990816605,-1.5147576269371321,-1.514615905350243,1.316595565379371,-0.7000081446658675,0.0,0.0
0.6502241128029712,-1.9945054279628394,0.5587222401135162,1.5288445859564492,-0.08807065669533888,-0.022683999640845682,0.0,1.0
0.7442432038553649,0.30499421012495276,-1.560674295148969,0.15168586896514816,-0.015437401390067707,0.10361847561525736,0.0,1.0
-3.030714643422463,1.7961330038090404,-0.7995502216779793,-1.824376299405229,-0.011695093284355133,-0.7157909587729542,0.0,0.0
-1.3161208897473518,-1.1848531977821346,-0.7774091425005731,0.1796118290230048,0.18209670136602604,-0.695059232255289,0.0,0.0
1.5962128676198184,1.7835268786017804,-1.6333512771923173,-2.0713084888245814,1.7874234457448113,3.146929617950558,0.0,0.0
-0.31550962049938325,1.1572137860864247,0.8998050882411048,0.812419861974721,0.5770429978986134,-0.5949265558125385,0.0,1.0
0.951189939354706,0.6089397118305627,-0.619525969560083,0.48904627642363185,0.285177873749062,0.4796117902678583,0.0,0.0
0.3859974409148063,1.086708793355396,0.3085017718006837,1.4184682469695915,0.7296765918091331,-0.29069917068077344,0.0,1.0
-1.4152071069150989,1.5377223983632593,-0.6974416077965461,-0.9274430996381253,-0.8048853854531626,-0.7013471678763729,0.0,0.0
-0.8023913422708272,-0.7777317240233308,-0.6829101169380211,0.4156923924681514,0.3142624753963051,-0.667441857264701,0.0,0.0
-1.16054548473096,-0.41265304863610763,0.16320297790621074,0.20741799969034685,0.7992317726561728,-0.6891117283841718,0.0,1.0
-1.2871258294917873,-1.1920011089852145,1.4526578899838019,0.808688503354524,0.7548548740211205,-0.6901558978328339,0.0,1.0
-0.6247526604410291,-0.07621645307848665,-0.41298637745598704,0.02841102494130803,-0.08406998849795065,-0.6453006661481693,0.0,1.0
-1.4655763071093078,-0.3086132583875729,-0.004326818225781446,0.4892735025374244,-0.6766258581559775,-0.6986678849084367,0.0,0.0
-0.027774516903500707,-0.4182776353452743,0.013055554761944914,0.710501059549606,0.4057206074371677,-0.5136088892556261,0.0,0.0
-1.8599712870796408,1.5899595715404309,-0.6780249574216833,-0.9132790250516346,-1.8725943659537976,-0.7053526203950666,0.0,0.0
-1.3986939710811812,-0.5402857672566032,0.5255251757301755,0.6381803273565239,0.017563626241292322,-0.7004912267377283,0.0,1.0
1.370592501145777,1.404959536677579,1.486307333794976,0.5529430565512437,0.9236647199435529,1.8453593769981693,0.0,1.0
-1.546910849025532,-1.9086708648793649,0.36429326269633255,0.3213970739251437,-2.205364276666658,-0.7024592804907571,0.0,1.0
-0.7866899871980801,-0.3250179875020914,1.5182856110396636,1.2800357463275378,0.5042619353137372,-0.6610533779608037,0.0,1.0
1.4241039432471885,1.4534211152947398,-1.9506538603355816,-1.323376979703507,0.7207332372991674,2.109891122103583,0.0,0.0
-0.8306382899784746,-0.5594481567876871,-0.6416726939179905,-0.16045366055974397,0.11950396009000372,-0.6685044889396732,0.0,0.0
-0.8873023400861038,1.2254321475356393,-1.1700089923437231,-1.0133015206649902,-0.2251011266035661,-0.675526051896864,0.0,0.0
-0.6624127581463737,-0.4279318225069034,-0.4901294008558952,-0.38785823594421204,1.7813652765030823,-0.6521814626041657,0.0,0.0
0.6700048136922159,-0.17953092782749072,-0.7606034576827806,0.3076221561168665,0.4596092659396068,0.0046428083140516545,0.0,0.0
-1.151673177308681,-0.3094167742716738,0.6570935942346933,0.6313269993857192,0.3977611717962312,-0.6876577102111445,0.0,1.0
-0.5941865516129526,0.9801908192779588,-2.2403034669837716,-1.2081391044692478,-0.4090921501539895,-0.6441207411058614,0.0,0.0
-0.5926370365823952,-1.3275545204415065,0.2438478023423423,0.4858668584530183,-0.620316174037037,-0.6446225125881795,0.0,1.0
0.0633004468148903,-0.8743690196934686,-1.004401579523148,1.1627395245120336,1.6251700918795589,-0.4751638389510073,0.0,0.0
0.6592068483789839,0.0833102643477085,-1.1664134763638305,-0.4864800092946068,1.0450921884064828,-0.0089478916565182,0.0,0.0
0.1977204191144877,-0.7260381890754977,-0.6403736580781008,0.2138653788616527,2.3097048021385995,-0.4100334495390088,0.0,0.0
1.634592021835428,-0.9825655796499793,0.7431074111359098,0.9676696017361102,-0.7316175828564595,3.4286674145221596,0.0,1.0
1.574236646029296,1.114430098175942,-1.1896221595531404,-1.8796079614637982,-0.07954774715339352,2.9964155076268564,0.0,0.0
-1.3950449206178093,-0.13495342724462106,0.280508219373562,-0.12526733940921364,-1.88036318112122,-0.6968138120925061,0.0,0.0
0.43265982532033714,-0.38024254406846203,-0.8902778636824701,-0.3282918210066401,1.1124208510395799,-0.24771077880581288,0.0,0.0
-0.7455423813760369,-0.4454288266844997,-0.8580601694259599,-0.21034675814950726,1.10031889144008,-0.6659246857055868,0.0,0.0
0.1653556539209983,-0.2689557853935163,-1.0361441895120844,-0.8241903582535492,1.132993778655727,-0.42803271920126923,0.0,0.0
1.2875204365999198,-0.14610800929490705,-1.0895211986803146,-1.0032285604383202,-0.3460920984280118,1.4880616577580574,0.0,0.0
0.3496782901589655,-1.054285945026663,0.4258472106525145,1.122768473298872,0.2845813791416936,-0.31208337581641304,0.0,1.0
-0.13764290042310848,0.9472920980360572,-1.495935015058938,-1.1783221311452867,0.22998407594470918,-0.5514156359161941,0.0,0.0
0.39731658670393766,-0.2017801060718704,0.004311162544072733,0.45212137456581547,0.1555306164189736,-0.2761452635279141,0.0,1.0
1.070653743281737,-1.1568848974294879,1.1922269246445312,1.3932051619705201,0.33349414310541714,0.7696110386010584,0.0,1.0
-0.02910513091498213,-0.7212102940149725,-0.1499026481969062,0.34948123334237396,0.7068796968626928,-0.5122796333437843,0.0,1.0
1.1049525008455996,-0.17891634747061994,-0.6946163387317978,1.533634516284735,1.8482863599650727,0.8672069810583819,0.0,0.0
-0.9416650580562681,0.516537963892769,0.10294880557881946,-0.344075442824432,-0.1436951891311564,-0.6747995039444551,0.0,0.0
0.8250529924648343,0.7872400832548316,1.1449734212564437,0.7974067704961465,0.9624145657322833,0.24024369697591688,0.0,1.0
0.4540417732020336,1.6307125777538192,1.9347539660408346,-0.17863466653303026,1.7330783195974533,-0.22983168479884378,0.0,1.0
-2.4572102131242897,-0.680021014285762,0.34075560241171315,0.8127669780296698,0.9302509398161507,-0.7102601602230482,0.0,0.0
0.6711017473155807,0.9227513970028772,-0.07709583908917032,1.0043366345581035,0.5119673017225305,0.0023532419595202717,0.0,0.0
1.1991926400841173,-0.7094566445438949,-0.9285533607784067,-0.07058557631838272,0.24636744025965682,1.1612813162394735,0.0,1.0
-0.7470692285971046,-0.30479699871336097,0.19909927157988222,-0.06764441049177387,-0.3547318760103063,-0.6570590484953218,0.0,1.0
1.615111041667717,1.8256767678821533,0.5423970665125871,-1.3652993360520993,-0.9140590930633347,3.2834011905486817,0.0,1.0
-0.22809406730825313,-0.1872271995701741,-0.6288372831109542,-0.8612525151993355,0.4449752375135872,-0.5749382900886643,0.0,0.0
-0.6968390440273774,-1.1176875965780992,0.36102948241725935,0.8338330438139324,-1.2463051885464198,-0.6524281059959259,0.0,1.0
1.2834104070828452,1.2002842998612593,1.1280424919574004,1.310182563352674,-0.07468818384439818,1.4740993726040597,0.0,0.0
0.7227523952114057,-0.279765602465466,-0.6798658509537625,-0.18736976431303548,-0.8671020927036078,0.07491985138349647,0.0,1.0
1.146720714641969,-0.8040357373584993,0.7759385454673181,1.017900430010569,-0.6760207315873966,0.9877762593203885,0.0,1.0
-0.12997923015614346,-0.832768028541495,0.1782618057305018,0.9087477917462562,0.7189161029337147,-0.547070490102853,0.0,1.0
-0.31955922709931806,-1.6828598588941976,0.47996413670809496,0.5171716360273902,0.9077589034882909,-0.5952911112709202,0.0,1.0
1.0034503648864803,-0.26785268012346597,-1.0328933534927482,-1.3352073066712127,-0.35786441342326386,0.5972675951171565,0.0,0.0
1.5671796582627007,0.13548033214643074,-0.7587403203720899,-1.1160925752038113,-0.5690946291279031,2.948817594657139,0.0,0.0
-0.954179418743925,1.5537731562174706,-1.6021486681259727,-1.2248252344060628,-0.22493897102017776,-0.6748844928825382,0.0,0.0
-0.5953673047879395,-0.6268060047622239,-0.6790184831456963,0.19929038145523278,0.2085439026825135,-0.643470922525697,0.0,0.0
-0.10320230550463254,-1.4854423533688272,0.528161068348866,1.2845366905766127,0.9445264672947604,-0.5392938252579039,0.0,1.0
-0.6156687249210067,-1.557670106945205,-0.09585200577617796,0.7975145128501482,-1.5053094322337304,-0.6459398078642281,0.0,1.0
0.022046085078993843,-0.9854542403050063,0.5717092542590859,0.8153454883998038,0.6446446804119569,-0.49428409241964966,0.0,1.0
0.8770545614243852,-1.5458884399602957,1.0600140781244147,1.104424173939759,0.6379994395144885,0.3269260851935283,0.0,1.0
-1.2064027409562574,-0.6539427528063912,0.8247003224041003,0.7428548640132215,-0.44862766105267987,-0.6912747945901033,0.0,1.0
0.88961724046445,-1.0499037924638224,0.6433065529386254,1.183525057194018,-0.050337872558745604,0.35765139978807825,0.0,1.0
-0.17745657705238102,0.34486654505985526,-0.81362071743155,-0.678491268386241,1.0567956860336027,-0.5631411612881305,0.0,0.0
-1.1256389771687816,-0.13305307094588092,-0.04559758119667039,-0.0050847247104444755,-0.23564369977931848,-0.6847996414195265,0.0,1.0
-1.05307645419529,-0.4795190400717339,0.7898966766480131,0.3962476128203664,0.07127865113309186,-0.6842920863739074,0.0,1.0
-0.7921621150828532,-0.6039299070462089,0.3123775061082519,0.9102614742873205,0.9447313960166703,-0.6633108351569199,0.0,1.0
-1.0792469678107923,-1.1849149055008343,0.4427438647353345,0.49281236990496863,0.03799344082541881,-0.684423588493011,0.0,1.0
-0.05325854115408551,-1.9472172390827118,0.7320105579889525,1.5941024222459053,-0.17284227805090596,-0.5230403455080493,0.0,1.0
0.5213473587932027,-0.17402851055902588,-0.8491363341249689,0.283257654908483,-0.007529331835379316,-0.1697370536733054,0.0,0.0
-0.8763276267804173,0.6745088263133481,1.0890160350731917,0.33309296269664934,0.9267696641477324,-0.6710620995945846,0.0,1.0
1.6007741834252414,1.4584801891098649,0.9859833564357782,-1.192465966966362,-1.2417430844539417,3.177052926759496,0.0,1.0
-0.7946174246814917,-0.19410553960567423,-1.110792927950994,-1.149440930385979,1.5666819946597141,-0.66577440303021,0.0,0.0
-0.6829503121306109,-0.4958422938243484,0.5305821948644446,0.7600086824684719,0.4216469388844805,-0.6522386431830868,0.0,1.0
0.5135164712941902,0.6947557103647287,-2.046780106235116,-0.606700854909086,-0.975749893834487,-0.17098567032508952,0.0,0.0
-0.39304915932233536,1.506145216465348,0.7729109159204245,1.2416871966662448,-0.45781615618627464,-0.6113184359002611,0.0,1.0
-0.15674576005134655,-1.195198121547912,0.6811087004931815,0.4783353333787356,0.1094787729376714,-0.5517109751218561,0.0,1.0
-0.13653251887937945,-0.20443539783980955,-0.943144971345895,-0.2635136479221667,-0.1834349539369702,-0.5487419386227963,0.0,1.0
0.11504737976039671,0.7355194153539968,1.2631481807118519,0.9139580416028238,-0.27821675605953966,-0.4519211194277491,0.0,1.0
1.4093010532929164,1.230780603376934,1.16010640066378,0.6961279103956743,2.0839724080425004,2.0352286082485005,0.0,1.0
1.3580698949665138,-0.06182672929627941,-0.4461783905038573,0.3687778882049967,0.17986770960006981,1.7898804675536204,0.0,1.0
-0.583753511959565,-0.8350987017789335,0.30165301467813166,0.6826005222778861,-0.8654699970396049,-0.644664328595653,0.0,1.0
0.5307915330206995,-1.2088421174348618,0.7736483323363106,1.6408960469477978,-0.826235395469937,-0.1548760220920042,0.0,1.0
0.43427343549399544,-0.9850585476219458,-0.453237320344412,0.9756818079256907,1.734902371806945,-0.249774162649638,0.0,0.0
0.9231824279540823,-0.7386703954096977,1.0506444941057673,0.3740314877244276,0.575833789857858,0.4224549198456638,0.0,1.0
0.9920728181485001,2.0681397535801063,-1.930991997048257,-1.2010557811501834,2.6940124070552556,0.5724914115274476,0.0,0.0
0.8858889838967082,0.5208558760300261,-1.0681730558850986,-0.1732988173314901,-1.5315808152281676,0.34550227197668365,0.0,1.0
-0.7159334621365179,1.184059282755596,-2.2087438020327057,-1.395708880855604,0.20893135445386168,-0.6567665476844365,0.0,0.0
-1.6410796073526963,-1.6531619469433858,0.3155661101717559,0.3005634733713003,-0.4262088900162947,-0.7027431744389484,0.0,1.0
1.2324210164053968,2.459534279515982,0.9328752295704892,-0.7227045619572916,-2.056100859178646,1.2769680088305364,0.0,1.0
0.7080050949380838,1.8494181782447783,0.7119843977490877,-0.8749730181382925,-2.4928864449596246,0.049617019407024156,0.0,1.0
-0.5758685700363814,-1.278008570882347,0.3386575179193371,0.5436752143710013,-1.0303194275608463,-0.6425703887017119,0.0,1.0
0.09980901201310202,-0.06629905728271654,-0.5562014805975894,-0.6503568890924835,0.7880131639726419,-0.46059194659899344,0.0,0.0
-2.2547765645580573,1.2372527218828664,-0.4585141145596348,-1.1585186039468163,-0.6695466603989189,-0.7112156983845752,0.0,0.0
0.2945483243163589,1.6751939939294453,0.7133138462008319,-1.3335514210327555,-1.8231792919126388,-0.3511937746202198,0.0,1.0
0.2840892055996199,0.12280565762497228,0.11949485962678123,0.0037747818281655826,-0.9535390174899082,-0.35903868973468367,0.0,0.0
0.0059060663585276,0.4776176581696386,1.4989633378713028,0.31860135907953546,0.8848340339024381,-0.501116589525361,0.0,1.0
0.7182071363870328,-1.4266932513746335,0.8549674119424114,0.9661821132912272,-0.6127182366711007,0.06976934884272103,0.0,1.0
-0.9509611922192442,0.8618242445469312,1.0351036194312522,0.33166449843415496,0.7113575087935875,-0.6779570388664815,0.0,1.0
1.105574410109017,1.8985218597596074,-1.5092416786310097,-1.5410360868304214,1.8260724700681437,0.8634583098040034,0.0,0.0
0.02382740773520365,-0.5423406102638981,0.46301862604987787,1.1701266188382193,-1.7495899228624958,-0.49250242883279993,0.0,1.0
-1.1818680197569182,-0.5929311975214507,-0.605998117272247,-0.2626622127893444,0.010353740797646206,-0.6900767274861062,1.0,0.0
1.2271156057464294,0.07240612195868726,-1.4600909634357169,-2.4891205186809215,0.689253496515388,1.257995780646211,0.0,0.0
0.008694192328855039,0.14691904030084862,0.9869070080023518,0.9481189578763825,1.2010501971433956,-0.4998824912341775,0.0,1.0
-1.6526944014088583,-0.6785556123676306,-0.3407564363212527,0.3866376381090088,-0.07238280418371115,-0.7018763277942429,0.0,0.0
-0.09227071817214694,-0.44129622197743235,-0.15174873698036745,-0.37140327276035523,-1.9593023300009702,-0.5346389771074614,0.0,0.0
0.19206875204583207,-0.36565230837644425,0.466581628708683,0.7186996770058265,-0.21502344643819454,-0.41250689138953534,0.0,0.0
-0.7069787643481125,0.5084399471838711,-1.2599264402891095,-1.1264022428135743,1.117974292996283,-0.6555939823905587,0.0,0.0
0.1553458999759332,0.03568007818748862,-0.27314867246589025,0.17396516912059667,0.022801350973836343,-0.43141699741428735,0.0,0.0
-0.9260409846919733,-1.0939014303989276,0.42978250849052974,0.631356407311945,0.4096505031124886,-0.6750332699267916,0.0,1.0
-1.2324927872231501,0.827950496874872,0.502921695343654,-0.29181841679338805,-0.8127000536525136,-0.6920499587724985,0.0,0.0
1.1475485091372037,2.0039518143979773,0.6824468371844709,1.8151806553515513,0.04681514881462399,0.9991583859176449,0.0,1.0
0.8752403875766271,0.8603994355482613,1.4070643220983055,1.0344472787844636,-0.6774354806576737,0.32591557610746663,0.0,1.0
-0.8548242549686325,-1.1080056419795534,0.035875751417446526,0.7655465242945547,-0.3603299207529195,-0.6685475128405793,0.0,1.0
0.2373724717164551,-0.20145977511569116,-0.9525041235599188,-1.59300495443664,-0.03472151687493387,-0.39141349845408696,0.0,0.0
-0.26223356746952187,-0.4755762695989921,-0.09936029156794457,-0.9654162484798438,-1.6427943099504636,-0.5837177495686128,0.0,0.0
-2.016914462376476,-1.2880122407701362,0.5918699180293633,0.20831877297575582,-1.6365688273461774,-0.7081289273935168,0.0,1.0
1.5111643189115846,0.7929248938030953,0.8419402102004643,1.167997632782418,1.500077323088219,2.5911260766427975,0.0,1.0
-0.5451262255588363,1.3903310729649734,1.263282414573944,1.2026181630094757,-0.9914754672371491,-0.6365803856365359,0.0,1.0
0.5550896590100776,-0.21327282344078838,-1.1396839292307326,-0.5686162404338021,-1.288277655099998,-0.12964802412057663,0.0,1.0
-1.9769985706228688,-0.9771793593056058,-0.11438856495622367,0.14530544429024775,-2.026648920429455,-0.7110812676254983,0.0,1.0
0.805684301393767,-0.549562017776924,-0.4373354154251757,0.14569617252168815,0.4943416480369178,0.20033069482825858,0.0,1.0
0.02620487384198878,1.0356849513181687,-1.6632337530713248,-0.6706124141538543,-0.4272135309710626,-0.49152726961233595,0.0,0.0
-0.09104141376895365,-0.6212653979125117,-0.39056778691138383,0.14729671464455305,0.2831140899475188,-0.5358951160762373,0.0,1.0
0.17240872319420752,0.29960611338156734,-1.044532512259846,0.5222887457993397,-1.0236962800192937,-0.41922963610364655,0.0,1.0
0.7819893982112375,-1.789868677828353,0.731643337300879,0.25854938523822896,-0.4957353468320698,0.16357757694017305,0.0,1.0
-0.5949097552977185,0.5615643757087081,-0.13332635996070746,-0.7794701317217344,-0.13497327545360122,-0.6416458336646557,0.0,0.0
-3.0365467114808116,-1.6734235463446392,-1.1000088315487053,0.5608450629384002,1.0328563921071348,-0.7127073969686345,0.0,0.0
-1.421796509491324,0.36304750492668786,0.31202951281174995,0.1404523733410598,-0.6187284102409518,-0.6994029139693322,0.0,0.0
-1.013266489604296,-0.3827025551110704,-0.6759577016460067,0.09863905757327483,-0.39490660409328665,-0.6812170603247834,0.0,0.0
-1.5733393467117593,-1.0057009290176189,0.1937483727283725,0.1671808862821644,-1.868220735459938,-0.7028125833570547,0.0,1.0
-1.5426242486560064,-0.7697324943542261,-0.376312359539989,-0.6125739270580701,-1.1574301842582795,-0.7016358636587608,0.0,0.0
-1.286214321647931,0.13450570584524527,1.2606770672850036,1.1443097974315282,-1.222909697433522,-0.6931777300936979,0.0,0.0
-1.6759425567530246,-0.5488191796769994,-0.9403065782238561,-0.7405373749717838,-1.5281093624401374,-0.7029901244914301,0.0,0.0
-0.7306668544317818,-0.6936184885479137,-0.8497027537230015,-0.8103083527937425,-0.14676339429751817,-0.6568425778936514,0.0,0.0
0.7533926589991778,-1.3600019564478674,0.9587607656560526,1.6307788057678012,-1.4619672587241284,0.11828110278432863,0.0,1.0
0.33110696994220484,-1.143314886553336,-0.05610033645687387,1.3768871628125066,1.5106211226542,-0.32911202317295674,0.0,0.0
-0.2311184473722336,-0.2810097746521823,-0.5326825843630492,0.12487330623459846,-0.8681521893570259,-0.5749707221642256,0.0,1.0
1.383281090909208,1.7378707895711358,0.6552667841928075,-1.6209539552461352,-0.4962678866136946,1.9055046508264555,0.0,1.0
0.15125312130118573,-0.8086237593546816,-0.16640116155266407,0.5423765681805439,1.7143934658637698,-0.4351452475568538,0.0,0.0
0.742863024862441,1.059720727825313,0.8119679027089418,1.587652621714392,-0.2078788037898578,0.10290826909823869,0.0,1.0
0.4540390519215946,-1.0757254920980992,0.34599194907086905,1.0625765235583307,-0.48134056334744263,-0.23185018684574707,0.0,1.0
-0.4853435915523379,-0.38494669860771263,-0.6478192508531753,-0.11191250903690732,0.17085690497804984,-0.6274446413092589,0.0,0.0
0.5547801880983633,-1.2070638854084317,0.7924425608237337,-0.11249226181670251,1.2449824009952848,-0.1327952574772523,0.0,1.0
1.1850231347219018,1.0549582988249069,-1.606585585770607,-1.5562100514031394,-0.2187369405615264,1.114717954864039,0.0,0.0
1.1822696683086862,-1.1997113857839172,0.535346164076069,0.9553709163280865,-0.06276636473501529,1.103442860128154,0.0,1.0
-0.6215676289387607,0.3440988649436628,-1.7398803802460707,-1.3101916371945819,0.7575628320434725,-0.6462135651900743,0.0,0.0
-0.3426537866961627,-0.4550613559643674,-0.6235567195914834,-0.07237216383875145,-0.6505450619644021,-0.603327192039719,0.0,1.0
0.47266916633571865,-0.037973282007813344,-0.8465584912297276,0.35601221191896865,-0.004075981646016009,-0.2151345555628098,0.0,1.0
-1.172526195347614,-1.1042179975978133,0.3772237947536263,0.34353777694684967,0.7185009628358946,-0.6884069209219122,0.0,1.0
0.7396089770600627,2.0713148648868356,1.3820199080928008,-2.1045479515414716,0.6258606785642759,0.09955480641641928,0.0,1.0
1.3405194417667106,-0.007964922586590721,1.0687006575005555,2.1500460635436545,-1.4493008007769124,1.709109161078315,0.0,1.0
0.7545235575319859,-0.7725466993563457,0.7332868512979616,0.9468359060180176,-0.5156182052634781,0.11978050193023088,0.0,1.0
1.2232230812769453,1.6347793280844292,1.051345633442985,-1.4545082552777557,-0.8308357990861481,1.2462248725811673,0.0,1.0
0.155933856679339,1.3154365972816329,1.9546225190950135,-1.6163395610475912,-0.9166709179859067,-0.4329585917815246,0.0,1.0
-0.6870305671180483,-0.5205450428818752,-0.9935583709654213,-0.34886979189374145,1.626850801300347,-0.6514204673471606,0.0,0.0
0.4763366216661747,-1.4426951924894902,1.0297454467196228,0.024042611113148163,1.8523000118783906,-0.20943444617778137,0.0,1.0
-0.3564369578786089,-0.17780669340098523,0.15451199858135714,1.051508601332185,1.576252167366962,-0.6044575512889676,0.0,0.0
-1.4169358967076018,-0.7996134475938347,0.22481513971845568,0.49269627834713775,-0.33034765602995014,-0.6960956220345293,0.0,1.0
0.06756018961206782,0.23682778767773763,1.0070675623112408,0.7161586793061266,-2.7488001435196376,-0.47331562000212574,0.0,0.0
-1.9165280885593545,1.268017649542206,-1.0926083627905272,-1.4618654617902254,0.1271778567104409,-0.7063343923153348,0.0,0.0
-0.13301370407000515,-0.6711240417201892,-0.7623678914713752,-0.3805648534256235,-0.17395988860291162,-0.5500220656458977,0.0,0.0
0.27198642550567165,-0.9224641789146281,0.586077434818153,0.5842984910918225,0.4054242130649733,-0.36639330238891477,0.0,1.0
-0.5607049905499064,0.36910783296932254,0.15426656820015303,-0.16347896609702026,-0.6041001444542416,-0.63475949060911,0.0,0.0
-0.6547500330951547,-0.9061688900022318,0.48610307878111814,0.8818299805679144,1.8748667084453365,-0.6508159508268003,0.0,1.0
-1.0382139143801479,-0.10723489847813014,-0.2023394697194728,-0.5304809589628131,-0.8623154879757066,-0.6831063403667241,0.0,0.0
-1.2616453777101018,1.6647775252502772,-1.2960494684459847,-1.2880730925395636,0.5847999636074895,-0.6935565827705982,0.0,0.0
1.316226690214799,1.8130196169184407,1.2191926023981656,-0.9409696044006846,-1.6948321543510214,1.6059825792289057,0.0,1.0
-0.8979755504948284,-0.22282401568103694,0.8434768277952296,1.178681044910832,0.1611672430698188,-0.6693081626144418,0.0,1.0
-0.5881900177403472,-2.1352271484060616,0.511118089608965,0.2601214774022348,-0.8184527856482285,-0.6425648616798522,0.0,1.0
-0.8512245538055365,-1.0727368510726687,-0.6566163435452412,0.654323572090388,1.1434318645021568,-0.6715769205890094,0.0,0.0
0.09858871350104613,-0.17547207587824748,-1.0301351259884373,-0.004394645637792537,-0.11780354048619589,-0.45991544990656313,0.0,0.0
1.1429284724335012,1.8004698928935545,-1.933307507165885,-1.4747087204316984,1.695453222014072,0.9784824477568166,0.0,0.0
1.6229797027270794,-1.0683914400501897,0.7737347559455461,0.5176647660900916,-0.30673946952646425,3.339530316642048,0.0,1.0
0.36801718266958294,1.220439055376299,1.1508607021792696,0.6701134944941703,1.1158451758418702,-0.3027847991941896,0.0,1.0
0.6998266593915956,0.5374820364399168,-1.4013109139816309,-0.5066551404649192,-1.49496995309865,0.0397528402662784,0.0,1.0
1.0667358072424857,1.986167180881844,0.5947001659737429,1.5569511237872584,0.8545975173676177,0.7617418003827888,0.0,1.0
-0.8781198382797535,-0.688069422535511,0.8886992670752121,0.6988486104376456,-1.0079463533119768,-0.6717705998556701,0.0,1.0
0.49107474192715833,-1.5053938194566263,0.6527550131012537,0.9922463663763159,0.8534870418091491,-0.20025709607850223,0.0,1.0
0.9340226223229778,1.3213291414953008,0.4429379043876294,-1.605863141423036,-1.1584171938570815,0.4482729795760056,0.0,1.0
0.7081293440774693,2.009703930922637,1.5380394917186873,0.5784052600200634,0.9897243387531607,0.05304657120700087,0.0,1.0
0.5897628719120576,0.494929938129277,1.280560677161669,0.8261594041750774,-0.15912884791712978,-0.0929195577823647,0.0,1.0
0.5319270598906722,-0.5772599909321336,0.5100920398013117,-0.06958792635841055,0.8499041160239198,-0.15439502391108215,0.0,1.0
-1.814666216608923,1.335787907670554,-0.7160444117462141,-1.3316096735742342,0.35240742936720343,-0.7067905167244205,0.0,0.0
0.2908802760655225,-0.0114674348704423,-0.26132727865969974,0.41034155881496504,0.6803981305561851,-0.356777144232802,0.0,1.0
1.3746776103538592,-1.2674849971934021,1.2706455723367316,0.9241581279742483,-0.21727611928800047,1.8680108448559019,0.0,1.0
-0.8945347864996964,-0.5645102469492992,-0.8305762201173852,-1.1188916161074216,0.19053301310843718,-0.6750138420790336,0.0,0.0
-0.21029661544742806,-0.35247857653025405,-0.09171781074403292,1.7892244054424806,2.410758883381359,-0.5676787130062364,0.0,0.0
1.014215601217589,-1.1716084859306055,0.32767194491587903,0.29396483923445055,-1.3035314840988035,0.6259623511632589,0.0,1.0
0.5004902891773635,-0.2620280414318945,-0.2632176935957721,0.5451231037629048,0.40798862048739215,-0.19111712982284593,0.0,1.0
-1.1555606385973571,-0.6176316755876715,0.14482131461180575,0.8925717703127647,-0.5490992257378754,-0.6902650299076373,0.0,1.0
-0.7358305812055939,1.160726696871293,-1.017487403906706,-1.013717529978657,1.0678004329975423,-0.659500090882624,0.0,0.0
0.8094578863496221,1.6515069731259395,2.0537655781320625,-1.3646186422991342,-0.8768706616602439,0.2053638025734526,0.0,1.0
0.9483853322434561,2.118961101015688,0.8081382572239794,-1.8207175892666585,-0.09962114756159325,0.4731878747638073,0.0,1.0
0.5256109270024378,0.6798047401852212,1.5654386689076145,0.7969746171591986,-0.20842115336111533,-0.16337545843427545,0.0,0.0
-0.2984455253079836,-0.7909217525977082,-1.1686258536143956,-0.9141212237860655,0.8566221934902467,-0.5900376822752171,0.0,0.0
-0.992430731930159,-0.800631972227545,-0.29548589171762724,0.5456355035366124,0.28009503776624617,-0.6818952012731767,0.0,1.0
0.07160690184973588,-0.49042523524962817,0.35862494867636685,1.0316416771046495,-0.07610384323040478,-0.4753644514005746,0.0,0.0
0.13621947504460521,-0.8981219629033735,0.020862908095042085,1.0245560035332832,0.41329359565797863,-0.4419990390982082,0.0,1.0
1.3836608467130735,0.8330028360992193,1.906030410605622,-1.6641468455988957,-0.22137201190493014,1.9081084417939216,0.0,1.0
-1.601197034161399,0.36130183009846517,0.016253342584361088,-0.17879299730488468,0.5997397024050745,-0.7036978694835824,0.0,0.0
0.14497165616243513,-0.09124066829978,0.4295607386617312,1.400617127494386,-0.29047103700422355,-0.4375343294651812,0.0,1.0
0.6545339322886295,2.5821573992866584,0.43680199172603557,1.3632438580836015,1.990092877787655,-0.01698990710369857,0.0,1.0
0.2169122213941338,-0.6242184054261838,-0.32325549796461184,0.680889954386869,1.3070675723444174,-0.39722097898925374,0.0,1.0
0.2676837335184178,1.3251517624967366,0.6957017789662717,0.8906237715942563,1.253184530673793,-0.37097969130798975,0.0,1.0
-0.7925214383554119,-1.4780714124618135,-0.9922781101822357,0.5727805918150676,1.041817906672777,-0.6603114601712196,0.0,0.0
0.3851965386168233,-0.16043838416646602,-1.4829595486711777,-0.3973401916092074,-1.4380423532050364,-0.28417463684230126,0.0,0.0
1.2233926985963182,-0.9461480984702315,0.47263388750140634,-0.10832437874594647,-0.10102644468613156,1.2442716521135053,0.0,1.0
0.3780806137489387,-0.5661552010583971,0.5478551527264891,0.5249378111510481,1.4882978283118637,-0.2935623845138498,0.0,1.0
0.09668833160140931,-1.699841190544098,0.9388620876389108,0.43444005384617734,2.1848539194349805,-0.46659068963849,0.0,1.0
-0.5175856100654342,-0.5978523274053581,1.1002209796817233,0.8170424855533883,-0.697236990807234,-0.6317956010882712,0.0,1.0
-1.972085169495132,-1.3972418382694853,-1.325073492344975,0.36052950774945886,1.7064293251371003,-0.7077713741959126,0.0,0.0
0.9115742454233705,-1.401246888793018,1.4941797642423176,0.8212391648117786,-0.9270122099107421,0.3981522199658071,0.0,0.0
-0.1807058277571732,-0.4172280239650518,1.079488743661471,1.3365320378887546,-0.28978015222934506,-0.5618548142942281,0.0,1.0
-0.32987300059197394,-0.4720097684569531,-0.8512207223558098,-0.4683572986476281,0.7130461407839971,-0.5998341706689773,0.0,0.0
1.5766615337067467,0.12174058753612133,-1.3950934715310552,0.10839939050632769,-0.46253996338906833,3.0154879441209514,0.0,1.0
-1.5409333918193544,-0.2604811310658672,-0.07167723227089745,0.03487075812067022,-0.45108983374120953,-0.7033479783813046,0.0,0.0
-0.5489661846659155,-0.26905638981726476,-0.977180040902556,-1.0093662459209576,1.1254659162125817,-0.6365864728959684,0.0,0.0
-1.0893461855368387,-1.0907987088566664,0.1556915410627819,0.7688970296033202,0.020664408762140908,-0.6866529555868915,0.0,1.0
1.5420260431126733,-0.6712138462406338,1.0761656307828986,0.8862372989462023,-0.9488303443137687,2.782115115391358,0.0,1.0
0.9208468729646618,-0.2888700049306801,-0.7482404249121751,0.1473718832822324,-1.0083871173168464,0.41693907230645233,0.0,1.0
-0.5776000222554091,-0.6872358491613308,-1.0370698686198032,-0.27914496176336207,1.4869529970313358,-0.6389097394311617,0.0,0.0
0.6263298189295147,-0.1600741878869671,-0.8719065717324392,-1.7233657094497803,-0.27222810253419266,-0.05062351089440652,0.0,0.0
-0.9131678556392087,-1.4881661813053542,-1.06035490023486,0.8020077606353451,1.2700199884396097,-0.6743386509143767,0.0,0.0
-0.7826974119665349,0.2473019247374621,-0.7723210994928805,-0.7649832981002874,1.6057466564697687,-0.6613475567788536,0.0,0.0
-1.375295016771445,-1.541514150914325,-1.1358106199666422,0.1179656289094626,0.3664540190917361,-0.6959953051483874,0.0,0.0
-1.101456287179714,0.15052791916042219,0.05564278749150296,0.5527005080501676,-0.006937986155002407,-0.6843758583185757,0.0,1.0
0.47380704503506016,1.1832362375857461,1.3322236600727682,-1.931155511412825,-0.3591956444827679,-0.21407957619077717,0.0,1.0
-1.1973874076667528,-0.7043319742474267,-0.647656517722558,-0.8920836871528554,-0.4972021111979163,-0.6892070762752899,0.0,0.0
0.18068119780633318,-1.9901635979685899,0.8872637009285522,1.4154962687709618,0.5571426832283306,-0.4187108306466493,0.0,1.0
-0.8738175236268714,0.5292170183362667,-0.5753455851531462,-0.6274098845677996,0.5721160376815047,-0.6716847637902584,0.0,0.0
-2.0282736823723195,-0.79459327118988,0.8199094965291883,0.64070049147523,-1.0836400004402507,-0.7059399179301634,0.0,1.0
-0.38034086371629805,0.001442374844296629,-0.295715942076861,0.062388996149933325,-0.02240552236497461,-0.6098043064536093,0.0,1.0
-0.8802407438040619,0.685134831727627,-0.3909814245097373,-0.74809047237595,0.43545205456904984,-0.6688042775159736,0.0,0.0
1.3600904145645334,1.548378869967771,-1.8633242760826827,-1.5050761928667784,0.7849085258362977,1.7988471191019113,0.0,0.0
1.2530837176334964,-1.095678847597784,0.7772277949510555,0.9481417097988276,-0.8212952896649468,1.355774830057858,0.0,1.0
-2.1595917737890673,-1.080789687856531,-0.2421286183398015,1.0074314898438743,-0.895324000900449,-0.7113975812649654,0.0,0.0
0.7416574186607062,-0.14960843589640807,-0.3175809341184467,0.8265233669983875,0.826712890065401,0.10558615010729926,0.0,1.0
-1.5436154042860497,-0.3753808780299116,0.1662950446231474,0.18996268881078635,0.141624483620994,-0.7017483675156615,0.0,1.0
0.17270831938129308,-0.6402235029595311,-1.0560399089009305,0.539878447201238,0.5836218652686987,-0.4210224476553497,0.0,0.0
-0.38200887529405536,-0.5577908649389015,0.4161121101681461,0.17063759322013095,1.0330902166351745,-0.6095886433324592,0.0,1.0
-1.760319499308437,-1.691594452071458,0.8329550092997101,0.5983037800827484,0.4391498190295128,-0.7044501139987224,0.0,1.0
0.12324005947558758,-1.563950668467789,0.639546731760594,1.6997020649948897,0.2451728269537095,-0.44756051858123325,0.0,1.0
-1.214076653194959,-0.5447895808235972,-0.4789482939577279,-0.23190712829002477,0.24555483589182828,-0.6920722378964458,0.0,0.0
-0.4300152204967033,-1.6531105103782093,-1.8550739080637861,0.18817640559801627,0.4331377511475822,-0.6168480270563256,0.0,0.0
0.48412679747297155,-1.1112341238642731,0.7263744642964809,1.7696220628445607,-0.42316656822044374,-0.2037009474823759,0.0,1.0
0.8956321051340564,-0.25804575583601413,-1.081713689076229,-2.194689870160361,-0.13667743442863411,0.3664364131056416,0.0,0.0
0.32656905710533285,-0.5277080607235697,-0.2153638007802528,-0.17104693421512265,-1.4260251062049694,-0.32949760975842085,0.0,1.0
1.2325935744222618,-0.40658865496361113,1.0782432565360547,0.963103360800564,-0.6902597689745197,1.2784661319946153,0.0,1.0
1.4463319386361702,1.4516003266439694,1.3899414481626606,-1.165195289159351,-1.2556986682571285,2.2281606736117783,0.0,1.0
-0.21129480723246402,-0.609317401089359,-0.20778867998045586,0.43883815233805895,0.6814560489324238,-0.5693333084957456,0.0,1.0
1.5749808291423715,1.8536849190439164,0.5533815359750162,-1.2992095394944034,-1.0403319902479236,2.999444512557745,0.0,1.0
1.4086875979145967,1.1040664900173693,1.21927273219039,0.8139286358115339,1.755302466404674,2.0319007404744713,0.0,1.0
0.5228784010220561,1.7119201185553194,0.5720208310905232,1.1143957494066021,1.5513547096934575,-0.16552258062957634,0.0,1.0
0.2640463464639356,0.2896665893698659,-0.10642519913960614,-0.7474964054695881,-1.2564146059744212,-0.37385849379962693,0.0,0.0
0.657525659125854,0.10914048293638783,-0.6457586374788901,-1.6788433462130896,-0.4667345111771427,-0.013364915120250417,0.0,0.0
-0.8785524602785956,0.2993415703147332,-0.40338935247221325,-0.5315490900293969,0.7176803186372027,-0.6753710820844245,0.0,0.0
-1.3733165689397198,0.176454252349183,-0.7575271967738606,-1.3187242551356522,0.5621962385322777,-0.6953438266476749,0.0,0.0
-0.39804802385059296,1.6804744325391574,-2.271569740421852,-0.6899266752333975,2.3202186107181917,-0.6099295306003651,0.0,0.0
1.2265052484673358,-0.04748554117614275,-1.359632856818637,0.09752395845595362,-0.08643547313994572,1.2602643167063632,0.0,0.0
-1.8682649771643258,-0.846996037002451,0.5398154767165614,0.20282763632045042,0.13177937818593846,-0.705665152169417,0.0,1.0
0.3227923919047802,0.9253803358851832,1.394938132395233,0.23136174698411133,1.8006453613592992,-0.3364445849863652,0.0,1.0
-0.6266644277337049,0.5535779088276247,-1.1395055014462856,-0.7294408603034948,-0.8366460280764159,-0.6504295667714274,0.0,0.0
-0.8371512169565088,-0.47748434597139494,0.41863150405939964,0.06902010943230426,0.206039066717251,-0.6664391640576391,0.0,1.0
-1.0315155789529573,-0.6542537347498208,-1.0582490350866371,0.10059104841682782,-0.016433580292833202,-0.6817739286082772,0.0,0.0
1.1206340956080694,1.4307295628377126,-1.6701418779256412,-1.551566900651474,0.9424479543810577,0.9115202904412247,0.0,0.0
0.4781790431934605,-0.7898899377922914,-0.4109994998791911,0.2832150680132318,1.488229384985107,-0.2090719915163551,0.0,0.0
1.3330109969794455,1.3619447539138165,2.040383696243226,-1.861417955371467,0.47219377896756665,1.6813378305357223,0.0,1.0
0.6193123157607823,-0.6098057958150215,-1.0735176910104673,0.07247693138561927,-0.6633762413557803,-0.06301511621486953,0.0,1.0
-1.6820870645134585,0.6848983658100344,-1.4216499348839913,-1.9550921104210666,1.4011640596086983,-0.7058715749242724,0.0,0.0
0.0805180793215982,0.05308989469131585,-0.26720595901283295,0.45449363716353863,-0.5400235230528956,-0.4676925517023404,0.0,1.0
0.4127553639993608,0.11311563246147513,-1.4371051874832101,-0.2826132027616066,0.07809721323585594,-0.2678270545480809,0.0,0.0
1.0522259536777743,1.6017543543538388,1.0517672812533645,-1.6155149968229783,-0.6371750885058148,0.7224693887134702,0.0,1.0
1.3109174338609113,-0.9510656624029472,0.6609395636112192,1.1031167516781786,-0.02838425932529512,1.5815920354552973,0.0,1.0
-0.4223315780496025,-0.47943842218642935,-0.23048246501011904,-0.41548428184866315,-0.8677245083473111,-0.6192549183234313,0.0,0.0
1.5099641755076252,-1.4852989326826187,0.6253485736128523,-0.07332947955626676,-0.1981571322784788,2.5848400075321347,0.0,1.0
-0.09837312810410312,-0.22254650515539579,-0.45731713762671544,0.5571096640262295,-0.34392058180141827,-0.5346662505626647,0.0,1.0
-0.13238494272109091,-0.19618372215041888,-0.9018650284214332,0.3345970789840519,-0.16799078559524122,-0.543365480467473,0.0,1.0
0.25793957035295256,-0.026730786141324653,-0.7198324949081342,0.4879134541468913,0.02731515538673177,-0.37629764480506195,0.0,1.0
1.6186344912900026,1.187046273902097,1.113283428749122,1.2169812514499732,0.623508441804747,3.3087755883285626,0.0,1.0
1.0429155880658243,-0.7830342316976765,0.8624582531155097,0.6701803478302302,0.3729037832688948,0.6981534120757577,0.0,1.0
-1.3755687611750245,-1.1370746403713554,1.1472047905513718,0.6381911256151975,0.3791838094545257,-0.694797103789433,0.0,1.0
0.3605738960197004,-0.23191105539366752,-0.4438171652992099,0.1645412614311404,-0.7999397677367467,-0.3054052154801686,0.0,1.0
0.10675975987341246,1.5723819106454728,1.3486876567259287,0.7219727574397173,0.7374398103047715,-0.457558676176116,0.0,1.0
0.5791165613444645,0.06840402164105566,-0.8077276254177165,-1.1759731420731614,0.020138264426760033,-0.10836290184551794,0.0,0.0
0.6457199448480689,-0.3407489030022861,-0.682660464099232,0.5058553492567025,-0.25673863965909083,-0.029144298796411266,0.0,1.0
0.43259089479478197,0.532120988533854,1.072182347912315,1.1706249067317227,-0.8030251672844184,-0.24932145965388863,0.0,1.0
-2.119318906571092,-0.9153771916012475,-0.08106093643983082,0.7217015665386249,-0.645021758807014,-0.7066482301898939,0.0,1.0
0.7358594431081052,-0.7687480776061673,0.624159947591632,0.524044362322194,-0.11984348357362276,0.0951883221465861,0.0,1.0
-0.7624618088346375,-0.8994379635344197,0.5182019816569148,0.8085267067988522,1.3977012317347568,-0.6600691130623715,0.0,1.0
-0.7277726491314437,-0.5393233761135449,0.9802900690789605,0.8683915097718965,1.8220814392072349,-0.6582426343116465,0.0,1.0
0.40016200628365667,-1.5371609338060204,0.4822832211514132,0.3505629201638378,0.9870125660001151,-0.27765020143653,0.0,1.0
-1.2227997852097274,-0.66081466363215,-0.5102238407293911,0.4368286319870224,-0.6541870622894936,-0.6916057268259587,0.0,0.0
0.33526784561334994,-0.6741893987759874,-1.0970738581702197,0.7889926639460719,0.5455782094371929,-0.3266874739184171,0.0,1.0
0.2951623409377734,-0.21910987065563062,-0.19563098637946666,0.14343763376259572,-0.36290077041203034,-0.3540147680629779,0.0,0.0
0.9046847231833548,-0.7762157281338614,0.8656980111448236,0.775032594655185,1.210083731269234,0.3835515781544229,0.0,1.0
1.0133313490387579,-0.2825922264587208,-1.1333398081505133,0.6474473809479124,0.7970490821965275,0.6229044359871961,0.0,0.0
0.6452069968069677,-0.01780112585758159,-0.21505672765501757,-0.3875068274760406,-0.6805248968849047,-0.027177545331916977,0.0,0.0
-0.7346613132512843,-0.7607247397045955,-1.2890263175571472,-0.2566614991104582,-0.4394463872725917,-0.6582454348175781,0.0,0.0
1.3438941276025596,0.5682182359931317,1.2130724719293284,1.0826102673955744,-0.04567232621878529,1.7279593090017171,0.0,1.0
-0.9444270988226174,-0.8348846551157634,-1.2300443539291182,-0.16915702094925286,-0.3686825115275925,-0.6732096891931353,0.0,0.0
0.2724814159587778,-1.1751324539807626,0.9173011626513797,1.0233582642476364,0.18775135796096545,-0.3667660819506335,0.0,1.0
-0.5226252669601542,0.7165437627164224,-0.5149530848793052,-0.5550477030745625,-0.8802623044764367,-0.6326445733500387,0.0,0.0
0.08073553215705351,-0.608848503598181,-0.8072674610063424,-0.5881662166053635,-0.06996476885212873,-0.4674683254536667,0.0,0.0
0.8042530410622781,-1.3719551530892797,1.0521437258619033,0.822446801761456,0.18825267760660258,0.2021165840044868,0.0,1.0
0.9709661679321867,1.455811398492103,1.2437216089653849,-1.115914442598096,-1.7241140929621661,0.5264597661217378,0.0,1.0
1.2777595555446677,-1.0236904812675351,0.8652956901029583,1.3575324217747136,-0.4946916675254921,1.4525982818671037,0.0,1.0
-0.1297707494297417,0.8082764584629193,-0.7903139232854376,-0.5557036577393003,1.1551430566208674,-0.54537479762426,0.0,0.0
0.7278637446668598,-0.16389222613121443,-0.9252963314766846,-0.6312547432024282,-0.010582473213146735,0.08266697505632299,0.0,0.0
-0.21266091168016418,0.2726495726402493,1.0361881904705437,0.8696070013596062,1.226489695409592,-0.5691907518257853,0.0,1.0
1.4152360609635657,1.2017332709974606,1.3521487434600252,-1.180176208569725,-1.4190849827301795,2.064740512909523,0.0,1.0
1.3362873451130892,0.7810219798482406,1.4201804443244894,-1.9638302551127267,0.09867254725480952,1.6900539780520532,0.0,1.0
-1.5897368515856631,-0.4105594008654212,-0.46979983756089655,-0.24285244041978615,-0.8861408402823607,-0.7029931878052532,0.0,0.0
-0.4073301889953817,-0.49051611897160197,-0.1387056894040979,-0.088614829612067,-0.23665308678291738,-0.6122320822773947,0.0,1.0
0.055047389808018536,-0.44218301265660265,-0.6877332787280303,-0.4520528013502995,0.35585735325553197,-0.478593363016899,0.0,0.0
-0.7518658862363776,-0.10066179874443527,0.7978241639125317,0.9076753357327791,-1.125281977955125,-0.6596663129873005,0.0,0.0
0.41123097975495526,0.09982609239060336,1.6028710910422912,0.5718525564026214,0.13690851296895168,-0.2670394240343056,0.0,1.0
0.07567082363421639,0.1062523508786541,-1.0080979112947233,-0.4748358326903004,-1.137296191013301,-0.4725395097279228,0.0,0.0
-0.05809080101521959,0.5335674894204343,-1.8904249395014694,-0.8192760389634696,-0.20487103095666584,-0.527168734675142,0.0,0.0
-1.2153698591999191,-1.1655865649527082,1.1906985134596546,0.7536093843699712,-1.168274842123349,-0.693221724332907,0.0,1.0
0.8283355708970013,1.6232481126884495,-1.9388504967696243,-1.4348428786905163,1.5579519169255407,0.24461257237554365,0.0,0.0
-1.0343005228680022,-0.4999373106060724,1.0446144580661272,0.6171026432310597,1.223679206223809,-0.6828868834495615,0.0,1.0
-0.5414968032204328,-0.5735258959037879,-0.5081414899500142,-0.4883560610933761,0.005306827557079179,-0.6370626026352117,0.0,0.0
0.3840309848381431,-0.9091351322763739,-0.35479534325668044,0.9902946500327947,1.1134776306004264,-0.2861436810600413,0.0,0.0
1.4141975413004775,-0.07144559480170692,-0.8453293795240671,0.25284445872166184,-0.04178413245999249,2.060785313469,0.0,1.0
-0.8249053201987954,0.25230396985777703,-1.0474886247325563,-0.8382884169665974,0.38921438987743556,-0.6679565755107519,0.0,0.0
-0.7011908338816722,0.48501935071838315,-0.4131079124379338,-0.6497604024394936,0.5450570905140969,-0.6538155746295299,0.0,0.0
-1.617612899987199,0.6617804290838674,1.4192350570079293,0.07170610728338109,0.5124291136271535,-0.7021913259513829,0.0,1.0
-0.11928833303717658,-0.15433840964640363,-0.41126825051506616,-1.1758218811277465,-0.8393293965117233,-0.542048639759617,0.0,0.0
-0.9013605066135283,-0.4200882345644681,-0.14933948999053162,0.1988186849567346,0.4815041553009813,-0.6727272991683644,0.0,1.0
1.3150774654113087,1.211038385064349,1.1295838804242577,1.5058085563400816,-0.5289721325890276,1.601762067268734,0.0,1.0
0.10508265684483299,1.082685289157105,1.2109001581397576,0.8905459502322639,0.33715553074996873,-0.4572172276474303,0.0,1.0
-0.9996357623571478,-0.30910848759276705,0.30902364700462476,0.7352655736441741,0.5974238146014189,-0.6817426686641079,0.0,0.0
0.4558663440344077,-1.2857162708428445,0.7858276142392798,0.3970220832696668,-0.07092747098530656,-0.2259764154187664,0.0,1.0
0.6090106791733666,-1.328861953780171,1.071068660546552,1.3917998261338862,-0.18423765160858405,-0.07760415766405758,0.0,1.0
0.8212066267805885,0.7230541885137843,1.9977479741290198,0.23751872382668204,0.00424852668795955,0.22786654087997,0.0,1.0
0.01531074043920277,-0.9751330341012298,0.8420907685316394,0.8464550372307531,1.8887485967417208,-0.49788466733965686,0.0,1.0
1.5653567754720765,0.7630977184739347,2.188826829405521,0.503173602575891,-0.19221854539439792,2.936658985846075,0.0,1.0
0.9228650071251399,1.6506508126936101,0.5298958436432722,-1.6077440223044956,-0.9122868786957619,0.42059218519091407,0.0,1.0
-0.10542724656045344,-0.7673889163222088,-1.108712265598814,0.1547537021414307,0.18480909882247293,-0.5387056174236868,0.0,0.0
1.397166655309378,-0.24408428019046058,-0.8810347611293092,0.5706085721784969,-0.26108031623928807,1.973692387761311,0.0,1.0
1.3941785860037978,1.314060410142529,1.0019049138334764,-1.288187506902331,-1.2744759176267793,1.9610192214320938,0.0,1.0
-0.9332225228174306,1.1639761704280662,1.3424567621198344,0.07423974490637979,1.006138909592644,-0.6715697456723644,0.0,1.0
-1.3910552479113065,-0.9297435985669228,1.5334445967789152,0.40397809592096917,0.7174823676053548,-0.6994369794008682,0.0,1.0
-0.6997564760065106,-0.0015489535532952348,0.5702050334039817,0.6173370416906928,0.015473280883672374,-0.6538447364442587,0.0,0.0
-0.896429200936466,-0.7655432444214774,0.8521015063788075,0.8466745985103932,-0.7490771951449332,-0.673291555451521,0.0,1.0
1.164930632381812,-1.4392295516203615,1.267442415637706,1.373434872318005,-0.9728184334615271,1.046497742258904,0.0,1.0
1.105075969962115,-1.0542202993310756,1.2950480317280841,0.4522754369797818,-0.540268699193513,0.8602858327796825,0.0,1.0
0.5996707654441461,-0.5099839188423558,-0.9416196752048842,-0.2936503976122542,1.1240950176559954,-0.08509789481229628,0.0,0.0
0.5357135439591888,0.6005383841622094,-1.1579152912390434,-1.5860849241550652,-0.8554437780567905,-0.15218914355937507,0.0,0.0
1.5652347032879617,-0.06504895968091325,0.797538594538798,0.126879393937405,-1.3900323068439162,2.9361356972000916,0.0,1.0
0.6343025155468652,1.5211017709364691,1.7482608114393656,-2.07088806065007,0.38640537261682095,-0.03882149956169088,0.0,1.0
0.2440052603619611,-0.08661072433900509,-0.49153064615263903,-0.4104204662988185,0.2878091186304167,-0.3857887307326337,0.0,0.0
0.9442458935422089,1.4277518514059415,-1.4994612274297217,-1.554220960463767,1.1872439107316128,0.46908857358730266,0.0,0.0
-0.4252191847061111,-0.23427969986666355,1.0327908457728736,1.148624090112656,0.8372029122572058,-0.6193209733911279,0.0,1.0
-0.9408042331315001,0.43191794414335655,-0.18298988058956192,-0.2710257870139083,0.3999350004889676,-0.6759818247420868,0.0,0.0
-0.18562234625438775,-0.4295493964579458,0.0620835442087105,0.6749734996517093,-0.14312742064184558,-0.5624871332331743,0.0,1.0
1.620517162595759,-1.0234579347584285,0.8749284702106161,2.0031437985327742,-2.1055954308212077,3.3242684695793314,0.0,1.0
1.303654011774994,-1.1917098792884262,0.8501259763784809,1.4110698207125745,-0.3174921238895815,1.5537625147908196,0.0,1.0
-0.029761051025680402,1.565244900064278,-1.4812798724139584,-1.2802581831408488,2.2487989743031473,-0.5124548534566822,0.0,0.0
0.8578886072810992,2.2100024082295247,0.27273938277507376,-0.9457488483522261,-2.2612810474109386,0.29518255227537454,0.0,1.0
-0.39714338209876077,0.48860815416245096,0.050656296568905176,-0.3764607473875113,-0.4445813927483341,-0.6124963474186741,0.0,0.0
-0.028658713454590805,-0.5682515128184168,-0.23421383929977035,0.18401111360257222,0.658866888500127,-0.5133678008954788,0.0,1.0
-1.020204190488956,1.054133912424823,-0.6351070017128417,-0.8832788702465019,-0.670463380096331,-0.6836571899920117,0.0,0.0
1.4057128451052059,-0.8139552248524634,0.990646094691787,0.7705644986684583,-1.3580748909526266,2.017604044829082,0.0,1.0
-1.1695073005590666,-0.26260086968725777,-0.2990158751706273,-0.6401977521244167,1.179350712079276,-0.690314629452668,0.0,0.0
-0.5968437672931075,-0.07863468432788315,-1.4640146127686915,-0.8525531653124084,-1.867218118470195,-0.6454795884697324,0.0,0.0
0.10106529159897197,2.0595286210328902,0.1541262634322826,-1.9053068927001984,-0.8410758421218258,-0.4575378693617637,0.0,1.0
1.336916308231105,-0.47216260013764966,-1.3725258153168562,-0.5593117331861659,0.5789629140809047,1.6940563818564125,0.0,0.0
-0.7850686265987286,-0.534388820560626,0.45939005746320316,0.846989492725847,-0.5693950289618417,-0.6629092063278683,0.0,1.0
1.4202896724519916,1.8180280296544002,0.7849792219423553,1.1045604269531517,1.4901968703183999,2.0858938999684757,0.0,1.0
0.07131800935188246,-0.43159595853501825,-0.18209309661424944,0.32104920936923514,0.7957110805882674,-0.4700489238666883,0.0,1.0
-1.3781750323263497,-2.0192917485129462,0.5348465431595305,0.443227490732885,-0.824544199017245,-0.6973596197461169,0.0,1.0
-0.09293819183347475,-0.04504723567541693,-0.586866071001283,-0.45255554647343443,0.3608829735258205,-0.5353900842987287,0.0,0.0
-0.4239401312840547,-0.4544025566417616,-0.7916349704556794,-0.659286549867385,0.12073102730534238,-0.618365636718377,0.0,0.0
1.0889772212199085,1.8396036726368223,-1.9593521197325827,-1.4384553640246203,2.2070429259941236,0.8206820344493863,0.0,0.0
1.076012500763229,-0.4101398078594613,-1.0263283574696695,0.3443413306703897,-0.3583535083480891,0.7883974985533587,0.0,1.0
-1.1651999750591218,-0.248706087074013,-0.6528793410414708,-0.33832973461773813,-0.9672463365585405,-0.6913427265147165,0.0,1.0
-0.8551275764076164,-0.23864820081653976,-0.5090210863300266,0.5478961389481687,0.1432734259578563,-0.6700159557284335,0.0,0.0
-0.5952372403141742,-0.7720398320630715,0.5810714408293498,0.8219943854989674,-0.1350644611755411,-0.6444680658630743,0.0,1.0
1.313323459166326,0.4683576481824395,-1.5612987010252803,0.1291098528640668,-1.7885232031705054,1.5943248042314833,0.0,1.0
-0.772327299399538,-2.4016519652746764,-2.053711087886874,-0.41224617645963507,-0.045384158575593574,-0.6613772322867857,0.0,0.0
-1.6590941628826785,0.4307312416310146,0.8316645347954132,0.3511221358764558,-0.08279237591728028,-0.704467462091799,0.0,0.0
-0.6145825773431621,-0.5147980789284553,-0.3276609734457295,-0.2995041781663786,-0.6497644233407345,-0.6456745059136121,0.0,0.0
-0.9722213069025958,-1.0011036665793203,-1.2620719175701085,0.7934948896466102,0.7110314071399032,-0.6801547321709933,0.0,0.0
0.6330690972121059,-0.6049130777596038,-0.7623513330495655,0.09071387210186983,0.3178343781272423,-0.04452608231636761,0.0,1.0
-0.329278387827105,-0.09580209522733871,-0.306295292007599,-0.05832062774575042,-0.275422432592283,-0.5952473512794364,0.0,0.0
-0.48672193051799967,-0.8652556301542604,-0.8260220254445063,0.947162998628891,1.2755291792225376,-0.6261772496895691,0.0,0.0
-1.1600587214535845,0.32434442545895803,0.1794569313678522,-0.5047649761015528,0.018759931299315,-0.6862194321134538,0.0,0.0
0.669249117634712,-0.7917021750457192,0.8868690638610808,0.6080188227994431,0.13954384274395817,-0.003326820412908431,0.0,1.0
0.9151690736513023,-1.3297923734205943,1.0493888434509313,-0.1566410078121559,1.0675565165433958,0.40550195815523693,0.0,1.0
-1.2379082181399994,0.5467754754074718,-1.1675158953977605,-0.9748370806681783,-0.917236413685577,-0.6908325329503598,0.0,0.0
0.9791119415599969,0.07629959787029361,2.1845683704242944,1.360293430612914,-0.9936943443204084,0.5402767043759592,0.0,1.0
0.3409190466056288,1.5146353676018895,1.5688149762974384,-2.2389244147070313,0.5145681170300338,-0.31977528543229605,0.0,1.0
-0.23580291596894015,0.09716333894395185,-0.6755739937066587,-0.646979992262402,1.1351017907597916,-0.5757882011381058,0.0,0.0
1.671452401602337,1.2252312399683254,0.8614786305905578,1.5303544968222214,0.3263551359642992,3.7135860711485407,0.0,1.0
1.2592313978429792,0.8847536560833592,0.9850642298122188,1.3339804139337526,0.3118034936987605,1.3789069829993204,0.0,1.0
-1.0751986450752502,-0.7085977988952955,0.8868728634222948,0.5065293013889162,1.3968643037860837,-0.6849591638405592,0.0,1.0
-0.8566202110572734,-0.7110534349107722,-0.5305754371497691,-0.18544202297488582,0.003647602771176519,-0.6689501594701712,0.0,1.0
0.9917097813766308,-0.20820094364456934,1.141512560423825,1.1990122667317582,0.6162696599957244,0.5740627507282813,0.0,1.0
0.9416882969619482,-1.082110284975251,0.5484119381238256,1.0100774183708658,-0.848673157854911,0.4610307381107973,0.0,1.0
0.04687321180491524,-0.4844947693715829,-0.459857799059743,0.3031049979406913,0.046883991349165606,-0.48260393618563746,0.0,1.0
0.023036272721738523,0.03043823742798022,-0.11575342019067798,-0.14820748816778523,-1.1204939756222638,-0.4957564555450466,0.0,0.0
-1.4544213307079579,-1.8533355225561996,0.7559662991563653,-0.19890806573206984,2.0428125916390414,-0.7000473910010053,0.0,1.0
1.0471376611436551,1.972676069736323,0.767762785759459,1.3653161646925984,0.8078462093392764,0.7129109011295492,0.0,1.0
-0.8104862973596587,0.08017066663221922,0.013904702806650036,-0.01782767867108181,0.23045695278304665,-0.6664892635469525,0.0,0.0
0.1433297087476277,-0.00010370318265427955,0.1136733935373452,0.41439356152403495,-0.7374537914695618,-0.4428084247290346,0.0,0.0
-0.41541417217182225,-1.538836897218862,0.991886400567943,1.282783150638736,2.428190372430485,-0.6161962494440467,0.0,1.0
-0.13104976774903243,-0.10650604735493188,1.759779791055629,0.5946111685356595,-0.7470448673095365,-0.5475818491283516,0.0,1.0
-0.8166505911252064,0.9220890371195775,-1.1013623680653106,-0.9579241341584959,-0.559078241914422,-0.6638040864987298,0.0,0.0
0.6550095466455869,-0.7314421781628753,1.0371732283124704,0.22828166775387917,0.13417204477251232,-0.018080165855239447,0.0,1.0
0.37067106893968826,1.7597906703584958,0.42067302593873124,-1.4108113521146812,-1.7381086444567875,-0.299356127051948,0.0,1.0
0.509083063599893,-0.19353809731048396,-0.6199256258915314,0.41459299192168075,0.05931177972148741,-0.17914973436829304,0.0,0.0
0.6048875974445953,-0.4227543567453541,1.7535282596928075,2.187267850230911,0.6016509656565974,-0.07528446108817513,0.0,1.0
0.2952571193623252,0.037094141612009086,-0.31749833893446366,0.972357127850423,1.290318018592726,-0.35427098791820677,0.0,0.0
-0.5751470159319074,0.08633946014950611,0.30253872003854526,0.15258137462483737,-0.38640209195876246,-0.6403201341081223,0.0,0.0
1.6636298198390382,-0.9956738710323746,0.5716811197744189,1.2299603359287434,-1.4530898991428898,3.6513272605196208,0.0,1.0
-2.533777229610836,1.9251283772225638,-1.0576915516487757,-1.5063072664069905,-0.8005633734201102,-0.7142809382207981,0.0,0.0
-0.5116173969992386,-0.6210627483427865,-0.2016347581675648,-0.0032672927729762925,-0.6472325539966668,-0.6340781295596669,0.0,1.0
1.184449617746317,-0.4153319604381933,1.5208641051119989,1.13543577122785,-1.2077461946409507,1.1125662747522198,0.0,1.0
1.3551744371246508,-1.2183700815731224,-2.0554220419068354,0.6208327149084322,0.9574662616484404,1.7760989238760947,0.0,0.0
0.6408592088265684,-1.3325246535754685,0.6014174436497085,0.9183259201830286,-0.389743869958915,-0.03348086825014743,0.0,1.0
1.1768387350377494,-0.35334790101296043,1.050564350762368,1.404302594915511,-0.6708277840804617,1.0856692562587447,0.0,1.0
-0.9934226692011332,-1.1274892017729432,0.8245221881240764,0.9627085630618814,-2.1488848571948274,-0.6795258286355053,0.0,1.0
0.9411201167796438,-1.7979050826574592,0.32445957883672677,0.8284937589845689,-0.6816122264022744,0.45963550698067823,0.0,1.0
-2.457672678121944,1.442355935283034,-0.7294855577585189,-1.363063462914838,-1.612953318149758,-0.71071277584394,0.0,0.0
-0.8183720942486677,-0.38159317876421,0.2897867041807685,0.5312508413855068,1.0822154531284505,-0.6668749004783913,0.0,1.0
-0.2971684083169583,-0.999577762487494,0.9354810844174172,0.971469002499131,0.8356678006011535,-0.5880674312656399,0.0,1.0
-1.0856220423034195,-1.2484438139878407,0.030389870007695278,0.11357057643340068,-0.5312488224484906,-0.6866030991982621,0.0,1.0
0.6794019044188566,1.08858869771919,1.0515230378341898,0.9023236883059668,0.821587400626463,0.012675594469721241,0.0,1.0
-0.5287042009894481,0.29168670735852353,-1.4694903126759957,-1.0780013604377665,1.0406774480110021,-0.6292744608263107,0.0,0.0
-1.1524800981504828,1.1239712594517866,-0.8982479797783979,-1.283804507895286,1.1563815911414177,-0.687576741583609,0.0,0.0
1.2020596311523772,1.6882546475137152,0.22377312471900052,-1.688074291101583,-0.6771533831317774,1.1736629533142855,0.0,1.0
-0.3159999478602109,-0.34247535099869386,-0.6339549238323924,-0.17438121536683304,-0.3247561424936748,-0.5971925321424344,0.0,1.0
0.47707183523899704,1.089861661975694,-1.1290737281813772,-1.434303677733936,1.198622846080736,-0.20882420112568673,0.0,0.0
-0.061944034797496605,0.9900398397365515,-1.5127057858804906,-0.4806119197801656,-1.1896944482392517,-0.5245873420475623,0.0,0.0
-1.0927997225718575,-1.8937814175895256,1.3723156326526968,0.16871568599049794,0.7691635805024691,-0.6827041108872721,0.0,1.0
1.6521713369951598,0.17770255107056346,-0.43498598453938236,-1.4695963030732813,-1.7710943163792736,3.561405390952002,0.0,0.0
-0.3205925847901055,-0.5218629908176465,0.04312523344400348,0.5856980284396106,1.120975113688113,-0.5953982954296662,0.0,1.0
-0.346530127937073,-1.255807409699094,0.3564357416666301,0.8538083451262817,-0.06437380461053936,-0.6014603919609097,0.0,1.0
-2.1466159856552003,1.0486475433936413,-0.9556984068831602,-1.4009536026667706,-0.062100334757252094,-0.7098360618885522,0.0,0.0
-0.44616564211196996,0.8214255173814111,-1.5646496810721737,-0.8896252802950988,-0.2812154102457252,-0.6208915716687176,0.0,0.0
0.34337663860581624,1.0563115027096601,0.38295964782340186,1.6845625038717253,0.4004604459021608,-0.32380113225428503,0.0,1.0
-0.760893361512225,-0.40192220543514146,0.8271639582763738,0.9243434261961744,1.0728922218480585,-0.6595311614701971,0.0,1.0
0.0827378198982652,-0.5641904714652111,-0.19104848691616513,-0.5261670549364789,-0.20981828666069488,-0.46835038109614996,0.0,1.0
1.0713941804025853,1.5593653172941544,1.5095270933101996,-1.115236883178693,-1.518499773387102,0.7726909185766128,0.0,1.0
1.2818732217791375,0.9499812083228405,1.8549132154833132,-0.9487564288345084,-1.853713965307455,1.4657694848796596,0.0,1.0
0.91098019811505,-0.38339637387447734,-0.5667442125340885,-0.2912424629185316,-0.5208532013272988,0.3947551984321514,0.0,1.0
0.7241786830734173,-1.3072531500220788,1.6399023406378341,1.3645904948399334,0.21392839660583005,0.07402776372895838,0.0,1.0
-2.878666159497758,-1.0655673509902481,-0.2865987079010165,0.8998370488480459,1.0201592150329915,-0.712859153065366,0.0,0.0
1.610538343768436,1.4914788347088503,-1.712802012134041,-1.925868718149067,1.136553221898113,3.2509436628838415,0.0,0.0
-0.5257939187931708,-0.6404369207874975,0.8022499168813927,1.1055046520123724,-0.4812935769699862,-0.6331672465108137,0.0,1.0
1.2151356094320918,-0.5040252785172603,0.8593164371533683,1.4595782758830553,-1.6142212896050776,1.2197365522177561,0.0,1.0
-1.2840809248731062,-1.0235869947353715,-0.5083949253623923,0.7256026025999723,1.1625449532044623,-0.6941362571770922,0.0,0.0
-0.13607845036886046,-0.9259428735101121,-1.6067607377490274,-0.4306083664431925,-0.5519338602326005,-0.548499867490933,0.0,0.0
-0.6919912044077172,0.10705604608825613,-0.3744061311433354,-0.7930989386637652,1.3844485371794082,-0.6540217521447306,0.0,0.0
0.9657407402209638,1.2938413153849213,1.3795151486899915,-2.308988466048275,0.8320228938073443,0.513526520713011,0.0,1.0
0.009392243354605189,-0.6476647616888297,0.04000808021464614,-0.03754164133199058,0.15986999608535524,-0.4995705800096329,0.0,0.0
1.2017045768820007,-1.196894036320044,0.34631933869345594,-0.015146874963208408,0.6737943331710875,1.1713207205219855,0.0,1.0
0.26870611127194843,0.8084790319971513,1.0234845915542972,0.7714467531667428,0.7731277456372231,-0.3699811682127422,0.0,1.0
-0.24595183199166532,0.027288615952264995,-0.7236434413790253,-1.2295477428024701,1.400128468896457,-0.5777696417980586,0.0,1.0
-1.5499248841617748,0.3438068531696249,-0.02633558778846487,0.1488458216549408,-0.8006569444764865,-0.704351003220175,0.0,0.0
0.9011642467569043,-0.6682870185998133,1.3764603440843766,0.4203327976307319,0.08854932351336883,0.3739584781313184,0.0,1.0
0.15366818327851547,1.8387003425235333,-1.9728289282471176,-0.9956057554973861,2.454045197883988,-0.43239436162880246,0.0,0.0
0.700344500977896,1.7723456498841907,0.9629162957014703,-1.42474622078936,-1.2250202092149747,0.043280366755739354,0.0,1.0
-1.4764937421696007,-1.1875488310146283,-1.1831174569461713,-0.5346281399173359,0.3928253674685882,-0.6978188631837573,0.0,0.0
0.6513794164073493,2.2635751281212797,0.1708159138236133,-2.404413657626731,0.7685211319531419,-0.021593042384183053,0.0,1.0
-0.7333166053272574,3.028653626706214,0.5268741293418411,-2.0471412502581328,-0.42662704870163076,-0.6577528581628358,0.0,1.0
0.12159827133164643,1.0875634412797373,-1.8786663995740196,-0.9629897983628004,0.7460240483691868,-0.4508408563072778,0.0,0.0
-0.36102543361504996,-1.6334421813209732,1.181949721412416,0.7944313848342948,-0.426824512982739,-0.6033223704322466,0.0,1.0
0.22796154507918567,-0.8439629354340812,-1.0789049588825999,-0.04843086007954661,0.027988561671455223,-0.3910731202410719,0.0,1.0
-0.6219836707845837,-0.5079238657021496,-0.7215205268056877,-0.30728348183573667,-0.20084183574320172,-0.6472252732956655,0.0,0.0
1.637490778221515,1.245361179067087,1.0497374883892465,-1.3908822927646205,-0.8595843025281165,3.447088995275931,0.0,1.0
0.314015542072142,-0.08082682656363252,0.148979895331657,0.5204306075895443,0.1351563470145252,-0.34093521386378983,0.0,1.0
0.43202378984010575,-1.6162113404258323,1.0579363815662162,1.1224296357155805,0.40498150242863457,-0.2512495252991998,0.0,1.0
-1.801579230316366,-1.109700205310125,0.8683762649952614,0.6524469611784567,-0.6450167125688899,-0.7068723317731733,0.0,1.0
0.4485464407679491,2.0454269338736184,1.1270066799040215,-1.7746589983820868,-0.4065743527664811,-0.23426342322153437,0.0,1.0
-1.2046628273084128,0.6140203292571472,0.0727249033794081,-0.8280661148066844,0.364367741792823,-0.6932509913345194,0.0,0.0
1.5850696522640468,1.5770883949202879,0.9046897300869426,-1.4315723269041505,-0.7593927148902226,3.0684760411022562,0.0,1.0
-2.0657693767418754,-1.0670601767542145,0.43257070555027693,0.785822373880884,-1.0266108524173003,-0.7056510188127914,0.0,1.0
-0.6199882249000584,-0.9692504331439319,0.30089252966802316,0.7436016127687872,0.04673771817184202,-0.6459261966861551,0.0,1.0
-0.5687363205322962,0.050659105374828726,-0.11342058350025681,-0.23028810007813952,-0.5925671928035684,-0.6401190380387675,0.0,0.0
-2.935586069247035,-1.493990883066207,0.47072869446173277,0.04674534057724619,0.8899760001765489,-0.7129856880555203,0.0,1.0
-0.8465493198676306,1.0708564286587499,0.6585570049530481,1.009695094256397,0.2892949057764264,-0.6695860921133008,0.0,1.0
-1.6361452508947465,-0.4775184908935358,0.14652290489690184,1.0489797547552608,-0.18512712922676958,-0.7039445465119647,0.0,1.0
-0.34361560833210725,-0.6774694266715503,-1.1042560977413183,-0.6780713426796725,0.8704552506769332,-0.5998833757649266,0.0,0.0
0.4099681354589006,-1.7537476937692893,0.9656285128788512,0.891628146546991,0.9526326438344608,-0.2675887835435163,0.0,1.0
-3.0475725409614625,-1.4176167160991102,-0.6021228036597899,-0.04721197345171383,1.171030365088565,-0.7132082632429186,0.0,0.0
0.17641735716616855,1.6280714123132496,-1.7566253285454418,-1.1436489374018621,1.1770098158482465,-0.4222839451573299,0.0,0.0
-0.8581951576865433,-0.09506345092949642,-0.030966086673267054,0.21210638372358467,-0.047736825658719784,-0.6697725696634237,0.0,1.0
-1.3332896372796934,-1.1568757702086938,0.6427186213682103,0.4557176880224124,0.10299945330749775,-0.6943978529557328,0.0,1.0
-0.24347348836439162,-1.1742075281715216,0.965376703015528,0.7689772671616292,0.7843025685853764,-0.5767192714982753,0.0,1.0
-0.18499507084728622,-1.2909862552189246,0.3702428332938991,0.7864358735329587,1.462344060677779,-0.561490835582566,0.0,1.0
1.1482927635162476,-0.35687188070185116,-1.0204722609105237,-0.4194418626968609,-0.9045969783294308,0.9918777252609202,0.0,0.0
0.8503723211628165,0.8038235037758115,1.8485249812828461,0.2638671211066663,0.8998364418762446,0.27821072110514594,0.0,1.0
-0.4403365500000437,-1.3660229901055336,1.0482216550127779,0.7095141209454193,0.8464631999245974,-0.6217034844465702,0.0,1.0
0.5969279531814871,-0.3733557789721739,-0.944939114167772,0.2138623959975404,0.3040138041763731,-0.08580655373592311,0.0,1.0
-1.7367920333018512,-0.8899794325997233,1.2035954714290389,0.3212640911055353,0.15388512400763035,-0.7047680107416703,0.0,1.0
-0.1695954697372161,-2.051388330578873,0.9422831195489615,1.7569573007030717,0.7021914851651954,-0.5571326056518067,0.0,1.0
0.16232412390393222,-1.5555291671133025,0.8919848093014826,2.52954639544217,0.4388647451142212,-0.4312347863587233,0.0,1.0
0.6690180058282178,-0.6150451651651816,-0.504097443196031,0.3195184559690734,0.577728507752897,-0.0011147228047327542,0.0,1.0
0.9752472158610446,-0.5229289373721183,0.9832453330565953,1.2814197707237749,-0.718859902108155,0.5327939394490666,0.0,1.0
1.387412648792353,-0.8254014753350783,0.3638752184191634,0.7638111394657627,-1.301384803173751,1.9285038971745803,0.0,1.0
-1.752475966823845,-0.3739829205303937,0.029007572051577286,-0.39679172778352434,-0.528006982686145,-0.7045059752669142,0.0,0.0
0.4470769602931905,-1.3502640699804882,0.7807754669721952,0.8677807485681313,0.10322202925101086,-0.23643664594305622,0.0,1.0
-0.8981008753191619,-1.4132976111233788,0.4073878860826949,0.5324054435498143,-0.6777658854751758,-0.6718706933970013,0.0,1.0
-0.7800397212555608,0.3354964855275754,0.08989365486696252,-0.36973505294334025,-0.2744159888211301,-0.6629042256563644,0.0,0.0
-0.9909107566602188,-0.45595602702652827,-0.527103206413939,0.861143614118658,1.078784166573167,-0.6784671328543447,0.0,0.0
1.6207176415300562,1.573263638609176,1.6522161512298819,-1.281233648501662,-0.6817141687234993,3.325402985466064,0.0,1.0
-0.20107003390764705,-0.40184260634814156,0.6399559318608531,0.7605524231691285,0.6674704004426216,-0.56605462254294,0.0,1.0
0.49414867940550056,-0.4062847461261381,-1.2077021409764166,-0.7425586920161951,0.5446963187782791,-0.197342403416827,0.0,0.0
0.6711800171716329,0.8655749148125471,0.8565998379291605,0.495058069517666,2.0240966132440925,0.007988975408712715,0.0,1.0
-0.999117404731863,0.42474943414163263,-1.466086825233424,-1.2712558747763183,0.44944190686626906,-0.6780282037818733,0.0,0.0
-1.4873597827839438,-0.2103212617397729,0.6057853921529613,0.5345624092259929,0.5294604346080097,-0.6995810218941793,0.0,1.0
-0.9077012722047202,-1.226119194242705,0.21702904904582832,0.8132594970231781,-0.6889647859598504,-0.6736167098716835,0.0,1.0
1.188701449591105,-0.9915107717720717,1.1933932467226365,1.4226471833354255,-0.012017400875018756,1.1273382123031637,0.0,1.0
1.0678063710896397,-0.8737316733230569,0.9475549300364783,1.7553013017742125,-0.5213341691922516,0.7664728310415146,0.0,1.0
-0.5267338834909677,-0.4228219451290918,-0.9190270783768347,0.3071912319440846,-0.033650946279443386,-0.6372635532297531,0.0,0.0
0.9207823966267125,2.0610956676252594,0.656021303904909,-1.1886544569730995,-1.5949866645609576,0.4167505830034882,0.0,1.0
1.4555742597455157,1.5525116856043177,-2.4489905135491976,-1.6309342847195911,0.5681560326365648,2.2747934091587854,0.0,0.0
1.359018471460134,1.392431447332679,0.5727512131938395,-2.029843774051389,0.18660894720054802,1.7942280220278768,0.0,1.0
-1.6894678637002951,-1.2319678595716292,-0.9559685811182939,0.09265494939765287,-0.19841629160270124,-0.7013261086254196,0.0,0.0
1.5794344880100912,1.3375046410948095,1.1092641228727596,-1.2843967699150962,-1.0748268585678515,3.0340729920163447,0.0,1.0
1.0500331564221999,-1.3008218371664477,0.9750377003600098,0.4485083030213846,0.08908785858473002,0.7130907081144613,0.0,1.0
-1.3767931091183456,-0.551582147543239,-0.5209347476078872,0.13051875058867715,0.25081564457716715,-0.694632010362807,0.0,0.0
0.7366669854832946,-0.17411146673446085,1.2800295251061853,0.9007402510269299,-0.3641096390707262,0.09583187477077106,0.0,1.0
0.3018412992678446,-0.219466854399736,-0.7225853319072457,-0.22428434877164774,-0.8856269929172352,-0.3429921030864254,0.0,1.0
0.5780119151938202,-1.1119048092593635,1.3324635760016876,0.9223280334861921,0.6934511136307966,-0.10680673056094632,0.0,1.0
1.4875293130759504,1.646172885683486,-1.7676609062785025,-1.5782862012662193,1.8727345579580632,2.4590814977488793,0.0,0.0
0.3398384138182576,-0.878874444969751,-0.8129622587533675,-0.3057658344315269,0.051163298303096606,-0.32376028067795726,0.0,1.0
-0.36235354820857635,-0.36986944262380644,-0.47172977066182437,0.17720167578591772,0.5948917967878011,-0.6047608087397637,0.0,1.0
0.16703732274442212,0.08657025035479077,-0.7726157079207009,-0.1907412401987103,-1.4053611829388306,-0.4301774423058131,0.0,1.0
-0.6462629123918744,-0.5982471445835128,0.558710766505981,0.8973657529390725,0.7067390714402498,-0.6487876893319295,0.0,1.0
-0.4034303567923591,0.4973108039569928,-0.7524799240926029,-0.6099588901260825,-1.1096957766055835,-0.6076524347435022,0.0,0.0
-0.2792562754596558,-0.1595506741125702,-0.014827437170460991,0.2852018943196459,-0.48247009869489554,-0.5877719987143593,0.0,1.0
-0.43551836665589017,0.27309546324588724,-0.12033253431089969,-0.35102054221646944,-0.09800935672817322,-0.6197187445285534,0.0,0.0
0.07195207711370896,-0.352403961328465,-0.4981360439480606,0.17888222028848239,0.10222317568441586,-0.47032867251768395,0.0,1.0
0.2617701330745348,-0.11974393570683363,-0.03855167586700235,0.23049463085476055,-0.12957910037660061,-0.3707850293492335,0.0,0.0
0.6837467790839666,-1.7883201443205767,0.4906701733540571,1.2878960104750645,1.0936577753333605,0.016453761013918943,0.0,1.0
1.0961315485517893,1.3534628119939422,-1.7114550839089746,-1.5321557616075465,0.3828348279692489,0.8423153385065586,0.0,0.0
0.4044890606969295,1.7515477982568761,1.1064472895933422,-2.5802089774598085,1.210784896702786,-0.2717016090220573,0.0,1.0
1.5170145104540702,1.816240898735656,-1.4034748299439612,-1.8372141806475948,1.779735129633742,2.6275939701930207,0.0,0.0
1.2186682301227645,-0.896978681018768,-0.5303186020578067,0.6523948088670393,0.5250810061194092,1.2281979438167592,0.0,1.0
-0.815419998242713,-0.08427924574899767,0.4269939125034299,0.9533840817642842,0.6550773714102913,-0.6659943184477664,0.0,1.0
-0.22701510682822018,0.23794582816615467,-0.32620992659685305,-0.44399918870224564,0.18802812666792218,-0.5737579682758085,0.0,0.0
1.2177114782266143,-0.918450999026483,0.732510126802709,0.9083178500188707,-0.10312891443053267,1.22392747026398,0.0,1.0
-0.752813798304466,-0.9700990142010797,1.033526562841089,0.8508694534534265,-0.31210152330306334,-0.6600273224598162,0.0,1.0
1.171117220704838,-0.014290037575853851,-0.18617343712634363,0.2890156392538323,-0.023187907714614903,1.0680603123647352,0.0,1.0
0.47919743619753613,1.0513228130663823,0.8663286471377604,1.1628318737828722,0.48347052180826267,-0.2079760819817216,0.0,1.0
-1.6925887688231849,-0.7401063363319369,0.6030868303534298,0.48949023180477075,-0.39233680812357175,-0.7055124008093427,0.0,1.0
1.1964568416468817,1.3486817673162124,-2.0834963275284952,-1.1587500325946731,0.6448430059750242,1.1533942948028704,0.0,0.0
-0.05368465646904866,-1.4494699658585082,0.9953810297293263,1.2369090574587758,0.9655984166385075,-0.5219649453788774,0.0,1.0
0.8837499859198696,0.9958395328246928,1.6566430546884487,0.1852538928807952,2.0825754032142183,0.34572011408942827,0.0,1.0
-1.1885445797292309,-0.6718522820556142,-0.06010278181955758,0.4017534537932411,-1.9745781438861632,-0.6902237254094269,0.0,0.0
0.8134118019847318,0.9258081839402648,1.0821965237686644,1.1942299801948215,0.405102216515197,0.2158913678941961,0.0,1.0
0.8482714221731869,1.765490545621217,1.0546819180910727,-1.3589759309870402,-1.2170957146295132,0.2738536122915779,0.0,1.0
-0.29646921699453094,2.101030208477778,0.992454994205856,-2.9665226595492977,1.7033398910527962,-0.5928621771162551,0.0,1.0
-1.931067218116008,2.091276834934219,-1.2417370445992855,-1.5625921180506872,-0.6787093319021681,-0.7083994788278624,0.0,0.0
1.212556320522776,1.5943143688360493,0.6070905299989745,1.5154568594728113,0.8777136503343942,1.2077592157374155,0.0,1.0
-1.0056461569689121,-0.4168350436374302,0.11698044877928172,0.606699300208828,0.47479561747187565,-0.6778647371711055,0.0,0.0
-0.3043227058421861,-0.32519481475894507,-0.9992010004513117,1.2563863334509076,1.3311428340634437,-0.59330865685844,0.0,0.0
1.2918230974843607,-0.9638632082563636,1.191852223150765,1.0238974206591926,-0.19366679771641507,1.5050848632611742,0.0,1.0
-0.11314973835183754,1.707788230523721,1.1134638384817488,0.5141910291560478,1.236744391981359,-0.5396166686236172,0.0,1.0
-0.5217145931994783,0.33075762840597395,-0.6747149049457316,-0.6538440297359314,1.0236530831505517,-0.6284454571943101,0.0,0.0
1.558961027700632,2.065361780295274,-1.2021184505156886,-1.727876719179667,2.523344404977831,2.8960493288454443,0.0,0.0
-0.7461808044505066,-0.5198180600586939,-0.8162857196614176,-0.42094379195936493,0.3963736973615339,-0.6589512649789585,0.0,0.0
1.4121537312412813,0.7309388724162751,2.0526703586612043,-2.0870347663305946,0.7039815914580135,2.0485648580347395,0.0,1.0
0.12393011919809087,1.841237267452496,1.3113328633235026,-1.2324766785630994,-1.835832144353166,-0.44835913916873005,0.0,1.0
1.585209014076491,1.47000003754942,1.9321899479591709,0.23759589317705931,0.8090396012769772,3.072298497490851,0.0,1.0
0.6294561998695432,-1.7943970007505121,0.20274490521508817,0.27297781299865825,-0.24403633355430832,-0.0497984805594858,0.0,1.0
-1.3160612245713004,-0.8911985395987354,0.27241611763174617,0.8587173444340935,-0.039156427439665555,-0.6952768380239966,0.0,1.0
0.6129133512406578,-0.20705326791689432,-0.6129205904432118,0.4079223685766105,0.5697956836050821,-0.0697632393696549,0.0,1.0
-0.614803911986635,0.5758055317111426,0.24970173158598985,1.2498060743568569,0.416918104642554,-0.6430176862348758,0.0,1.0
0.18587382565583205,-0.3108497861648868,-0.4067997414645335,0.12006427007093592,-0.32504498907413026,-0.4178957935540317,0.0,0.0
-1.8461255126273668,-1.2324020894831262,0.7725330493638077,0.5054078969624816,-0.5059199997303198,-0.7089968158978341,0.0,1.0
0.4867647516458513,-0.24625225460764041,-0.5526464557485077,0.007277584115080968,-0.48284644200908106,-0.20122509483334933,0.0,1.0
-1.1440267135469342,0.8339838519997377,-1.0960781167093263,-0.9008706373095754,-1.410377070117274,-0.6881717848085372,0.0,0.0
1.071120434161913,1.9944321645760088,0.6331038392394677,-1.4101796305214274,-1.028183971757872,0.7734988388882702,0.0,1.0
0.24664130564195,-0.23370670975421828,-0.2739672323331331,0.4006264426617904,-0.9932255802633936,-0.38129380931214624,0.0,0.0
-1.327047748152937,-0.26992177718298177,0.8753208396230471,0.8342847234196815,-0.2546145974408395,-0.6969369855598924,0.0,1.0
-1.6460590921397864,0.2520513399812123,-0.6959526406727314,-1.1370995138141613,-0.025050296865117894,-0.7048889923745504,0.0,0.0
-1.511769686341125,-1.3754709352655292,0.7387477926631343,0.6911114965302271,-0.8292709977445333,-0.7003692371462844,0.0,1.0
1.2768958690244838,1.0981378128227015,1.4151581799640316,-1.6133799542204714,-0.53941160992483,1.4432167211884122,0.0,1.0
-0.6890355880678235,-0.22408128398059982,-0.05817185870018264,0.21508251068133902,-1.1744879197675944,-0.6532725320578506,0.0,0.0
0.4488548254211824,-1.3834516122757206,0.9223805438548816,0.7070979992303272,0.9517768345096066,-0.23690661023130805,0.0,1.0
-1.1978283114615897,-0.04074453649056297,0.04989700994555781,0.67048294350869,0.5202422761999399,-0.6915272690009338,0.0,1.0
0.9522637017502955,-1.530650562742584,1.1122123586049935,1.2615891562287287,0.08268229268958517,0.4838908294425749,0.0,1.0
-1.6478014417129678,1.201549405222921,-1.3609198278875718,-1.6546497281046106,0.5249339076308119,-0.7051058483542731,0.0,0.0
1.041497395698155,1.9245887297094086,1.748955155476449,-2.3904692234943727,1.5574172561078534,0.6925984421080218,0.0,1.0
-0.21006890813787457,0.8635085837560263,-2.607568193163955,-1.2231492226995069,0.30192886999495094,-0.5698595411692328,0.0,0.0
0.875804147074747,-1.3299055654951515,0.5628965229109685,0.7871664147133374,-0.397840894136846,0.32770700065537967,0.0,1.0
0.8690935781426651,-0.8040259267041284,0.5834621946916903,0.7478555311859247,-0.3474064062968447,0.3173058951458708,0.0,1.0
-0.13837852689322822,0.19998925233172377,-0.19520875400889337,-0.6282458087622765,-0.278515272851997,-0.547645804885238,0.0,0.0
0.6482307476074576,-0.9286374346695041,-1.5935342338839344,0.634167359571843,1.041809015013249,-0.027398686271820592,0.0,1.0
-1.0030092358970293,-0.9826397652918848,-0.05469429014785668,0.5462755011467418,-0.9750336501768013,-0.6782824172941371,0.0,1.0
-0.31882308323548497,-0.2001783425469257,-1.0026178791979146,-1.246263789899168,1.425865700555066,-0.5983185006575527,0.0,0.0
0.5358433729527388,-1.4580332550271178,0.3847584015287049,0.37736203845606864,-0.4614579899791793,-0.1521111461340835,0.0,1.0
0.32727388477197733,0.9235772293827427,1.7290941724473707,0.40440476317430607,0.13397256282994452,-0.3315477269149096,0.0,1.0
-0.7019498693893582,0.5703981421641025,-0.27835419191308997,-0.9791992016312863,-0.21424325956892898,-0.6548462001028291,0.0,0.0
0.31826978910207204,-1.704985287177357,0.4699227970225082,0.20293499603744525,0.4850385015707579,-0.33515850122001706,0.0,1.0
-1.7728712482269067,0.6868157651186027,-1.1360873617990614,-1.6807795455134817,1.4782238303380357,-0.7026382659463807,0.0,0.0
0.6628363185630521,-0.4260893034901984,-0.8682503962852477,-0.08764131240285841,0.10752126100519624,-0.00734106252083734,0.0,1.0
-1.0613168485776934,-0.6397615264693007,-0.6754919820705566,-0.8535151682961116,0.2001151358579784,-0.6839002524268337,0.0,0.0
0.5108840351390935,1.1011688427425261,0.6881415260975766,-1.8062482364593069,-1.005144934592158,-0.1781422985198075,0.0,1.0
-0.8635563650512769,-0.618328267722822,-0.8243867314625912,-0.9068095951909487,0.5751830515394025,-0.6692468442961043,0.0,0.0
-0.7646068665600729,0.6640776978665042,-0.7376903052354653,-0.7274763700288326,-0.8507630844629809,-0.65783099424115,0.0,0.0
0.016919378926086217,-0.14333756962168123,-0.6329093051965343,-0.6883572678968605,1.3895634053373502,-0.4994737800908729,0.0,0.0
0.0026993844569182922,0.807788017112477,-0.5621020791931429,-0.19671018561326406,-0.8789499942611384,-0.500858105584181,0.0,0.0
1.5730599390548368,-1.3674747746499798,0.5888432852984774,0.4339755496137145,-0.2198717026584706,2.9887974467928555,0.0,1.0
-0.965640590556453,-0.6267549743040998,-0.065100509688541,-0.5864340387558854,-0.6075421613638572,-0.6762017671140025,0.0,1.0
-2.0847017421591327,-1.2734000304802058,-0.8854237935017343,-0.5044500039030172,-0.7451196956810325,-0.708794856422549,0.0,0.0
-0.6448459983144964,0.27049648838269724,-0.2293069083634715,-0.6544033930139826,0.5743854758333847,-0.6490499793747112,0.0,0.0
-0.7685424226318146,-1.1974869572221587,0.6115229413157365,0.4186989354389765,-2.3916229793677606,-0.6598976701876741,0.0,1.0
0.5067112464638858,0.11672611643145601,-0.663965790486125,0.30600620736763096,-0.4370826101278811,-0.17948132535881683,0.0,1.0
1.0057084284659807,2.099803195498041,0.25473921015570256,-0.6857802908163976,-2.819736102814625,0.6039640403927689,0.0,1.0
1.5745223012681029,-0.43763964474300227,-0.25053490869209954,0.5401052070339357,0.40498038270365977,2.996971021442665,0.0,1.0
0.7219342915089482,-0.13161351481881703,-1.0015178440616272,-1.4420569074463736,0.2891519293548829,0.07532540862881698,0.0,0.0
0.1884180459568989,-1.0545152960637973,0.8057818633017185,0.5392100622921651,0.14483362361671132,-0.41749977274005184,0.0,1.0
1.1301242991070284,-0.25431982376548584,-1.3647706764252834,0.25426310406590286,-0.5809238636530537,0.9407043616137637,0.0,1.0
-2.6735322049181365,-1.0368510852287143,-0.31920655803643894,0.2396903712155027,0.11139691252751252,-0.7118057734682816,1.0,0.0
0.4167593638462446,-0.0990874492582686,-0.20609595226532995,-0.6026236922605142,-1.65492667394169,-0.2643187491283115,0.0,0.0
-0.3536233923810482,-0.20061607088231587,-0.391403388716728,-0.49032327869404196,-0.4689546545173488,-0.6013401144173607,0.0,0.0
-0.686584621636614,-0.6778816863860487,-0.7864950550411198,-0.4354038121619731,0.3800418446399456,-0.6553202445701739,0.0,0.0
-0.10422638199653234,-0.7798443255621686,-1.2885356499764524,-1.223623495101536,0.47683891323015487,-0.5339335015524603,0.0,0.0
0.9419596389463298,1.7711213344099108,-2.089305964743141,-1.4200248798114594,1.5701253500702301,0.464197713786453,0.0,0.0
1.5606187399258944,-1.1217648786665906,1.2439037666715864,0.3558837589844212,-0.04397069153296422,2.9053972812716333,0.0,1.0
0.5748332469744429,-0.4037680634159024,-0.5344279812402298,0.3004513880649569,0.45535777305841363,-0.11610585845982689,0.0,1.0
0.9505844797357423,-1.3479253284625803,1.2243082375927583,0.550293714750613,-0.1574304768195388,0.47629346509598297,0.0,1.0
-1.9450457011010482,1.349893905361368,-0.5826933766397564,-1.0555643655287417,-1.1499464392243377,-0.7069723361598149,0.0,0.0
1.4969525722599473,1.079126384442787,1.088030565987267,-2.282941921381422,0.8763954680260257,2.5139248941337122,0.0,1.0
1.1615076460437996,0.8064408974893154,1.052185843618182,1.2636074675927886,-0.5734446507221146,1.0392029990347538,0.0,1.0
1.3729792954373385,1.639322529312937,-2.208126527715465,-1.438073019461322,1.145768421012237,1.8574312218570603,0.0,1.0
0.031822020109578346,-0.32661930124925936,-0.8192646718015324,0.12452123465804499,-0.4790479270910551,-0.4891463054595746,0.0,1.0
1.187505413096066,-0.9794323836377021,-1.1218672373603649,-0.02121134139320715,0.5446811983615439,1.1216812331685064,0.0,1.0
0.1650166216581618,-0.5151421454722299,-0.39437795146814525,0.4278026224956718,0.036948761993613105,-0.4276582441097346,0.0,0.0
0.5775180332033748,-0.13565877755130387,-0.9270676579844691,-1.111845743274791,-0.01912738355825473,-0.10830123473986761,0.0,0.0
-2.256094746645667,1.4579493621554316,-0.8668953049583293,-1.69457347638262,0.6665971939678074,-0.709987752043872,0.0,0.0
-0.4881081349997384,-0.7038937498206208,0.5963963730349813,0.750162844621722,0.5062313245295539,-0.6251939259872901,0.0,1.0
0.1887103742933042,-0.27657148076041227,-0.31683508792412357,0.10527709613420988,-0.7147136065823401,-0.4160289321263841,0.0,1.0
-0.731360403117309,1.001600750816973,-0.9721245453381239,-0.8679807966383232,-0.053884940267958245,-0.6583027823426438,0.0,0.0
-1.5344025538972865,-0.4088997076444482,0.45147075665747993,0.8736984553544804,-2.6592893035913705,-0.7023705124333065,0.0,1.0
0.6238543195826233,-1.323475468326147,1.1694532951819605,1.5462270670825238,-0.396205247817307,-0.055432832456807496,0.0,1.0
0.6744872124615141,-0.367506019257244,-0.934875450368534,-0.570620814277031,0.7428306870015391,0.005455121742137735,0.0,0.0
1.3484235567930254,-0.6672501351316293,1.1079860051362018,1.0569684712846972,-0.22998258186026443,1.7486843700123007,0.0,1.0
0.3830644339644827,-0.42558217985097824,-0.0915761047606271,0.29851641984145755,-0.3056050125639906,-0.29113162644383755,0.0,1.0
0.3510161752501463,1.2030436741185055,1.1166888348339026,1.0890161153904205,-0.403883741675863,-0.3164684017350747,0.0,1.0
0.84352086587197,0.4458282122044087,-2.59798543874104,-0.4520964621446589,-2.471912495519595,0.2665360493319548,0.0,0.0
0.2861966167003705,-0.26725891501320137,-0.6017651481853835,-0.2754514800402988,0.5434699364594459,-0.3601791138471853,0.0,1.0
1.2181635648558011,-1.2318470377107404,0.36921465223071764,0.5101085492941494,-0.9051420886051974,1.229071602378476,0.0,1.0
-0.7449907783043699,-0.5484089337201388,0.06917199955287716,0.029942630963748572,0.2958655731752153,-0.6591352436168093,0.0,1.0
-0.5975948082138068,-0.46483743966302343,0.24005794131131347,0.15666069197413096,-0.08916280387264898,-0.6451139765944475,0.0,1.0
1.244882770807126,0.8670048036147848,1.396144126548265,-1.8387552306478285,-0.14810179510322896,1.3235375607654223,0.0,1.0
1.1938378854921474,-1.2468065109401325,1.5429249147288906,1.071662444035278,0.10847461424787759,1.143693318274853,0.0,1.0
-1.11857896148888,-1.0784310637307968,0.640381892279196,0.6261802846127239,-0.9502519340912536,-0.6851647653057574,0.0,1.0
-0.7628009981717463,-0.4435912511612893,-0.9940399298464426,-0.5232016795280442,-1.0900273334422046,-0.6619839033946986,0.0,0.0
-0.07802675719004153,-0.28563499640216106,-0.674180858566166,0.047852565997113884,0.3338783510848276,-0.531357483582682,0.0,1.0
-0.46309122978817924,-0.35493032218894915,-0.5464826129925731,-0.16557296288981152,0.4876063953433698,-0.6230194983316893,0.0,1.0
1.5327344247923125,-0.7726620438096173,1.1065757070243174,1.671403338606778,-1.3775995790172988,2.726681173778748,0.0,1.0
0.810908931869171,-1.4290543712935933,0.8839286694654657,-0.09832614889684668,0.15228653605617437,0.21030877841182888,0.0,1.0
-0.116828132753248,-1.3002256185455598,1.26737638762363,1.2623892657612021,0.9994939058607545,-0.5405182143927311,0.0,1.0
-0.5157314674669199,1.4826854935455003,-1.9181776713448486,-0.8360793000290202,1.4874240909718668,-0.6317690105459868,0.0,0.0
-1.7139379253748341,-0.3875631859200214,1.165965761344909,0.9159699348568766,-0.04252838678517613,-0.7070541954628876,0.0,1.0
-0.07324606284240577,-0.20313395741977466,0.2006719517774536,-0.23140850510905245,-1.721326013406672,-0.5304793641267732,0.0,1.0
0.8126286042024761,-1.769033188760432,0.5107239308780904,0.0020660657581611027,0.14705542998221444,0.21559331198193366,0.0,1.0
-0.21417725247795905,-1.6794031486316316,1.035613397476194,0.6041690935413753,-0.5830598845174785,-0.5693275417822494,0.0,1.0
-0.029920244859110344,0.3466720405328652,-1.2615467026593228,-0.6991609056122241,0.17927078803978772,-0.509290491830578,0.0,0.0
0.5680939518304716,-1.0021555976940344,-0.42937936856986864,0.08232047751699795,1.241728924642602,-0.11791305153728723,0.0,1.0
-0.4325139716679376,-0.9156587649931075,-1.0347273337862986,-0.8871062921691067,0.07930954044472104,-0.6187982629110171,0.0,0.0
-2.065548678635028,-1.027003299508736,1.3986675115498501,0.7116729066674096,0.14658949140401478,-0.7132964897204622,0.0,1.0
0.21890904870595684,1.997536222181123,0.9900114063715266,-1.6586201624419898,-0.936218884475515,-0.39758004012481735,0.0,1.0
1.5433722320838776,1.1447438975506612,0.9765548092370634,0.7776146110589317,2.2195372032414724,2.792250034561338,0.0,1.0
-0.9809106581779297,1.0794392761793465,0.2731271478629083,-0.9981262254771212,-1.359742414559988,-0.6785579095224792,0.0,0.0
-0.6009515050805609,-0.07325673155013045,0.026467717810739182,0.24778807519951385,0.5404461170974465,-0.6421681540991405,0.0,0.0
-2.236084359152213,-0.05853857618876083,-0.05667196797998006,0.06304313184297979,-0.6528784249348681,-0.7096902869043044,0.0,0.0
-0.16677249478484743,-0.8822332821724557,0.5936858134610141,0.6252457860111742,1.3290018979573035,-0.5551749680454514,0.0,1.0
1.4394761476585372,0.19043680167461602,2.469832976188403,-2.533734441047812,1.6345856278076163,2.1921617781454517,0.0,1.0
1.1887728875603014,1.0320352290887878,-1.7271366415785212,-1.5741314924866836,-0.04099763346751668,1.1258662303430211,0.0,0.0
1.2491363215556108,-0.9468421573772281,0.47630089994636826,1.9642550876992533,-1.7285036150705875,1.3394890567155975,0.0,1.0
-0.16318456049353125,-1.4758188697050192,-1.275233387051212,0.906474904580338,1.7247791945394324,-0.555494589762984,0.0,0.0
1.5661050476880565,1.2620626992397566,1.1277245290759443,-1.5193158241204425,-0.6035552655179574,2.9406177160218436,0.0,1.0
0.30130329354828556,0.05844859188490946,0.030391269990583333,-0.1433467036391178,-0.5303943498510606,-0.34693554564703416,0.0,0.0
1.4035445562520228,-0.8994872568212158,0.6696036470240472,1.7012345251989724,-1.3607866907817185,2.0044682184127147,0.0,1.0
0.8207644453129953,-0.8053188851283436,0.8243574349569328,0.6273782607548966,0.843646973441754,0.22742792385622737,0.0,1.0
-0.4286617118487558,-0.22456148205245385,-0.6848809365176393,-0.7652393833072115,0.7800577976463617,-0.6137615806850891,0.0,0.0
0.7560568526140616,-0.2872376399678107,0.48534810838089615,0.107597801665427,0.8164943059946059,0.1244612358433778,0.0,1.0
-0.08826234065940297,-0.6782985978885897,-1.2970062221879979,-1.2480378126679217,1.0157628548719075,-0.5343599833842785,0.0,0.0
-2.4521703925062277,-0.703651075305512,-0.09958421936743486,0.010695088550468903,0.21390485961201014,-0.7112426922714048,0.0,0.0
0.5680574890493917,-0.4144033171370676,-0.5243389834205989,0.07097610223640566,-0.2250102684648226,-0.11957867955852737,0.0,1.0
-1.1708724294328419,-0.4894117485833942,-0.5491094498137055,-0.06441666172977537,0.3191325277235541,-0.6876335039158771,0.0,0.0
0.047782999521089886,-0.8844018969760298,-1.4490281316375386,-1.1701061471969556,0.027855755321211317,-0.4813217915884723,0.0,0.0
1.48541110031589,1.4128336700882,-1.7131226845364953,-1.7481989858024396,0.7827554441579809,2.442260291402815,0.0,0.0
0.6795287690076637,1.7791474348500622,-1.108724748391805,-1.398645867816347,1.6651107402993748,0.01359286981705916,0.0,0.0
0.7647015590086955,-0.3457836278334869,-0.9330541568000942,-0.17209490515429224,-1.1881561515954338,0.13854431967008954,0.0,1.0
-0.3360081012385146,0.31985641128892917,0.8473592907605929,0.9476154094594756,-1.5363665954633674,-0.5989501431319094,0.0,0.0
0.9320122489504087,0.697974768862519,0.33038853022959264,1.921317992015579,0.11793815538813361,0.438966015677415,0.0,1.0
-1.497355170819412,0.3671947467770794,0.3827617524629844,0.3142006140044204,0.6887256260136043,-0.6977540964258039,0.0,0.0
-1.5885396724689327,0.5991979793177938,-0.9578361344739584,-0.9679556977601148,-1.090091160212352,-0.7001122376003699,0.0,0.0
-0.12768237424663628,0.16363792397541405,-0.3656458219322463,-0.18723745758215685,0.027180591914492253,-0.5472163168981219,0.0,0.0
0.16828475558226882,-0.6366815589173732,1.344768230113804,0.7163445600308636,1.4315335416181905,-0.4251293127090084,0.0,1.0
-2.131056861478891,-1.0343328188589582,-0.6702949603189914,0.10124252109785538,0.34667031965801787,-0.7094645798562202,0.0,0.0
0.743570997984644,1.4729877847219224,0.16126385645418564,1.9381587519547334,0.03454306215084244,0.10770558517637649,0.0,1.0
0.8331413789427581,-1.6787429976321704,0.43766126278062695,1.0646046965792122,-0.21052234614317455,0.247700929349816,0.0,1.0
0.2668536897083157,-0.8189877861548231,-1.377509260287159,0.2929538083209768,0.42862595710854073,-0.3690261531761266,0.0,0.0
-0.19050896084136154,-1.112517524289065,1.117948582055549,-0.1336040441809283,2.489417778357646,-0.5626904648333962,0.0,1.0
0.24178847172020992,-0.3365280255827005,-0.34307252714411074,0.4228998110871571,0.21643781552731078,-0.3864244489432027,0.0,1.0
-0.9252145772362479,-0.48445825142721616,0.30515406934351363,0.8295051466386187,1.4688008920210047,-0.6751577080392555,0.0,1.0
0.5367073173787658,0.3363366097525419,0.23175569402976537,-0.10490294990844243,-2.100076736193988,-0.152833213949725,0.0,0.0
-1.3455968781505918,-0.44166874208011575,0.7353868594248953,0.9443304079133632,-0.7733495929390283,-0.7003181503997152,0.0,1.0
-0.446838227472593,0.9050831571352254,-1.662171807645771,-1.051951148056491,0.40081007117182615,-0.6226474518613071,0.0,0.0
0.6635752139829315,2.0599071741974466,0.03685551210629232,-1.4572121936994442,-1.465789402212993,-0.009019395643838133,0.0,1.0
0.44119312502234725,1.114921648532472,1.1994643479654672,1.0129822299808855,0.4059404367208312,-0.24007216045282773,0.0,1.0
0.1433297087476277,-0.00010370318265427955,0.1136733935373452,0.41439356152403495,-0.7374537914695618,-0.4428084247290346,0.0,0.0
0.32667844819427916,2.2655441416173523,0.8500482392235178,-2.549178816360062,1.1823380197688322,-0.3331562033475297,0.0,1.0
-0.22006032465769768,-0.22979214468218834,-0.4227342979684334,-0.16371236163574304,-0.47211364446505555,-0.5725512679849452,0.0,1.0
-2.024841633075193,-1.6735198905362947,0.259391452118865,-0.008292547553923509,-1.415781534980988,-0.7088913767547628,0.0,1.0
-0.6704231152340114,-0.2100138453306932,0.24933976275845293,1.2977004922176587,1.2146376643783399,-0.6489997178909657,0.0,1.0
0.6050527710826988,-0.5257215179033758,-1.0825771053044437,-0.0005060360171741004,-0.08974909301364464,-0.0758100242808767,0.0,1.0
0.8007242480527423,-1.2013338824766604,0.8968707445758872,1.7839209875941502,-0.29043661443477,0.19554671530953002,0.0,1.0
-1.907435279057445,1.7519789245889912,-0.20243851864712484,-0.8868387427442621,-0.8863274953322815,-0.7081881401478385,0.0,0.0
0.5901962114139934,0.9541516315543179,1.0412486748796466,1.171588565814524,-0.3500536665024226,-0.09526142473364461,0.0,1.0
-1.203171422613462,-0.14758427515073808,0.6398385560345051,1.4517758728757617,1.8902175588671801,-0.6870012940351841,0.0,0.0
0.868591115274845,-1.3466149458495336,1.1874241607001015,1.7200729576295286,-0.20977985678820504,0.31276922145982666,0.0,1.0
1.1983264921053804,-0.7338182125526127,1.0501093075973023,0.09911454266131803,0.16714389939911917,1.1620736789659385,0.0,1.0
0.160545762420636,-1.1171185431982986,0.9526063060416893,0.6402193086326671,1.700079639875158,-0.42775999230142003,0.0,1.0
-1.359013253089836,-1.2179417331893527,0.26769359426276845,0.4590674950467092,-0.0931708923620318,-0.695596372113334,0.0,1.0
-1.348848597545904,0.5366758632170098,0.5967887123851283,0.07247922993490505,-0.39248957150931313,-0.6933696283981459,0.0,0.0
-0.9222835867149937,-0.8227354562024491,0.37822951407816807,1.0503889837031806,0.37269119559254693,-0.6734569796774063,0.0,1.0
-0.5707863727317708,2.71334061734121,0.7557138727012973,-1.0108426752627089,-2.6793358115464745,-0.6402963291671976,0.0,1.0
-0.1890712760967151,-0.3625780604661772,-0.1876501699255437,0.25330055377595545,0.3696427802636538,-0.5654602339847802,0.0,1.0
1.3205528094107146,1.2632568948706995,1.1498164136744597,-0.815723155443778,-2.294702974132716,1.6262205822938964,0.0,1.0
1.1576080923301824,1.595134510930958,-1.9237395662998162,-1.5759665120165431,1.1061511362359395,1.0263283409333481,0.0,0.0
-0.8744783901206729,0.6886014383633792,-1.1854937388144005,-1.3162625157967638,1.6885076500900849,-0.6737483065787615,0.0,0.0
-0.4811330609686492,-0.525899426150236,0.6494219427531951,0.8118165437202168,1.0475488242944142,-0.6279270864136461,0.0,1.0
1.5165547551683418,-0.675653020836396,-1.5076860124869307,-0.043182466930416705,-0.5059712883245417,2.627662035063705,0.0,1.0
-0.5560396975983395,0.5293996970157601,-0.2606231900795255,-0.9558613220668154,-0.9132832164143161,-0.6335931949543872,0.0,0.0
-0.8581448564870257,-0.22176233956465627,1.0075999766465038,0.8191476390833328,-0.020103056539231577,-0.6697215346604215,0.0,1.0
