birthdate	mail	company	name	user_id	ssn	blood_group	current_location	registration	job	username	residence	station_ID
	hanakogoto@yahoo.com	株式会社小林農林	中島 太郎	549	393-51-1115	A+		2022/08/28		aito		151
	xsherman@hotmail.com	Wilson, Parker and Daniels	Aaron Bailey	628	063-48-1308	AB-	(Decimal('32.554525'), Decimal('75.786075'))	05/26/2024, 00:00:00		luiskim		698
	amandanicolini@poste.it	Semitecolo-Dovara SPA	Gabriella Ficino	1578	FGTMRN72P18G309M	A+	(Decimal('19.342353'), Decimal('102.673963'))	23 Jan 2023		hmarazzi		596
	caua57@uol.com.br	da Conceição e Filhos	Luiz Felipe Almeida	654	39547062883	O+	(Decimal('8.982873'), Decimal('-29.138431'))	17 Aug 2021	Auxiliar de serviços gerais	otavio03		417
1960-12-05	natalieluebs@hotmail.de	Zobel Weimer AG & Co. KG	Sybilla Gotthard	1720	739-75-5839	B+	(Decimal('85.314079'), Decimal('82.473652'))	29 Jan 2020		adlerverena		473
	salesravy@yahoo.com.br	Melo	Felipe Cassiano	2042	01437952879	A+	(Decimal('5.678388'), Decimal('19.569682'))	2023/11/20		ncastro		571
	okent@hotmail.com	Herrera, Graves and Bell	Jaime Miller	91	196-35-3487	A+	(Decimal('-21.5815835'), Decimal('63.086205'))	2019-12-28		dharris		694
1913-01-19	lkimura@hotmail.com	有限会社山口農林	高橋 和也	1071	823-09-6363	B+	(Decimal('5.6589065'), Decimal('133.321104'))	2020/05/28		hideki77		106
	uverri@gmail.com	Strangio e figli	Renzo Antonucci	1302	TZZGNL22H59B433N	B+	(Decimal('49.806929'), Decimal('30.292880'))	2023-10-23		ricciardiserafina		600
	cauacaldeira@uol.com.br	Costela	Helena Camargo	1837	41897625049	B-	(Decimal('-25.1225965'), Decimal('19.929366'))	2022/12/23		luisa99		65
	ingridheuser@gmx.de	Holt	Lambert Juncken B.Sc.	348	243-49-0831	O-	(Decimal('-76.7420955'), Decimal('-54.287618'))	10 Jun 2022		fliegnerheike		691
1921-08-16	thomasmendonca@gmail.com	Porto Vargas S/A	Srta. Juliana Sampaio	941	08736421987	B+	(Decimal('21.617098'), Decimal('-63.473070'))	2023-07-07		rafaelleao		430
1945-05-08	erika39@hotmail.de	Höfig Riehl AG	Slawomir Striebitz	575	950-90-7221	O-	(Decimal('-73.245226'), Decimal('-31.781968'))	08/09/2019, 00:00:00		trudelfinke		651
1994-08-30	mendoncarodrigo@ig.com.br	Cirino da Luz - EI	Brenda Nascimento	2005	48165032771	B+	(Decimal('-13.623693'), Decimal('-150.287439'))	2019/05/30	Profissional de recursos humanos	vitorrezende		134
1932-06-19	kazuyakato@hotmail.com	高橋食品合同会社	林 智也	718	398-46-0847	B+	(Decimal('-59.1856675'), Decimal('0.964899'))	2025-03-30		jun99		332
	ryohei29@yahoo.com	遠藤情報有限会社	中島 直子	231	030-74-8535	O-	(Decimal('34.4957585'), Decimal('89.475233'))	2021-06-20	寿司職人	fkobayashi		403
1990-03-28	dcastro@hotmail.com	Farias e Filhos	Dra. Ágatha Vasconcelos	763	57381649209	AB-	(Decimal('28.092099'), Decimal('30.938420'))	12/03/2022, 00:00:00		luna63		682
1993-06-11	kantonelli@gmail.com	Moccia, Chigi e Garzoni s.r.l.	Matilda Guglielmi	516	CVLFLV72D28C533C	AB-		2021/11/23	Proofreader	oricciardi		206
	geronimo40@tele2.it	Conte-Castiglione e figli	Dott. Coluccio Gremese	1888	BRSGCH69M71E507A	O-		2023-04-08	Electronics engineer	paolo28		387
	caoki@yahoo.com	長谷川銀行有限会社	池田 修平	1004	615-67-0497	B+	(Decimal('58.771473'), Decimal('-100.561636'))	2024-02-18		kazuya98		27
1993-05-03	thomaseberhardt@hotmail.de	Mude	Isabell Niemeier	1184	911-41-5603	AB+	(Decimal('86.918329'), Decimal('133.178188'))	01/03/2022, 00:00:00		markussontag		425
	annetta86@live.com	Guglielmi, Fittipaldi e Badoglio s.r.l.	Ninetta Cristoforetti	740	SBLGNN38C20L816V	B-	(Decimal('-70.254370'), Decimal('-125.630498'))	10/22/2024, 00:00:00		galuppiernesto		229
1991-09-09	johnsonheidi@gmail.com	Mcneil, Torres and Jimenez	Debra Smith	1623	578-51-2555	AB+	(Decimal('21.9277055'), Decimal('104.275724'))	2023-01-14		rray		278
	jade40@bol.com.br	Viana Silveira - EI	Dante Borges	1906	24369780187	O-	(Decimal('83.856806'), Decimal('-5.719931'))	2019-02-04		esthercavalcanti		404
1970-04-11	ferraboscopina@virgilio.it	Desio-Luria e figli	Dott. Ida Toninelli	1458	DLLSTN41M11I852D	B+	(Decimal('71.1010635'), Decimal('88.163128'))	2024/02/12	Therapist, music	ytafuri		231
	lori82@hotmail.com	Lee-Holland	Jeffrey Brown	46	658-94-1111	O-	(Decimal('-89.8586705'), Decimal('-72.875436'))	2023/12/08		timothy47		221
1961-08-12	fzanzi@virgilio.it	Rinaldi, Polesel e Salieri Group	Atenulf Sermonti-Zaccagnini	1669	BRZMND49A22D650V	B+	(Decimal('66.5957085'), Decimal('-97.170732'))	11/15/2021, 00:00:00		monteverdivincenza		536
	matsudayosuke@gmail.com	株式会社鈴木情報	前田 拓真	499	692-65-4448	B-	(Decimal('-18.497067'), Decimal('156.210933'))	2021/09/18	ウェディングプランナー	nsakamoto		678
1918-07-11	holdenjames@hotmail.com	Smith, Perry and Maynard	Thomas Morales	1906	496-02-0991	O-		05/14/2021, 00:00:00	Designer, jewellery	rgarcia		332
2003-07-20	scheelurs@yahoo.de	Gnatz Stiftung & Co. KG	Alla Eimer	1546	920-45-3835	A+	(Decimal('-82.089676'), Decimal('133.219771'))	2022-04-07		jbien		431
1955-03-30	nakamurataichi@gmail.com	佐藤電気合同会社	森 明美	1367	496-82-4133	AB-	(Decimal('-63.939118'), Decimal('-94.285158'))	14 Sep 2023	栄養士	yui99		363
1942-11-02	imoraes@uol.com.br	Fogaça da Mota e Filhos	Ravy Rocha	1246	31608924769	O+	(Decimal('61.4114545'), Decimal('-55.610763'))	08/22/2023, 00:00:00		isaac76		236
	mark65@hotmail.com	Richardson Group	Paul Rodriguez	141	066-67-3039	B+	(Decimal('-45.4805275'), Decimal('-92.249698'))	04/28/2022, 00:00:00		nguyenhaley		461
	uriccardi@virgilio.it	Maggioli e figli	Gianluigi Cremonesi	276	TRRDLA13B02M418R	O+	(Decimal('78.3303205'), Decimal('139.240585'))	26 Feb 2023		giampaolocostalonga		271
1967-07-06	itokana@yahoo.com	合同会社佐藤情報	西村 里佳	1190	514-89-7017	A+	(Decimal('-48.822935'), Decimal('17.242272'))	2020-08-05		nanami02		540
1956-01-07	agatha77@uol.com.br	Monteiro Farias - ME	Mariah Oliveira	1050	02743195860	A+	(Decimal('2.7878935'), Decimal('-152.034059'))	2024-07-10	Tecnólogo em processos químicos	diogolopes		550
	umbertoamato@libero.it	Molesini SPA	Gino Ruggieri	953	SNDBRL83T55M081X	AB-	(Decimal('-51.3571625'), Decimal('-33.553623'))	2022-06-09	Orthoptist	opeano		352
1959-06-09	fonsecaalice@gmail.com	Pires	Ana Liz Lopes	829	82439607592	O-	(Decimal('-26.2004395'), Decimal('34.863707'))	08/05/2019, 00:00:00	Gagsman	beniciovieira		370
1923-10-01	gpetralli@virgilio.it	Tropea SPA	Federica Pugliese-Luzi	387	FGTLCN28R48M103V	O-	(Decimal('-2.603516'), Decimal('3.913529'))	09/05/2022, 00:00:00		daria77		706
1984-05-21	costaliam@hotmail.com	Pereira e Filhos	Vitor Mendes	618	51968034757	AB+	(Decimal('-33.7018475'), Decimal('6.499971'))	29 Jun 2019		agathavargas		66
1968-12-22	detlefgirschner@hotmail.de	Martin Krause KGaA	Siegmund Striebitz	365	457-66-7957	O-	(Decimal('-30.045552'), Decimal('-3.017273'))	06 Jan 2020		nellilangern		283
1982-05-22	ewhite@yahoo.com	Chambers LLC	Jennifer Morris	1670	409-01-3407	B+	(Decimal('-0.1584925'), Decimal('-20.766057'))	23 Feb 2020	Dispensing optician	connorharris		563
1911-04-23	idaprodi@poste.it	Giolitti s.r.l.	Sig. Arnaldo Caboto	2024	SMNZEI86R70L686U	AB+	(Decimal('80.736926'), Decimal('-8.854749'))	28 Oct 2021		liviasaragat		16
	xheuser@yahoo.de	Hübel Schacht GmbH	Univ.Prof. Bernward Schleich	1332	107-20-5545	AB+	(Decimal('-13.710484'), Decimal('-164.381183'))	05 Jan 2021		hartungsylvester		692
1995-06-28	naoko62@yahoo.com	有限会社阿部電気	田中 淳	70	055-66-7649	AB+	(Decimal('-24.496620'), Decimal('-148.718417'))	07/13/2025, 00:00:00		manabunakamura		106
1984-01-24	andrewbutler@gmail.com	Lester-Jones	Lisa Steele	144	060-99-2028	A-	(Decimal('-68.6365905'), Decimal('-125.779146'))	2022/02/10		wigginsapril		436
1958-10-03	takahashimituru@yahoo.com	伊藤情報有限会社	中村 千代	1278	352-56-9821	B+	(Decimal('-0.4990895'), Decimal('54.246007'))	2023-01-01		nakamurakyosuke		118
2004-02-05	iborges@uol.com.br	Peixoto	Ana Julia Moreira	570	63270495838	B-	(Decimal('75.8206885'), Decimal('135.913958'))	12 Nov 2022		mguerra		344
1964-09-13	ariane96@web.de	Binner Wulf KG	Felizitas Häring	1503	146-07-4223	B+	(Decimal('70.208855'), Decimal('5.229761'))	2020-10-07	Artist	opatberg		577
1951-04-19	isis96@ig.com.br	Farias Ltda.	Liam Ramos	307	21879634031	O-	(Decimal('55.158114'), Decimal('-116.469505'))	07/14/2024, 00:00:00	Podólogo	evieira		600
2002-11-13	adem80@gmail.com	Davids Staude e.G.	Prof. Sieghard Hettner	8	153-86-0722	B+		03/01/2023, 00:00:00		binnerkarolin		318
	robertocassara@libero.it	Cappelli s.r.l.	Durante Jacuzzi	772	BVORMS50B53G475P	A-	(Decimal('8.2884655'), Decimal('147.055864'))	2024/04/21	Industrial buyer	palumboelmo		669
	williambrown@hotmail.com	Medina-Walters	Jason Warren	85	730-50-8477	O-	(Decimal('80.778550'), Decimal('31.432489'))	2020-07-11		qmontoya		131
	catarinaribeiro@gmail.com	Ribeiro	Enzo Gabriel Teixeira	386	04827136580	A-	(Decimal('-49.001650'), Decimal('-19.672947'))	10/31/2023, 00:00:00		das-nevesantonio		263
	poncecynthia@yahoo.com	Manning Group	Richard Benson	1392	785-89-8706	O-	(Decimal('77.3898205'), Decimal('-9.199735'))	03 May 2019	Museum education officer	devin30		109
	raimondo83@gmail.com	Pulci-Tamburini e figli	Dott. Giustino Bartoli	487	CPNBNT06C50E394X	O-		2019/10/05		daniele68		94
2019-11-30	giovanni80@live.com	Proietti s.r.l.	Atenulf Battaglia	644	CNCBRT14H70L984Z	B+	(Decimal('-57.9003345'), Decimal('124.754375'))	2022/06/09		lisabondumier		325
2008-08-21	jesse56@gmail.com	Kemp-Olson	John Davis	1473	198-66-3531	O+	(Decimal('-5.7195155'), Decimal('38.373483'))	05/03/2023, 00:00:00		brewerbrandy		593
	krocca@libero.it	Forza-Sgarbi s.r.l.	Susanna Ferragni	2130	MNLTRS24M29G424A	AB-	(Decimal('56.0534995'), Decimal('-150.732310'))	11/01/2020, 00:00:00	Health visitor	lucianacarriera		152
	ryamada@gmail.com	株式会社岡田農林	中川 篤司	601	800-54-1642	B+	(Decimal('65.456448'), Decimal('27.499117'))	12 Dec 2023		yamadaosamu		246
	ryszard25@gmx.de	Nette	Siegmund Pruschke-Rädel	1012	462-85-2866	B-	(Decimal('33.852782'), Decimal('43.972092'))	22 Jun 2019		patbergswetlana		624
1959-04-15	saitoryohei@hotmail.com	林鉱業有限会社	山本 桃子	1444	406-53-3988	B+	(Decimal('-22.1190875'), Decimal('-174.870000'))	05/24/2021, 00:00:00		mikakonakamura		86
	sbragaglia@virgilio.it	Camicione SPA	Antonietta Comisso-Musatti	1198	MRCSNN12D58B962B	A-	(Decimal('-28.117241'), Decimal('2.494797'))	02/14/2022, 00:00:00		qtoso		505
1996-07-02	zorbachlena@gmail.com	Zobel GmbH	Eckehard Scholtz	1118	872-18-2887	O-	(Decimal('3.8991515'), Decimal('63.307685'))	28 Jul 2023		prudolph		11
	grecoguglielmo@live.com	Gasperi, Morandi e Tozzo s.r.l.	Gustavo Ughi-Mastandrea	1070	BNCSRN93C30C848E	A-	(Decimal('62.498154'), Decimal('135.529817'))	08 Nov 2021		silvestro06		541
1969-03-23	takahashitakuma@gmail.com	山下農林有限会社	佐藤 稔	686	411-10-3459	B-	(Decimal('57.3816825'), Decimal('-123.777649'))	06/15/2025, 00:00:00	救急救命士	naoki10		182
2011-11-27	pesparza@gmail.com	Webb LLC	Ricardo Walker	885	622-97-6687	O-	(Decimal('-45.402221'), Decimal('-159.508863'))	2024-02-21	Teacher, adult education	shaun52		605
	ypagnotto@hotmail.com	Ferrucci, Romiti e Carfagna SPA	Romina Zanazzo	857	BRGGNN65L53B778V	O+	(Decimal('-53.667911'), Decimal('112.778802'))	2023/01/14		fiorenzoguariento		542
1971-05-20	qota@gmail.com	高橋印刷有限会社	田中 千代	1976	397-62-7000	O-	(Decimal('53.3846305'), Decimal('-140.845673'))	2020/05/22		taichi80		347
1982-04-22	lucasfonseca@ig.com.br	Castro	Pedro da Rocha	336	04326791896	B+	(Decimal('50.3829745'), Decimal('78.980616'))	07/04/2022, 00:00:00	Intérprete	luisa24		571
1944-06-26	yuiito@hotmail.com	株式会社渡辺銀行	田中 あすか	1645	003-14-1832	O-	(Decimal('38.8325505'), Decimal('-107.552923'))	2022-10-08		dyamazaki		40
1939-10-21	lmeucci@tiscali.it	Sansoni s.r.l.	Domenico Zetticci	2125	TNCSIA84A24E489Q	A+	(Decimal('-74.3326695'), Decimal('54.717533'))	10/30/2024, 00:00:00		rsalvemini		680
1938-12-23	jroehricht@web.de	Wagenknecht	Serpil Krause	1556	279-76-8002	A+	(Decimal('-15.840967'), Decimal('130.391763'))	12/20/2024, 00:00:00		lachmanncarina		81
1952-01-15	lodovico15@outlook.com	Petrassi, Argurio e Morandini SPA	Piergiuseppe Castellitto	16	PSNMLN01D20E245E	AB+	(Decimal('16.882316'), Decimal('147.500533'))	2020/09/16		ebosurgi		176
1995-02-03	yosukenakagawa@yahoo.com	合同会社高橋ガス	山田 涼平	727	548-28-0866	B-	(Decimal('61.913997'), Decimal('-28.735600'))	21 Feb 2023		satomiki		672
1978-02-24	dvolta@yahoo.com	Volterra-Anguillara SPA	Antonio Foletti	1410	CMRPLA84E11C439I	AB-	(Decimal('-33.875921'), Decimal('-125.826879'))	10 Dec 2018		ludovico05		468
	yasuhirosaito@hotmail.com	合同会社加藤電気	渡辺 直子	1043	598-90-1777	O+	(Decimal('-89.319897'), Decimal('38.933965'))	12/10/2024, 00:00:00		yosukewatanabe		589
	omeyers@yahoo.com	Schultz, Payne and Meyer	Derek Dorsey	430	055-42-8131	O-	(Decimal('-1.195426'), Decimal('-142.250051'))	01/17/2020, 00:00:00		ruizjeffrey		343
	yukisato@yahoo.com	合同会社岡田電気	中村 陽子	1226	405-98-1176	AB+		2019/05/29		satochiyo		691
2001-10-08	ramazan57@gmx.de	Mans GbR	Zehra Rörricht	2136	815-94-1752	A-		2021-06-05		alfonsotrapp		583
	nanami89@yahoo.com	有限会社加藤情報	伊藤 香織	1198	516-67-5149	AB+	(Decimal('-69.7257095'), Decimal('-40.775767'))	12/26/2020, 00:00:00		ryosukehasegawa		36
1972-06-20	gmontenegro@gmail.com	Pinto e Filhos	Allana Pimenta	1222	15048723635	O+	(Decimal('17.791105'), Decimal('-164.536872'))	2022/07/12		pereiraagatha		215
1966-05-10	siegried83@yahoo.de	Weitzel Weller GmbH	Uta Eberhardt	1154	065-18-9796	AB+	(Decimal('-27.1212035'), Decimal('-22.603774'))	10/01/2024, 00:00:00	Bäcker	eotto		336
1944-10-19	andrewmoran@hotmail.com	Bishop Inc	Theresa Jones	2124	092-11-1386	AB-		15 Dec 2019	Freight forwarder	nhopkins		548
1912-09-10	yutatanaka@hotmail.com	渡辺食品有限会社	山田 充	1276	045-85-3978	A+	(Decimal('46.799732'), Decimal('-113.272932'))	2023/08/19		ssato		631
1923-11-28	scarponisantino@gmail.com	Paltrinieri-Luna e figli	Ilaria Leone-Combi	1043	BRBGRM54P66M314J	A+	(Decimal('53.588517'), Decimal('55.993572'))	21 Dec 2023		allegragadda		463
1979-04-21	katherinesmith@hotmail.com	Ryan-Hart	Christina Johnston	2135	631-17-5508	O-		2021/12/06	Multimedia specialist	glovermichelle		160
1996-12-08	julianseip@gmail.com	Haase Hendriks AG & Co. OHG	Cynthia Beer	1659	901-36-4410	B+	(Decimal('51.8558655'), Decimal('-115.045062'))	2023-08-08		junitzurszula		231
1933-01-08	dawnjimenez@yahoo.com	Dean, Martinez and Love	John Kelley	1427	845-69-0344	B-	(Decimal('-77.436409'), Decimal('-130.432700'))	25 Jan 2022		ryan29		581
2009-01-01	yumikosato@gmail.com	中村鉱業合同会社	林 直樹	479	486-29-6178	A-	(Decimal('3.6363525'), Decimal('8.447087'))	01 Jan 2024		watanabejun		311
	vanessatrobbiani@gmail.com	Antelami, Rossellini e Anguillara e figli	Arsenio Trebbi	1302	PLMLNE83S14I278U	B-	(Decimal('-76.3735635'), Decimal('69.607316'))	09/06/2021, 00:00:00		bellinifortunata		561
	nakagawahiroshi@hotmail.com	合同会社斎藤食品	中村 直樹	2158	450-83-3729	O-		2020-05-21		asuzuki		537
	florafattori@gmail.com	Sibilia SPA	Dott. Annalisa Ginesio	123	LRNCPN85L45G011I	O-	(Decimal('17.6732355'), Decimal('-123.044393'))	04/10/2021, 00:00:00		iciani		145
1926-11-03	dpereira@hotmail.com	Duarte S.A.	Antony Montenegro	91	68205491720	AB+		05/10/2020, 00:00:00		pintonicolas		574
	ayalaisabella@hotmail.com	Fleming, Richard and Gordon	Jessica Stewart	1521	848-38-4636	O+	(Decimal('87.5059385'), Decimal('169.358156'))	03/13/2021, 00:00:00	Neurosurgeon	boydkristi		215
1999-04-18	britodavi-miguel@bol.com.br	Araújo Rodrigues e Filhos	Enzo Montenegro	543	68423917509	B-	(Decimal('-30.8945155'), Decimal('133.213323'))	2022/07/13		azevedolavinia		50
	torbenkade@web.de	Gude	Lilian Staude	1216	022-38-3846	AB-	(Decimal('39.722956'), Decimal('-12.871827'))	21 Jan 2020		oestrovskylia		535
	vitor-hugobarbosa@gmail.com	Farias	Bernardo Farias	731	65324971855	A+	(Decimal('-68.458834'), Decimal('-31.178309'))	08/10/2019, 00:00:00	Sushiman	psa		545
	ryoheiokada@yahoo.com	山本水産合同会社	池田 康弘	1486	073-86-7393	AB-	(Decimal('54.6095225'), Decimal('137.799065'))	05 Jan 2020	救急救命士	atsushiyoshida		139
1927-07-13	tedescovenancio@gmail.com	Bajamonti-Renault s.r.l.	Michele Bianchini-Nicoletti	1173	BBGLCN80M58I477R	B+	(Decimal('-73.421960'), Decimal('33.861009'))	2024-03-18		qricolfi		669
1913-08-17	wtoscani@hotmail.com	Gottardi SPA	Dott. Nanni Cignaroli	259	RDEDNL92P58D430Q	B+	(Decimal('26.2876625'), Decimal('25.191294'))	03/13/2020, 00:00:00		giustifederica		312
2016-01-27	chiyonakamura@hotmail.com	山崎鉱業合同会社	佐藤 陽一	1691	755-13-4631	AB+	(Decimal('76.166477'), Decimal('-85.948959'))	2022-03-18		yamamototakuma		434
1935-11-25	lucia83@fastwebnet.it	Ortolani SPA	Emma Fattori	474	NFNRMN67B54I219I	AB-	(Decimal('-1.7228265'), Decimal('179.448255'))	31 Mar 2021	Forensic scientist	serafinacabrini		376
	lnakagawa@gmail.com	有限会社鈴木保険	岡田 陽子	1377	624-25-3493	O+	(Decimal('66.0359145'), Decimal('-100.229030'))	2021-12-28		inouesatomi		91
2007-07-07	tonyaperez@hotmail.com	Bowen, Dawson and Smith	Raymond Gray	1617	791-23-7640	A+	(Decimal('57.266032'), Decimal('-63.983437'))	12/29/2019, 00:00:00		brownmark		235
2013-02-25	lorenzomoura@yahoo.com.br	Sampaio	Bianca Vieira	1901	42319685006	A+	(Decimal('-72.970660'), Decimal('6.950308'))	2025-05-03		sandrade		350
1969-07-11	frankcasey@yahoo.com	Morris, Woods and Nelson	Mary King	243	248-11-2560	O+	(Decimal('-10.0839945'), Decimal('-40.772746'))	01 Jul 2023		michelle19		282
	nakagawaminoru@yahoo.com	合同会社山田通信	森 太一	1154	027-06-5216	O-	(Decimal('-31.267928'), Decimal('-131.440510'))	11/03/2020, 00:00:00		dhasegawa		154
	mikako93@yahoo.com	近藤水産有限会社	吉田 涼平	1348	698-77-6763	O-	(Decimal('72.062354'), Decimal('52.436976'))	2023-07-04		wtanaka		62
	hidekiyamamoto@yahoo.com	石井運輸株式会社	佐藤 裕美子	658	142-90-7212	A-	(Decimal('55.7383185'), Decimal('-139.858566'))	2024-01-17	アートディレクター	reisuzuki		144
1983-10-15	xribeiro@ig.com.br	Pires da Conceição e Filhos	Srta. Juliana Pacheco	249	16529738002	B+	(Decimal('51.3713935'), Decimal('104.488446'))	01/07/2025, 00:00:00		francisco94		280
1921-03-25	jbohnbach@gmail.com	Eberth Stiftung & Co. KGaA	Jeanette Schacht-Scholl	358	010-31-3963	B-	(Decimal('6.572422'), Decimal('-27.108379'))	11/28/2018, 00:00:00		daniele97		602
	danilo55@yahoo.de	Schmidt GmbH	Monica Mude	1707	065-96-5880	A+	(Decimal('32.557914'), Decimal('-177.402803'))	15 Nov 2023		bekir53		36
	ferreirarafael@uol.com.br	Araújo	Otto Cardoso	140	08241796331	A-	(Decimal('84.698432'), Decimal('-167.043194'))	2019/12/20		nathan43		528
	veronicabandello@gmail.com	Volta s.r.l.	Giulio Morellato	648	CNDMDA07A49A605C	B+	(Decimal('-16.0441075'), Decimal('66.590965'))	02/14/2025, 00:00:00	Clinical biochemist	benito81		559
1999-04-26	jonathan67@hotmail.com	Gaines, Crane and Long	Stephanie Owens	1057	055-16-4344	O+	(Decimal('-23.6954195'), Decimal('-77.041241'))	14 May 2021		combskimberly		262
	rolando38@libero.it	Binaghi-Poerio SPA	Valeria Bonanno	2117	DLLRND98E71A501Q	O+	(Decimal('49.048773'), Decimal('-32.291592'))	07/05/2025, 00:00:00		pizzettisalvi		139
	bernardo17@ig.com.br	Sá Pimenta Ltda.	Leandro Novaes	1754	50148793657	O-	(Decimal('12.755573'), Decimal('90.767248'))	23 Dec 2021		enricobarros		293
	saitoosamu@yahoo.com	石井印刷株式会社	鈴木 充	1913	788-77-8176	AB+	(Decimal('19.574399'), Decimal('-141.970005'))	23 Jun 2019		akira40		311
	otaviomonteiro@gmail.com	da Cruz S/A	Melina da Rosa	2075	79832516021	A-	(Decimal('-35.911226'), Decimal('-174.676570'))	25 Jul 2021		marianacassiano		25
1945-01-31	labe@hotmail.com	合同会社吉田農林	渡辺 翔太	328	823-41-5951	A-	(Decimal('-57.689656'), Decimal('148.931017'))	18 Jun 2025	薬剤師	momoko37		64
	krezende@bol.com.br	Borges Aragão S.A.	Yuri Vieira	2005	89406215306	B-	(Decimal('31.272510'), Decimal('177.618047'))	02 Sep 2022		ynovais		430
	drios@gmail.com	Campos	Ester Abreu	737	40523678983	O-	(Decimal('-51.7707835'), Decimal('-13.521301'))	15 Jul 2020	Profissional de cinema	pachecoraquel		9
2009-10-11	barthhans-erich@gmail.com	Scholz	Prof. Phillip Christoph B.A.	2102	822-22-1721	A+	(Decimal('20.351970'), Decimal('95.020709'))	2024/09/06	Fleischer	drubincarolin		315
	hunterjeremy@yahoo.com	Hudson, Colon and Moreno	Jesse Washington	629	364-82-0419	AB-	(Decimal('-62.687580'), Decimal('103.729614'))	02 Sep 2021	Civil Service administrator	ian71		170
1951-07-17	maura47@live.com	Brenna-Nadi e figli	Gioele Montanariello	2042	CRSLSE45T10E047N	O+	(Decimal('82.0198045'), Decimal('127.783737'))	2025-04-07	Designer, fashion/clothing	luzimaurilio		365
1973-11-25	jaekelsonja@googlemail.com	Huhn Hethur AG	Robin Gotthard	2079	540-54-7215	A+	(Decimal('46.7982165'), Decimal('25.114171'))	2024/10/11		geraldine30		60
	fostersarah@gmail.com	Williams PLC	Brandon Glover	782	074-11-3732	B+	(Decimal('67.5238875'), Decimal('-177.139758'))	2024/04/06		gregoryweaver		163
1974-07-19	asaito@gmail.com	株式会社長谷川農林	松本 春香	1083	230-65-2356	AB+	(Decimal('47.374032'), Decimal('178.344214'))	2020/06/17	医師	wikeda		579
	prossini@gmail.com	Donarelli, Quasimodo e Olivetti e figli	Ippazio Scarfoglio	1231	PLLLSS18L21M378O	AB+	(Decimal('-14.2178705'), Decimal('-122.236201'))	11/09/2024, 00:00:00		baldassare48		562
	zlussu@alice.it	Versace-Luxardo SPA	Simonetta Praga	770	BNLVRL78M47G888R	O+	(Decimal('-89.859727'), Decimal('-98.207285'))	10/16/2022, 00:00:00		toninelligastone		495
	scottblake@hotmail.com	Williams-Cline	Crystal Kline	1794	098-30-8408	O+	(Decimal('-73.2538235'), Decimal('-11.775485'))	25 May 2019	Medical technical officer	tflowers		184
2016-10-14	wkobayashi@hotmail.com	鈴木電気合同会社	鈴木 明美	471	287-59-1708	AB-	(Decimal('53.1658065'), Decimal('-128.744237'))	2023/09/19		pwatanabe		664
	ihernandez@yahoo.com	Parker, Martinez and Singh	Sherri Walker	1694	567-47-4303	AB-	(Decimal('-67.9120815'), Decimal('100.148073'))	05/30/2023, 00:00:00	Financial controller	holmesashley		152
1941-08-01	mesut13@googlemail.com	Röhricht e.V.	Zeki Franke-Mangold	886	841-01-4347	AB-	(Decimal('-64.0382675'), Decimal('125.731602'))	01/04/2020, 00:00:00		ottokar87		488
	hughestara@yahoo.com	White, Thompson and Mclaughlin	Douglas Jones	1929	295-33-6386	AB-	(Decimal('13.372232'), Decimal('40.538415'))	21 May 2022		charlotte10		357
2024-06-03	katorei@yahoo.com	有限会社吉田銀行	吉田 智也	1712	797-44-6896	O+	(Decimal('-57.249667'), Decimal('-159.847523'))	2019-09-02		yuta13		461
1949-01-04	jon44@gmail.com	Mann-Barnett	George Nelson	1075	335-77-1246	O-	(Decimal('-75.452921'), Decimal('73.329042'))	2019/04/19		tylerdawson		228
	zimmerfalk@yahoo.de	Eimer Gierschner GmbH & Co. KG	Janos Schacht	585	156-73-9463	AB-	(Decimal('-86.2601305'), Decimal('82.778251'))	06 Jun 2025	Fleischer	rosiholzapfel		257
	wscholl@gmx.de	Römer AG & Co. KG	Stephan Winkler	986	125-21-6891	B+	(Decimal('56.2015005'), Decimal('-8.202077'))	2023/08/15		roserudolph		256
1918-10-15	theresetrupp@hotmail.de	Eigenwillig	Univ.Prof. Gerti Haase	1348	316-57-8964	B-	(Decimal('5.114054'), Decimal('92.495863'))	2022-08-01	Artist	thiesangelina		285
	camillopedersoli@tele2.it	Falcone-Venturi s.r.l.	Ivan Sansoni	1608	PTRNNI58L23D761B	AB-	(Decimal('-29.5185895'), Decimal('-81.449376'))	10 May 2025		ptartaglia		629
1973-06-16	imaeda@gmail.com	鈴木農林有限会社	山口 香織	1615	673-02-8899	B-	(Decimal('62.7661265'), Decimal('39.792550'))	11/11/2019, 00:00:00		asukayamaguchi		700
	kferreira@yahoo.com.br	Almeida	Levi Vargas	1655	18903254732	B+	(Decimal('-34.232348'), Decimal('44.322012'))	08/24/2023, 00:00:00	Tecnólogo em recursos pesqueiros	qsiqueira		136
	zkoch@yahoo.de	Bohnbach Anders GmbH & Co. KG	Hasan Liebelt	1402	518-78-5234	AB+	(Decimal('30.387186'), Decimal('29.896660'))	11/06/2021, 00:00:00		hannah78		112
	annemie56@hotmail.de	Wirth	Adelbert Ehlert	521	576-17-3800	AB+	(Decimal('2.103345'), Decimal('116.335728'))	04 Jul 2021	Florist	mentzelcathleen		520
	luizasiqueira@ig.com.br	Lopes Jesus Ltda.	Lucas Gabriel Caldeira	420	26148970511	O+	(Decimal('25.832090'), Decimal('137.980128'))	09/12/2024, 00:00:00		rezendemarcos-vinicius		192
1925-03-10	paffrathfriedhilde@hotmail.de	Mielcarek	Herr Michel Flantz B.Eng.	1570	527-49-8394	A+	(Decimal('-23.087368'), Decimal('78.003533'))	03 Jul 2021	Chemikant	wthies		27
1942-03-16	karl-hans14@aol.de	Hesse Jäkel AG & Co. OHG	Kreszentia Henschel	1589	175-94-5890	A+	(Decimal('-24.399466'), Decimal('-170.142175'))	15 Nov 2022		hamanntraudel		711
1960-11-02	ryohei62@gmail.com	橋本食品合同会社	佐藤 稔	330	488-15-3144	AB-	(Decimal('76.386975'), Decimal('-171.342400'))	01 Jun 2022		mai33		373
2014-08-10	roskothernestine@yahoo.de	Dörr GmbH	Dipl.-Ing. Ehrhard Hentschel B.Eng.	902	457-94-3097	AB-	(Decimal('26.5887965'), Decimal('31.632162'))	10/16/2018, 00:00:00		preising		339
	momokonakamura@yahoo.com	阿部電気株式会社	山本 拓真	593	256-02-1971	AB+	(Decimal('-40.5168155'), Decimal('178.104016'))	2020/03/27	音楽家	naokiikeda		104
	odietz@aol.de	Metz	Theresa Zänker	30	335-33-4594	AB+	(Decimal('50.011629'), Decimal('-43.991063'))	2019-06-03		heinz-dieterstey		144
1966-05-03	qokamoto@yahoo.com	株式会社鈴木水産	近藤 翼	641	511-89-7683	AB+	(Decimal('-0.202849'), Decimal('128.377435'))	03 Aug 2019		yui36		551
2003-01-30	hroerricht@googlemail.com	Geisel GbR	Gereon Budig B.Eng.	91	036-09-1654	AB+	(Decimal('15.639467'), Decimal('-28.271727'))	07/15/2020, 00:00:00	Arzt	friedlindeweimer		458
	federica12@live.com	Malpighi-Vianello e figli	Sig. Enrico Gentili	296	BCCGRM11P56B655N	AB-	(Decimal('-43.988983'), Decimal('-148.642124'))	2019/12/10		gianpietropiane		573
	lhethur@web.de	Steinberg Birnbaum KGaA	Giuseppe Hering	1055	130-60-2073	A+	(Decimal('-14.4442805'), Decimal('122.969148'))	2022-03-11	Binnenschiffer	margraffriedemann		13
1936-11-06	jennifer69@hotmail.com	Harrison-Moore	Jerry Dixon	906	766-58-0406	A+	(Decimal('55.7173015'), Decimal('-71.310766'))	2021-06-26		sarah79		241
	germanobenedetto@vodafone.it	Pizzo Group	Giovanna Rossetti	693	DRNFBZ00E05H604Y	O+	(Decimal('88.966792'), Decimal('-59.816550'))	2025/09/11	Production assistant, radio	xtotino		225
1961-09-20	naokotakahashi@gmail.com	合同会社佐藤保険	坂本 智也	853	109-94-0338	B+	(Decimal('19.361488'), Decimal('-107.846746'))	17 Jun 2023		pyamaguchi		476
	ebertgero@gmx.de	Wirth GmbH	Ulrich Birnbaum	1580	695-93-2383	AB+	(Decimal('24.6253375'), Decimal('-33.113862'))	12 Jun 2025	Schornsteinfeger	rebecca47		672
1946-01-02	bpanicucci@hotmail.it	Panicucci SPA	Dott. Carolina Guidone	2145	BRLSLT22E56C162H	AB-	(Decimal('56.848911'), Decimal('155.879126'))	09/14/2020, 00:00:00		enzo54		82
	kranznadia@googlemail.com	Werner	Ing. Alexei Grein Groth MBA.	2158	207-28-5250	B-	(Decimal('12.4582675'), Decimal('106.545131'))	24 Oct 2023		ante01		341
	monteirovalentina@hotmail.com	das Neves Pastor - EI	Maria Laura Abreu	1816	02814359606	O+	(Decimal('35.3270305'), Decimal('92.976882'))	06/17/2021, 00:00:00		leonardoaparecida		481
	rmills@yahoo.com	Hunt Group	Michael Berry	1058	899-75-4161	B-	(Decimal('87.7336665'), Decimal('-145.870020'))	10/01/2024, 00:00:00		banderson		16
	xgaiatto@libero.it	Migliaccio s.r.l.	Gianna Bertolucci-Legnante	236	MRGGRM51S69F935P	O+	(Decimal('-66.726468'), Decimal('82.019494'))	2023/02/21	Production designer, theatre/television/film	federigobrunelleschi		617
	msuzuki@hotmail.com	株式会社近藤保険	清水 里佳	1476	539-46-8964	A-	(Decimal('53.6842745'), Decimal('124.873964'))	02 Feb 2023		naokofujita		406
	swatanabe@yahoo.com	合同会社小林通信	山崎 太一	838	861-26-4922	O-	(Decimal('-83.5602645'), Decimal('-74.304225'))	2021-11-11		momoko94		514
	nsantos@uol.com.br	Pacheco	Fernanda Brito	1089	60482571390	B+	(Decimal('59.544426'), Decimal('86.129645'))	2025/06/19		machadojulia		282
	mikewilmsen@gmx.de	Seifert	Anto Girschner	902	143-73-1111	B+	(Decimal('-7.348478'), Decimal('55.223251'))	07/02/2020, 00:00:00		ullrichguelten		558
2005-02-09	yandrade@uol.com.br	Cavalcanti	Gael Henrique Abreu	1184	94012638505	AB+	(Decimal('-60.043731'), Decimal('171.244340'))	2023-01-20		cferreira		718
	maayaokada@yahoo.com	松本鉱業有限会社	後藤 あすか	1395	320-29-0871	O-	(Decimal('-38.2936665'), Decimal('-154.526483'))	16 Oct 2023		atsushi34		0
	uloeffler@gmx.de	Kramer GmbH & Co. KG	Ferenc Killer	13	667-96-8709	A-	(Decimal('-72.656899'), Decimal('29.839641'))	10/20/2021, 00:00:00		bertoldwieloch		517
	tanakakaori@hotmail.com	有限会社伊藤鉱業	藤田 真綾	1014	056-82-6284	O+	(Decimal('66.892405'), Decimal('-162.918771'))	2021/02/01	公認会計士	tito		668
2019-03-28	sousalarissa@bol.com.br	Aparecida S.A.	André Leão	1386	19824506306	O-	(Decimal('-39.987565'), Decimal('-145.337015'))	27 Apr 2022	Cumim	livia82		153
1974-03-05	barrosapollo@ig.com.br	Vargas - EI	Raul Casa Grande	300	43256019706	O+	(Decimal('-20.607052'), Decimal('78.327504'))	2021-05-21	Cientista social	manuela13		385
	sigmar21@hotmail.de	Vollbrecht Schmiedt GmbH & Co. KG	Carmen Schleich B.A.	1098	868-68-4800	A-	(Decimal('-5.4209635'), Decimal('-45.637356'))	2022/11/24	Chirurgiemechaniker	reinhardtluisa		596
	kbossi@libero.it	Guicciardini SPA	Allegra Zacco-Polani	620	LFRGDU01M62H789E	AB+	(Decimal('55.002731'), Decimal('-83.773071'))	21 Mar 2020		ferranteclaudia		370
	byamazaki@gmail.com	森印刷有限会社	佐藤 明美	136	767-21-4877	A+	(Decimal('-26.3156945'), Decimal('-126.848831'))	2024/02/04		naoki65		354
1918-12-26	francesco37@fastwebnet.it	Donati-Nonis SPA	Gianmarco Fabbri	413	CSTDRN50P19I079G	AB-	(Decimal('43.5130775'), Decimal('-114.646782'))	12/02/2023, 00:00:00	Museum/gallery exhibitions officer	wgrimani		175
	yuki49@hotmail.com	山本情報株式会社	山口 陽子	454	400-86-1199	A+	(Decimal('-76.5290925'), Decimal('43.682559'))	06 Feb 2025		ktakahashi		181
1989-04-01	claytonharvey@gmail.com	Chandler-Arnold	Tony Garcia	963	083-07-9498	A-	(Decimal('70.6764545'), Decimal('-46.489406'))	09/25/2022, 00:00:00		mary15		662
	jose-miguelsilva@gmail.com	Andrade	Isabelly Pimenta	728	95360742810	A-	(Decimal('27.7651075'), Decimal('-160.811537'))	17 Jun 2023		fariasluigi		557
	uconte@yahoo.com	Buscetta SPA	Donna Bertolucci	1122	LNESTN77E31A418G	O-	(Decimal('2.010193'), Decimal('26.602277'))	28 Mar 2022	Commissioning editor	tonino75		502
1957-01-19	lauraguerrero@hotmail.com	Acosta-Gonzalez	Adam King	1461	775-25-2956	B-	(Decimal('71.525891'), Decimal('169.844104'))	12/03/2021, 00:00:00		nhayes		232
	idaschaaf@yahoo.de	Schmiedt	Univ.Prof. Zofia Rose B.A.	863	049-85-2610	O+	(Decimal('-27.5459195'), Decimal('-77.904364'))	03/31/2020, 00:00:00		melittaring		455
1996-09-11	freditschentscher@hotmail.de	Geisel	Dr. Hülya Stahr B.A.	1384	228-24-0284	O+	(Decimal('-62.7427325'), Decimal('161.798365'))	2022/10/31	Asphaltbauer	kai-uwekraushaar		422
1932-03-27	hiroshiyamaguchi@yahoo.com	長谷川運輸合同会社	佐藤 健一	1968	582-87-9708	O-	(Decimal('-5.6568355'), Decimal('130.718112'))	2022-03-20		kyosuke21		324
	aragaoalice@ig.com.br	Leão S/A	Alexia Porto	1749	82640379500	B-	(Decimal('31.214688'), Decimal('-110.031903'))	2020-10-11		thiagolopes		214
1915-11-25	jinoue@hotmail.com	池田電気合同会社	西村 春香	1002	121-21-1642	A-	(Decimal('-28.641534'), Decimal('-36.828605'))	2020/07/30		taroendo		464
1979-08-16	helenlehmann@web.de	Gehringer AG	Kunigunda Blümel	1290	736-59-3015	AB-	(Decimal('1.605827'), Decimal('-144.324210'))	2022-04-24		schachtandree		272
	petarriehl@gmx.de	Beer Stiftung & Co. KGaA	Sigismund Kranz	1685	858-86-3515	A+	(Decimal('-32.5030365'), Decimal('-12.852115'))	05/11/2021, 00:00:00		zspeer		343
	luiz-felipemoura@gmail.com	Duarte - EI	Nicole Peixoto	2017	60795231407	B+	(Decimal('-53.870305'), Decimal('-5.177002'))	2020-06-18		eloa07		641
	metzlouis@googlemail.com	Bauer Sölzer GbR	Jan-Peter Peukert	1528	972-80-1155	O-	(Decimal('78.2432415'), Decimal('36.600519'))	2023-03-30	Forstwirt	rizatrupp		255
	bobbymccormick@yahoo.com	Moore Inc	Kathryn Russell	969	848-57-7758	B+	(Decimal('-88.7584745'), Decimal('-136.257318'))	12/15/2021, 00:00:00		anthony79		131
1960-12-08	hiroshi41@yahoo.com	小林情報合同会社	三浦 亮介	2091	614-77-1478	B+	(Decimal('-50.0709005'), Decimal('-119.466426'))	30 Mar 2020		katotaichi		211
2012-05-21	rmisicher@web.de	Drubin GbR	Goran Zorbach B.A.	1881	832-42-6714	O-	(Decimal('0.818096'), Decimal('-88.713685'))	26 Sep 2020		wschwital		348
1943-07-06	busoniirma@outlook.com	Donati-Cagnotto e figli	Dott. Alberico Surian	1922	RZZPLM86A11C760K	B-	(Decimal('-10.2476875'), Decimal('-6.706750'))	2022-01-16		nbellucci		68
1960-07-16	ywhitaker@yahoo.com	Diaz, Bonilla and Kemp	Mr. Richard Luna	203	200-90-8231	A-	(Decimal('59.7221275'), Decimal('-115.170715'))	05 Jan 2025		reedderek		497
1942-09-14	fabriziabragaglia@hotmail.it	Pezzali Group	Martina Morlacchi	31	BLBRFL75S25H815L	A-		2019-09-26	Catering manager	pizzettimaura		62
	joao-pedropastor@uol.com.br	Viana S/A	Mathias Araújo	293	32791850686	AB-	(Decimal('-84.079433'), Decimal('-147.348138'))	2019-12-29		ravi-lucca69		115
	zgrimani@tele2.it	Trentini-Manunta e figli	Dott. Tatiana Forza	747	CPPTRS14H11D841M	A-	(Decimal('-32.031590'), Decimal('-51.173528'))	31 Aug 2025		hugo81		93
	kyoshida@gmail.com	岡本銀行合同会社	伊藤 智也	660	379-31-6783	AB+	(Decimal('-49.094613'), Decimal('-31.626847'))	2023/12/26		atsushi47		335
1931-08-18	duartediogo@ig.com.br	Vargas	Letícia Moraes	914	03819542779	A-	(Decimal('-63.4338605'), Decimal('-109.256370'))	24 Sep 2022	Polidor de produção	yalmeida		88
1987-12-30	marconiadelasia@tim.it	Sismondi-Gabbana s.r.l.	Angelica Magrassi	815	TRZDRN71D19M048F	A-	(Decimal('-58.083462'), Decimal('-150.893123'))	2023/10/07		temistocle51		637
	kanakobayashi@yahoo.com	小林食品有限会社	前田 真綾	1054	414-18-1890	AB-	(Decimal('22.3265225'), Decimal('60.853065'))	2019-03-29		ryohei93		358
	garcialavinia@bol.com.br	Sampaio Ltda.	Sr. José Barros	1704	50837642965	B+	(Decimal('81.0296485'), Decimal('37.093239'))	2024/05/26	Veterinário	wrocha		680
	chayes@hotmail.com	Mccormick, Taylor and Smith	Anthony Copeland	1439	679-33-5478	AB-	(Decimal('-1.5134735'), Decimal('83.776965'))	2019-07-06	Acupuncturist	anna14		640
1994-01-27	mduarte@ig.com.br	das Neves	Asafe Cavalcanti	367	84517639010	AB+	(Decimal('38.927397'), Decimal('-144.830332'))	12 Jun 2025		camargoana-clara		531
2024-02-17	monika38@googlemail.com	Seidel	Almuth Förster	1313	062-35-6557	A+	(Decimal('84.400223'), Decimal('53.137837'))	2019-10-05		fschottin		712
1991-09-03	guidogeisler@gmail.com	Dörr KG	Jens Mosemann B.Sc.	1554	403-85-5511	O+	(Decimal('-81.1405305'), Decimal('-145.910806'))	19 Apr 2021		tschentscherdusan		247
	maedashohei@gmail.com	佐々木鉱業有限会社	青木 加奈	490	818-21-7434	B-	(Decimal('-21.9220795'), Decimal('-17.918809'))	07/13/2024, 00:00:00		minoru70		5
	qota@gmail.com	有限会社田中情報	佐藤 知実	293	712-76-1381	B-	(Decimal('85.7962915'), Decimal('27.975052'))	17 Sep 2019		shoheinakamura		524
	valentinada-cunha@gmail.com	Costa	Sofia Castro	1758	86074531900	AB+	(Decimal('-12.609927'), Decimal('-65.351200'))	2019/02/01		nvargas		210
1960-03-09	tvollbrecht@web.de	Jäkel	Mariusz Schinke B.Sc.	1327	056-69-1187	B-	(Decimal('38.033380'), Decimal('55.679745'))	05/01/2019, 00:00:00		ursel89		267
1913-05-17	stephany11@yahoo.com.br	Costa	Pedro Henrique Cardoso	31	43897125005	B-	(Decimal('12.789285'), Decimal('-77.555975'))	2024/06/23		daviguerra		205
1996-06-17	girolamocolletti@yahoo.com	Borrani-Ceci Group	Costantino Salata	1119	BNDCRN09D13L105O	A-	(Decimal('-2.7615615'), Decimal('-27.371750'))	2019-11-18		evangelista98		284
	ugregori@libero.it	Zoppetto-Cappelli SPA	Michelotto Papetti	819	CRQLLR76H25L073L	O-	(Decimal('60.145065'), Decimal('56.194809'))	03/06/2024, 00:00:00	Museum/gallery curator	ytraetta		157
1960-06-28	whitesavannah@gmail.com	Hines-Hansen	Ricky Holmes	423	158-16-0564	A+	(Decimal('57.6838265'), Decimal('151.032394'))	30 Apr 2022		samuelbarry		518
1981-05-10	caldeiravinicius@bol.com.br	Fogaça	Sra. Melissa Abreu	1108	78923165077	O+	(Decimal('88.6654575'), Decimal('55.957034'))	12/03/2024, 00:00:00		dda-rosa		357
1955-11-14	vargasolivia@hotmail.com	Albuquerque Alves S/A	Letícia Câmara	544	67318045253	B+	(Decimal('-23.7198095'), Decimal('-6.764995'))	2022-06-16		moraesgael		547
2005-04-22	colton42@hotmail.com	Johnson, Lewis and Browning	Keith Barnes	1318	349-10-3368	AB-	(Decimal('28.2176585'), Decimal('120.980073'))	2021/12/10		daniel27		701
1946-05-06	anicaaumann@gmail.com	Möchlichen Thies AG	Mahmoud Adolph	2144	129-03-3974	A+	(Decimal('3.4714305'), Decimal('6.325825'))	05/26/2021, 00:00:00		lillymielcarek		489
1998-10-05	kai-uwedussen-van@web.de	Harloff Stolze KG	Vesna Söding B.Sc.	759	239-65-9204	A+	(Decimal('81.275431'), Decimal('120.587350'))	2024-08-24		svenja41		226
1942-05-28	clarissa46@web.de	Holsten AG	Hanspeter Pölitz	1001	257-73-4586	O+	(Decimal('65.510681'), Decimal('-166.137108'))	11 Sep 2024	Chemikant	gudeviktor		151
1937-11-18	jeremy05@yahoo.com	Owen-Walker	Jasmine Rowland DDS	1613	428-47-2116	B+	(Decimal('26.8443905'), Decimal('-159.641121'))	2023-10-03		jessica35		400
1982-05-26	reevesdevin@gmail.com	Stein-Brooks	Deborah Knight	1429	731-77-2982	AB+	(Decimal('46.3416665'), Decimal('-129.640614'))	06 Aug 2023		santiagodavid		264
1976-02-08	melina92@libero.it	Manzoni-Iacobucci s.r.l.	Telemaco Donarelli-Galvani	1826	PSNRSO85D14C128S	AB-	(Decimal('-40.182097'), Decimal('-43.220388'))	2020-06-16	Lobbyist	cesarevittadello		182
	qbarth@aol.de	Bauer GmbH & Co. KG	Otto Schuster	375	532-77-5106	A-	(Decimal('-80.670925'), Decimal('152.765258'))	2022-02-01		skarz		397
1943-10-20	liana83@live.com	Pignatti, Migliaccio e Giannelli Group	Sig.ra Vincenza Valier	1022	MNTLVI38P60M041M	O-	(Decimal('1.6995695'), Decimal('-15.503512'))	12 Jan 2019		ipagliaro		573
1986-12-12	bonomomirco@tele2.it	Depero, Maggioli e Giannone s.r.l.	Aldo Pincherle	1862	RMNMME15R21E456S	AB-	(Decimal('-5.842854'), Decimal('22.229278'))	05 Sep 2024	Orthoptist	morandiraffaele		318
	leeelizabeth@gmail.com	Davis, Gray and Beck	Larry Gallegos	667	799-69-9642	B-	(Decimal('-49.912927'), Decimal('-70.429181'))	11/16/2019, 00:00:00		anthonymaldonado		294
	hcorbo@live.com	Fallaci, Pucci e Bersani e figli	Graziano Porzio	1928	GVNGNI69S63E894Y	B+	(Decimal('7.970483'), Decimal('68.322763'))	12 Feb 2024		jolanda11		470
	carolyn74@yahoo.com	Donovan, Fox and Reed	Patricia Collins	1902	451-71-9256	O+	(Decimal('41.131292'), Decimal('149.365139'))	08/04/2023, 00:00:00		jessicakelly		721
1994-10-06	snakajima@gmail.com	株式会社佐藤運輸	岡本 幹	268	796-26-9973	O-	(Decimal('74.439400'), Decimal('97.774637'))	2024-11-23		atsushi54		716
	aurora69@uol.com.br	Carvalho	Ian Sampaio	512	93751042652	A+	(Decimal('-78.6434995'), Decimal('48.050145'))	13 Sep 2019		da-cunhahelena		18
1984-05-02	petersonamy@gmail.com	Navarro Ltd	Matthew Mueller	1679	639-73-9255	AB-	(Decimal('-89.7547345'), Decimal('-13.853888'))	07/25/2022, 00:00:00		lisathompson		438
	edwardrichardson@gmail.com	Warner LLC	David Fuentes	969	648-85-6122	AB-	(Decimal('-28.2392895'), Decimal('-17.134592'))	11 Jul 2023	Minerals surveyor	joannafox		637
	barbarigoserena@live.com	Petrucelli Group	Fiorino Anguillara	342	FVTMDA47S65I035J	B+	(Decimal('-31.768187'), Decimal('-15.515436'))	03 Mar 2025		silvia14		412
1957-04-24	underwoodlaura@hotmail.com	Kidd-Greene	Martin Goodman	1739	355-37-2872	A-	(Decimal('16.738259'), Decimal('49.562715'))	2024-02-12		leeanne		683
	yamadamai@gmail.com	株式会社鈴木食品	田中 亮介	634	221-93-2022	B-	(Decimal('82.3900155'), Decimal('-25.095539'))	17 Nov 2019	モデル	nsuzuki		314
	freyajaehn@yahoo.de	Kostolzin Dussen van KG	Ing. Hans-Dieter Barth MBA.	467	688-90-2169	O+	(Decimal('-82.398039'), Decimal('-65.139183'))	2023/01/03		xpaertzelt		368
	mzimmer@googlemail.com	Scheel GmbH & Co. OHG	Jeannine Mende-Schlosser	1892	785-56-8283	AB-	(Decimal('26.822747'), Decimal('124.065149'))	2019/03/17		gertzsaban		576
	maria-liz43@yahoo.com.br	Almeida da Cunha - ME	José Miguel Fonseca	1602	04581672902	AB+	(Decimal('-86.9349955'), Decimal('-164.498222'))	2020/08/28	Empacotador	jcarvalho		695
1927-12-25	ybenedetti@vodafone.it	Gianinazzi, Nicolini e Zaccardo SPA	Dott. Tina Fantozzi	1232	MRGDIA14S14H633A	O+	(Decimal('-65.8383455'), Decimal('111.000622'))	2025-08-20	Marketing executive	cinfantino		250
1922-03-05	jaragao@yahoo.com.br	Sampaio	Dr. Isaque Cavalcante	25	64809275167	B+	(Decimal('-86.419041'), Decimal('113.700692'))	02 Aug 2020		esampaio		163
	alicecavalcante@gmail.com	Pinto - ME	Benjamin Viana	1135	09213587686	B+		2019/11/25		maria-eduarda62		571
1912-01-26	kanainoue@hotmail.com	合同会社渡辺ガス	小川 あすか	993	629-23-4852	AB-	(Decimal('-6.9355005'), Decimal('-83.287891'))	2023-12-01		ishikawaminoru		220
1932-01-02	toniguinizzelli@alice.it	Filippini SPA	Renata Petrucci	1542	MNCFRZ36H61H152X	O-	(Decimal('52.1718555'), Decimal('-67.387409'))	2022-01-10		soniabernardi		110
	klotzleni@aol.de	Junitz GmbH	Riza Sontag-Junck	397	205-03-2965	O-	(Decimal('-36.2274775'), Decimal('75.335971'))	03/06/2019, 00:00:00	Elektroniker	gschinke		42
1995-07-05	kcardenas@yahoo.com	Lee-Davenport	Eric Mills	18	447-35-1930	AB+	(Decimal('-24.056644'), Decimal('-107.654178'))	21 Jan 2025		laura05		711
	anettefechner@googlemail.com	Jessel	Prof. Hans-Günter Mühle	1592	617-17-9623	AB+		2020-10-22		dsontag		337
	uda-rosa@yahoo.com.br	Cirino	Ian Novaes	769	37425186900	B-	(Decimal('25.126134'), Decimal('128.414181'))	01 Jul 2025		mmoraes		143
1976-01-15	ottovincent@gmx.de	Kitzmann	Jessika Lorch	1801	480-88-3831	A+	(Decimal('-48.7982795'), Decimal('-154.691449'))	24 Jan 2023		hannah32		302
	davidwilkinson@yahoo.com	Alvarez, Thomas and Wright	Dennis Dalton	1603	059-89-1734	B+	(Decimal('3.976424'), Decimal('-160.064939'))	28 Dec 2020	Hospital doctor	lsharp		452
	fernandosantos@uol.com.br	Andrade Jesus e Filhos	Cecília Aparecida	2034	12430578662	B-	(Decimal('9.2906995'), Decimal('-121.834502'))	2024-04-04	Designer de interiores	lunavasconcelos		557
	psato@yahoo.com	伊藤ガス有限会社	鈴木 結衣	1312	650-83-5651	O-	(Decimal('-73.384716'), Decimal('31.118482'))	2022-04-11		tsubasa75		367
1942-09-05	takahashisayuri@gmail.com	斎藤通信有限会社	橋本 裕樹	920	360-90-6146	B+	(Decimal('76.3348805'), Decimal('119.078642'))	2024/04/22		ishiimai		344
	kpederiva@libero.it	Montessori-Spinelli e figli	Luciana Florio	1660	CMPGRG72A09F423A	B-	(Decimal('-21.0239875'), Decimal('88.142184'))	01/13/2025, 00:00:00	Geologist, wellsite	edepero		505
1943-04-27	luarasantos@bol.com.br	Barros	Sr. Luiz Gustavo Brito	961	90231854714	O-		2023-02-05		bruna66		548
1983-09-08	benitomurri@tiscali.it	Calarco-Giannini e figli	Dott. Giorgia Bersani	765	MRNRCT46M53F084I	B+	(Decimal('-48.748472'), Decimal('3.964823'))	2023-11-19		pinamorabito		385
	celal27@hotmail.de	Patberg AG	Hans-Christian Dippel B.Eng.	450	050-52-6389	AB+	(Decimal('-11.9648705'), Decimal('151.941089'))	18 Jan 2023		akeudel		346
1953-07-21	oaumann@gmail.com	Lehmann	Lia Riehl	256	640-56-1792	A+	(Decimal('-40.2874675'), Decimal('-178.729036'))	2023-10-12		witold44		720
	isabel85@uol.com.br	Dias	Maria Luísa Siqueira	214	25714609867	AB+	(Decimal('-48.5607955'), Decimal('-72.959555'))	05/18/2025, 00:00:00	Geólogo	ana-luizasampaio		104
2010-12-11	stevenroman@yahoo.com	Torres-Sullivan	John Montoya	1025	889-11-0712	B-	(Decimal('33.038484'), Decimal('21.444584'))	01/28/2023, 00:00:00	Civil engineer, contracting	matthew35		374
	yumiko26@hotmail.com	株式会社森運輸	石川 美加子	1415	165-01-4526	A-	(Decimal('-50.8626855'), Decimal('-68.233573'))	18 Oct 2019		oyamada		719
2022-06-11	ricky80@hotmail.com	Marshall-Pratt	Arthur Arnold	2148	632-97-4174	AB-	(Decimal('56.933371'), Decimal('121.430319'))	2019/11/28		lrobinson		615
	jnascimento@bol.com.br	Andrade Ltda.	Bianca da Rosa	1050	18342596060	O+	(Decimal('-89.9402425'), Decimal('52.755057'))	2022/12/31		joao-guilhermecarvalho		709
2017-01-17	jennifermyers@hotmail.com	Harper Group	Jeffrey Bender	776	793-58-5210	O+	(Decimal('-43.150845'), Decimal('-34.103160'))	05/26/2019, 00:00:00		vlawrence		640
	gebhard13@aol.de	Hänel Ritter GmbH & Co. KGaA	Karla Fischer	1583	004-26-6721	AB+	(Decimal('50.927767'), Decimal('112.726848'))	2022-01-25	Designer	troestblanka		658
2018-12-19	jonesmelissa@yahoo.com	Weber-Smith	Melissa Martinez	1348	619-63-6443	O-	(Decimal('6.1712775'), Decimal('-34.218737'))	06/13/2023, 00:00:00		williamberg		5
2013-08-05	calebe39@ig.com.br	Silva	Fernanda Câmara	900	08631452998	A-	(Decimal('32.1320945'), Decimal('135.821192'))	2022/11/22	Economista doméstico	xmonteiro		102
	delfinovidoni@libero.it	Stein, Carpaccio e Bartoli SPA	Martina Orsini	236	GNSMLA44C30E313T	AB-	(Decimal('66.603514'), Decimal('-69.521116'))	2022-05-27	Commercial horticulturist	antonellovisintini		564
2019-03-03	cavalcantevitor-gabriel@hotmail.com	Gonçalves	Felipe Aragão	333	51968273409	A-	(Decimal('3.1187435'), Decimal('11.557799'))	2024-10-26	Assistente social	lucassales		518
	qyamamoto@gmail.com	合同会社佐藤運輸	鈴木 晃	274	433-18-0790	O+	(Decimal('-76.116230'), Decimal('179.429973'))	2021-12-02	介護ヘルパー	myoshida		626
1943-09-19	das-nevesdiego@gmail.com	Costa	Ana Vitória Leão	1732	14039786203	B-	(Decimal('67.2340125'), Decimal('-120.721136'))	22 Sep 2019		vicente13		221
1947-10-26	tinoue@yahoo.com	有限会社佐藤運輸	中村 真綾	1603	200-30-8141	O+	(Decimal('50.8815075'), Decimal('21.099716'))	04/17/2021, 00:00:00		kobayashiyoichi		718
	nanami19@hotmail.com	有限会社加藤銀行	村上 舞	896	147-13-8049	O+	(Decimal('64.8320045'), Decimal('148.339385'))	2023-02-28	ウェディングプランナー	ishikawakaori		253
	mariapetruzzi@gmail.com	Beffa s.r.l.	Cirillo Volta	491	CNDLRN65R02I571O	B+	(Decimal('-29.794460'), Decimal('178.838720'))	01/20/2022, 00:00:00		casagrandecamillo		165
2007-02-22	carlmerritt@hotmail.com	Williams LLC	Daniel Pena	126	124-28-6419	O-	(Decimal('-82.3059295'), Decimal('-40.071150'))	2020/02/21	Programme researcher, broadcasting/film/video	maldonadojoan		202
	yasuhiro27@hotmail.com	高橋農林株式会社	高橋 あすか	2053	776-87-5284	A+	(Decimal('6.974538'), Decimal('-160.082653'))	07/06/2021, 00:00:00	裁判官	mikako52		147
	renzotrussardi@gmail.com	Semitecolo s.r.l.	Ninetta Spinelli	2001	DSCLRN43H28D575S	AB+	(Decimal('-81.4595755'), Decimal('9.589155'))	03/09/2024, 00:00:00		gianaccardo		644
1963-04-21	martinshenrique@bol.com.br	Rodrigues	André Rezende	218	81052364942	B+	(Decimal('-24.0988555'), Decimal('-79.693816'))	01/30/2025, 00:00:00		araujobrenda		672
1920-12-12	megan93@hotmail.com	Delgado LLC	Anthony Reynolds	1991	771-13-3247	A-	(Decimal('-24.427532'), Decimal('35.259234'))	08/31/2020, 00:00:00		kristensmith		40
1993-01-31	zanzijolanda@gmail.com	Missoni Group	Marco Filzi-Ottino	2003	RGNNNS55T05C908Q	B-	(Decimal('49.826331'), Decimal('113.333775'))	11 Sep 2021		paridedonati		37
1966-09-16	kobayashichiyo@gmail.com	有限会社山田情報	渡辺 花子	1451	029-45-5886	A-	(Decimal('59.645685'), Decimal('-176.268134'))	2020/04/30		abeakemi		459
1993-11-16	ute65@gmail.com	Birnbaum	Johann Patberg	1616	706-57-9088	A-	(Decimal('68.5426545'), Decimal('-119.518090'))	2019-02-20	Altenpfleger	oschmidtke		511
1938-01-30	pianeoreste@hotmail.it	Totino-Vittadello s.r.l.	Santino Lupo-Caironi	450	STGGRM35B44A798M	AB+	(Decimal('-71.4581565'), Decimal('4.807988'))	2020/02/24		fiorinobertoni		671
	kanakobayashi@hotmail.com	佐藤水産合同会社	近藤 亮介	671	223-61-9033	B+	(Decimal('23.0322625'), Decimal('-140.097946'))	29 Jul 2023		suzukiyuki		522
	kristineweller@hotmail.de	Kreusel Gotthard GmbH & Co. KG	Gundi Radisch	496	929-85-7023	A-	(Decimal('20.001714'), Decimal('-1.525056'))	06/06/2019, 00:00:00		maxim02		310
1979-04-05	condoleolorenzo@outlook.com	Antonacci, Columbo e Abbagnale e figli	Gianluca Capone	92	TCCCRL27C26E853H	AB-	(Decimal('-59.977783'), Decimal('-142.369167'))	2022-11-08		toninobacosi		210
	yasuhiro90@yahoo.com	有限会社山口食品	中島 京助	1515	619-99-9597	AB+	(Decimal('64.7807305'), Decimal('171.974328'))	2022-08-18	グラフィックデザイナー	nakamurashota		613
1939-11-29	mariola14@web.de	Schleich	Univ.Prof. Gordon Blümel MBA.	13	789-18-1232	A-		2021/10/25	Beamter	amandahoffmann		254
1953-02-26	brittany96@yahoo.com	Jacobson Ltd	Alyssa Hobbs	524	711-18-5480	A+	(Decimal('-56.0723295'), Decimal('48.514325'))	07/07/2019, 00:00:00		mary71		491
1994-02-25	fernandesleo@ig.com.br	Ferreira Santos - ME	Nicole Vieira	2020	64752103826	O-	(Decimal('87.797393'), Decimal('-157.315455'))	2020/07/13	Gagsman	stephany17		168
1985-03-25	paolo90@virgilio.it	Foscari-Sagredo Group	Pomponio Innocenti	1770	RSTDLM48R59C045A	AB-	(Decimal('22.968819'), Decimal('-155.729075'))	10/04/2022, 00:00:00	Training and development officer	delfino91		428
	ksakamoto@hotmail.com	有限会社山口銀行	前田 翼	248	091-91-2505	B-	(Decimal('52.468628'), Decimal('137.005051'))	2024-01-31		sasakiasuka		411
	severino52@poste.it	Gentileschi-Salata SPA	Daria Pontecorvo-Brambilla	1573	TLDMRN57M27M143P	O-	(Decimal('48.190507'), Decimal('-99.304377'))	2019/06/09		carmelo17		7
1972-06-14	clercari@yahoo.com	Rosselli, Lombardi e Mastroianni Group	Sig.ra Elvira Roncalli	1115	LMGVRN27T22D027Z	O+	(Decimal('-26.3130945'), Decimal('-124.023242'))	06/13/2021, 00:00:00		pellicolisa		198
	sayurimori@hotmail.com	渡辺銀行合同会社	山崎 聡太郎	1405	450-09-2470	B-	(Decimal('8.1756725'), Decimal('-58.534049'))	07/01/2020, 00:00:00		kimurakazuya		209
1945-04-07	wilfriedstroh@gmx.de	Zobel Koch II GmbH	Andrej Schleich B.A.	453	444-84-2410	A-	(Decimal('24.853430'), Decimal('29.229450'))	03/21/2024, 00:00:00		marta76		16
	yokoyamamoto@yahoo.com	株式会社鈴木鉱業	藤田 浩	669	541-48-8695	AB+	(Decimal('80.7213565'), Decimal('-29.291579'))	31 Jul 2019		itokana		494
	hanakoota@gmail.com	株式会社伊藤印刷	木村 智也	828	810-56-4289	B-	(Decimal('-14.821154'), Decimal('-135.136767'))	29 Mar 2025		takumaito		518
1990-08-06	giangiunti@live.com	Pavanello, Costanzi e Vittadello e figli	Gianna Caruso	1970	BNLMME44T05A577Y	O+	(Decimal('9.2298795'), Decimal('172.746418'))	2025/04/18		monicapasolini		694
1960-05-10	smurakami@hotmail.com	太田通信合同会社	加藤 淳	1514	387-31-5863	AB+	(Decimal('29.6159535'), Decimal('-140.893242'))	31 May 2020		katoyoichi		421
1952-07-03	ryosuke51@hotmail.com	石井印刷合同会社	伊藤 春香	943	391-32-9002	A-	(Decimal('87.7830125'), Decimal('-150.467465'))	2025/02/15		momokotanaka		453
1984-11-02	rpimenta@gmail.com	Siqueira - ME	Valentina Dias	1314	52139874005	O+	(Decimal('30.337731'), Decimal('45.558152'))	12/31/2023, 00:00:00		hvargas		408
	yumikoikeda@hotmail.com	石川ガス有限会社	鈴木 あすか	181	798-79-1468	AB+	(Decimal('79.768144'), Decimal('-55.418260'))	13 Jan 2021	作曲家	zsato		425
1915-03-07	cauamacedo@bol.com.br	Fogaça - ME	Pietro Vargas	1591	51938427637	A+	(Decimal('-35.338035'), Decimal('90.189996'))	2023-12-29		bda-cunha		187
1995-12-06	allana88@uol.com.br	Fogaça	Matheus Abreu	1250	71094523607	A-	(Decimal('67.2469255'), Decimal('-111.044967'))	2022-10-18		rsantos		187
1933-08-05	frederikegeisler@yahoo.de	van der Dussen Zobel AG	Abraham Caspar	726	774-71-5355	AB-	(Decimal('-0.7661145'), Decimal('153.610626'))	06 Jul 2025		lgotthard		202
	jpetrucci@gmail.com	Beccheria-Anastasi SPA	Dott. Osvaldo Scarpetta	2065	BRSLTZ69D05A818G	A+	(Decimal('-87.642761'), Decimal('-163.494392'))	18 Jan 2023		ornella59		171
1917-01-22	amalia91@gmx.de	Mosemann	Elzbieta Reuter	1356	341-86-3000	A-	(Decimal('-74.032033'), Decimal('-165.410198'))	09/18/2023, 00:00:00		herrmannpatricia		259
	tomoyaishikawa@gmail.com	合同会社池田建設	池田 陽一	1991	605-69-0632	AB+	(Decimal('-9.735760'), Decimal('-36.982622'))	2024/12/02		yamashitatakuma		536
1996-02-29	saitokenichi@hotmail.com	株式会社斎藤水産	林 あすか	143	221-50-9504	A-	(Decimal('-39.2824125'), Decimal('165.053221'))	2024/08/23	建築家	yasuhiro49		238
	jito@yahoo.com	合同会社加藤印刷	高橋 健一	501	060-30-2919	AB+	(Decimal('-80.7688815'), Decimal('-55.821073'))	2025-09-07		jyoshida		321
1950-11-02	austermuehleandree@web.de	Eimer AG & Co. KG	Friedhold Bien	677	740-34-0715	A+	(Decimal('-80.682925'), Decimal('124.730220'))	01/03/2021, 00:00:00	Schornsteinfeger	raimundneuschaefer		419
	qokamoto@yahoo.com	有限会社井上鉱業	渡辺 亮介	1964	449-05-1719	AB+	(Decimal('39.3084075'), Decimal('-87.398965'))	2022-10-24		fujitamikako		461
	yamaguchitakuma@hotmail.com	高橋運輸株式会社	後藤 裕美子	965	657-55-0571	B+	(Decimal('-84.353536'), Decimal('-63.719050'))	2021/01/23		yoko34		183
	ladeckelfie@gmail.com	Stey	Antonino Sölzer	567	757-12-8088	A+	(Decimal('35.066424'), Decimal('-62.648390'))	2024/09/01	Winzer	walentinahamann		259
	murakamiakemi@gmail.com	合同会社青木建設	阿部 太一	289	028-76-2140	AB+	(Decimal('8.640200'), Decimal('-71.009937'))	2021-08-24		jsato		22
	svargas@bol.com.br	Peixoto S/A	Luna Abreu	244	87654912382	AB-		09/09/2022, 00:00:00		aragaofrancisco		14
1972-09-27	graziellalopresti@tiscali.it	Barbarigo-Crespi SPA	Augusto Cuda	48	MCHTZN01H13H981Z	A-	(Decimal('85.1033355'), Decimal('-107.837689'))	2025/02/26		tizianogabbana		32
1994-12-31	kimuraatsushi@hotmail.com	合同会社山崎鉱業	佐藤 拓真	1441	872-37-3472	B+	(Decimal('-62.926184'), Decimal('-36.945731'))	11/18/2024, 00:00:00		suzukiyuta		86
	ebiagi@tiscali.it	Vergassola-Pascarella SPA	Angelina Vergassola	242	BGTLNA09S10G942H	B+	(Decimal('-82.9513885'), Decimal('-95.528842'))	2020-12-26		manuelscandone		532
	nogueiraesther@uol.com.br	Borges Rocha - EI	Josué Nunes	2118	92870436556	A+	(Decimal('-56.293571'), Decimal('-163.948447'))	2024-02-25		maria-fernandamontenegro		355
	millerkaren@hotmail.com	Fisher Group	Melanie Soto	82	259-07-1314	AB+	(Decimal('-85.4254835'), Decimal('168.973227'))	2020/05/05		pbooth		428
1956-09-19	znascimento@yahoo.com.br	da Mota Montenegro - EI	Dom Pereira	766	38041569242	A+	(Decimal('-32.0779195'), Decimal('76.806103'))	02 Nov 2019		maria71		569
1966-04-18	riehlhedy@googlemail.com	Löffler	Michaela Margraf-Bähr	565	105-48-7552	A+	(Decimal('-88.062797'), Decimal('67.155729'))	2022/02/23		rhendriks		115
2004-05-17	ujohnson@hotmail.com	Bray-Lopez	Shaun Garcia	1281	817-92-1876	O+	(Decimal('-76.415208'), Decimal('112.069429'))	03/12/2019, 00:00:00		timothy71		236
	donatellafiorucci@hotmail.it	Campise, Crispi e Corcos SPA	Annibale Rossetti-Malenchini	2138	MRNGNC86B58M302A	A-	(Decimal('70.383801'), Decimal('37.749656'))	2022/09/23		sfederico		535
1947-02-24	torloniaanita@libero.it	Garrone s.r.l.	Donatella Bosio	1652	CRFPLA59H25I863S	AB+	(Decimal('-59.0537265'), Decimal('124.386920'))	16 Oct 2019	Surveyor, building	zoppettidamiano		210
1963-12-25	monika59@hotmail.de	Gorlitz AG & Co. KGaA	Kazim Wilmsen	181	270-08-1194	O+	(Decimal('69.901647'), Decimal('151.362856'))	03/08/2022, 00:00:00		ruppersbergermohammed		253
2001-10-05	massimo12@live.com	Strangio-Smirnoff Group	Girolamo Valier	292	MRLMDA14T53A441X	AB+	(Decimal('-42.512404'), Decimal('15.263911'))	10/15/2021, 00:00:00	Purchasing manager	tcondoleo		286
	vtanaka@yahoo.com	合同会社鈴木銀行	吉田 結衣	717	061-60-6694	O+	(Decimal('15.6990725'), Decimal('-131.548524'))	16 Jul 2021		yokada		265
2014-11-04	da-pazlavinia@yahoo.com.br	Pires Cunha Ltda.	Antony Pires	851	89013267440	A+	(Decimal('86.5909555'), Decimal('-153.707128'))	2022-02-21		vitorda-costa		204
	toldocesare@poste.it	Pietrangeli, Tognazzi e Maggioli e figli	Michela Cundari	2014	NBLTRT85D59E520S	O+	(Decimal('29.394779'), Decimal('-164.604774'))	2021-07-09		matilda75		554
1967-07-10	hiroshiyamazaki@gmail.com	山崎印刷合同会社	吉田 里佳	270	491-67-2183	O+	(Decimal('14.308344'), Decimal('-21.168705'))	2024-09-02	大学教授	yoshidahiroshi		387
	jogawa@hotmail.com	前田保険株式会社	村上 くみ子	249	438-60-4547	A+	(Decimal('73.994662'), Decimal('142.150244'))	11/18/2018, 00:00:00		usato		71
1987-01-03	dstewart@gmail.com	Robinson, Christian and Powell	Clayton Mathis	864	052-20-8770	A-	(Decimal('42.833024'), Decimal('-109.864257'))	2024/07/24	Administrator, education	yhaley		648
	isabelgoncalves@yahoo.com.br	Santos Martins S/A	Helena da Paz	2019	07621438517	A-	(Decimal('-71.6453045'), Decimal('-35.927933'))	2025-04-07		sampaiohelena		234
1943-12-26	mouraluara@gmail.com	Pastor	Dr. Pedro Miguel Cavalcante	1122	62873901403	O+	(Decimal('17.2514565'), Decimal('18.142002'))	2023/10/04		da-cruzbruna		243
1990-05-29	idaloredan@tim.it	Trillini Group	Sig.ra Antonella Castioni	1791	BNSMBT52A59G383W	O+	(Decimal('15.027209'), Decimal('-166.245068'))	07/08/2023, 00:00:00	Editor, magazine features	lpedroni		333
1939-09-24	srudolph@yahoo.de	Wulf	Mark Hermann	39	931-85-1837	B+	(Decimal('-45.329186'), Decimal('99.876337'))	10/08/2020, 00:00:00		max99		294
2020-05-09	danilo69@tim.it	Marsili, Contrafatto e Filippini SPA	Alberico Dibiasi	574	LGHMTT79C61E142S	AB-	(Decimal('31.983224'), Decimal('108.050668'))	17 May 2024		annibale78		724
2012-11-26	yamamototomoya@gmail.com	有限会社伊藤電気	高橋 翔太	1669	667-79-6911	A-	(Decimal('52.0204675'), Decimal('-161.663292'))	2025-08-21	公認会計士	mikisuzuki		153
1911-05-07	urtestolze@web.de	Schweitzer Faust OHG mbH	Dipl.-Ing. Jost Eimer MBA.	1070	721-07-3660	O-	(Decimal('-60.973553'), Decimal('-85.297441'))	06 Aug 2019	Binnenschiffer	dmetz		24
1995-03-28	taro08@yahoo.com	吉田電気有限会社	遠藤 真綾	145	292-82-7064	A-	(Decimal('33.262985'), Decimal('154.705375'))	27 Jun 2019		abetomoya		601
1984-01-12	ygoto@gmail.com	合同会社坂本水産	伊藤 幹	2035	570-79-1888	AB+		02 Nov 2019	アートディレクター	yamazakiryosuke		172
	jpinto@ig.com.br	da Mata	Srta. Ana Julia Leão	1038	69527381428	A-	(Decimal('-53.195710'), Decimal('119.751624'))	2022-08-17		carolineteixeira		285
1951-01-27	roderich25@yahoo.de	Schinke	Drago Haering	2147	539-63-8212	A+	(Decimal('78.7949755'), Decimal('7.125816'))	06/27/2025, 00:00:00	Pfleger	fraukeschoenland		511
1976-06-09	ryosuke76@gmail.com	有限会社福田保険	吉田 修平	137	872-82-3625	A-	(Decimal('51.8638635'), Decimal('149.533077'))	2019-11-22		yoko94		188
1930-01-30	liam12@hotmail.com	Sousa	Daniel Pires	2054	90845167375	O+	(Decimal('-27.706673'), Decimal('-22.999644'))	13 May 2025		iazevedo		439
	josemacedo@uol.com.br	Martins	Sr. Enrico Sales	1720	03287459600	AB-	(Decimal('-14.352685'), Decimal('-105.889399'))	2023/02/15	Farmacêutico	hcirino		410
	lili11@web.de	Kobelt	Igor Mans	774	005-17-1934	A-	(Decimal('-2.5397105'), Decimal('79.649004'))	2023/09/16		barbaragrein-groth		8
1990-03-18	giosue90@libero.it	Donati, Zanazzo e Boitani s.r.l.	Venancio Deledda	1770	BSSBRL31L42A485X	A+	(Decimal('-71.357457'), Decimal('-157.107054'))	11/05/2018, 00:00:00		rodolfofabbri		286
1958-05-02	yoko81@gmail.com	有限会社池田電気	伊藤 くみ子	782	314-99-2561	AB-	(Decimal('-0.911271'), Decimal('-174.242675'))	2019/10/16		takahashimaaya		318
	folker07@googlemail.com	Bolander GbR	Abbas Preiß	1993	527-22-9132	A-	(Decimal('-37.133528'), Decimal('72.737452'))	17 Mar 2019		hermannwalfried		433
1949-01-23	clarissajohann@hotmail.de	Butte Hande e.V.	Univ.Prof. Denny Koch	631	952-93-7818	O-	(Decimal('-65.5929695'), Decimal('-46.774344'))	12/10/2020, 00:00:00		rosenowmarc		274
1969-01-29	tsubasafujita@hotmail.com	佐々木食品株式会社	加藤 英樹	546	088-50-1196	O-	(Decimal('-59.1474765'), Decimal('40.249734'))	2025/04/14		rinoue		344
2002-02-22	patrickgarcia@yahoo.com	Stafford-Peterson	Andrew Young	2063	084-17-0846	O+	(Decimal('-5.6551815'), Decimal('-98.464601'))	12/22/2018, 00:00:00		collinsbrittany		571
1963-02-15	nkoch@web.de	Oestrovsky	Ing. Jakob Zorbach	965	143-96-6249	O-	(Decimal('-45.139554'), Decimal('47.555314'))	2021/02/15	Binnenschiffer	willi80		510
1915-05-27	nataliahethur@gmail.com	Hecker Salz GmbH & Co. KGaA	Viktor Preiß	762	017-09-1405	A+	(Decimal('-29.771723'), Decimal('140.352849'))	09/23/2022, 00:00:00		ladeckeugenia		51
1976-08-24	tnovais@gmail.com	Machado da Rocha S.A.	Ana Julia Monteiro	476	50169482758	O-	(Decimal('-39.8293335'), Decimal('-67.692601'))	10/17/2018, 00:00:00		ana-carolinasampaio		560
2023-08-30	ugiovine@tiscali.it	Gonzaga e figli	Bianca Malatesta	1937	CNNCRT34T25E072U	O-	(Decimal('-69.5433985'), Decimal('-45.498959'))	04/16/2024, 00:00:00		ungarettigian		217
	mangoldcindy@hotmail.de	Stolze Buchholz e.V.	Leonie Hörle-Wilms	141	617-67-5991	B-	(Decimal('-21.1407915'), Decimal('-151.653564'))	12 Apr 2023		fernando97		128
1931-09-08	xkeudel@hotmail.de	Segebahn Jähn AG	José Otto	490	300-70-6336	AB+	(Decimal('-54.602092'), Decimal('-143.443874'))	2024-09-24		adem19		366
1932-02-16	temistocleschiavo@vodafone.it	Balbo-Rosiello e figli	Camillo Asprucci-Camuccini	1187	BVOGNR69M64L785Z	A+	(Decimal('-60.5222225'), Decimal('-15.151055'))	12/26/2020, 00:00:00	Theatre manager	carla72		423
	joseph58@hotmail.com	Mack Ltd	Ricardo Moore	1006	110-92-3207	AB-	(Decimal('20.6078905'), Decimal('121.281671'))	08 Dec 2023	Occupational therapist	misty60		488
1914-08-29	vgoncalves@gmail.com	Cavalcante	Maya Carvalho	576	17530624970	AB-	(Decimal('-85.507962'), Decimal('-170.570957'))	12/24/2020, 00:00:00		amandateixeira		314
	dmendes@bol.com.br	Fogaça	Antony da Conceição	1834	28510946701	A+	(Decimal('34.933964'), Decimal('85.265964'))	2019-05-17		allanaborges		375
1939-02-26	amanda23@gmail.com	Roman, Jarvis and Hill	Ethan Wallace	368	155-19-4370	B+	(Decimal('-20.2059285'), Decimal('-43.670952'))	2024-09-19	Engineer, civil (contracting)	jessicagordon		118
	giuseppe81@live.com	Guglielmi-Salata s.r.l.	Leopoldo Volta-Paruta	1673	GGLLNI21R16L363V	B-	(Decimal('-43.862122'), Decimal('-114.591060'))	20 Nov 2022		inolcini		51
2024-02-14	alvesmatteo@bol.com.br	Lopes Moreira Ltda.	Laís Cassiano	1871	83124096703	B-	(Decimal('-52.9887845'), Decimal('-107.805608'))	29 Dec 2019	Consultor	vieirarael		343
1913-01-02	nikolausschaefer@hotmail.de	Söding AG	Margareta Hesse B.A.	752	517-99-3035	O-	(Decimal('-64.0012795'), Decimal('-88.900241'))	2019/08/28		samiholzapfel		55
	suekruesteinberg@gmx.de	Hamann Thies GbR	Leni Gieß-Kallert	769	903-02-0146	O-	(Decimal('-13.827354'), Decimal('12.661950'))	2023-09-01	Fachinformatiker	atzlermeinhard		73
	da-pazalexia@ig.com.br	Vasconcelos	Ravy Pinto	1465	21587396068	A-	(Decimal('64.764888'), Decimal('125.883646'))	02/28/2024, 00:00:00		tda-cunha		561
	gangemijacopo@tele2.it	Manunta-Goldoni e figli	Milena Zanazzo	551	SLVGSP98B46C917Z	O-	(Decimal('-40.349020'), Decimal('-27.887947'))	2023/03/21		gianfrancescobarese		394
	simonettaanichini@libero.it	Galuppi-Magnani SPA	Dino Rusticucci	1441	LFNVTR99H66A348X	A+	(Decimal('-57.8010455'), Decimal('141.477793'))	2025-03-08		martino53		22
1945-08-08	dhardin@yahoo.com	Ho and Sons	Ernest Coleman	1175	663-98-1653	AB-	(Decimal('46.441900'), Decimal('127.030973'))	19 Nov 2020		probinson		164
1986-08-04	juliapacheco@bol.com.br	Pimenta	Ravi Lucca da Mata	549	56270349125	AB+		08/15/2022, 00:00:00		machadootto		522
	ykimura@gmail.com	清水保険有限会社	西村 春香	974	895-75-2185	A-	(Decimal('-31.3191685'), Decimal('163.189653'))	2021-04-30	絵本作家	hanakonakamura		183
1933-07-19	pomponio68@tim.it	Santi SPA	Tonino Santorio	315	MDNCLL73P22C312Z	AB+	(Decimal('77.432275'), Decimal('126.397899'))	16 Apr 2019	Horticulturist, commercial	ignaziopiovani		672
2000-03-11	athomas@yahoo.com	Bruce-Freeman	Jason Mccann	1915	411-95-9556	O+	(Decimal('83.653686'), Decimal('153.606616'))	02/03/2019, 00:00:00		waltonmichael		543
	nnovaes@ig.com.br	da Mota	Lucas Gabriel da Luz	2047	37061952407	B-	(Decimal('-75.927636'), Decimal('-45.612090'))	09/08/2025, 00:00:00		caue01		629
2024-01-12	akemisasaki@hotmail.com	有限会社高橋建設	鈴木 健一	1534	828-51-9726	O-	(Decimal('-41.1443955'), Decimal('-34.086615'))	01 May 2022		rei66		192
1941-10-07	joao-lucas13@ig.com.br	Lopes	Dr. Levi Ramos	1410	36897012521	AB+	(Decimal('-30.1674375'), Decimal('119.957717'))	12/08/2020, 00:00:00		pietracampos		511
2009-05-03	guilhermefogaca@hotmail.com	Fonseca	Luana Cunha	154	87621049502	A+	(Decimal('-24.889030'), Decimal('44.515107'))	2023-10-15	Maestro	joao-vitor70		628
1961-05-14	brittany00@gmail.com	Chambers-Diaz	Robert Cruz	784	402-95-4222	AB+	(Decimal('58.2318545'), Decimal('-157.699473'))	24 Feb 2024		steinrobert		342
	giacobbepanicucci@tele2.it	Comencini-Correr Group	Dott. Gianni Argentero	1878	FOXCHL37M67L296V	O-	(Decimal('-32.064077'), Decimal('-178.825319'))	2022/09/08	Stage manager	pnavarria		342
1982-02-17	jeffrey89@gmail.com	Lane, Reyes and Sharp	Chelsea Day	1963	382-38-1632	AB-	(Decimal('29.0822865'), Decimal('112.541082'))	05/08/2025, 00:00:00		christopherknapp		137
1978-09-09	zirmedietrich@googlemail.com	Römer Pergande GbR	Berit Jäkel	159	211-02-5305	A+	(Decimal('68.1655735'), Decimal('-14.891892'))	09/23/2019, 00:00:00	Winzer	ernst-dieterzorbach		363
	maedahideki@hotmail.com	合同会社高橋通信	佐藤 裕樹	1229	571-47-2971	AB-	(Decimal('58.925290'), Decimal('-53.115080'))	05/11/2021, 00:00:00		katoasuka		171
	julie74@yahoo.com	Bates-Rollins	Jessica Schmidt	399	815-52-6324	AB+	(Decimal('-8.8949735'), Decimal('158.649536'))	2020/11/20		veronicaharrell		422
1956-01-10	zda-costa@gmail.com	Melo Camargo Ltda.	Laís Martins	359	40819275611	A-	(Decimal('-71.8561035'), Decimal('-96.524103'))	07 Feb 2020		diego40		54
	csasaki@gmail.com	中川情報株式会社	中村 春香	144	479-08-7801	AB-	(Decimal('-50.982435'), Decimal('68.397508'))	2020-08-08		abesayuri		52
2013-08-31	ashleyhicks@gmail.com	Hall, Watkins and Martinez	Donna Bullock	623	215-74-3670	O+	(Decimal('-18.7577425'), Decimal('120.950788'))	2024/01/13	Government social research officer	dsimmons		11
1918-12-24	diasdiogo@yahoo.com.br	Moreira	Kamilly Peixoto	201	34721680996	B-	(Decimal('-54.511850'), Decimal('-175.425717'))	08/06/2024, 00:00:00		caldeiracarlos-eduardo		488
	konstantin06@yahoo.de	Löchel KG	Ottmar Schwital	758	869-46-1153	O+	(Decimal('70.2142095'), Decimal('29.119037'))	2021-01-27		beckmanngustav		469
	maya61@uol.com.br	Casa Grande	Sra. Lívia Ramos	67	10856794201	A+	(Decimal('-46.6730175'), Decimal('31.021960'))	2023/05/24		costeladaniel		672
	andreasalbers@web.de	Klingelhöfer Kühnert GmbH & Co. OHG	Georgine Hentschel	1163	751-13-7089	B+	(Decimal('83.594971'), Decimal('147.012874'))	05/14/2024, 00:00:00		hoffmannfreddy		435
1988-01-18	benjamin12@gmail.com	Rhodes-Williamson	Nicole Hinton DDS	257	010-36-6681	O-	(Decimal('-45.9089535'), Decimal('118.976588'))	2025/06/05		hdougherty		456
	nonisrosaria@hotmail.it	Pirandello SPA	Enzio Prada-Padovano	465	BLLGRG37D43H521L	O+	(Decimal('39.882904'), Decimal('-16.131765'))	2020-12-26		oriccati		266
1974-10-22	heidelore93@gmail.com	Carsten Weimer GmbH & Co. KG	Univ.Prof. Falk Budig	398	192-82-0312	B-	(Decimal('-79.318523'), Decimal('56.459035'))	2024/05/09	Bäcker	ggiess		14
1965-10-28	ppeukert@gmx.de	Rust	Ing. Erika Lübs	265	418-12-6107	A+	(Decimal('-55.298861'), Decimal('-135.234233'))	2018/09/27		mareenknappe		674
	jose-pedro85@yahoo.com.br	Nogueira Araújo S/A	Maria Julia Lopes	402	58290643756	O-	(Decimal('30.819655'), Decimal('-53.800187'))	2022/06/10		novaeslais		687
1971-09-26	elizabethmiller@hotmail.com	Richards-Calhoun	Rachel Holmes	1657	402-34-9105	A-	(Decimal('51.904648'), Decimal('122.790786'))	11 Oct 2024		cynthiamiller		646
	kmisicher@yahoo.de	Kabus	Dietlind Zimmer B.Eng.	1087	111-90-4391	B+	(Decimal('62.985356'), Decimal('-147.342762'))	07/18/2024, 00:00:00		iliasseifert		612
1933-06-26	olga80@libero.it	Lucchesi, Maspero e Dandolo s.r.l.	Gianni Monteverdi	108	CTLNPN58C54D004G	AB-	(Decimal('-13.2311275'), Decimal('-35.454610'))	2021-06-25		micheletto32		294
	yoliveira@gmail.com	Melo Ltda.	Ravi da Costa	376	02613854707	A+	(Decimal('-55.1498435'), Decimal('-27.687279'))	08 Jan 2021		salesalice		169
1981-10-09	pieperignatz@hotmail.de	Winkler	Anika Kraushaar	1476	050-06-8308	AB-	(Decimal('-72.330331'), Decimal('145.638191'))	29 Dec 2018		junckenwilfried		634
1973-07-26	yasuhirowatanabe@hotmail.com	有限会社森農林	中川 聡太郎	954	007-36-9646	A-	(Decimal('21.068424'), Decimal('-156.670722'))	2022/09/25		itoyuki		524
1976-05-11	xpalmer@yahoo.com	Nguyen-Harris	Ashley Howard	909	860-01-1074	AB+	(Decimal('-54.473968'), Decimal('58.026658'))	2022/07/04	Visual merchandiser	smithlaurie		416
1961-06-29	tadeuszkraus@hotmail.de	Kühnert Wähner GmbH	Dipl.-Ing. Elena Kallert	1736	367-06-0115	A-	(Decimal('-27.4240295'), Decimal('116.540135'))	23 Oct 2019		freiaweihmann		440
	joaoguerra@gmail.com	Cassiano	Marina Gomes	403	39640752134	AB+	(Decimal('46.321410'), Decimal('114.409763'))	01 Dec 2021		eduardacarvalho		92
1939-07-15	maxscott@yahoo.com	Lindsey, Atkins and Roy	Michael Herrera	103	411-11-6201	B-	(Decimal('-37.8748495'), Decimal('-121.910102'))	2023/03/30	Chiropractor	jordanlisa		589
1983-09-16	enguyen@yahoo.com	Jacobson, Carson and Smith	Greg Barnes	29	607-51-8181	B+	(Decimal('22.4682155'), Decimal('-87.172370'))	11 Sep 2020	Armed forces logistics/support/administrative officer	rojaschristopher		648
1966-07-17	albericobongiorno@tiscali.it	Anguillara-Franscini Group	Dott. Chiara Saraceno	631	PLNLNE46C01C447R	AB+	(Decimal('10.7716685'), Decimal('-93.550534'))	02/25/2020, 00:00:00		yiannelli		372
	betinazorbach@aol.de	Rädel Rogge AG	Herr Heinz-Jürgen Liebelt MBA.	1648	903-43-3510	O-	(Decimal('-11.0868175'), Decimal('-97.009169'))	2022/09/06	Pilot	elsbeth14		104
1962-08-06	suzukimituru@hotmail.com	株式会社太田鉱業	藤田 加奈	267	793-28-0153	O+	(Decimal('9.7746265'), Decimal('-172.075422'))	16 Jul 2022		vsasaki		173
1987-05-02	akemi35@gmail.com	中村電気有限会社	太田 健一	313	824-80-6303	A-	(Decimal('-29.289722'), Decimal('135.653473'))	2022/09/28	気象予報士	uhayashi		379
1978-05-21	igorstoll@yahoo.de	Lehmann GmbH & Co. KG	Mara Etzler	1896	367-04-1413	O+	(Decimal('-63.2840175'), Decimal('100.444871'))	2021/11/22		leberth		189
1943-02-22	peukertheinz-dieter@hotmail.de	Jähn GbR	Dr. Wolf-Dieter Möchlichen B.A.	1845	214-68-3503	O-	(Decimal('65.745097'), Decimal('-79.512713'))	03/11/2019, 00:00:00		hans-wolfgang19		448
1980-01-26	rsasaki@hotmail.com	木村電気株式会社	佐藤 明美	250	579-45-3355	O+	(Decimal('-9.516158'), Decimal('56.973390'))	2023-03-14		bokamoto		5
	beppe80@vodafone.it	Franzese e figli	Ettore Scarfoglio	1801	BMBJLD64H22E020B	AB-	(Decimal('81.3826335'), Decimal('-131.354952'))	04/04/2021, 00:00:00	Archaeologist	berengariomilena		304
1965-07-30	auroracamargo@uol.com.br	Vargas	Sr. Vitor Gabriel Freitas	2029	65034812762	B-	(Decimal('-74.0887495'), Decimal('-161.554839'))	03/13/2024, 00:00:00	Cobrador de pedágio	josemartins		383
1924-04-09	virginiacundari@tim.it	Grassi Group	Rosina Dallara	1229	SCNGSN00M44M341Q	AB-	(Decimal('-31.175317'), Decimal('165.171422'))	2024-08-08		asalvo		79
	ugolino34@alice.it	Sabbatini-Nugnes e figli	Virginia Burcardo	1455	RNRTMT11M56C501J	AB-	(Decimal('75.511573'), Decimal('-166.972519'))	2021/05/12		almagialivio		629
	karzdietrich@gmx.de	Mans	Dr. Rosalinde Hein MBA.	1679	936-49-7561	A+	(Decimal('-77.167722'), Decimal('27.765023'))	05/02/2024, 00:00:00		magdalenestaude		662
	pdrub@gmail.com	Hermighausen Thies KG	Marijan Kraushaar-Löwer	33	306-39-4488	AB+	(Decimal('40.8034135'), Decimal('111.612943'))	2023-11-03		brigitta52		230
	lorenzopedersoli@alice.it	Pistoletto, Malaparte e Sabbatini SPA	Giuseppe Guicciardini	996	TTNLVI94E31G671R	O-	(Decimal('-4.621685'), Decimal('-67.225988'))	11/26/2024, 00:00:00		gioffrecerutti		260
1973-01-13	yamaguchihiroshi@gmail.com	株式会社渡辺電気	石川 桃子	58	028-60-6747	A+	(Decimal('56.613008'), Decimal('66.246512'))	02/02/2024, 00:00:00		yasuhiro23		586
1998-05-08	irma02@live.com	Calvo, Verdone e Pizzetti e figli	Monica Esposito	796	CMNPLT24A02A971O	O+	(Decimal('-13.5622495'), Decimal('7.920351'))	11/19/2024, 00:00:00		ivittadello		551
	thayashi@yahoo.com	鈴木電気合同会社	石川 幹	1812	546-32-8878	A+	(Decimal('35.2312185'), Decimal('-89.183130'))	2021/09/28		hasegawakaori		73
	akemi13@gmail.com	渡辺電気合同会社	藤井 知実	1096	479-03-9900	A+	(Decimal('69.791597'), Decimal('6.721444'))	2024/03/08		shota52		273
1939-09-06	chloe88@gmail.com	Jones Inc	Dennis Hall	854	519-53-6244	AB-	(Decimal('7.7794005'), Decimal('-158.793761'))	2024/03/02		bobby43		143
	cwiek@web.de	Lachmann GmbH	Dipl.-Ing. Brunhild Scholz MBA.	1341	226-94-0147	AB-	(Decimal('-7.601703'), Decimal('-1.773838'))	30 Apr 2020		jwarmer		293
1968-09-13	saitoryohei@hotmail.com	有限会社遠藤保険	近藤 花子	430	311-72-3746	O-	(Decimal('23.9792295'), Decimal('63.114156'))	2022/09/05		yoichifujiwara		165
	gattogabriele@vodafone.it	Eco, Filippini e Mazzi SPA	Flora Campano	1652	GDDGNZ60E47M315Y	B-	(Decimal('26.0511615'), Decimal('-136.994264'))	2021/10/11		gianmarco71		459
2017-10-29	pnascimento@yahoo.com.br	Vasconcelos S.A.	Bernardo Gomes	1933	18053296777	B+	(Decimal('-38.6835665'), Decimal('94.455600'))	06/23/2023, 00:00:00		vargasjose		363
	lgucci@hotmail.it	Tedesco-Balbi SPA	Eleanora Bresciani	643	CRCMCA32R51A905W	B+	(Decimal('-63.895004'), Decimal('-71.372132'))	2025/01/06		ginesiolaureano		289
	tsubasa77@hotmail.com	合同会社中村印刷	木村 智也	803	212-36-1713	AB-	(Decimal('22.716582'), Decimal('-131.451363'))	19 Aug 2023	公認会計士	akemimaeda		265
	linda07@hotmail.com	Carter, Warren and Velez	Amanda Russell	86	412-66-2982	B+	(Decimal('-51.5849455'), Decimal('-55.437395'))	22 Nov 2019		charlesphyllis		694
1950-11-11	kimberly66@yahoo.com	Martin, Riley and Ford	Bruce Bowman	1984	501-35-8617	O+	(Decimal('-46.1653965'), Decimal('164.654116'))	02/15/2025, 00:00:00	Newspaper journalist	wrighttamara		207
1970-01-27	utanaka@gmail.com	高橋電気合同会社	小川 幹	522	113-09-7449	B-	(Decimal('67.2282965'), Decimal('-176.645828'))	2019-05-25	ゲームクリエイター	akira36		357
	cengiz30@web.de	Kruschwitz Wagner KG	Lara Kraushaar	127	186-19-7693	A-	(Decimal('-83.8928385'), Decimal('-161.158107'))	05/25/2022, 00:00:00		mosemannherta		628
1911-05-08	dawnjones@hotmail.com	Anderson-Andrade	Douglas Rodriguez	1681	065-98-8245	A+	(Decimal('34.606461'), Decimal('106.778134'))	2025/03/02		shaun41		359
	napoleone53@fastwebnet.it	Parpinel-Morandi s.r.l.	Mercedes Righi	597	TRNMNL22S58L310B	B-		2019/04/04		ltrezzini		365
1978-01-03	gleao@ig.com.br	Farias - EI	Maya Ribeiro	937	10534268951	B+	(Decimal('-61.2847205'), Decimal('-129.621156'))	07/30/2019, 00:00:00	Engenheiro mecatrônico	moreiraana-liz		343
1920-01-04	montigiuliana@live.com	Tolentino-Anichini SPA	Zaira Emanuelli	1841	MGRGNE52L11D946V	AB+	(Decimal('-27.112347'), Decimal('165.504042'))	21 Mar 2022		antonello88		317
1967-01-02	yukifujita@hotmail.com	松田銀行有限会社	斎藤 里佳	809	587-77-4848	AB+	(Decimal('-33.340250'), Decimal('-177.346871'))	2019-05-28		tanakayuta		164
1968-04-14	vittoria81@outlook.com	Antonacci s.r.l.	Pietro Borsiere	354	NGLPRN31M15I060S	AB+	(Decimal('-42.0444715'), Decimal('146.500686'))	2022-06-02		filangiericipriano		324
1910-12-04	dino88@yahoo.de	Gierschner Koch II GmbH	Rose-Marie Adolph	1793	707-94-1201	A-	(Decimal('-51.4516425'), Decimal('12.522569'))	2021-06-30		grafalessandro		708
1930-04-28	millerlinda@hotmail.com	Buchanan LLC	Wesley Long	393	760-18-1215	B+	(Decimal('32.7782235'), Decimal('173.687338'))	2021-09-26		huffmanandrew		102
1967-02-14	amedeobonomo@tele2.it	Gianetti SPA	Federigo Finzi	156	JLNGNL93B68B302V	O+	(Decimal('-46.351381'), Decimal('34.351466'))	2020-03-09	Tax adviser	donnacarosone		376
1997-04-02	ceciliacorreia@hotmail.com	Andrade Pires e Filhos	Srta. Maria Sophia Carvalho	393	83419620713	O+	(Decimal('39.255389'), Decimal('-57.665486'))	10/09/2024, 00:00:00	Juiz de direito	ravicamara		329
	shota21@yahoo.com	坂本鉱業株式会社	田中 直子	65	098-47-8724	B-	(Decimal('89.4328335'), Decimal('-3.884019'))	2019/03/30	アナウンサー	tomoya78		529
	baccioscamarcio@tim.it	Jilani SPA	Giacinto Ungaretti	1942	RSPSMT24S22I592R	B+	(Decimal('41.644657'), Decimal('105.783519'))	2022-10-08		ytaccola		588
1916-02-29	ryoheiishikawa@hotmail.com	有限会社林保険	石井 香織	1847	159-36-6134	A+	(Decimal('-76.9582665'), Decimal('-70.596407'))	2020-02-24		akira25		552
1958-08-10	brandon92@hotmail.com	Johnson-Welch	Christy Blanchard	1923	245-34-0583	A+	(Decimal('-23.3124885'), Decimal('-96.946323'))	10/11/2024, 00:00:00		kathleenhernandez		510
1975-06-12	barnettlaura@yahoo.com	Gallegos-Young	Joseph Roach	358	879-05-7939	O+	(Decimal('-29.7047185'), Decimal('-66.000095'))	2019/09/29	Secretary/administrator	gwest		539
	ada-mata@yahoo.com.br	Casa Grande e Filhos	Isadora Rocha	636	79613528059	AB-	(Decimal('-57.742036'), Decimal('162.516162'))	01/06/2024, 00:00:00		ribeiroerick		88
1937-11-10	udruso@fastwebnet.it	Ravaglioli-Pietrangeli e figli	Sandra Trobbiani	267	CMNNZE37M45A196U	O-	(Decimal('-82.8258235'), Decimal('69.741693'))	2024-11-27	Psychiatric nurse	gianfranco84		207
2004-09-10	lsousa@gmail.com	Abreu	Bernardo das Neves	3	87392410504	O+	(Decimal('64.6282455'), Decimal('19.098850'))	2022-11-06		pedro-lucas81		210
	stephaniewilkerson@yahoo.com	Travis-Morgan	Patricia Smith	1489	720-52-1194	A-	(Decimal('45.7713145'), Decimal('-152.867759'))	12/10/2020, 00:00:00		daughertykristen		416
	leecrystal@hotmail.com	Villegas-Benson	Sarah Robbins	1496	123-47-4265	A-	(Decimal('24.5854405'), Decimal('74.568461'))	2023/10/19		jodipatterson		238
	christophercarr@yahoo.com	Marks-Carroll	Wendy Gutierrez	1475	137-22-0194	A+	(Decimal('51.4688685'), Decimal('101.957131'))	2024-02-24	Engineer, building services	nelsonmegan		525
1933-12-23	sdietz@gmx.de	Mühle GbR	Janna Wilmsen	1375	783-30-3358	B-	(Decimal('-41.882156'), Decimal('-145.735195'))	2023/07/14		gotthard71		416
1920-12-29	mendoncabenjamin@ig.com.br	Porto	Arthur Gabriel Pereira	1585	23814760913	AB-	(Decimal('-49.4790155'), Decimal('-155.189372'))	2019-01-23		ravynovaes		408
	ryoheiyoshida@gmail.com	株式会社中川水産	吉田 亮介	739	034-37-9335	O+	(Decimal('-32.427260'), Decimal('-145.603720'))	2024-04-04		naokomatsuda		390
1915-10-04	massimodraghi@tin.it	Grisoni, Bragadin e Peranda e figli	Isabella Modugno	219	LSAFDC38H12F786Q	B-	(Decimal('46.9265405'), Decimal('21.692313'))	2023-07-19		cesaresegni		627
	emanuellacorreia@bol.com.br	Sales	Thomas Alves	1393	37189546057	O-	(Decimal('-53.7002885'), Decimal('130.295196'))	2022-07-20		qbrito		673
	evan08@hotmail.com	Hoffman-Frazier	Becky Vaughn	1300	861-35-1987	B+	(Decimal('82.745660'), Decimal('143.754688'))	2020/03/07		nancy20		707
1957-11-24	nicholas58@gmail.com	Gross Group	Anthony Mejia	950	720-39-6772	A+	(Decimal('16.900865'), Decimal('-114.086351'))	07/07/2022, 00:00:00		tracy91		139
	reinald81@googlemail.com	Johann Loos GbR	Roswitha Bonbach B.Eng.	151	509-20-4100	AB+	(Decimal('15.6184605'), Decimal('-173.542751'))	2021-03-03	Polizist	milica87		26
	bowenchristopher@hotmail.com	Ellis-Owens	David Fernandez	1997	634-09-0206	A+	(Decimal('-88.474806'), Decimal('144.178061'))	17 Jul 2019		heatherrhodes		667
1996-12-06	rmori@yahoo.com	有限会社前田保険	田中 直子	588	014-62-6641	B-	(Decimal('-20.981417'), Decimal('9.822086'))	2020/01/18		okamotoharuka		145
1917-03-25	paolaauch-schlauchin@gmail.com	Preiß GmbH & Co. KG	Ing. Türkan Krause B.A.	2029	081-14-2680	AB-	(Decimal('69.959816'), Decimal('116.146014'))	2021/01/02		aklemm		692
1928-05-16	cohenkevin@yahoo.com	Price-Barajas	Corey Strickland	931	736-08-8864	A-		2025-08-22		michelle99		478
1952-08-22	yoshidamituru@yahoo.com	合同会社山本鉱業	高橋 美加子	41	045-30-9104	O-	(Decimal('-75.9279665'), Decimal('67.629583'))	20 Jul 2020	エンジニア演奏家	yamazakinaoko		592
1923-03-25	ftakahashi@hotmail.com	中村通信合同会社	近藤 太郎	1709	895-01-6542	A-	(Decimal('68.5264475'), Decimal('-58.697902'))	2021-05-31		tsubasa50		545
1956-11-07	vargasana-julia@ig.com.br	Sá	Natália Cunha	1923	94813726003	B-	(Decimal('-70.636123'), Decimal('38.310106'))	2019/07/20		tsampaio		316
	beritfechner@yahoo.de	Reising	Juri Matthäi B.A.	1720	036-76-2738	A+	(Decimal('-68.0185425'), Decimal('33.188612'))	01/03/2020, 00:00:00		epaffrath		390
	yanbarbosa@yahoo.com.br	Moreira	Isabelly da Rosa	802	80576934100	B-	(Decimal('-30.9770275'), Decimal('-21.586965'))	20 Sep 2025		sampaioana-livia		68
	marcela30@hotmail.com	Moraes S/A	Anthony Gabriel Siqueira	103	37482610987	O-	(Decimal('-80.9794025'), Decimal('24.552467'))	29 Dec 2023		andrademaria-vitoria		177
1954-03-13	kargeingeburg@gmail.com	Holsten Tröst KG	Rosita Jacob	777	084-76-0538	B-	(Decimal('-47.721256'), Decimal('-58.213189'))	2024-06-11	Erzieher	tsauer		199
1996-07-01	julieparker@yahoo.com	Gray, Eaton and Martinez	Justin Morton	128	361-59-3962	AB-		2021/05/26		tylermedina		226
	pignattilivio@live.com	Mazzeo, Bosio e Sismondi e figli	Osvaldo Lippomano	56	LCRGLR31D23D555V	O-	(Decimal('20.0885655'), Decimal('155.595998'))	07 Aug 2024		bellinivittoria		367
	yfoerster@gmx.de	Werner Henk AG & Co. KGaA	Frau Anna-Maria Geißler	897	631-27-0697	B-	(Decimal('57.012696'), Decimal('90.596551'))	2023/10/01	Krankenschwester	lbolander		462
	stephanynunes@bol.com.br	Pereira S.A.	Lucca Alves	66	41295073625	O-	(Decimal('-57.949114'), Decimal('-28.344361'))	30 Sep 2020		leo41		320
	pcastro@gmail.com	Edwards, Burch and Green	Paul Conway	1022	059-42-6303	B+	(Decimal('33.5806155'), Decimal('-89.624992'))	2019-08-25		alex83		177
	yamazakikyosuke@yahoo.com	田中印刷株式会社	清水 加奈	692	390-45-0875	O-	(Decimal('-54.8722675'), Decimal('52.895897'))	14 Feb 2021		sotaro16		681
	maria-isis70@hotmail.com	Rodrigues	Maya Câmara	1722	89210654749	B-	(Decimal('-55.6711365'), Decimal('-81.765358'))	24 Dec 2021		pimentamaria-julia		591
1996-01-29	johnzamora@hotmail.com	Barker, Garcia and Dawson	Kristin Cole	27	868-60-7485	O+	(Decimal('67.5659965'), Decimal('-2.376031'))	2018-10-03		coxlouis		504
	daniele29@virgilio.it	Bajamonti, Zabarella e Coardi e figli	Dott. Arnulfo Conti	158	CHDMTT65H42B850G	B-		2022-10-06		donnaantonacci		438
2007-02-28	gorlitzhanny@gmx.de	Knappe OHG mbH	Martin Winkler-Jüttner	280	027-75-9605	AB-	(Decimal('21.958647'), Decimal('-18.660386'))	2023/11/30		stella54		712
1915-08-03	orsinimicheletto@yahoo.com	Dossi, Grisoni e Celentano Group	Giancarlo Sagese	947	FRNBLD32L54C137D	AB-	(Decimal('-26.833647'), Decimal('160.843587'))	2020/10/09		jargurio		461
1943-01-08	christinehernandez@yahoo.com	Nelson, Houston and Casey	John Floyd	1590	224-45-0386	AB+	(Decimal('48.647526'), Decimal('-139.009393'))	2021-09-05	Television production assistant	mike07		454
	theodoroguerra@ig.com.br	Abreu	Sr. Davi Luiz Fonseca	663	30261958470	A+	(Decimal('40.320421'), Decimal('155.804273'))	12/14/2023, 00:00:00	Tradutor	carlos-eduardomoraes		158
	guerraemanuel@uol.com.br	Pinto - EI	Sra. Maria Laura Pacheco	28	05927834132	A-	(Decimal('4.3421345'), Decimal('177.819468'))	10/14/2022, 00:00:00	Taxista	esiqueira		286
	augusto12@yahoo.com.br	Gomes - ME	Sr. Francisco Almeida	600	42365910734	O+	(Decimal('60.452943'), Decimal('77.399293'))	2018/10/14		bleao		583
1958-05-13	kaori93@gmail.com	合同会社山本通信	松田 和也	896	580-91-0358	A+	(Decimal('-58.0388325'), Decimal('162.090456'))	2021/07/29		ryosuke08		627
	yoshidataro@yahoo.com	有限会社山本印刷	高橋 学	500	613-74-1592	O-	(Decimal('85.853012'), Decimal('-60.700090'))	2019/12/21		akemi18		29
	jpage@hotmail.com	Zuniga, Cummings and Sanders	Catherine Little	1368	253-02-8580	B+		2019/07/20		fullersabrina		595
1984-03-10	angelica12@gmail.com	Williams-Knox	Beth Martin	1100	705-27-9396	AB-	(Decimal('13.5707415'), Decimal('-66.680331'))	14 Jul 2020		scottnathan		6
2020-07-19	maedaharuka@gmail.com	有限会社藤原電気	田中 康弘	1078	754-23-1018	O-	(Decimal('74.7441615'), Decimal('33.757901'))	2019/06/09	電気工事士	yosuke98		308
	apastor@hotmail.com	Leão	Sr. Enzo Gabriel Pereira	491	27859310414	AB+		11/21/2022, 00:00:00	Polidor de produção	maria-fernanda40		242
	karl-dietertroest@gmx.de	Rädel	Athanasios Peukert	1887	303-29-6295	O+	(Decimal('23.316693'), Decimal('-127.642633'))	03/19/2025, 00:00:00	Pilot	florch		245
	sking@yahoo.com	Cain Group	Michael Small	1530	264-16-1196	AB+		2023/11/03		timothyrivers		395
	hans-hgertz@aol.de	Jüttner GbR	Ferenc Junken	68	691-96-0901	B-	(Decimal('23.9237045'), Decimal('-55.951929'))	2023-07-04	Winzer	prenner		67
1964-07-09	rochajoaquim@bol.com.br	Sales Brito Ltda.	Beatriz Pinto	1860	23467591809	A-	(Decimal('79.2435735'), Decimal('-65.092560'))	2022/12/24		leandroda-rocha		211
	ayllasampaio@uol.com.br	Fogaça S.A.	Dr. Ryan Sampaio	54	93076215434	B-	(Decimal('48.144104'), Decimal('123.728055'))	10/10/2022, 00:00:00		yagocosta		311
	ciciliacarla@live.com	Tosto, Tutino e Petrassi Group	Maurizio Maggioli	1665	BGGSMT99L15G411K	A+	(Decimal('81.9664975'), Decimal('-74.605601'))	2020-06-22	Chief Marketing Officer	lucianatomaselli		536
2010-03-05	inoueyoichi@yahoo.com	斉藤水産有限会社	吉田 稔	438	864-59-5587	A+	(Decimal('77.8718415'), Decimal('-41.350073'))	2020-01-29		htanaka		549
	haticeullmann@gmx.de	Süßebier GmbH & Co. OHG	Ottomar Schulz	1567	679-97-4756	A+	(Decimal('-73.489134'), Decimal('148.072345'))	09 Jun 2021		ebarth		497
1997-08-27	matheusrocha@bol.com.br	da Luz S/A	Mariane Novais	757	49862305738	A+	(Decimal('46.8104225'), Decimal('-99.139708'))	2021-10-26	Investigador de Polícia	nogueiraluiz-miguel		14
1957-03-15	wetzold@yahoo.de	Kraus Bachmann AG	Sofia Kade	2079	109-17-2673	O-		07/09/2025, 00:00:00		angelinavan-der-dussen		626
2001-12-23	silvio71@libero.it	Infantino-Gozzi e figli	Rosario Baggio-Luria	929	VSRPLN66C06C024T	A-	(Decimal('78.164694'), Decimal('57.252780'))	17 Dec 2021		yduodo		41
1948-07-23	venancio48@hotmail.it	Ortolani Group	Dott. Ferdinando Gozzi	726	MRTRNL12B19I541Q	B+	(Decimal('0.1093515'), Decimal('-78.092773'))	02/04/2021, 00:00:00		btedesco		149
	castroluara@hotmail.com	da Cruz Ltda.	Sarah Silva	1548	94302658738	AB-		05/20/2021, 00:00:00		oda-costa		522
	acanova@virgilio.it	Garobbio Group	Sig. Calogero Guicciardini	1634	TSCMTD22R08B914C	O-	(Decimal('84.5924125'), Decimal('83.252839'))	2020/05/10	Administrator	enricoanichini		431
	uda-luz@uol.com.br	Aragão - ME	Maria Helena Teixeira	726	87925140305	A-	(Decimal('-39.729569'), Decimal('29.430501'))	09/27/2020, 00:00:00		nnovais		459
2023-06-06	otavio99@yahoo.com.br	Andrade	Pedro Miguel Nogueira	989	96573402847	A-	(Decimal('25.7065035'), Decimal('40.330615'))	06 Aug 2023		kaique22		121
1985-12-07	sampaiolivia@ig.com.br	Gomes	Srta. Mariana Andrade	631	64318259005	A-	(Decimal('-7.4678095'), Decimal('-16.149514'))	11/07/2019, 00:00:00		daniela89		651
2001-04-06	gerdaumann@web.de	Reichmann	Liesa Peukert	128	857-92-4019	O+	(Decimal('-50.170679'), Decimal('-158.289592'))	2021-12-16		antoninojunitz		625
1987-03-10	daria84@yahoo.com	Salvo-Pastine SPA	Vittorio Leopardi-Corcos	326	DSUGRN80R66C796D	O-	(Decimal('12.406184'), Decimal('-43.308858'))	2021-02-24		nicolocrisafulli		273
	djaentsch@yahoo.de	Ullmann GmbH	Ansgar van der Dussen B.Sc.	2017	315-12-6448	B-	(Decimal('-31.500198'), Decimal('8.186403'))	2024-06-05		tlosekann		24
	hiroshi47@hotmail.com	西村鉱業株式会社	佐藤 知実	388	049-56-4552	O-	(Decimal('-23.5506305'), Decimal('165.465697'))	13 Nov 2023		csato		34
1959-08-19	rena83@googlemail.com	Kraushaar Renner e.V.	Prof. Silva Kohl B.A.	669	809-39-3505	B-	(Decimal('-17.8220835'), Decimal('-20.060156'))	2022/04/12	Programmierer	wrudolph		76
1979-08-31	kazuyatanaka@yahoo.com	木村電気有限会社	伊藤 明美	85	621-86-6860	AB+	(Decimal('41.7084225'), Decimal('86.056636'))	2021-09-07	占い師	kobayashimiki		498
	crudolph@web.de	Heinrich AG	Dr. Danilo Bolander	1252	751-31-0658	A+	(Decimal('-5.1061475'), Decimal('101.575492'))	24 Apr 2023		drubbaldur		250
	inoueharuka@hotmail.com	松本農林株式会社	松田 拓真	182	620-39-9326	A+	(Decimal('-41.0418085'), Decimal('113.687327'))	27 Jul 2021		okamotoyuki		112
	antonellacorbo@hotmail.it	Villadicani s.r.l.	Ippazio Padovano	88	MLDRBT84C71G720D	O+	(Decimal('31.079172'), Decimal('133.937666'))	02/06/2024, 00:00:00		virginia14		17
	mituru94@yahoo.com	有限会社鈴木印刷	小林 稔	1344	496-50-7192	AB+	(Decimal('54.820555'), Decimal('27.395208'))	31 May 2022	薬剤師	sotaro07		489
	hernandezjaclyn@gmail.com	Robinson-Reid	James Walker	23	421-79-6135	AB-	(Decimal('-64.177151'), Decimal('-135.560816'))	2019/01/20	Adult guidance worker	matthew29		321
2024-12-11	jklotz@yahoo.de	Meister GbR	Rosina Weiß	1044	087-98-4270	A+	(Decimal('39.406426'), Decimal('150.001359'))	13 Aug 2020		troskoth		662
1918-02-21	andrewwilliams@hotmail.com	Johnson-Taylor	Crystal Jones	173	474-52-7611	A+	(Decimal('-70.073083'), Decimal('146.960135'))	2024/02/18		markwaters		629
1953-02-11	jeromebryant@yahoo.com	Burke and Sons	Lori Jones MD	9	705-12-5912	AB+	(Decimal('7.204609'), Decimal('-120.589398'))	2019-02-25		zvasquez		109
1926-05-01	thedavollbrecht@yahoo.de	Fechner	Herr Kai-Uwe Lindner B.A.	1556	763-26-5465	O+	(Decimal('8.799215'), Decimal('-3.351748'))	11/23/2024, 00:00:00		scholtzpamela		669
	stumpfgiorgio@gmx.de	Hethur GmbH & Co. KG	Catherine Gotthard	1630	837-62-9491	A+	(Decimal('-19.947384'), Decimal('-166.810156'))	09/24/2018, 00:00:00		kraushaarfrieder		91
1935-08-19	kevin58@ig.com.br	Vasconcelos	Camila da Rocha	96	39562018415	O+	(Decimal('44.3624305'), Decimal('91.741358'))	2023-08-17		marinada-rocha		57
	cusanobeppe@gmail.com	Vianello, Andreozzi e Brunello e figli	Annamaria Scandone	833	BRSMRA41L01C660J	AB-	(Decimal('31.373969'), Decimal('52.394870'))	08/03/2020, 00:00:00	Historic buildings inspector/conservation officer	lodovico35		328
1923-11-27	erichall@gmail.com	Mitchell Group	Margaret Long	1733	425-80-7617	B+	(Decimal('-75.323510'), Decimal('-59.584285'))	2020-04-17		sandragonzales		472
1954-11-15	felixsiering@googlemail.com	Stadelmann	Mathias Klingelhöfer	1712	986-90-6264	O+	(Decimal('84.7270105'), Decimal('-101.258006'))	2021/08/10		beate65		36
1961-06-11	tanakakazuya@yahoo.com	佐藤銀行合同会社	長谷川 幹	1025	692-03-8482	B-	(Decimal('-31.0603985'), Decimal('132.055889'))	30 Jan 2023	漫画家	tsubasa54		566
	pribeiro@uol.com.br	Guerra Rezende S.A.	Luiz Miguel Melo	1213	47895130250	O+	(Decimal('42.4934145'), Decimal('138.151474'))	2020-09-17		ccavalcante		549
1961-10-19	arthur-gabrielborges@hotmail.com	Andrade	Mirella Rocha	1925	37518620480	AB-	(Decimal('-86.5647595'), Decimal('165.219038'))	2019/10/09		barbara18		470
1998-09-16	faruk10@hotmail.de	Heuser AG	Klaus-Werner Junk	997	386-35-5664	B+		2023/08/26	Krankenschwester	zlinke		551
1923-12-09	nicopiovani@libero.it	Rismondo e figli	Sylvia Quasimodo	1079	TPLMRA70P18L335X	AB-	(Decimal('-82.888999'), Decimal('19.240448'))	25 Feb 2019	Secondary school teacher	casellatimirko		258
2018-03-15	nakajimahanako@yahoo.com	合同会社小林水産	清水 裕美子	246	682-06-4685	A+	(Decimal('-21.294335'), Decimal('-25.051706'))	20 Aug 2023		fsato		457
1969-02-14	vitor-hugocardoso@uol.com.br	Cardoso	Henry Gabriel Barbosa	825	26718309478	AB+	(Decimal('1.676895'), Decimal('-66.079287'))	03/13/2025, 00:00:00		guerraantony		222
	apollonia06@gmail.com	Rörricht KG	Dipl.-Ing. Henrike Jäntsch B.Sc.	324	033-70-3298	B+	(Decimal('65.2010935'), Decimal('-106.800870'))	07/25/2020, 00:00:00		maelzerfelicia		454
	gilbertobattaglia@libero.it	Saffi Group	Nanni Sforza	1367	RGRCML27R11M113Q	A+	(Decimal('-1.258445'), Decimal('116.594020'))	2020/01/26	Surveyor, mining	tolentinoalderano		448
	claeredussen-van@hotmail.de	Salz	Ernst Grein Groth MBA.	1902	124-03-4548	B+		21 Aug 2019		zwulff		642
1960-01-28	pompeo57@tin.it	Zanzi, Proietti e Togliatti e figli	Valentina Campise-Antonacci	495	VCLTNO35A26G496I	AB+		03/10/2023, 00:00:00		armando65		658
1916-02-14	wohlgemutsabrina@web.de	Wagner	Magdalene Ullmann	1168	177-52-9843	A-	(Decimal('31.351292'), Decimal('-169.717013'))	2023/04/08	Erzieher	seifertaugusta		466
	vlehmann@googlemail.com	Pärtzelt	Luzia Schuster	1550	812-10-1107	O+		2022-11-29		zkambs		574
1943-08-27	pyamamoto@hotmail.com	有限会社鈴木建設	松本 智也	1236	298-35-0038	B+	(Decimal('-47.6537395'), Decimal('21.753902'))	2023/09/04	小説家	ryohei81		617
1940-02-09	sseifert@yahoo.de	Pechel AG	Jolanta Segebahn	1483	558-32-9865	B+	(Decimal('34.8342375'), Decimal('24.084465'))	01/22/2021, 00:00:00	Schornsteinfeger	junitzmartin		683
2015-05-07	kstroh@gmail.com	Trommler AG & Co. OHG	Irmengard Bähr B.Sc.	1411	614-88-3308	O-	(Decimal('37.2021655'), Decimal('45.252231'))	2018/12/13		petros48		375
1965-06-06	joseph29@hotmail.com	Turner, Gutierrez and Smith	Renee Valdez	1026	317-77-0171	AB-	(Decimal('4.2409825'), Decimal('85.016452'))	02/11/2024, 00:00:00		jennifer92		576
1940-06-08	igornogueira@ig.com.br	Vieira Alves - EI	Vitor Hugo da Rocha	111	39725401670	AB+	(Decimal('-45.9040545'), Decimal('-116.931826'))	23 Nov 2024		montenegrogabriel		127
	adinahenk@hotmail.de	Hesse Wulff GmbH	Univ.Prof. Brian Girschner	1658	053-56-3036	A-	(Decimal('89.837857'), Decimal('10.871632'))	01/07/2019, 00:00:00	Pfleger	ralph72		79
1942-08-06	camila47@gmail.com	Moraes - ME	Sr. Luiz Otávio Pires	600	72398165086	A-	(Decimal('47.9759335'), Decimal('54.323736'))	2023/01/06		qnascimento		385
1946-01-06	mendesrhavi@bol.com.br	Nogueira	Sr. Vitor Gabriel da Mata	1201	46715028958	O+		01/02/2025, 00:00:00		joao-guilherme06		247
1969-02-28	maaya07@gmail.com	有限会社加藤電気	鈴木 裕美子	1234	495-42-5356	A+	(Decimal('72.236973'), Decimal('-153.111754'))	2018-10-31	演歌歌手	ktanaka		275
	ninaseidel@yahoo.de	Atzler e.G.	Aleksej Patberg	615	765-17-2699	O-	(Decimal('-26.824758'), Decimal('107.211623'))	2022/03/17		ullmannothmar		162
	kana81@gmail.com	有限会社吉田建設	中村 稔	573	070-95-5688	O-	(Decimal('-22.6508325'), Decimal('-6.084769'))	2021/06/12		yamamotomituru		190
1941-06-24	bernfried99@aol.de	Zirme GmbH	Dipl.-Ing. Ursula Mentzel	922	450-62-5231	B-	(Decimal('80.1470815'), Decimal('-152.467904'))	2022/04/26		klaus-dholzapfel		478
	kirstin18@hotmail.de	Hande AG	Frau Gloria Kabus	1377	179-76-5737	A+	(Decimal('43.948443'), Decimal('-55.370381'))	02 Oct 2021		radler		660
1926-10-26	swood@yahoo.com	Mcdowell, Miller and Velez	Kristina Rodriguez	1176	411-41-4208	B-	(Decimal('-1.948282'), Decimal('62.019463'))	05 Jul 2023		ohernandez		511
1942-05-16	yoko25@gmail.com	有限会社木村鉱業	福田 結衣	1390	467-76-7723	AB-	(Decimal('-48.3296665'), Decimal('-17.284994'))	2020-01-06	アーティスト	yumikoito		651
1916-12-06	satonaoko@yahoo.com	合同会社田中情報	吉田 充	1480	841-40-8465	A-	(Decimal('22.5178385'), Decimal('79.261396'))	2019/12/15	経営者	naoki16		364
1943-05-05	oda-conceicao@hotmail.com	Rocha e Filhos	Ester Pereira	563	54219708332	AB-	(Decimal('20.698525'), Decimal('-106.949967'))	2020-04-21	Jogador de futebol	da-rochaisabela		654
1910-09-20	dsuzuki@gmail.com	株式会社前田保険	渡辺 加奈	490	248-21-5555	B-	(Decimal('-20.8980145'), Decimal('84.414998'))	2023-10-24		chiyo08		468
1999-05-20	zoemccullough@yahoo.com	Neal-Nelson	Tammy Martinez	1937	452-76-4159	A+	(Decimal('-86.931380'), Decimal('176.312419'))	2021-05-07	Designer, textile	johnberry		69
	lcirino@ig.com.br	Cardoso Ltda.	Ana Lívia da Cruz	1235	82914763069	B+	(Decimal('86.5355955'), Decimal('-69.321576'))	06/25/2022, 00:00:00		vargashellena		603
2025-09-19	marinettietta@tin.it	Tebaldi-Casale Group	Ludovica Comeriato	781	JVRGST07R45L948T	B+	(Decimal('-57.3482495'), Decimal('147.586068'))	28 Aug 2023		alboniottavio		681
1913-12-24	rikafujiwara@gmail.com	田中食品有限会社	加藤 翼	1516	290-83-3273	AB-	(Decimal('25.963601'), Decimal('-148.658623'))	01/31/2022, 00:00:00	映画監督	tomoyatanaka		586
1954-07-05	hertrampfpascal@yahoo.de	Loos Koch GbR	Silke Gehringer	1168	145-82-7148	O-	(Decimal('13.688119'), Decimal('-142.485072'))	2019/03/03		domeniconaser		486
2003-11-20	tsmith@yahoo.com	Torres, Taylor and Turner	Diana Moore	53	557-87-5098	B-	(Decimal('-5.8333495'), Decimal('-22.955263'))	25 Feb 2022		ngilbert		433
1910-01-12	matsumotoshohei@yahoo.com	有限会社渡辺食品	山崎 直子	1958	498-52-8134	O+	(Decimal('-63.6029625'), Decimal('98.577568'))	06/07/2023, 00:00:00	測量士	satominoru		397
1980-10-08	tmachado@hotmail.com	Lopes	Dra. Eloá Ferreira	432	91053426780	O+	(Decimal('-17.328294'), Decimal('160.609773'))	12 Nov 2020	Capitão	fariasjuan		500
	momokoito@yahoo.com	合同会社佐藤鉱業	伊藤 京助	2159	158-37-7975	O+	(Decimal('-0.7803235'), Decimal('112.975026'))	06/03/2023, 00:00:00		akemi93		39
	ucicala@tin.it	Cavanna-Beccheria s.r.l.	Carmelo Emo	129	TGNMRZ97P41A635V	O-	(Decimal('7.9434815'), Decimal('-98.957421'))	2025/03/02		arsenio75		639
1978-07-16	karolineputz@gmail.com	Etzold	Frau Grit Klemt MBA.	787	022-05-1361	AB+	(Decimal('-89.7186745'), Decimal('-9.058689'))	2020-08-20	Koreanistiker	tilly27		396
1973-06-25	ana-liviamoraes@hotmail.com	Montenegro Gomes Ltda.	Carlos Eduardo Camargo	1488	13095276877	AB-	(Decimal('-29.3254555'), Decimal('-134.435740'))	2020/11/19		nsiqueira		165
2010-07-02	asa@yahoo.com.br	Ramos	Gustavo Cavalcanti	1828	50463921860	O+	(Decimal('3.4499515'), Decimal('39.930561'))	02/05/2021, 00:00:00	Artesão	ana-juliaguerra		482
	kimurakenichi@hotmail.com	山口銀行株式会社	中川 零	531	411-03-2151	O+	(Decimal('71.005104'), Decimal('-78.805962'))	2021/11/17		rika95		50
1961-02-03	mtucker@yahoo.com	Price LLC	Steven Nash	1533	606-92-2037	O-	(Decimal('27.330633'), Decimal('-35.138440'))	05/11/2021, 00:00:00		katherine12		622
1977-02-10	anthony75@hotmail.com	Walters, Bentley and Jones	Robert Fox	1603	436-43-8345	AB-		2022/01/01		emckenzie		552
	tcavalcanti@yahoo.com.br	Pastor Ltda.	Anthony Lopes	686	14589673010	A-	(Decimal('-31.383183'), Decimal('-122.789813'))	13 Jan 2024		qgarcia		689
1965-06-04	vabe@gmail.com	池田ガス株式会社	鈴木 淳	126	025-14-4858	O-		2020-09-06		tsubasa44		512
	zamoranifederigo@yahoo.com	Satta-Montesano SPA	Sig. Pierluigi Bellini	2011	VSRGRG59L41C224A	A-	(Decimal('-27.7594055'), Decimal('135.491019'))	24 Jan 2023		mariasanudo		166
	tkoch@hotmail.com	Gibson-Gallegos	Abigail Lewis	1187	148-11-6402	A-	(Decimal('89.063311'), Decimal('119.984403'))	15 Apr 2020		justin46		650
1966-05-02	zsantos@hotmail.com	Pires Cardoso Ltda.	Pedro Lucas Moura	1184	53468297173	AB+	(Decimal('62.1159375'), Decimal('27.122172'))	21 Jan 2025	Jogador de bocha	da-motaana-beatriz		58
	bnascimento@ig.com.br	Araújo	Lavínia Novais	150	10358294797	O-	(Decimal('-61.9210835'), Decimal('-12.735852'))	12/24/2018, 00:00:00	Secretária	sofia92		696
1926-10-02	kmendonca@ig.com.br	Rodrigues e Filhos	Ana Beatriz Pacheco	801	14275986300	O-	(Decimal('-3.435316'), Decimal('-19.446042'))	05 Jun 2025		da-cunhaguilherme		337
	muriloaraujo@ig.com.br	Martins - EI	Srta. Maria Luiza Carvalho	1199	26857049149	A+	(Decimal('57.2580075'), Decimal('167.039483'))	11/27/2021, 00:00:00		oalbuquerque		122
	boagaermenegildo@alice.it	Salgari-Leoncavallo SPA	Cristina Gigli	1522	PCNMLN11E08M341C	A+		19 Feb 2021		canalifabio		493
	hellena81@hotmail.com	Porto Nascimento S/A	Arthur Gabriel Ribeiro	1406	48975260194	O+	(Decimal('-40.0080385'), Decimal('-128.949255'))	2022-12-04		arthur-gabrielmoura		58
	morganbrian@hotmail.com	Garcia-Smith	Sharon Fowler	1898	213-63-8729	AB+	(Decimal('74.5087075'), Decimal('137.992523'))	2024-07-30		randygreen		455
1952-09-18	sebastiano69@libero.it	Granatelli-Conti s.r.l.	Alessandro Contrafatto-Gozzi	1441	NRDFRC08S47F993N	A-	(Decimal('-20.0007165'), Decimal('-74.646269'))	2024/10/12		gianluigi03		707
2019-03-26	benedettobelletini@libero.it	Barese s.r.l.	Viridiana Piazzi	609	TNZLSE99M13C560Z	A-		26 May 2024	Engineer, manufacturing	vergerioluisa		314
1989-01-12	pedro-henriquefernandes@bol.com.br	Monteiro	Maria Eduarda Cirino	1414	27495386100	AB-	(Decimal('85.1532125'), Decimal('164.657807'))	2023/03/17		qpacheco		161
1912-11-24	maria-alice81@hotmail.com	Farias S.A.	Enzo Jesus	1598	06184792369	AB-	(Decimal('-10.8285635'), Decimal('-102.361828'))	2025-03-13		zfogaca		194
	nicholasdelgado@yahoo.com	Gonzalez-Benitez	Kevin Kennedy	271	601-48-6756	O+	(Decimal('22.020298'), Decimal('60.389890'))	02/20/2020, 00:00:00		warrensherry		446
1986-04-20	ssexton@gmail.com	Rice-Robinson	Miranda Johnson	1162	350-64-3888	AB+	(Decimal('7.2265075'), Decimal('36.816307'))	16 Jun 2022	Librarian, public	rsmith		264
1995-05-08	ufonseca@gmail.com	Jesus	Yago Novaes	842	68432971537	A-	(Decimal('-73.908981'), Decimal('-148.083829'))	2022-05-04		inovais		246
	tanakaatsushi@yahoo.com	松本銀行有限会社	橋本 浩	865	694-74-9010	O-	(Decimal('-21.1218455'), Decimal('-8.744018'))	07/27/2023, 00:00:00		matsudaharuka		636
	maya70@hotmail.com	Lima - EI	Ian Marques	135	82015634762	AB+		10/11/2024, 00:00:00		raquelfernandes		351
1992-02-04	junsaito@hotmail.com	斎藤鉱業株式会社	太田 裕美子	1319	032-05-7493	A-	(Decimal('-1.566565'), Decimal('155.690345'))	17 Aug 2020		harukatanaka		339
	xperkins@yahoo.com	Morales, Hernandez and Brown	Elizabeth Brown	1720	771-58-7795	AB-	(Decimal('-59.2901675'), Decimal('-111.160398'))	03/13/2022, 00:00:00		tracyewing		76
1974-11-27	camargotheodoro@yahoo.com.br	Fonseca	Ian Santos	1822	61795384093	AB-	(Decimal('-75.4649265'), Decimal('2.684803'))	2022/06/19		sampaiocaua		346
1951-11-27	angelinapolesel@tin.it	Tagliafierro, Cantimori e Pezzali e figli	Gian Marsili	159	ZPPMLN60C28B588W	O+	(Decimal('-63.4068855'), Decimal('-112.585755'))	11/22/2024, 00:00:00		federicafusani		358
1962-12-01	jhoffmann@yahoo.de	Beckmann	Dr. Waltraut Ernst B.Sc.	806	474-22-7437	B+	(Decimal('-49.356379'), Decimal('-125.951189'))	2023-05-31		lschenk		110
1925-04-24	vieiralucas-gabriel@bol.com.br	Garcia	Luigi Azevedo	394	91703456866	O-	(Decimal('-62.143255'), Decimal('-91.817810'))	2020/04/23	Engenheiro de energia	sophiegarcia		50
1959-05-22	stephany06@uol.com.br	Nascimento Barbosa S/A	Sr. Guilherme Sales	403	62017853968	AB+	(Decimal('-6.1571175'), Decimal('100.700336'))	2022-05-25	Cancerologista ou Oncologista	mendesrodrigo		656
2003-03-11	brunoaragao@bol.com.br	Cassiano	Valentim Rios	1128	98327405683	AB+	(Decimal('27.258584'), Decimal('-176.988672'))	2022/11/11		aferreira		450
1946-02-06	romagnolilara@tim.it	Paltrinieri-Guarato s.r.l.	Maria Barese	795	LNGTNO83A41F207J	B-	(Decimal('74.3638615'), Decimal('-67.806254'))	2019/04/10		cesarebalbo		606
	ippaziofornaciari@outlook.com	Bignami-Basso Group	Luigi Curiel	1743	CNTMRA41C69L397I	B+	(Decimal('-56.2851455'), Decimal('-34.024684'))	2020/10/13	Community education officer	victoria06		130
1953-10-08	olivia26@ig.com.br	Duarte	Maria Barros	771	17985462309	A-	(Decimal('8.267232'), Decimal('161.081072'))	2025-04-04	Pediatra	estercorreia		559
	maria-helena93@bol.com.br	Gomes Teixeira Ltda.	Mariana Monteiro	1843	26789413022	A-	(Decimal('25.716005'), Decimal('59.753269'))	2025/04/15	Pedagogo	montenegrogabrielly		566
1954-09-08	piazzimichela@tele2.it	Bocca, Manunta e Donati e figli	Beatrice Santoro	69	CLLFRN47R54B712E	B-	(Decimal('51.6290015'), Decimal('17.590718'))	19 Sep 2019		girolamo25		359
2011-07-30	kobayashiatsushi@gmail.com	株式会社林運輸	福田 美加子	121	257-90-8356	B-	(Decimal('-68.962502'), Decimal('-109.800889'))	2024-02-15	音楽家	tomoyasakamoto		28
	aokiryohei@hotmail.com	斎藤水産株式会社	加藤 美加子	522	779-21-0263	B-	(Decimal('-80.8413545'), Decimal('46.325197'))	09 Nov 2020	建築家	yoko44		236
1928-02-10	tyamada@gmail.com	株式会社中川農林	山下 零	1378	765-20-0476	A-	(Decimal('-61.6830695'), Decimal('157.960698'))	2020-04-19		watanabenanami		631
1987-05-31	dparker@hotmail.com	Park Group	George Allen	1337	510-94-5400	O-	(Decimal('52.730830'), Decimal('86.364547'))	09/14/2023, 00:00:00		shane43		332
1971-10-09	cbruscantini@hotmail.com	Tamborini s.r.l.	Dott. Ilaria Fagiani	650	STRMND40P01A762K	B-	(Decimal('-83.8023375'), Decimal('-13.749393'))	08/16/2024, 00:00:00		paolo66		360
1933-11-02	cyamaguchi@gmail.com	合同会社岡田情報	清水 康弘	1649	743-79-0604	A-	(Decimal('-9.646019'), Decimal('93.039750'))	2019/12/09		yasuhiro21		525
2003-01-19	sotaroyamamoto@hotmail.com	小林電気合同会社	森 香織	510	280-75-6257	O+	(Decimal('40.9878345'), Decimal('-114.218496'))	2022-07-13		jhayashi		419
1949-12-06	sarahdixon@hotmail.com	Peterson-Smith	Robert Carter	1453	471-13-5224	A+	(Decimal('10.8904775'), Decimal('-16.896016'))	15 Mar 2024		hailey82		261
	pda-rosa@bol.com.br	Cassiano	Nina Monteiro	1728	85496237173	B+	(Decimal('59.6304085'), Decimal('174.135682'))	2021/02/08		raquel88		95
	leonoack@googlemail.com	Adolph Heintze Stiftung & Co. KG	Prof. Heinz-Gerd Hentschel B.Sc.	531	061-74-5607	A-	(Decimal('-75.868006'), Decimal('22.446845'))	2019/11/25		sbinner		450
1977-03-04	bribeiro@gmail.com	Mendes	Fernanda Borges	1025	04578621901	O-	(Decimal('75.9454805'), Decimal('-153.528874'))	24 Jul 2024	Geofísico	olivia15		371
1920-11-04	knelson@gmail.com	Atkinson-Lester	Jennifer Cox	1388	847-83-4166	B-	(Decimal('-55.819863'), Decimal('177.774769'))	2025/04/21		sarah61		305
1972-03-27	sebastiano69@virgilio.it	Bertoli-Travia Group	Leonardo Missoni	1573	VLRCSN64H18I605S	A-	(Decimal('1.3323355'), Decimal('150.010015'))	2023-09-19		annunziatanicolini		342
1922-09-06	dmartinez@yahoo.com	Herrera, Reyes and Lopez	Elizabeth Ayers	808	769-90-1559	A-	(Decimal('41.420680'), Decimal('-88.585217'))	06 Nov 2020	Heritage manager	ulewis		669
1937-05-14	kaorisato@yahoo.com	後藤食品有限会社	清水 淳	1315	495-06-3492	O+	(Decimal('-65.1497145'), Decimal('137.305155'))	10/30/2020, 00:00:00		itomai		6
1964-04-28	afernandes@bol.com.br	Costa Lopes Ltda.	Manuella Almeida	1526	25439168060	AB+	(Decimal('78.3934725'), Decimal('105.656947'))	2022/09/30		ryannovais		395
	camachonathan@gmail.com	Tucker Ltd	Yesenia Brady	292	126-52-4557	AB+	(Decimal('-75.3415005'), Decimal('127.817459'))	2022-09-10		zachary01		387
	shotakobayashi@yahoo.com	伊藤銀行株式会社	伊藤 千代	1208	566-99-4678	A-	(Decimal('49.956907'), Decimal('-43.646228'))	2018/10/29		kaoritanaka		301
	fonsecabianca@yahoo.com.br	da Rosa Lima S/A	Hadassa da Mota	414	35614829024	O+	(Decimal('-88.2154725'), Decimal('108.234533'))	2021-03-27	Marketeiro	natalia75		661
	otrubin@aol.de	Gorlitz	Dipl.-Ing. Hartmut Holt	1441	250-12-8966	O-	(Decimal('34.592620'), Decimal('22.428835'))	19 Mar 2022	Schornsteinfeger	foersterbirgitt		154
	nicolaimosemann@web.de	Jäntsch e.V.	Franz Josef Cichorius	1512	737-04-8110	O+	(Decimal('-20.379617'), Decimal('162.393255'))	04 Sep 2025	Erzieher	nadine32		619
1922-05-01	margheritafinotto@yahoo.com	Monte, Farina e Matteotti SPA	Laura Gadda	1055	VSCSRN62P26I205F	B+		12/28/2019, 00:00:00	Acupuncturist	luiginaimpastato		277
	gundelgunpf@yahoo.de	Pärtzelt	Carl Pruschke	348	013-28-2037	A+	(Decimal('-30.687908'), Decimal('-103.512794'))	2025-06-17		salvatoregroettner		102
1927-10-31	emanuelligoffredo@gmail.com	Canetta e figli	Pina Angiolello-Serraglio	1312	GRMCNT17H27E794R	B+	(Decimal('-60.4769795'), Decimal('-163.247535'))	30 Jan 2024		donaticarolina		169
1954-03-25	mogheriniottone@gmail.com	Faugno-Rosiello e figli	Gianluca Gradenigo	741	GGLGLN30D09D245E	O-	(Decimal('-31.092493'), Decimal('126.398511'))	2020/03/29	Computer games developer	melinapiovani		275
1937-06-14	andre50@ig.com.br	Barbosa	Matheus Teixeira	988	18593240615	O+	(Decimal('14.7818785'), Decimal('-56.220764'))	2022/09/12		apolloleao		682
2001-03-01	yamamotoyoko@gmail.com	佐藤情報有限会社	山口 陽一	923	461-63-7773	AB+	(Decimal('50.8663425'), Decimal('164.377365'))	03 Nov 2022	検察官	osamu43		441
	carvalhoisabela@uol.com.br	Sá	Manuela Nascimento	855	02896475176	AB-	(Decimal('-47.367096'), Decimal('79.768672'))	06/06/2023, 00:00:00		caua55		105
1958-08-02	yoshidasayuri@gmail.com	合同会社田中ガス	山口 知実	1440	066-32-3346	O-	(Decimal('28.5448825'), Decimal('158.142121'))	03/21/2023, 00:00:00		ryamashita		111
	iackermann@web.de	Wagner Stumpf GbR	Herr August Rädel	921	668-83-1690	AB-	(Decimal('-45.368601'), Decimal('110.666428'))	06/11/2019, 00:00:00		vwilms		470
2021-04-12	tomoya26@gmail.com	佐々木鉱業有限会社	石井 千代	150	337-95-4177	B+	(Decimal('-2.467966'), Decimal('-35.463883'))	28 Dec 2018	コピーライター	ynakamura		723
	kallertfredo@googlemail.com	Christoph GmbH & Co. KG	Heide-Marie Plath-Zänker	965	894-81-3961	O-	(Decimal('-34.2095515'), Decimal('-164.315475'))	02 Jul 2025	Polizist	hornichsylke		53
1942-09-26	ischeel@web.de	Karge	Univ.Prof. Stanislaus Sager	1001	616-73-6892	O+	(Decimal('30.861623'), Decimal('36.813639'))	2025-06-23		fannybriemer		533
1996-04-12	arthur-gabrielrodrigues@ig.com.br	Ferreira	Anna Liz Sales	1964	45901386205	AB+	(Decimal('-36.6900165'), Decimal('79.896985'))	17 Mar 2024		savalentim		342
1991-02-17	pedro-henrique63@uol.com.br	Santos Moraes Ltda.	Sra. Ana Julia Vasconcelos	1443	76980425102	O-	(Decimal('-1.604182'), Decimal('-13.634520'))	2023-03-11		sophie92		63
1911-05-05	miuraryosuke@gmail.com	山口運輸合同会社	鈴木 千代	481	496-66-4950	AB+	(Decimal('59.9765375'), Decimal('-40.041329'))	24 Jan 2022		kinoue		602
	da-costaaugusto@gmail.com	Vieira S.A.	Enzo Novaes	1699	97861340520	AB-	(Decimal('-72.9108055'), Decimal('12.517770'))	2019-11-21		costamariane		422
1919-02-17	usuzuki@yahoo.com	斎藤食品株式会社	高橋 洋介	551	550-07-1277	B-	(Decimal('-61.062417'), Decimal('80.510663'))	11 Jun 2024		ryosukefujii		514
2022-11-19	thiesnadin@yahoo.de	Fechner Riehl AG	Almut Striebitz	1792	330-12-3702	B-	(Decimal('88.931189'), Decimal('115.795259'))	06 Apr 2019		bennoreuter		10
1999-10-15	mituru99@yahoo.com	林通信有限会社	伊藤 真綾	1498	676-03-2941	A+	(Decimal('-38.6571495'), Decimal('-105.050431'))	2022-12-22		kazuya70		34
	lesliewhitaker@yahoo.com	White, Henderson and Johnson	John Lopez	1949	086-73-9163	O-	(Decimal('-58.0252655'), Decimal('38.352165'))	09 Aug 2020		normanchelsea		642
	tvergerio@yahoo.com	Dibiasi, Schiaparelli e Totino Group	Durante Gremese	987	TNNLCN40E69I625D	B-	(Decimal('-7.0185265'), Decimal('-53.782356'))	2024-12-17	Therapist, art	gino74		485
1937-06-21	tostocarolina@live.com	Panicucci-Morosini Group	Vincenza Einaudi	999	MNNFRZ65L52D575D	A-	(Decimal('-56.8157815'), Decimal('13.093951'))	2023/11/22		zabarellafabia		501
1965-01-26	segebahnheinz-josef@yahoo.de	Jungfer AG & Co. KGaA	Prof. Rico Pruschke B.A.	200	916-44-3216	A-	(Decimal('-70.423316'), Decimal('19.137837'))	09/18/2022, 00:00:00	Chemikant	katerinanoack		230
	trillinigiampiero@poste.it	Rensi, Comboni e Telesio e figli	Pierangelo Eco	1308	BRRTZN15R28F209P	O-	(Decimal('-59.835578'), Decimal('156.669005'))	10 Jan 2019	Race relations officer	gulottasilvestro		620
1923-04-08	zwilliams@hotmail.com	Leon Ltd	Penny Morrow	1926	304-54-9390	O-	(Decimal('-84.4510565'), Decimal('130.328085'))	2019/01/04		wrightjonathan		431
	luiz-miguelrodrigues@bol.com.br	Cavalcante	Luigi Mendes	211	65743291080	O-	(Decimal('86.667058'), Decimal('-43.829637'))	09/04/2019, 00:00:00	Cobaia Médica	machadoluan		184
	lolita41@libero.it	Trincavelli e figli	Franco Parri-Fantoni	1692	RSSFBZ78C17E458X	AB+	(Decimal('18.0522265'), Decimal('-143.437399'))	23 Dec 2020		gino08		15
	oshimizu@hotmail.com	株式会社石川情報	橋本 修平	1744	622-74-0361	O+	(Decimal('-57.2996015'), Decimal('166.833256'))	2024/11/26	営業	iinoue		488
	catherinelittle@hotmail.com	Aguilar, Martinez and Butler	John Stevens	2091	354-70-2309	O-	(Decimal('-33.747942'), Decimal('-18.725360'))	04 Oct 2023		loganfleming		176
	pedro-miguel14@hotmail.com	Moreira	Anthony Gabriel Duarte	1146	47913568291	AB+	(Decimal('32.6983625'), Decimal('-177.286039'))	24 Oct 2021		casa-grandeemilly		709
2018-08-01	dowergherta@web.de	Ritter Tintzmann GmbH	Käthe Schüler	1017	548-29-4729	AB+	(Decimal('77.883368'), Decimal('-45.264177'))	03 May 2020	Koreanistiker	alenakranz		686
	hanakonakamura@hotmail.com	田中印刷合同会社	松本 洋介	634	770-89-8216	AB+	(Decimal('83.255138'), Decimal('131.659469'))	26 Oct 2020		gotoyosuke		416
	wetzler@yahoo.de	Hövel	Wilma Henschel	1907	485-80-2009	B-	(Decimal('-60.7814115'), Decimal('157.047543'))	23 Jul 2024		nancyfritsch		266
1941-10-18	msteuer@yahoo.de	Bachmann	Irmengard Pärtzelt B.Eng.	1700	282-64-0313	AB-	(Decimal('-1.3974875'), Decimal('-24.033820'))	2024/02/05		ellinorrose		504
	yasuhiro49@yahoo.com	伊藤食品合同会社	渡辺 加奈	626	074-16-3209	AB-	(Decimal('20.1800565'), Decimal('69.973946'))	2022/11/01		naoki90		512
	da-pazlucas-gabriel@uol.com.br	Nascimento	Nathan Correia	1797	08764139204	AB+	(Decimal('35.613161'), Decimal('136.261760'))	2023-07-20	Profissional de marketing	ocunha		461
	maysa79@gmail.com	Oliveira Lima - EI	Isabella Lima	1707	89647315066	A+	(Decimal('51.712700'), Decimal('177.160115'))	2025-05-22		da-cunhamaria-luisa		279
1948-10-25	satonaoko@hotmail.com	太田運輸株式会社	高橋 零	1363	480-85-1270	B-	(Decimal('56.054471'), Decimal('-66.935914'))	01 Feb 2022	測量士	aokiryohei		266
1975-12-30	matthew61@yahoo.com	Cannon-Wright	Michelle Jones	1711	665-64-3842	AB-	(Decimal('70.8603595'), Decimal('160.040511'))	01 Nov 2023	Health and safety adviser	ephelps		159
1992-04-05	csuzuki@hotmail.com	斎藤印刷有限会社	佐藤 千代	1074	565-22-1068	A-	(Decimal('-4.836699'), Decimal('155.483074'))	2021-03-26		yokomatsumoto		5
1934-07-01	ottilie33@yahoo.de	Gunpf Trommler AG	Nadeschda Kabus	1250	102-82-4962	O+	(Decimal('-24.6300395'), Decimal('-77.097431'))	2025-07-04		scholtzrita		704
1942-09-27	armandobergoglio@fastwebnet.it	Foconi-Gregori e figli	Giulio Duse	1871	RSSLVR20C10M109R	B-	(Decimal('43.195361'), Decimal('28.968175'))	10 Jun 2022		milenamarcacci		24
	pnakamura@yahoo.com	合同会社福田運輸	中村 裕美子	1033	068-60-9485	B+	(Decimal('7.801739'), Decimal('-65.523837'))	2021-01-14		katoyumiko		431
1969-12-09	katherinaschenk@googlemail.com	Möchlichen	Mariechen Plath	435	979-30-9898	B-	(Decimal('54.353653'), Decimal('63.435338'))	2022-01-30		joergenjacobi-jaeckel		23
	fiammaschiavo@tele2.it	Salieri-Ostinelli e figli	Donatella Vergerio-Trebbi	115	GRSRNL71E11L984N	B-	(Decimal('-88.928204'), Decimal('-50.543867'))	21 Dec 2018		qbattisti		16
2012-11-03	wcilea@vodafone.it	Tasso-Ubaldi e figli	Nicolò Bosio	1204	CSDRND37T59L723F	A+	(Decimal('51.8642505'), Decimal('57.200102'))	02/27/2019, 00:00:00	Scientist, water quality	ocarducci		487
	oliverpimenta@hotmail.com	Barros	Lorena Fogaça	160	64793180213	B+	(Decimal('-9.6530435'), Decimal('-146.074215'))	05 Oct 2023		antony06		583
	melissa92@fastwebnet.it	Antonelli, Segni e Montanelli SPA	Fiamma Bianchi	47	SCRPNI93L14H021J	AB-	(Decimal('53.1770105'), Decimal('-15.234630'))	02/06/2020, 00:00:00		giustino53		557
	raquelmoreira@ig.com.br	Barbosa	Aurora Camargo	1126	45129867319	B-	(Decimal('22.484862'), Decimal('-55.927125'))	2019-09-24		carvalhomaria-julia		655
	amico31@gmail.com	Boito SPA	Milo Argentero	1089	PRORAI45A28A013Y	O+	(Decimal('-81.5253605'), Decimal('-123.752684'))	07/15/2025, 00:00:00		lucchesipaolo		83
1997-11-05	ckobayashi@hotmail.com	後藤運輸合同会社	木村 智也	1342	567-81-4329	AB-	(Decimal('78.4849655'), Decimal('54.632640'))	11/22/2023, 00:00:00	グラフィックデザイナー	hanakoikeda		57
2001-05-30	marybowman@yahoo.com	Perez LLC	Mary Kim	819	624-41-4053	AB-	(Decimal('-67.446629'), Decimal('-139.027786'))	2022-12-14		lindsayhudson		617
	mariahcampos@gmail.com	da Mota - ME	Rael da Luz	1867	93628071496	B-	(Decimal('10.6249905'), Decimal('-114.233094'))	30 Nov 2021		gael-henrique53		506
	simsdiane@gmail.com	Bradley-Garcia	Connor Patel	359	368-85-6918	B+	(Decimal('-33.825779'), Decimal('-1.723306'))	2021/11/05	Chartered public finance accountant	jonathanfry		357
1963-09-12	ikreusel@yahoo.de	Hesse	Marlis Hermighausen	66	956-79-4464	A+	(Decimal('85.3462815'), Decimal('-96.075659'))	31 Aug 2019		etzlerelfi		193
1910-10-29	mackenzieacevedo@yahoo.com	Flores PLC	Felicia Frazier	272	474-11-7848	O-	(Decimal('48.8265685'), Decimal('-33.031733'))	2024/11/04		williamssarah		55
2002-11-04	nroerricht@aol.de	Klingelhöfer	Zlatko Trüb B.Eng.	1671	474-52-3511	A+	(Decimal('22.0548455'), Decimal('-89.870567'))	2019-08-26		ikostolzin		216
	monteiroalana@gmail.com	Leão Almeida S/A	Diogo da Cruz	1460	42067518380	AB-	(Decimal('56.189914'), Decimal('127.887893'))	20 Dec 2018		abreuvinicius		476
	mirella69@bol.com.br	Marques S/A	Francisco Abreu	1429	72369508400	O+	(Decimal('2.111685'), Decimal('-19.386870'))	2019/02/17		snovaes		528
1975-01-13	watanaberyosuke@hotmail.com	佐々木ガス合同会社	林 明美	532	205-23-1618	AB+	(Decimal('-85.5152695'), Decimal('34.311433'))	06/12/2025, 00:00:00	配管工	yui13		501
	sbuchholz@aol.de	Sontag Lachmann e.G.	Ottfried Barkholz	1688	685-28-0857	A+	(Decimal('-82.5972665'), Decimal('-25.958186'))	07/04/2021, 00:00:00		eigenwilligcynthia		162
	sandro20@gmail.com	Storladi-Argan e figli	Goffredo Borzomì	41	RGNVRN53M23B531G	AB-	(Decimal('-30.1982775'), Decimal('-145.140581'))	2023-04-18	Ranger/warden	gorigirolamo		249
1947-05-29	pierinaspinola@fastwebnet.it	Franceschi, Mastroianni e Zecchini e figli	Cecilia Ajello	960	MNTRSN60P04F335M	B+		2020/12/17		vincenzaludovisi		541
1989-09-02	icapuana@vodafone.it	Basadonna-Basadonna Group	Costanzo Zampa	2122	NCCVEA75A14A604K	O-	(Decimal('-88.023572'), Decimal('-138.257659'))	05/11/2020, 00:00:00		tacerbi		722
2010-03-23	knappebenedikt@aol.de	Rose	Steve Kühnert	1262	628-00-8388	O+	(Decimal('-28.4308195'), Decimal('23.993018'))	04/23/2023, 00:00:00	Arzt	muehlemargareta		668
1963-09-10	naoki89@yahoo.com	吉田建設有限会社	木村 英樹	124	077-08-5209	A-	(Decimal('47.7775915'), Decimal('-104.312664'))	2022-10-07		taro98		182
	vcaccioppoli@tin.it	Trezzini, Beffa e Comisso Group	Claudia Giannelli	2107	VRGMRA26R26G441N	B+	(Decimal('-64.311177'), Decimal('-69.981085'))	06/04/2021, 00:00:00		piersanti58		438
	fredo44@fastwebnet.it	Cafarchia, Combi e Pellegrini Group	Germana Mercadante	1201	PZZGNG47B68H609L	O+	(Decimal('76.414655'), Decimal('-113.253842'))	04/14/2024, 00:00:00	Dentist	ornella60		619
1994-07-19	loretta04@tin.it	Rossi Group	Serena Parisi-Accardo	550	TNNCLL51D05E880A	O-	(Decimal('75.1415935'), Decimal('159.600081'))	2022-01-06		mvergerio		641
	saitoyoichi@hotmail.com	有限会社中村電気	中村 加奈	501	590-13-9656	AB+	(Decimal('77.4961265'), Decimal('116.490803'))	2025-03-25		jsato		317
1931-08-24	mfaranda@tele2.it	Perini, Aloisio e Villarosa Group	Ruggero Balbo	1820	TMBGLR21B60H729J	A+	(Decimal('66.903067'), Decimal('163.504681'))	30 Sep 2022		riccigaetano		516
	shoheiyamashita@hotmail.com	田中鉱業有限会社	鈴木 くみ子	1026	168-01-2896	B+		14 Nov 2018	建築家	minoruyamada		594
1952-09-30	dhering@gmail.com	Hethur	Siegmar Kusch	49	596-20-8120	A-	(Decimal('-7.061149'), Decimal('179.630693'))	08 Nov 2021	Artist	pohlhanife		339
	sleopardi@libero.it	Legnante, Monti e Murri Group	Claudia Tropea-Jovinelli	1006	NGRGNT22L65F942O	O+	(Decimal('-46.506534'), Decimal('90.442401'))	2023-03-27	Presenter, broadcasting	zianinicolo		487
	maaya34@yahoo.com	鈴木保険株式会社	山本 くみ子	266	021-24-5557	B-	(Decimal('1.1924485'), Decimal('-24.545950'))	2023/07/11	高等学校教員	xyoshida		310
1953-05-13	intermineicalcedonio@virgilio.it	Foletti e figli	Camilla Gabbana	1892	CNNCRL53H13L746R	O-	(Decimal('-83.1272365'), Decimal('3.271427'))	19 Aug 2021		matildabalbi		150
1918-10-27	johan91@aol.de	Scholtz Zirme AG	Univ.Prof. Lilian Hartmann	118	339-45-2313	O-	(Decimal('-43.864002'), Decimal('-166.289636'))	2024/10/17		erhardt45		288
	dieter44@googlemail.com	Spieß KG	Ingeburg Mitschke	1591	642-47-8656	B-	(Decimal('-86.807800'), Decimal('20.783328'))	13 Jun 2022		steckelalois		190
	vtlustek@gmx.de	Blümel	Salvatore Hofmann B.A.	2027	965-18-9030	B-	(Decimal('-49.7897195'), Decimal('-172.108974'))	2023/10/27	Pilot	jaekelemma		30
1979-01-16	jerry48@hotmail.com	Davenport-Clayton	Teresa Moore	385	637-31-1327	B+	(Decimal('-67.2631975'), Decimal('41.207511'))	30 Jul 2024		normaholland		435
1978-03-14	danicaoderwald@hotmail.de	Hesse Rust Stiftung & Co. KGaA	Thea Lübs	304	951-47-9365	O+		2024-06-05		jscholtz		372
	freilly@yahoo.com	Allison-Farmer	Danielle Smith	2052	486-07-2287	O-	(Decimal('-59.5395775'), Decimal('-51.247676'))	2022-10-15		jasonliu		311
1951-04-07	jrose@hotmail.de	Speer Söding AG	Urs Eckbauer	711	957-74-6626	AB+	(Decimal('61.4567955'), Decimal('42.339666'))	03/06/2019, 00:00:00		strohwiebke		706
1954-08-03	dtlustek@aol.de	Nette Wieloch KGaA	Zeljko Paffrath	1365	638-03-4567	O-	(Decimal('-7.256473'), Decimal('111.479875'))	01 Aug 2024	Mathematiker	ywilms		474
	adele05@alice.it	Lercari, Bosurgi e Montalti s.r.l.	Rodolfo Cagnotto	1062	CLLPRR25P50I716Q	O-	(Decimal('56.0903455'), Decimal('-49.363194'))	2020-05-16		biagiovespa		208
	stefaniamannoia@virgilio.it	Coardi-Fabbri e figli	Annamaria Lopresti	65	SGNDLM21P65A302T	B-		07 Jan 2021		veinaudi		407
1932-08-25	barbara13@hotmail.com	Souza	Eloah Mendonça	256	28647319591	O-	(Decimal('10.352649'), Decimal('-129.718335'))	2024/08/22		agatha90		386
2016-04-19	olsontodd@gmail.com	Simon-Wilson	Jane Marshall	2033	734-31-1362	O-	(Decimal('-46.267743'), Decimal('51.958539'))	2024/02/22		tsmith		296
2002-05-20	petralliermanno@tele2.it	Mennea, Carullo e Grassi SPA	Iolanda Gabrieli-Lattuada	546	PDVRMO61S52B925K	O+	(Decimal('-71.8991965'), Decimal('-109.912666'))	12/12/2021, 00:00:00		pomponioraimondi		423
	samuelsiqueira@uol.com.br	Vasconcelos	Bárbara Pinto	720	68240937500	O+	(Decimal('-79.7569415'), Decimal('132.863710'))	10 Sep 2020		wcasa-grande		269
	dda-paz@hotmail.com	Lopes - ME	Sr. Bento Aparecida	506	12908457601	AB-	(Decimal('-61.831388'), Decimal('69.264066'))	2019/03/02		aparecidaeduardo		439
	guccidante@tim.it	Antonacci Group	Romeo Toninelli	788	TTNLCN66D43A728D	B+	(Decimal('-31.6021555'), Decimal('-39.300320'))	2024-03-11		matteo98		232
2009-09-08	marina76@ig.com.br	Leão S.A.	Sr. José Pedro Silveira	587	74230658117	O+	(Decimal('64.656591'), Decimal('27.658599'))	14 Nov 2021		jgomes		394
	bowersashley@yahoo.com	Olsen, White and Barrett	Nancy Stanley	663	050-64-5775	AB-	(Decimal('-70.415886'), Decimal('-174.768568'))	07/21/2022, 00:00:00		scott18		44
	nmendonca@yahoo.com.br	Freitas - EI	Otto Monteiro	1845	32514609780	AB+	(Decimal('49.712485'), Decimal('6.354468'))	2021-10-23		oliveiraantonio		47
	zanichellitiziano@gmail.com	Juvara Group	Dott. Isabella Interiano	1212	MRSNNS87E06G478H	A+	(Decimal('-70.652038'), Decimal('-24.858343'))	2021-07-16		andreottisaverio		288
	otto23@yahoo.com.br	Barbosa	Leandro Novaes	1134	82103957423	B+	(Decimal('-12.431043'), Decimal('159.457989'))	2021/10/13	Salgadeira	pachecodante		298
	psuzuki@gmail.com	合同会社岡田食品	木村 淳	457	749-68-4916	A-	(Decimal('-49.2278635'), Decimal('153.368795'))	12/16/2020, 00:00:00	漫画家	aokimiki		613
2013-09-18	marazzinanni@gmail.com	Parri Group	Francesca Tomasini	1444	LNCLSS62S45A350S	O+	(Decimal('52.539436'), Decimal('-44.434826'))	03 Feb 2021	Quality manager	carlascarponi		462
1969-02-06	ytanaka@hotmail.com	太田建設有限会社	山田 浩	2000	061-14-5448	A+	(Decimal('-83.158604'), Decimal('120.277841'))	2019/08/14		yuta26		503
1977-10-15	elenore84@gmail.com	Tröst	Rosita Rogner	1231	891-45-5275	A-	(Decimal('80.2009005'), Decimal('-102.696274'))	15 Jul 2022	Pfleger	dietzslobodan		488
2011-09-30	emanuelly82@hotmail.com	Caldeira	Yago Vieira	1904	45817623919	AB-	(Decimal('-20.5657595'), Decimal('91.716032'))	09/29/2023, 00:00:00	Leiteiro	lara87		459
1935-10-09	greichmann@web.de	Möchlichen	Helen Jacobi Jäckel-Wesack	1750	448-63-1468	O+	(Decimal('-12.8329005'), Decimal('142.923021'))	16 Oct 2023	Techniker	nasertadeusz		283
	kbloch@gmail.com	Ernst Zorbach AG	Corinna Haase	397	063-53-8730	AB+		2018/10/10		gerlindloechel		344
2005-10-14	nina88@live.com	Offredi, Scialpi e Bignami Group	Ninetta Piacentini	1853	BRCLDC57B63L482E	A+	(Decimal('4.6803955'), Decimal('-51.420858'))	2021/07/16		rusticuccimarco		218
1932-04-25	ukobayashi@gmail.com	有限会社高橋情報	山本 結衣	1976	047-41-5979	A+	(Decimal('65.2425285'), Decimal('-110.137785'))	2020/03/17		yuishimizu		461
1938-05-10	ofujita@hotmail.com	有限会社佐藤ガス	山田 香織	606	533-26-2868	B+	(Decimal('-84.9117565'), Decimal('66.080976'))	12 Jan 2022		fujitatakuma		473
	chiyo85@gmail.com	合同会社林銀行	西村 里佳	868	248-02-7501	B-	(Decimal('-33.063396'), Decimal('115.257943'))	2019/11/18	医療事務員	eyamaguchi		311
1954-03-29	ljudmila37@gmx.de	Junken e.G.	Friedhelm Fliegner-Birnbaum	1214	694-14-0761	O-	(Decimal('-7.5849975'), Decimal('-64.292071'))	08 Jun 2020	Mechaniker	jmielcarek		231
1954-09-25	ianfernandes@hotmail.com	das Neves	Gabrielly Albuquerque	804	92086371586	AB-	(Decimal('27.2886915'), Decimal('-27.343467'))	2024/09/01	Artista de circo	da-luzgael-henrique		278
1989-06-12	shotaito@gmail.com	岡本保険株式会社	山口 美加子	1238	721-08-1749	B+	(Decimal('-42.938578'), Decimal('179.777091'))	09/14/2022, 00:00:00	小説家	hideki78		412
1990-03-02	suzukihanako@yahoo.com	合同会社坂本印刷	加藤 直子	668	304-89-3512	B-	(Decimal('-54.1429455'), Decimal('-104.428799'))	10/13/2021, 00:00:00	農家	katoyuki		541
1995-11-28	eduarda27@uol.com.br	Moraes	Rodrigo Rocha	811	52186347008	AB+	(Decimal('-3.069108'), Decimal('64.038628'))	10/30/2021, 00:00:00		portosabrina		435
1918-08-18	ibaracca@gmail.com	Norbiato-Agazzi s.r.l.	Simonetta Gualandi	1995	PTRLVR08R11E431Y	B-	(Decimal('14.834680'), Decimal('-27.179159'))	2025/05/30		filippo90		422
	dajanabuchholz@aol.de	Kitzmann AG	Univ.Prof. Loretta Hettner	1115	459-28-6658	A-	(Decimal('71.1403975'), Decimal('172.751459'))	2019-08-07		eleni74		619
	hideki06@gmail.com	中村運輸有限会社	中村 美加子	1721	571-26-1668	B+	(Decimal('-81.462591'), Decimal('167.833810'))	23 Apr 2024		mikikimura		241
1990-04-15	anthonyjesus@hotmail.com	Ribeiro - EI	Cauã Silva	417	47613928004	O+	(Decimal('-61.7808705'), Decimal('-124.969162'))	11/04/2020, 00:00:00	Perito criminal	sophie28		315
1998-07-04	thilolindner@yahoo.de	Schuster Mosemann AG	Hans-Otto Schomber-Jacob	1062	490-74-2947	AB+	(Decimal('-3.1957285'), Decimal('-95.797795'))	08/03/2021, 00:00:00		mansanatol		551
1916-10-28	naokisato@hotmail.com	有限会社吉田保険	中村 あすか	1459	819-34-1920	A-	(Decimal('-74.713291'), Decimal('102.157759'))	2021/08/10		suzukimai		157
1992-12-05	msansoni@fastwebnet.it	Stoppani e figli	Dott. Bianca Visconti	111	BRNFRN35A15F107I	B+	(Decimal('-16.719012'), Decimal('31.440594'))	2020-07-18		antoniettasilvestri		548
	gbenedetti@fastwebnet.it	Salieri, Pozzecco e Gianvecchio SPA	Marcello Treccani	1052	CHDLVI42A12D688H	AB-	(Decimal('-30.377899'), Decimal('139.754478'))	22 Nov 2020		rberlusconi		168
	fujiwaramikako@gmail.com	有限会社福田水産	福田 京助	2026	173-83-2177	A+	(Decimal('-86.9782135'), Decimal('-3.681626'))	2024/02/29		yoshidakenichi		331
	manabu19@gmail.com	合同会社松本水産	林 直樹	1574	792-70-7877	A+	(Decimal('6.750115'), Decimal('-120.281372'))	29 Dec 2020	音響技術者	hiroshi90		147
1942-04-15	satomiota@yahoo.com	合同会社村上保険	中川 花子	459	656-20-7888	A+	(Decimal('16.909704'), Decimal('-115.802263'))	11 Jul 2020		ryosukenakamura		280
	vhuhn@web.de	Tlustek Paffrath Stiftung & Co. KG	Mahmut Klapp B.Sc.	551	826-73-4680	B-	(Decimal('-13.605073'), Decimal('137.917222'))	2025/07/15	Chirurgiemechaniker	karl-hermannhofmann		223
	kkobayashi@yahoo.com	池田電気合同会社	西村 裕太	364	014-87-0335	O+	(Decimal('-14.8719285'), Decimal('151.733828'))	11/03/2023, 00:00:00	コピーライター	ryoheisato		668
2010-06-05	maria-eduarda37@bol.com.br	Nogueira - ME	Lucca Novais	512	27695418382	AB-	(Decimal('-44.5756375'), Decimal('-134.781831'))	2021/03/18		stelladuarte		350
1965-12-09	ffukuda@hotmail.com	有限会社山田農林	橋本 浩	1130	868-94-0142	O-	(Decimal('-26.6521295'), Decimal('55.776576'))	2023/10/15	高等学校教員	kobayashirei		63
1911-10-02	nmayo@yahoo.com	Medina Group	Joshua Dennis	529	125-23-2790	AB-	(Decimal('-82.101256'), Decimal('-44.103814'))	12/04/2019, 00:00:00	IT trainer	lclark		135
2017-01-20	maria-julianogueira@yahoo.com.br	da Conceição	Dr. João Guilherme Moura	1296	65382791473	B-	(Decimal('-83.0030225'), Decimal('164.129546'))	2025/01/13		eda-cruz		463
	bcirino@hotmail.com	Cavalcanti Fonseca - EI	Isabella Vargas	1622	49036172543	AB-	(Decimal('-9.395315'), Decimal('-63.404607'))	2022/04/20		maria-flor08		262
	hicksjames@hotmail.com	Solomon Ltd	Paul Bailey	1067	178-28-8443	B+	(Decimal('58.638548'), Decimal('-116.238515'))	2023-08-26		gary01		507
1978-04-06	enzo93@alice.it	Magrassi-Binaghi Group	Antonello Udinesi	1904	LNGNNT84H05D239N	O+	(Decimal('-81.219659'), Decimal('-159.729585'))	2018/10/01	Wellsite geologist	dallaraannetta		620
	ugarza@hotmail.com	Rivera Group	Gina Johnson	998	529-41-8241	O-	(Decimal('29.6895515'), Decimal('-48.594976'))	05/03/2024, 00:00:00		hickstracy		155
	kimlauren@hotmail.com	Hughes-Moore	Jennifer Barker	1544	569-98-8781	B+	(Decimal('83.452926'), Decimal('169.097126'))	2021/12/09	Radiographer, therapeutic	dennissean		332
	hahnelli@web.de	Ruppert GmbH	Woldemar Liebelt-Schleich	1331	884-67-6310	A+	(Decimal('2.6746175'), Decimal('-160.515675'))	01/03/2019, 00:00:00		emmiradisch		37
	kobayashiyuki@gmail.com	有限会社中村運輸	木村 裕樹	1003	698-48-9187	AB-	(Decimal('26.936763'), Decimal('81.774164'))	2021-02-28		kenichi57		355
	timothybaker@hotmail.com	Hurst, Murphy and Williams	Jerry Gonzales	1960	141-98-1931	AB+		04/05/2021, 00:00:00		ftaylor		203
2016-12-08	norbiatoenrico@tele2.it	Gaggini, Dellucci e Gasperi SPA	Sig. Donato Russo	325	TSSLCZ92E15E879A	AB+	(Decimal('36.231597'), Decimal('143.734939'))	2020-03-01	Investment banker, corporate	chiara74		500
	gpugh@hotmail.com	Robbins-Allen	Diana Watson	58	143-73-0651	O+	(Decimal('5.4680605'), Decimal('138.557994'))	06/15/2021, 00:00:00	Scientist, clinical (histocompatibility and immunogenetics)	susan31		680
1950-05-13	denisesanders@yahoo.com	Rojas, Martin and Perez	Daniel Brewer	1639	585-13-7615	AB+	(Decimal('73.720648'), Decimal('78.341023'))	11/16/2020, 00:00:00	Production assistant, television	batesdenise		415
1948-08-07	dyoshida@yahoo.com	長谷川印刷合同会社	吉田 充	1055	058-69-8950	A+	(Decimal('82.5480535'), Decimal('27.321836'))	05/08/2025, 00:00:00		ishikawanaoko		158
	hgarcia@gmail.com	Gross Group	Melissa Hernandez	593	872-84-0697	A+	(Decimal('67.582224'), Decimal('-34.212884'))	2024-03-01		lparker		101
	rtarchetti@libero.it	Serao, Cimini e Gadda s.r.l.	Sig. Carmelo Leonardi	201	BCCPMN19B45C007V	AB-	(Decimal('-46.498855'), Decimal('55.923653'))	2020-10-01		jtarchetti		691
1973-05-23	akemi63@gmail.com	田中印刷合同会社	佐藤 篤司	1283	452-19-3135	AB-	(Decimal('44.904842'), Decimal('-70.126375'))	11/01/2018, 00:00:00	アーティスト	ryosukekato		380
1972-06-15	xortmann@yahoo.de	Hermighausen KG	André Zorbach	1192	426-56-4805	A-	(Decimal('79.373455'), Decimal('174.305442'))	2023/09/11		ullrich55		207
1935-12-06	manuella27@hotmail.com	Souza	Sr. Davi Lucas Martins	1855	13542987646	B+	(Decimal('27.269422'), Decimal('-32.174984'))	03 Jan 2025		pintojuliana		388
	omonicelli@libero.it	Traversa, Mogherini e Nosiglia SPA	Silvio Soderini	1302	FOALNA23B10H689Q	A+	(Decimal('-7.0461685'), Decimal('141.203300'))	24 Dec 2022	Administrator, arts	nadiaoliboni		286
1969-04-02	fmontes@yahoo.com	Flowers, Fleming and Joseph	Eric Smith	1710	394-65-2893	A+		18 Sep 2019		nperez		578
	kobayashinaoko@gmail.com	有限会社山口保険	山田 花子	573	243-86-8616	O-	(Decimal('-76.669738'), Decimal('-118.518132'))	2021-11-21		mikako66		173
	jgigli@tiscali.it	Fibonacci, Bianchini e Balotelli Group	Annunziata Golgi	412	FDRBCC52B54F851M	A+	(Decimal('-51.2989545'), Decimal('38.767697'))	11 Nov 2020		gcattaneo		663
	joanlara@hotmail.com	Bowman Ltd	Madeline Roy	1465	887-29-4267	AB+	(Decimal('-35.780509'), Decimal('70.412323'))	13 Nov 2019		saundersallison		131
	zschuster@web.de	Gorlitz Pölitz GmbH & Co. OHG	Frau Jenny Textor	33	917-64-0146	O-	(Decimal('61.814598'), Decimal('-135.063229'))	06/14/2021, 00:00:00		benitagierschner		0
2019-06-21	diazsteven@hotmail.com	Parker, Gentry and Richmond	Teresa Kane	1437	874-90-7146	B-	(Decimal('33.2599435'), Decimal('-172.795110'))	2025/08/31		gloria50		532
1978-01-08	vieiragael-henrique@ig.com.br	Abreu - EI	Emilly Gonçalves	1298	82079453114	A+	(Decimal('-87.1565185'), Decimal('-112.108402'))	2023/09/20		lcavalcanti		431
1983-09-15	melissa39@hotmail.com	Collins-Martin	Joann Martin	580	083-06-2849	O+	(Decimal('89.179444'), Decimal('92.255622'))	10/29/2024, 00:00:00		deannaschmitt		263
2003-02-09	watanabeyosuke@hotmail.com	山本水産株式会社	佐藤 舞	1737	762-46-3542	A+	(Decimal('-3.7059315'), Decimal('-50.074968'))	2024/06/28	演歌歌手	hayashisotaro		616
1927-07-18	walfriedcichorius@gmx.de	Wohlgemut	Dr. Lili Rudolph	1714	932-62-1409	O-	(Decimal('11.369190'), Decimal('-14.156840'))	10/17/2020, 00:00:00	Chirurgiemechaniker	bjunk		43
	ruppertevangelos@aol.de	Misicher GbR	Dr. Rita Misicher B.Eng.	1183	751-29-3688	A-	(Decimal('-36.476023'), Decimal('63.485988'))	2019/01/29	Bankkaufmann	meike62		319
	marinaazevedo@hotmail.com	Peixoto	Renan Brito	1624	36789402187	B-	(Decimal('-16.461382'), Decimal('-72.913209'))	2019/07/29	Lutador de jiu-jitsu	kgoncalves		11
	yumiko70@gmail.com	有限会社後藤水産	木村 春香	1617	852-53-9127	O+	(Decimal('-43.0361135'), Decimal('-145.686713'))	03/16/2024, 00:00:00		zyamamoto		80
2023-09-21	james34@hotmail.com	Harris Group	Mallory Tapia	1769	086-56-8865	B+	(Decimal('49.639701'), Decimal('175.005169'))	2021-03-15	Health service manager	thorntonsean		311
	busonielvira@libero.it	Fantozzi-Barracco SPA	Flavia Caffarelli	989	FRSFLV35R16H662L	AB-	(Decimal('46.5753935'), Decimal('28.979068'))	04/15/2025, 00:00:00		barbara33		495
	gottardiseverino@gmail.com	Durante e figli	Francesca Bondumier	277	SFRMRS65E30L221K	B-	(Decimal('61.8093425'), Decimal('159.230587'))	2025-02-11		isabellapaoletti		47
2024-02-24	scott12@yahoo.com	Hines Ltd	Hector Rowe	1877	346-50-3465	A-	(Decimal('15.300934'), Decimal('-33.617267'))	2023/04/15		angelamendoza		408
1951-04-15	jenniferwilson@yahoo.com	Calderon, Copeland and Wade	Eugene Haynes	754	542-82-0708	O-	(Decimal('-38.947898'), Decimal('-114.602431'))	12/28/2024, 00:00:00		michelle05		65
	portomariane@hotmail.com	Vieira	Bryan Pereira	228	64801327931	O-	(Decimal('-83.758295'), Decimal('176.982636'))	18 Oct 2023	Coveiro/Sepultador	gustavosiqueira		180
1945-04-26	augusto09@gmail.com	Cavalcante	Vitor Gabriel Caldeira	1448	70235964883	AB-	(Decimal('12.4416955'), Decimal('106.205695'))	05/26/2020, 00:00:00		luccafonseca		533
	paulsmith@hotmail.com	Hardy Inc	Steven Norman	920	097-61-2008	B-	(Decimal('-66.589401'), Decimal('-170.884450'))	31 May 2023		tinastephens		9
1914-07-09	luiz-henrique31@bol.com.br	Castro S/A	Srta. Luiza Campos	1247	83974201505	O+	(Decimal('26.5293865'), Decimal('-110.325062'))	06/22/2025, 00:00:00		gda-costa		115
1922-04-25	lazzaro18@tin.it	Vanvitelli, Rocca e Granatelli s.r.l.	Licia Emo	391	BLDMRS00L28A546K	AB+	(Decimal('-55.033849'), Decimal('170.010999'))	06/12/2021, 00:00:00		ludovicopucci		660
	katjamosemann@aol.de	Fliegner	Marius Seifert	1712	854-86-3734	O+	(Decimal('-20.0942335'), Decimal('-70.764272'))	27 Aug 2021		scheuermannromana		4
1967-04-25	qtanaka@yahoo.com	株式会社山崎水産	岡本 充	2063	108-84-0811	AB+	(Decimal('41.810196'), Decimal('8.910580'))	2024/01/31		matsumotorika		365
2015-08-23	vitalibudig@gmail.com	Holzapfel Hövel AG & Co. OHG	Roland Rädel	2062	192-87-1912	A+	(Decimal('57.5842295'), Decimal('-128.202951'))	2019/01/08		dobesdarius		460
1928-10-10	paulo16@hotmail.de	Hoffmann Stiftung & Co. KG	Etta Haering	166	605-02-1806	B-	(Decimal('77.6951365'), Decimal('-145.729962'))	06/21/2025, 00:00:00		beerbalthasar		325
1989-02-01	melissahale@yahoo.com	Gallagher, Walker and Flynn	Michelle Harper	486	445-06-0810	B+		06/28/2021, 00:00:00		sharonvalencia		672
	mbuonauro@hotmail.com	Segni, Desio e Morandini SPA	Lucrezia Cappelli	616	VGDDNI97C25L470A	AB-	(Decimal('-29.3779215'), Decimal('-13.622404'))	2023-12-19		tfaggiani		689
1963-12-22	peixotomiguel@gmail.com	Moura	Alana da Rocha	1652	82643075153	O+	(Decimal('-66.9861945'), Decimal('-148.266725'))	07 Nov 2022	Massoterapeuta	moraessophia		721
1991-09-06	xmcdonald@hotmail.com	Chen-Richardson	Jennifer Barnes	934	366-07-9041	B-	(Decimal('-43.2930715'), Decimal('-1.902206'))	2018/11/10		travis77		300
1958-03-22	waltondebra@gmail.com	Castro PLC	Lisa Park MD	709	236-73-3446	B-	(Decimal('-73.8511275'), Decimal('-81.345249'))	2024-12-11		howardrichard		356
	muehleliselotte@aol.de	Lange Stiftung & Co. KGaA	Siegfried Beier	1942	229-66-8279	B+	(Decimal('14.818272'), Decimal('38.139944'))	05 Jan 2025	Augenoptiker	miguellindau		183
1941-01-22	cmartin@hotmail.com	Bryan and Sons	Mrs. Heather Flores	2104	294-09-5181	B-	(Decimal('53.0328725'), Decimal('-23.493398'))	2020/11/08		lindseylambert		143
1982-04-20	pacilloguarino@hotmail.com	Maglio-Trillini Group	Maura Calgari	560	BRZGNT38C51L002X	O+	(Decimal('-37.3241515'), Decimal('86.193281'))	2022/10/10		lucrezia60		76
	kmartinez@gmail.com	Thomas, Ramirez and Brown	Marie Frye	752	864-39-8144	A-	(Decimal('-26.6272665'), Decimal('-89.212366'))	2019/01/24		whitemichael		259
	jsgarbi@gmail.com	Bertoni s.r.l.	Salvatore Morlacchi-Ungaretti	282	CTNBNC05A17B561I	O+	(Decimal('47.566323'), Decimal('60.846762'))	05/11/2021, 00:00:00		rastellivito		388
1952-08-19	mariuszscheuermann@yahoo.de	Wilms Koch II KG	Fredi Hertrampf	1362	802-20-7311	O-	(Decimal('35.606784'), Decimal('-51.059757'))	2022-11-01	Florist	wirthalbert		309
	bfukuda@gmail.com	阿部保険株式会社	中村 くみ子	2091	768-58-8371	AB+	(Decimal('74.1378595'), Decimal('-95.507157'))	2021-11-18	絵本作家	lwatanabe		369
	bauertracy@gmail.com	Randolph, Rosales and Davis	Aaron King	601	502-61-7946	AB+	(Decimal('74.585334'), Decimal('-7.327119'))	10/19/2018, 00:00:00		apowell		368
1962-04-26	fedele17@tin.it	Mozart s.r.l.	Franco Barcaccia	279	CSNGCT63B53H606K	A-	(Decimal('51.643265'), Decimal('93.593153'))	2023/02/14		allegrarighi		650
1937-08-03	mirkozoppetti@live.com	Morricone Group	Etta Borzomì-Miniati	1047	VSPTTE61D14I726N	O-	(Decimal('60.102914'), Decimal('-21.194018'))	21 Aug 2025		rembrandt93		430
2005-08-21	vmatsumoto@hotmail.com	高橋建設合同会社	松本 七夏	493	345-34-3756	O+	(Decimal('8.3892395'), Decimal('88.159414'))	08/16/2019, 00:00:00		uinoue		118
1984-06-03	fortunataperozzo@vodafone.it	Condoleo e figli	Dino Caracciolo	678	TMBRMN56C22B631U	O-	(Decimal('58.7738635'), Decimal('30.295636'))	28 Sep 2022		giradellofabrizia		669
1977-08-09	nicolaushahn@yahoo.de	Mende Jähn AG	Univ.Prof. Dagmar Bloch	328	346-94-8252	A-	(Decimal('70.6290985'), Decimal('-104.752244'))	2023/06/05		iwanlorch		459
2004-10-22	traugottkiller@web.de	Pergande	Ewald Sontag B.Eng.	1060	813-23-8343	A-	(Decimal('-12.4554055'), Decimal('-139.476924'))	2018-12-25		tconradi		175
1993-07-30	rsolis@yahoo.com	Rice Inc	Teresa Brown	1179	501-54-3639	O-	(Decimal('-24.332836'), Decimal('164.943359'))	10/09/2021, 00:00:00	Marketing executive	lisagonzalez		303
1984-06-11	maria-cecilia58@bol.com.br	Castro	Apollo Rios	627	53704816957	AB+	(Decimal('47.5110105'), Decimal('83.748297'))	05 Nov 2024		vitor-hugoborges		417
	francescozaccardo@alice.it	Balbo-Nordio Group	Angelo Contrafatto	1435	NDEFRN22H43M344V	AB-	(Decimal('48.313674'), Decimal('-101.622146'))	30 Sep 2020		dminiati		508
1929-07-27	silveiragabrielly@yahoo.com.br	Rocha - EI	Sra. Mariana Vargas	185	10269475370	O+	(Decimal('2.239342'), Decimal('63.547430'))	03/15/2022, 00:00:00		maria-cecilia85		729
1931-01-01	johnsonpaula@gmail.com	Gates, Dunn and Parks	Nicole Snyder	263	575-40-5257	A+	(Decimal('-89.6013185'), Decimal('138.644867'))	14 Aug 2023		casey04		3
1965-08-26	kazuyatakahashi@gmail.com	株式会社高橋情報	前田 桃子	1439	456-03-1932	O+	(Decimal('24.7246695'), Decimal('-178.469608'))	2018-10-17		sasakinanami		402
	kohllothar@googlemail.com	Ullmann	Theodoros Seifert B.A.	1944	390-99-6397	B+	(Decimal('32.6475575'), Decimal('-25.399958'))	2020-05-06		vniemeier		467
	hallchristopher@gmail.com	Hawkins and Sons	Jessica Hernandez	1122	780-97-9003	O+	(Decimal('61.7039725'), Decimal('-153.018076'))	10 Oct 2020		michael44		187
2017-09-15	marissa64@hotmail.it	Ricolfi, Tognazzi e Borrani e figli	Baldassare Tasso	357	CZZCRL54L45C274F	A+	(Decimal('-5.886628'), Decimal('13.675326'))	07 Dec 2023		ceravolopasquale		49
2010-06-17	nmendez@gmail.com	Jones, Kelly and Black	Christopher Noble	1736	080-65-8929	B+	(Decimal('-15.261077'), Decimal('74.195517'))	10/26/2022, 00:00:00		kristin94		14
	edoardo74@fastwebnet.it	Rienzo e figli	Donna Berrè	1113	TRMLRN25D55A855X	O-	(Decimal('14.396582'), Decimal('87.925239'))	02/23/2022, 00:00:00	Astronomer	filippamorellato		132
2013-03-31	eluria@hotmail.com	Fibonacci, Pizzamano e Toscanini e figli	Clelia Pininfarina	1172	ZMNLVR90M09G325Z	A+	(Decimal('-21.003662'), Decimal('17.337796'))	22 May 2024	Engineer, mining	uquerini		556
1911-10-08	gviviani@outlook.com	Malipiero-Interminei s.r.l.	Allegra Virgilio	501	FRNLTZ11D09G735M	A-	(Decimal('6.860748'), Decimal('-0.017948'))	02/08/2025, 00:00:00		landocampano		8
1926-03-13	lynndecker@yahoo.com	Gonzales-Rose	Andrea Long	2095	595-83-7474	AB+	(Decimal('-62.712771'), Decimal('-123.080023'))	2019-02-28	Associate Professor	taylorrodgers		17
2010-05-31	heinz-werner78@web.de	Jähn	Ing. Florentine Mende	123	934-80-4175	O-	(Decimal('-36.7746055'), Decimal('-164.230723'))	2019/01/30		chaering		74
	kwatanabe@gmail.com	山本印刷合同会社	中島 くみ子	1837	430-81-7061	A+	(Decimal('-40.885311'), Decimal('139.016792'))	01 Oct 2021	映画監督	isato		576
1970-04-29	faruk67@gmx.de	Jockel	Prof. Solveig Gunpf	1390	551-62-0463	B+	(Decimal('11.2896975'), Decimal('-21.874966'))	2024/01/19		sergio20		94
1997-09-08	nunezchristopher@hotmail.com	Clark-Choi	Alicia Frederick	918	621-21-0719	AB+	(Decimal('79.4130535'), Decimal('130.422257'))	2023-03-13		gentrycheryl		258
1942-04-11	lamborghinitemistocle@gmail.com	Scarponi, Stradivari e Polani s.r.l.	Concetta Nonis	410	PSNNGN16H12G333E	A-	(Decimal('2.687675'), Decimal('-66.590712'))	2019/03/14		antonellomoneta		620
	yuki03@gmail.com	林建設合同会社	加藤 七夏	989	307-19-0381	AB+	(Decimal('47.547467'), Decimal('19.810247'))	08/24/2022, 00:00:00		yosuke70		278
1998-12-14	qaragao@gmail.com	Gonçalves	Felipe Brito	330	19508674393	A-	(Decimal('-36.8312845'), Decimal('-92.594074'))	2025-09-16	Gestor de recursos humanos	pbarros		111
1911-10-03	vanessa24@virgilio.it	Pasolini-Ligorio s.r.l.	Melania Curiel	1785	SKLDLS42H21B690D	AB+	(Decimal('-48.4891565'), Decimal('-37.539545'))	10 Aug 2024		imajorana		111
	isadora53@uol.com.br	Sampaio	Léo Mendes	1705	89306147287	AB+	(Decimal('-18.1049265'), Decimal('148.703712'))	2020/11/13	Dançarino	agatha44		584
	xfreitas@uol.com.br	Rodrigues	Maria Luísa Cunha	872	84357261007	A+	(Decimal('16.031826'), Decimal('-97.108168'))	2021/01/12		aparecidavinicius		627
	ferreirayan@uol.com.br	Ferreira	João Guilherme Sampaio	326	84972613050	O-	(Decimal('-49.1355855'), Decimal('157.249881'))	02/10/2022, 00:00:00		marcelada-mata		550
	leonhard29@gmx.de	Geißler	Dipl.-Ing. Ellen Sager MBA.	654	754-13-5028	A-	(Decimal('76.7037735'), Decimal('-60.152048'))	2025-02-23		berndschwital		534
	umeister@web.de	Mende Radisch KG	Edith Junitz-Eberth	1789	391-47-4792	A-	(Decimal('-10.683958'), Decimal('-129.819846'))	2021/12/09		vjohann		723
1940-01-16	lucas94@bol.com.br	Casa Grande S/A	Laís Pinto	614	86452190776	O-	(Decimal('29.307931'), Decimal('100.168161'))	10/23/2022, 00:00:00		ana-julia56		552
1915-01-23	ingetraud53@gmail.com	Trub Kohl AG	Susann Stiebitz-Jüttner	387	180-46-4385	B+	(Decimal('-61.517308'), Decimal('-82.925146'))	11 Sep 2023		gabi78		460
1931-04-04	dolores54@aol.de	Karge Beer KG	Herr Sigurd Roskoth B.Eng.	1129	998-54-9729	A-	(Decimal('-20.672246'), Decimal('-67.541927'))	2023/04/24		lotti65		651
	roman76@tiscali.it	Ponti s.r.l.	Sig.ra Griselda Chittolini	1610	NVIDNN52L23C142F	AB+	(Decimal('65.8826605'), Decimal('119.755073'))	02/17/2025, 00:00:00		rosaliapepe		395
2005-01-29	tomoyasaito@gmail.com	高橋印刷有限会社	田中 裕美子	715	733-50-9063	A+	(Decimal('85.4321495'), Decimal('-178.047751'))	02/11/2025, 00:00:00		nakamuratsubasa		264
1983-12-24	spadaforaluisa@tiscali.it	Pavanello e figli	Giuliana Roth	1220	PPICCL42E24F392I	B+	(Decimal('-24.979188'), Decimal('-104.814942'))	2019-06-15		cmantegazza		380
1942-09-18	antonino09@web.de	Hauffer	Ing. Wilhelm Hellwig B.Sc.	987	460-72-8232	AB-	(Decimal('54.248103'), Decimal('-20.057557'))	26 Jan 2022	Pfleger	ejockel		680
	raquelcorreia@bol.com.br	Pimenta	Igor Nunes	711	86394075256	A+		2025/05/22		da-paztheo		346
	ryohei13@gmail.com	加藤食品株式会社	田中 直子	760	250-57-5619	A+	(Decimal('-25.686621'), Decimal('-178.585209'))	07/20/2023, 00:00:00	ウェブデザイナー	watanabejun		550
	satomiaoki@hotmail.com	合同会社佐藤銀行	鈴木 春香	1348	822-14-3461	O-	(Decimal('72.3717805'), Decimal('-79.826108'))	07/24/2024, 00:00:00		hiroshiwatanabe		387
	tanakakana@hotmail.com	清水建設株式会社	佐藤 洋介	337	503-74-4382	O-	(Decimal('10.538654'), Decimal('-60.042385'))	31 Aug 2023		yumikowatanabe		497
	cliebelt@gmail.com	Zimmer AG	Univ.Prof. Burkard Karge B.A.	184	002-78-9956	A+	(Decimal('-56.7923015'), Decimal('-49.996214'))	05 Mar 2025		scholldanica		37
2016-03-04	valeriomarini@libero.it	Nibali-Correr SPA	Valeria Montecchi	1774	SFRLRT32T15I666O	O-	(Decimal('84.224571'), Decimal('-11.235272'))	2021/08/16	Social research officer, government	aoscuro		578
1917-05-01	hliguori@libero.it	Pagnotto e figli	Nina Iannelli	281	MMNGMM78M18G280N	O+	(Decimal('26.069556'), Decimal('124.854074'))	07/06/2020, 00:00:00		antonininina		541
1940-04-13	carstengiorgio@gmx.de	Speer AG	Herbert Hesse-Mitschke	820	661-39-2725	AB+	(Decimal('-35.1565845'), Decimal('-159.732843'))	2020-07-21	Pfleger	evihaase		596
2021-02-20	cthies@googlemail.com	Hering Adler Stiftung & Co. KGaA	Elena Römer MBA.	1971	752-27-2944	AB-	(Decimal('85.6701885'), Decimal('-154.968372'))	10/19/2020, 00:00:00		niels33		334
1981-08-09	theocampos@yahoo.com.br	da Cruz	Srta. Maria Cecília da Costa	138	51208973479	O-	(Decimal('-64.003616'), Decimal('137.782428'))	2021/09/04		eloah46		591
2003-05-03	kunibertkrebs@web.de	Lindau AG & Co. OHG	Dipl.-Ing. Svetlana Hein	1152	095-03-1185	B-	(Decimal('-84.2223995'), Decimal('77.516119'))	2023/08/01		andrejdussen-van		79
2000-09-29	isabellanovaes@hotmail.com	Lopes	Lorenzo Pinto	2002	98601435793	B-	(Decimal('-47.969503'), Decimal('70.073007'))	05/10/2023, 00:00:00	Taxista	ana-juliadas-neves		557
	haruka37@hotmail.com	山田運輸株式会社	木村 春香	2142	805-30-5380	AB-	(Decimal('-37.6206545'), Decimal('-175.949451'))	02/23/2025, 00:00:00		ofukuda		403
1925-01-29	pinoue@yahoo.com	岡田運輸株式会社	渡辺 結衣	360	594-38-2460	A-	(Decimal('50.028012'), Decimal('-68.321455'))	11 Dec 2020		kyosuke24		354
1966-10-10	andre60@web.de	Hornig GmbH	Herr Christian Seidel	941	594-90-5426	A-	(Decimal('42.6821575'), Decimal('-95.120889'))	2021/05/06		cornelia96		495
1928-03-01	lena54@gmail.com	Knappe	Univ.Prof. Anette Walter	371	776-60-4607	AB+	(Decimal('-50.312649'), Decimal('16.871539'))	2020/03/12		willi29		409
	alicia45@web.de	Gotthard	Maxim Wiek-Stiebitz	1203	738-56-5988	A+	(Decimal('32.7855505'), Decimal('69.631646'))	06/19/2021, 00:00:00		mitschkehannes		104
	correiabella@uol.com.br	Cassiano	Lucas Gabriel da Conceição	1920	78215463053	B-	(Decimal('3.638440'), Decimal('5.503843'))	2022-12-09		hpacheco		701
	matthewduke@hotmail.com	Johnson-Brown	Kimberly Freeman	294	609-34-6035	O-	(Decimal('-34.1848585'), Decimal('26.263007'))	2021-03-14		christophermcclain		276
	heinz-wilhelm29@gmx.de	Lehmann Patberg Stiftung & Co. KGaA	Frau Julia Ruppersberger B.A.	2108	161-08-0444	AB+		06 Jul 2024		schaeferuschi		268
	regina47@googlemail.com	Zirme	Willy Kostolzin	1630	535-49-8815	AB+	(Decimal('-88.248346'), Decimal('157.207365'))	2019-12-02		metzsinaida		256
	pmelo@hotmail.com	Cirino - EI	Srta. Luísa Camargo	2161	30165724943	A+	(Decimal('-11.7281495'), Decimal('100.322592'))	2023-08-15	Otorrinolaringologista	lorena01		401
1981-07-02	agatha71@ig.com.br	Correia	Srta. Olívia Fernandes	746	62538197473	B+	(Decimal('49.0087875'), Decimal('109.049604'))	03 May 2022		teixeiramaria-luiza		113
1924-02-18	momokomatsumoto@yahoo.com	有限会社森印刷	村上 香織	295	637-34-3333	A+	(Decimal('-73.3220685'), Decimal('-64.134728'))	28 Jan 2025		shimizushota		53
	mayapereira@ig.com.br	da Conceição	Julia das Neves	229	21784390631	O+	(Decimal('47.761649'), Decimal('-43.093278'))	2025/07/31		kamillymonteiro		617
	smoore@hotmail.com	Brooks, Griffin and Dixon	Kyle Ross	2035	299-98-3077	A+	(Decimal('59.0600375'), Decimal('17.414068'))	10 Sep 2020		matthew34		110
1921-03-15	aliciacole@yahoo.com	Moore, Smith and Hartman	Natalie Lindsey	261	772-19-5066	A+	(Decimal('-9.503016'), Decimal('-124.260863'))	20 Sep 2019	Media planner	kanderson		687
	reneesuarez@gmail.com	Allen, Smith and Oliver	Damon Miller PhD	407	871-17-7434	O-	(Decimal('-20.327039'), Decimal('146.406236'))	06/18/2020, 00:00:00		scottlopez		451
1974-06-04	kingcheryl@yahoo.com	Gonzales and Sons	Robert Thompson	511	598-34-6380	A-	(Decimal('-37.5510425'), Decimal('70.342527'))	2019-04-23		evanswayne		318
1914-03-28	isasaki@gmail.com	伊藤建設有限会社	山本 直樹	376	870-68-9425	O+	(Decimal('50.0301275'), Decimal('-99.180950'))	15 Jul 2024		kobayashishohei		238
	ana-livianovais@yahoo.com.br	Ferreira Barros S.A.	Hellena Alves	1580	17540362871	B-	(Decimal('-8.343595'), Decimal('-59.263193'))	12 Jun 2022	Papiloscopista	rdias		65
	costantinoperanda@libero.it	Schiavo e figli	Vittorio Vento	140	FOXGRL11B08D121Y	B+	(Decimal('70.005345'), Decimal('-14.078491'))	2019/08/17	Training and development officer	rosselliisa		655
	jun90@yahoo.com	合同会社石川情報	佐藤 真綾	1569	164-27-7494	A-	(Decimal('59.137597'), Decimal('-132.122662'))	2023/03/24	作曲家	kanayoshida		153
	cecilia30@ig.com.br	Almeida Siqueira S.A.	Eloah Montenegro	379	83065972492	A-	(Decimal('-33.5105435'), Decimal('-37.698337'))	2022-02-24		laraujo		130
	minorusuzuki@yahoo.com	小林通信有限会社	前田 春香	1332	414-87-3853	A-	(Decimal('-84.187330'), Decimal('-47.597886'))	18 Aug 2023		sayuriikeda		399
	qsato@hotmail.com	木村ガス株式会社	中村 稔	1335	167-09-6119	B+	(Decimal('0.3515165'), Decimal('33.841244'))	30 Jun 2024		kenichi67		76
	sasakikyosuke@gmail.com	株式会社中村食品	佐藤 陽子	1623	476-92-9662	A+	(Decimal('-78.251306'), Decimal('164.332829'))	2024/09/25	調理師	yutasasaki		398
1960-06-20	sotaromatsumoto@hotmail.com	井上通信株式会社	林 舞	1721	065-97-0713	B+	(Decimal('-63.060238'), Decimal('162.956016'))	2019/04/30	裁判官	yosukekobayashi		144
1984-06-23	evangeloskroker@web.de	Gunpf KGaA	Maritta Dippel	925	044-95-8838	A+	(Decimal('-58.769461'), Decimal('-164.665514'))	08/01/2024, 00:00:00		lorchute		119
1971-12-10	brodriguez@yahoo.com	Hill, Aguilar and Sanchez	Joseph Gray	1189	790-70-9930	AB+	(Decimal('19.4065025'), Decimal('-16.574181'))	15 Dec 2022		rwalker		520
	liz99@bol.com.br	Siqueira Ltda.	Helena Cunha	669	52904173897	AB+	(Decimal('-86.5160465'), Decimal('-125.446102'))	2021/10/24		theodoroduarte		62
	william31@yahoo.com	Guzman-Peck	Shannon Fox	540	789-48-3498	B+	(Decimal('17.377138'), Decimal('115.743129'))	2023-08-28		melissa73		469
	alyssa92@gmail.com	Simpson-Lucero	Allison Rich	1172	397-51-8421	B-	(Decimal('38.959533'), Decimal('156.878979'))	2019/06/28		zoe89		411
1922-10-24	hilmasuessebier@gmx.de	Sölzer Stahr GmbH & Co. KG	Marga Stey	1090	623-14-4480	O-	(Decimal('20.6663615'), Decimal('-26.410930'))	2022/07/30		karzleo		610
	ana-carolina42@ig.com.br	Sá Montenegro S/A	Dr. José Miguel Marques	507	87916530457	AB+	(Decimal('-57.9183195'), Decimal('107.294100'))	2019-12-12		eloaalves		9
2014-10-26	michelotto36@libero.it	Taliani, Iadanza e Jacuzzi s.r.l.	Giustino Spanevello-Cainero	1815	SLVRBT57R28C290F	A-	(Decimal('49.0676725'), Decimal('-72.074416'))	2024-01-11		ermanno36		497
1989-11-14	hiroshisuzuki@hotmail.com	合同会社斎藤保険	山田 和也	313	008-30-5649	A-		2024-06-21		btakahashi		201
	jocelyn77@yahoo.com	Davis, Aguilar and Graham	David Black	1707	009-09-7743	O+	(Decimal('-83.834842'), Decimal('172.510581'))	08/12/2025, 00:00:00		ehoward		83
	borgesjoao-pedro@hotmail.com	Costa	Danilo Duarte	1022	57624193043	A-	(Decimal('-38.7767395'), Decimal('-100.864816'))	2025/04/25		bryan69		401
1919-07-19	davi-luccajesus@gmail.com	Martins	Larissa Jesus	854	43718602571	O-	(Decimal('6.8030725'), Decimal('-117.002073'))	11/07/2019, 00:00:00		isaque50		28
1945-12-21	emanuelmontenegro@uol.com.br	da Cruz	Zoe Moreira	1660	16743250961	O-	(Decimal('-60.6381835'), Decimal('-154.192042'))	26 May 2024		vitor-gabriel46		429
	gael24@yahoo.com.br	Carvalho	Dr. Luiz Fernando das Neves	338	48752906167	AB+	(Decimal('-66.658449'), Decimal('17.751867'))	2019/08/29	Pianista	dcostela		105
1942-09-02	bernardo45@yahoo.com.br	Câmara S.A.	Manuela Borges	819	04536279865	B+	(Decimal('-17.631904'), Decimal('26.257149'))	2022/01/11		wcunha		202
	sasakimomoko@yahoo.com	有限会社佐々木食品	石川 七夏	196	591-89-8250	B-	(Decimal('-74.4312205'), Decimal('160.846801'))	10 Oct 2023	花火師	hsaito		434
	laurettasilvestri@yahoo.com	Guglielmi-Polizzi Group	Luciana Romano	2162	PCLLME23L57D660X	O+	(Decimal('9.7056975'), Decimal('-38.823782'))	2019-02-13		pacellicarlo		724
	ruggeroscandone@live.com	Jacuzzi-Sordi s.r.l.	Flora Trussardi	1322	MRSJLD59R31C108N	A-	(Decimal('11.261991'), Decimal('-153.297817'))	20 Jul 2025	Teacher, primary school	tina21		191
	rachelerickson@yahoo.com	Hunter-Wagner	Dawn Taylor	990	775-23-2446	AB+	(Decimal('-8.7040835'), Decimal('-176.454413'))	21 Aug 2019		mrogers		460
	jreinhardt@gmx.de	Scheel GmbH	Olav Benthin	609	443-77-5216	A+	(Decimal('33.5345265'), Decimal('69.964353'))	2020-09-05		dippelmaya		369
	theodororezende@ig.com.br	Machado - EI	Joaquim Nascimento	971	23760549152	A+	(Decimal('24.5216175'), Decimal('-76.977730'))	2025-01-31		marina60		19
1977-06-12	igor96@bol.com.br	Nunes S/A	Ana Cecília Aparecida	594	38405761993	A+	(Decimal('45.400952'), Decimal('-88.883058'))	2025/01/10	Gandula	vmonteiro		24
	gundolf03@hotmail.de	Scheuermann	Mato Schmiedecke	443	110-45-7348	O-	(Decimal('-14.005357'), Decimal('77.774009'))	2023-06-30	Designer	baererenver		580
	nakamuramituru@gmail.com	合同会社加藤鉱業	山田 翼	1344	861-31-3414	A-	(Decimal('31.4468535'), Decimal('-120.710587'))	2022-12-07		aokisayuri		162
	ullrichpaul-heinz@gmx.de	Stahr Mans KGaA	Roselinde Schmidtke	97	191-59-2448	O+	(Decimal('2.072626'), Decimal('-81.720455'))	2023-07-09		biggengino		178
1938-01-26	waltraudgeisel@hotmail.de	Kabus	Elmar Gerlach MBA.	1753	354-22-5987	AB+	(Decimal('77.163897'), Decimal('-152.957426'))	2020/04/03	Altenpfleger	loechelmonika		501
	iaparecida@bol.com.br	Martins Brito e Filhos	Natália Fonseca	2071	82361095424	B+	(Decimal('-44.878098'), Decimal('176.997787'))	2019/10/24		theodorogarcia		525
	giosue32@vodafone.it	Martucci, Zeffirelli e Galuppi e figli	Ninetta Tamborini-Corradi	517	FLNBNC29L24F452Q	B+	(Decimal('56.545007'), Decimal('-172.516301'))	07/22/2020, 00:00:00		fabiaperozzo		28
1958-03-26	kumikoito@hotmail.com	阿部農林合同会社	佐藤 明美	922	813-81-2598	AB-	(Decimal('-41.722464'), Decimal('-159.487324'))	2020-02-11		dtakahashi		11
2017-11-29	lucas19@yahoo.com.br	Novais	Ísis Costela	2109	78296534100	O-	(Decimal('78.4129605'), Decimal('125.790991'))	2022-10-14		bruna52		493
1977-12-07	cunninghamlisa@gmail.com	George Ltd	Jessica Jacobs	680	351-82-2065	A+	(Decimal('21.610451'), Decimal('-144.160774'))	2022-09-07		davisgregory		44
2023-11-08	pruittchad@hotmail.com	Schmidt PLC	Paul Cruz	628	383-86-1158	B-	(Decimal('76.7205835'), Decimal('-58.340479'))	2025-08-02		roger28		209
	delfinoperini@hotmail.it	Pincherle-Angiolello s.r.l.	Vincenza Pepe-Vespucci	1299	PTRLCI33B27B510V	O-	(Decimal('10.0478345'), Decimal('-12.824504'))	2019/08/15		vcusano		294
1983-06-01	schenkmarisa@googlemail.com	Hoffmann Stiffel GbR	Prof. Bertha Hermighausen MBA.	1670	820-60-4894	O+	(Decimal('38.1342905'), Decimal('-142.301036'))	28 Feb 2020		philip82		301
1941-05-20	nhayden@gmail.com	Adams, Garcia and Mckay	David Hester	1868	594-46-4474	O+	(Decimal('-59.6529905'), Decimal('146.702861'))	04/08/2020, 00:00:00		jenniferclayton		353
	ltanaka@gmail.com	有限会社三浦情報	高橋 翼	1172	367-65-1085	A-	(Decimal('22.5267445'), Decimal('-65.248990'))	2025-04-17		kanafukuda		490
	ykramer@gmail.com	Johnson, Smith and Lee	Scott Torres	966	208-75-8570	A-	(Decimal('82.195202'), Decimal('-179.487037'))	07/05/2021, 00:00:00		jessica87		643
	hwilliams@gmail.com	Sanders-Peterson	Sarah Cummings	866	557-79-0783	AB+	(Decimal('-39.2967235'), Decimal('-47.950625'))	2022-06-28		mmendoza		413
1918-07-17	ogoncalves@hotmail.com	Cunha	Dr. Pedro Henrique Nunes	1843	79320481687	A-	(Decimal('41.0369015'), Decimal('19.062263'))	27 Mar 2025		lfarias		325
	tsubasa23@gmail.com	橋本ガス合同会社	前田 淳	1965	816-43-8011	O+	(Decimal('46.729838'), Decimal('140.393947'))	07 Jul 2021	公認会計士	ryohei28		679
1958-11-18	wilsonangela@yahoo.com	Lee-Weber	Mrs. Samantha Chavez	17	533-89-0385	O-	(Decimal('79.540905'), Decimal('-161.090221'))	02 Aug 2019		shelby04		489
2005-01-17	pedro-henrique16@yahoo.com.br	Silveira Alves - EI	Maria Laura Costela	683	83640192796	O+	(Decimal('-22.0965855'), Decimal('46.597117'))	2019/12/31	Urbanista	ana-beatriz14		663
	rflaiano@fastwebnet.it	Brambilla, Zichichi e Prati SPA	Giorgio Lombardo	1408	PLSPRR67R67H324O	O-	(Decimal('79.072981'), Decimal('-71.000852'))	2019-04-28		vmastroianni		449
	fpertile@poste.it	Bramante SPA	Flora Caccioppoli	1114	PZZLRI40E14C772H	B-	(Decimal('-49.6436015'), Decimal('168.836048'))	09/17/2020, 00:00:00	Museum education officer	victoriazetticci		718
	qle@gmail.com	Smith-Webster	Heather Fuller	1154	782-90-3391	O+	(Decimal('-86.6009105'), Decimal('114.920221'))	2025-03-11		michaelmedina		555
1969-08-20	jpinto@ig.com.br	da Conceição S.A.	Augusto Câmara	1358	83127964013	B-		2022-10-19	Reumatologista	ribeironathan		299
	catarinaabreu@yahoo.com.br	Câmara Machado e Filhos	João Vitor Dias	1535	34825169015	AB+	(Decimal('64.8583295'), Decimal('-122.049670'))	2019/05/03		carolinadias		8
1927-05-18	gcarter@hotmail.com	Wyatt, King and Simon	Mark Turner	834	013-47-1690	O-	(Decimal('10.899700'), Decimal('133.451251'))	2025/06/21	Senior tax professional/tax inspector	dustin08		13
1964-04-05	itonanami@gmail.com	株式会社中村印刷	松本 あすか	404	047-49-4369	B-	(Decimal('32.372093'), Decimal('108.834897'))	2018-10-31	公認会計士	vwatanabe		247
2008-08-13	jessica02@yahoo.com	Miller PLC	Michael Griffin	1187	007-86-3637	B-	(Decimal('-64.1713085'), Decimal('-55.735334'))	06/02/2020, 00:00:00		tabitha07		670
1915-02-28	kristindavis@yahoo.com	Lane-Le	Tara Lawrence	829	181-28-8850	AB-	(Decimal('13.349732'), Decimal('-30.018912'))	12/02/2018, 00:00:00		teresa48		700
	hans-j10@yahoo.de	Briemer Otto AG & Co. OHG	Dr. Reinhard Nette B.Sc.	664	334-99-2865	AB-	(Decimal('20.744066'), Decimal('-63.716843'))	2021-03-18		strupp		632
1946-04-15	chiyo26@hotmail.com	合同会社池田情報	遠藤 翔太	1880	234-33-2259	A+	(Decimal('15.2159965'), Decimal('138.513727'))	2019/08/13	絵本作家	asuka88		278
	steygerwin@aol.de	Biggen Zänker GbR	Ing. Evangelos Beer MBA.	1757	021-80-2859	B-	(Decimal('5.9638385'), Decimal('-41.205070'))	2020/05/13	Informatiker	eschottin		129
	atsushiabe@yahoo.com	株式会社清水鉱業	山下 舞	1070	368-02-7495	AB+	(Decimal('15.3433105'), Decimal('-114.179691'))	29 Jan 2023	経営者	osamu29		261
1991-06-29	cassidybooker@yahoo.com	Patterson PLC	Vickie Brown	1546	003-83-2100	B+	(Decimal('-1.8372325'), Decimal('0.877291'))	2019-02-25		pamela55		145
1937-03-29	marika62@web.de	Austermühle Gotthard GmbH & Co. KGaA	Elise Jungfer B.Sc.	1875	182-45-8628	AB+	(Decimal('-9.4578065'), Decimal('-1.791394'))	23 Feb 2019	Florist	mangoldmahmoud		196
	holzapfeldonata@web.de	Klapp AG & Co. OHG	Jacek Graf-Schulz	1389	169-50-6008	B-	(Decimal('-62.697427'), Decimal('42.394525'))	08/31/2023, 00:00:00	Beamter	rouvenebert		72
1959-09-19	mariafornaciari@tin.it	Bragadin-Pertile Group	Sig.ra Ornella Bernini	187	SLRCCL54A26F884V	B-	(Decimal('78.4009045'), Decimal('56.954300'))	2023-01-04		ivo32		497
	danielsrodney@gmail.com	Miller, Oconnor and Foley	Mary Munoz	2041	074-35-7267	O-		06 Dec 2019		lozanobrianna		712
	takahashikenichi@gmail.com	株式会社松本食品	小林 修平	1050	063-63-7258	B-	(Decimal('-89.0414915'), Decimal('-5.254247'))	2019-04-10	経営者	atsushimiura		569
	gundanoack@aol.de	Werner AG	Herr Ahmet Hartung B.Sc.	523	555-67-9658	A-	(Decimal('77.2429055'), Decimal('141.007889'))	2023-01-18		marco92		654
	danielahenck@gmail.com	Rörricht Mühle GmbH	Gerald Stey-Schönland	52	190-67-3427	AB-	(Decimal('-59.4093375'), Decimal('-172.379194'))	29 May 2024	Altenpfleger	ian00		518
1966-08-16	kensylambert@aol.de	Zimmer	Metin Liebelt	1175	813-06-6026	A-	(Decimal('-24.281505'), Decimal('-179.841944'))	2023-07-19		zahnpaul		16
2019-06-19	swende@hotmail.de	Ruppersberger	Natalia Renner	1648	226-75-8311	AB-	(Decimal('6.161732'), Decimal('-125.022712'))	08 Dec 2023	Krankenschwester	meisterkrista		710
	uwalker@gmail.com	Gross LLC	Amanda Hamilton MD	867	651-59-7313	A+		2022/01/08	Archaeologist	qcalderon		184
1997-08-08	fbeyer@hotmail.de	Fröhlich GmbH	Yasmin Walter-Hermighausen	382	137-32-7404	B-	(Decimal('-13.416802'), Decimal('-170.529786'))	2023/12/29	Bankkaufmann	eotto		530
2002-01-13	silveiraisis@gmail.com	Machado	Maitê da Costa	178	81625740930	O+	(Decimal('-16.7379315'), Decimal('150.695432'))	06/30/2020, 00:00:00		danielvasconcelos		555
	grobinson@hotmail.com	Moss-Medina	Christian Chavez	2113	222-55-2008	B-	(Decimal('11.709854'), Decimal('-73.541073'))	21 Nov 2024	International aid/development worker	jilliangutierrez		214
1960-12-27	seanvaldez@yahoo.com	Edwards, Lee and Patterson	Timothy Vargas	967	782-97-0057	A+	(Decimal('37.563981'), Decimal('9.238975'))	2020-08-14		candersen		529
	joel40@yahoo.com	Solomon-Mcdowell	Karen Hensley	566	045-46-5964	AB+	(Decimal('-68.010839'), Decimal('80.155820'))	04/29/2020, 00:00:00		fmartin		567
	giosue22@live.com	Accardo-Carpaccio e figli	Pier Riccati	361	CRBBRC15M19G601V	O+	(Decimal('69.4560695'), Decimal('-25.853009'))	2019-04-20	Neurosurgeon	gentiliniluchino		582
2001-09-23	arturo74@virgilio.it	Franscini, Miniati e Lopresti s.r.l.	Stefano Vecellio	474	DNDSBT70D56C865S	O+	(Decimal('-46.1843225'), Decimal('-98.441767'))	07/11/2022, 00:00:00		pragateresa		635
2006-07-17	qjacobi-jaeckel@aol.de	Scheuermann Vogt GmbH	Benno Franke	865	305-60-2744	B-	(Decimal('62.4593925'), Decimal('-28.437936'))	2024-03-05		mudeyasmin		410
1920-11-08	utarantini@libero.it	Murri-Alfieri Group	Gianfrancesco Boldù-Paganini	328	PRPNNS56M05F884J	A+	(Decimal('14.326474'), Decimal('149.611571'))	06/29/2022, 00:00:00		zoppettogreca		441
	fpowell@hotmail.com	Michael Group	Carolyn Ruiz	663	264-78-5286	A-	(Decimal('-28.983108'), Decimal('148.936552'))	12/23/2021, 00:00:00		jason11		456
2024-05-30	elizabethvillarreal@hotmail.com	Thomas Inc	Sean Chen	134	811-51-2597	A+	(Decimal('-7.142296'), Decimal('11.199622'))	11 Dec 2023		normaturner		373
	xbenthin@gmail.com	Eberth Weller KG	Ludmilla Wirth MBA.	178	524-27-3481	AB-	(Decimal('17.645648'), Decimal('-53.803596'))	2024/01/14	Bäcker	hornigkirstin		112
1951-10-04	da-conceicaogustavo-henrique@gmail.com	Mendonça	Antony Pereira	1046	10623794896	O+	(Decimal('69.3828325'), Decimal('167.910088'))	12/24/2021, 00:00:00	Pedreiro	montenegrodavi-luiz		646
	larsendeborah@hotmail.com	Perry, Figueroa and Young	John Riley	190	089-26-8558	O-	(Decimal('-51.8614955'), Decimal('-101.175328'))	2024/08/26		dawnkemp		498
	hashimototakuma@hotmail.com	有限会社山本水産	中川 翼	1005	586-17-0273	A-	(Decimal('58.4950085'), Decimal('128.614700'))	2018-10-05		kumiko52		612
1919-09-06	costantino52@hotmail.it	Silvestri, Bongiorno e Volta SPA	Dante Bixio-Villadicani	1850	VNDPTZ87E49A834T	AB-	(Decimal('-80.3261465'), Decimal('127.687512'))	2019/05/04		gianluca35		380
1919-04-10	benedetto84@libero.it	Torlonia s.r.l.	Flavio Sanudo	144	GRGLCU29D06M143M	AB+	(Decimal('60.848414'), Decimal('95.656639'))	2019-01-24	Occupational hygienist	fraccidelfino		400
1928-08-17	schwitaljessika@yahoo.de	Drewes	Wolf Drewes	1223	231-37-9578	O-	(Decimal('21.668658'), Decimal('-163.637970'))	2021-02-13		smude		728
1989-12-02	mendesjuan@gmail.com	Cunha	Emanuel Barbosa	1816	02769845365	B+	(Decimal('-41.7244315'), Decimal('-3.695295'))	11/06/2021, 00:00:00	Borracheiro	icavalcante		301
	matsumotokana@gmail.com	藤田農林合同会社	渡辺 翼	1027	697-25-3746	AB-	(Decimal('20.8389305'), Decimal('133.706624'))	2023/04/02		yokofujita		237
1934-04-30	linusrose@gmail.com	Werner Hübel AG & Co. OHG	Roswita Kohl	1244	642-68-9553	AB+	(Decimal('35.447058'), Decimal('157.865804'))	2024-09-12		franz-xaver97		135
2012-08-20	kanagoto@gmail.com	有限会社高橋電気	山下 結衣	1779	572-69-9917	A+	(Decimal('-79.706600'), Decimal('41.007643'))	01/27/2024, 00:00:00	グラフィックデザイナー	osamuogawa		561
2015-09-15	nicolas28@hotmail.com	Costa	Júlia Fernandes	1346	78305291677	O+		2023-07-13	Gastroenterologista	sara72		451
	russellcynthia@yahoo.com	Holmes, Sanchez and Taylor	Robert Soto	1031	194-76-1428	A-	(Decimal('38.385110'), Decimal('-50.749050'))	2025-05-22		qclark		323
1978-07-07	mariah07@ig.com.br	Guerra	Luna Oliveira	2163	34571209606	O-	(Decimal('50.5494095'), Decimal('-92.832572'))	08/15/2021, 00:00:00	Epidemiólogo	siqueirasara		684
	abekenichi@yahoo.com	中村食品合同会社	渡辺 浩	1844	873-29-3970	B+	(Decimal('65.7951325'), Decimal('49.299856'))	18 Aug 2019		maaya47		89
1936-11-13	heusermirjana@web.de	Geisel	Süleyman Köhler	236	698-13-4258	A+	(Decimal('69.8578125'), Decimal('130.859705'))	06 Mar 2021	Arzt	hellmuthdrewes		413
	cesare34@libero.it	Forza, Sibilia e Venturi SPA	Sig. Massimo Surian	375	RCCGSN81B57D562L	A-	(Decimal('47.1770005'), Decimal('-107.205429'))	10 Mar 2023		bbasadonna		687
	massimilianozampa@tiscali.it	Crespi Group	Rodolfo Cuzzocrea	1434	GLZJLD10C21E405U	B-	(Decimal('30.5289185'), Decimal('-75.150784'))	2021/06/29		caterinacundari		442
1983-09-10	ishiiyuta@gmail.com	木村通信有限会社	小林 英樹	1655	062-99-6975	B+	(Decimal('-83.110302'), Decimal('9.338513'))	19 Feb 2020		shotayamada		653
	shimizutaro@gmail.com	合同会社山本食品	田中 充	1252	305-76-0455	O+	(Decimal('-30.2359985'), Decimal('8.013983'))	04/09/2023, 00:00:00		mikakofujiwara		438
	zkraus@gmail.com	Gertz AG	Frau Herma Eckbauer MBA.	1028	361-83-5172	AB-	(Decimal('-62.0238545'), Decimal('134.293296'))	23 Feb 2019		heidiziegert		329
	fujiitsubasa@gmail.com	合同会社吉田鉱業	池田 浩	1733	520-48-9833	AB-	(Decimal('3.459884'), Decimal('-174.927671'))	2021-09-01	気象予報士	byamada		433
2021-01-27	ihayashi@hotmail.com	青木印刷株式会社	山崎 京助	697	290-74-0183	O-	(Decimal('29.6838205'), Decimal('-10.348084'))	08/22/2023, 00:00:00	検察官	miki87		149
1967-03-10	jenniferbutler@hotmail.com	Smith-Torres	Kimberly Gregory	190	843-45-5200	AB-	(Decimal('42.939659'), Decimal('40.704796'))	2023/12/12	Sales professional, IT	josephmoore		289
	watanabenaoto@gmail.com	山本銀行有限会社	加藤 康弘	202	857-19-7607	O+	(Decimal('-65.074970'), Decimal('-132.413866'))	2018/11/14		yumiko66		486
1973-10-10	jcirino@hotmail.com	da Luz Sampaio e Filhos	Manuela Martins	1288	07639425883	A+		11 Jun 2025		zgarcia		474
1941-07-16	uloeffler@gmail.com	Hethur	Sergei Weitzel-Geißler	775	689-46-2959	A-	(Decimal('40.3982955'), Decimal('132.105618'))	04/02/2023, 00:00:00		birgitt81		160
1989-01-11	joana50@ig.com.br	da Luz	Sra. Laís Novaes	170	26875941309	O+	(Decimal('-43.178367'), Decimal('-25.334513'))	28 Dec 2023		mathias18		347
1936-06-08	apollogoncalves@uol.com.br	Gonçalves S.A.	Guilherme Albuquerque	1147	27810345923	A-	(Decimal('23.632944'), Decimal('-89.402018'))	2018-12-20		xpeixoto		567
	aokikaori@yahoo.com	合同会社岡田ガス	小林 涼平	965	390-74-6509	AB+	(Decimal('-5.1889515'), Decimal('-79.242476'))	10 Mar 2024	医療事務員	yuisato		276
1985-05-11	martinelliugolino@tiscali.it	Bova s.r.l.	Dott. Nina Lettiere	1886	GTACRT00D16F914U	B-	(Decimal('-81.6185485'), Decimal('38.864758'))	2020/11/13	Engineer, site	nriccati		455
1939-12-29	leonardo02@googlemail.com	Gutknecht GmbH & Co. KGaA	Denise Seip	1053	630-90-7446	O+	(Decimal('18.0973905'), Decimal('-11.771431'))	02/16/2019, 00:00:00		veronicakade		37
	bryan18@ig.com.br	Dias Porto S.A.	Luara Garcia	496	35908126721	AB-	(Decimal('11.536015'), Decimal('29.491626'))	2022-11-17	Corregedor de justiça	jsampaio		724
	hernandezjessica@yahoo.com	Gordon Group	Patricia Evans	334	674-56-8477	A+	(Decimal('-54.464014'), Decimal('73.278411'))	2020/11/28		gpeterson		619
	mbragadin@tim.it	Vecoli e figli	Calogero Marcacci	820	FLLLNI09D01I734R	AB-	(Decimal('5.456375'), Decimal('148.268667'))	2025/08/14		iscaduto		465
2023-07-25	tschuchhardt@gmx.de	Weinhold OHG mbH	Dipl.-Ing. Larissa Heidrich B.Sc.	1088	400-30-3404	A+	(Decimal('-88.999320'), Decimal('-135.774369'))	2025/08/25		friedlindenette		360
	bowmannathan@hotmail.com	Henry-Frost	Kimberly Perry	1190	694-26-4934	O-	(Decimal('89.578334'), Decimal('137.841594'))	08/26/2024, 00:00:00		turnerkylie		345
1959-06-28	desireezimmer@googlemail.com	Scheuermann OHG mbH	Maya Mülichen MBA.	483	068-12-7978	B+	(Decimal('51.8999115'), Decimal('163.068091'))	20 Nov 2020		xhoevel		390
	goranalbers@googlemail.com	Trupp Werner AG	Else Hartmann-Riehl	509	283-31-4642	B+	(Decimal('-78.150596'), Decimal('122.691528'))	18 Apr 2024		thieshans-peter		458
1991-03-19	kumikotakahashi@gmail.com	岡田農林合同会社	藤原 里佳	160	720-17-6276	O-	(Decimal('-32.883941'), Decimal('176.875474'))	05 Feb 2021		yui66		674
1912-05-18	viktoria97@googlemail.com	Austermühle Wernecke KG	Abdullah Ditschlerin	2009	746-26-4286	O-	(Decimal('71.4061985'), Decimal('-73.219908'))	07/06/2023, 00:00:00		carstenrebekka		262
	ojames@hotmail.com	Swanson Group	Teresa Jenkins	38	724-41-3054	B+	(Decimal('-84.5817095'), Decimal('-147.477226'))	2022/07/31		mendozaregina		593
1930-07-26	georgine25@googlemail.com	Jüttner Zahn Stiftung & Co. KG	Lidia auch Schlauchin	1282	532-59-6340	AB+	(Decimal('-67.7539035'), Decimal('-53.434805'))	2024-05-06		ehaering		593
	yamamotoyoichi@hotmail.com	佐藤電気合同会社	藤田 結衣	1600	507-36-8022	B-	(Decimal('-65.7755175'), Decimal('-14.864092'))	02/11/2025, 00:00:00		pyamamoto		329
	giovannanogueira@gmail.com	Machado	Maria Vitória Mendonça	1308	39021546833	AB+	(Decimal('58.9324915'), Decimal('-26.012287'))	10 Aug 2023		dsousa		478
	kamillyda-luz@ig.com.br	da Conceição	Alexandre Rodrigues	1941	84062157985	O-	(Decimal('89.793278'), Decimal('-125.941268'))	10/09/2022, 00:00:00	Engenheiro civil	beatriz86		420
1930-02-28	britorafael@yahoo.com.br	Vieira	Caio Nascimento	1575	63189427003	AB-	(Decimal('11.636976'), Decimal('-15.774445'))	10/17/2018, 00:00:00		pintocarolina		63
1968-12-26	kristabradley@yahoo.com	Reed and Sons	Jacqueline Hamilton	978	770-28-6407	A+	(Decimal('-4.976392'), Decimal('157.391006'))	2019-07-20		longadam		504
1946-04-10	kellymichelle@hotmail.com	Mason Group	Sarah Taylor	1123	683-87-2414	O+	(Decimal('27.8331945'), Decimal('-142.354686'))	10/24/2022, 00:00:00		zbrock		323
1965-07-31	sgoncalves@gmail.com	da Paz	Ana Clara das Neves	955	53681029415	A-	(Decimal('-59.2347095'), Decimal('171.285865'))	18 Mar 2020		vieiramaria-sophia		162
	joao-vitoralves@gmail.com	Correia	Lunna da Rosa	1253	45370892105	B+	(Decimal('27.9312905'), Decimal('-35.334185'))	21 Nov 2018		joao-miguelda-luz		104
	lfox@yahoo.com	Santiago-Thomas	Alexandria Tapia	2148	170-78-4611	O-	(Decimal('-89.622142'), Decimal('71.532636'))	05/13/2022, 00:00:00		qjohnson		80
	jsato@hotmail.com	佐藤食品株式会社	松本 翔太	1830	867-08-7732	AB-	(Decimal('-41.1392065'), Decimal('49.386793'))	21 Sep 2019	大学教授	suzukimomoko		152
1945-02-11	michellejordan@yahoo.com	Gonzalez Inc	Elizabeth Duarte	1286	045-33-0553	AB-	(Decimal('-48.5693635'), Decimal('-48.377418'))	03/05/2022, 00:00:00	Public librarian	jeffrey98		570
1967-12-23	henryvasconcelos@yahoo.com.br	Pires	Oliver Sales	886	46073925883	A+	(Decimal('41.864880'), Decimal('11.965567'))	2024/06/27	Assistente social	barrosraul		382
	josuemarques@gmail.com	Camargo Moraes S.A.	Luiza da Luz	441	53108972405	O-	(Decimal('-53.112353'), Decimal('-154.324393'))	2022-04-24		davi25		175
2004-03-05	ucorreia@ig.com.br	Montenegro	Davi Luiz Casa Grande	1214	79154206820	AB+	(Decimal('-19.1473935'), Decimal('-29.000401'))	2020-06-11		nogueiraluisa		498
1970-02-12	joseoliveira@uol.com.br	da Cruz e Filhos	Thiago Campos	1590	54298107388	O+	(Decimal('-39.7104405'), Decimal('-145.387897'))	11/21/2018, 00:00:00		emanuella30		61
1943-11-13	emanuelly44@ig.com.br	Farias S.A.	Asafe Fernandes	306	53164927061	AB+	(Decimal('51.288868'), Decimal('106.016215'))	02/22/2024, 00:00:00		valentina23		134
1952-08-11	kelleyleah@hotmail.com	Cisneros, Clark and Washington	Martin Robinson	1582	150-83-3505	B-	(Decimal('-53.2357455'), Decimal('41.411745'))	2019/04/14		rebeccaharris		53
1992-03-18	vikeda@gmail.com	藤井通信合同会社	鈴木 美加子	172	563-25-0209	AB-	(Decimal('10.277595'), Decimal('35.440900'))	10/08/2022, 00:00:00		mituru02		174
1980-06-12	giuntiemma@tin.it	Fornaciari-Barracco s.r.l.	Sig. Edoardo Bernetti	256	BTTSVN25H59M108C	AB+	(Decimal('-84.650188'), Decimal('99.360283'))	08/15/2023, 00:00:00		treccaniernesto		334
1911-09-25	haruka80@hotmail.com	石井運輸合同会社	三浦 加奈	2147	856-99-9085	AB-	(Decimal('66.9695825'), Decimal('-179.879543'))	2020-03-31	イラストレーター	iwatanabe		86
	pezzalibenedetto@hotmail.com	Paoletti SPA	Concetta Fiorucci	794	MSSPRD58C58E173M	B+	(Decimal('-32.505920'), Decimal('34.179234'))	08/27/2024, 00:00:00		rosinacomencini		610
2017-07-19	ogawatomoya@yahoo.com	株式会社山本通信	坂本 裕樹	1444	350-94-9852	B+	(Decimal('-4.075116'), Decimal('-70.692147'))	04 Sep 2024		msato		322
1944-05-02	nick42@gmail.com	Ortmann Lange KG	Phillip Schenk	11	291-20-2648	B-	(Decimal('17.1735415'), Decimal('-61.581305'))	2020-09-02		ggutknecht		313
1982-09-24	adam92@hotmail.com	Gomez Ltd	Laura Johnson	776	147-46-3993	AB-	(Decimal('-6.8318255'), Decimal('-124.513985'))	2023/09/17		kelly83		163
2009-09-20	ffuller@hotmail.com	Mcgee, Davis and Cook	Mrs. Elizabeth Richmond	219	889-14-8106	A-	(Decimal('23.872563'), Decimal('-148.634929'))	21 Sep 2025		ivelez		25
	da-conceicaoenzo-gabriel@yahoo.com.br	Montenegro e Filhos	Hadassa Fogaça	2147	96403187520	AB-	(Decimal('-68.891828'), Decimal('-102.958399'))	2019-06-10		siqueirahenry-gabriel		477
	da-conceicaoeduardo@gmail.com	Gonçalves Ferreira S/A	Antonella Rodrigues	1378	16342098506	O+	(Decimal('-57.9059635'), Decimal('28.269704'))	2020-01-04		andraderodrigo		656
	tsubasakato@hotmail.com	株式会社井上保険	山下 洋介	1862	130-68-0200	AB+	(Decimal('34.924059'), Decimal('177.632404'))	2021/04/09	和紙職人	takumaito		201
1993-08-31	aysel83@gmail.com	Gunpf AG & Co. KGaA	Hubert Bähr	633	406-59-3190	B-	(Decimal('36.6203845'), Decimal('-8.020932'))	2019-06-28		croemer		562
1961-05-17	kbarros@yahoo.com.br	Pimenta	Ian Lopes	205	29516708340	AB-		2023/12/09		piresbrayan		466
1996-09-01	michellewilson@gmail.com	Lambert, Williams and Powell	Kevin Cisneros	389	422-36-3013	A+	(Decimal('86.4502555'), Decimal('-18.224120'))	03/02/2020, 00:00:00		anthony90		190
2014-06-25	bernd-dietersteuer@yahoo.de	Steinberg KG	Myriam Klingelhöfer	406	040-85-6998	A+	(Decimal('-82.4523655'), Decimal('-9.910141'))	01/28/2022, 00:00:00		hans-ulrich75		466
	hayashiyoichi@yahoo.com	株式会社中村ガス	山下 直人	469	704-33-4416	AB-	(Decimal('58.573116'), Decimal('47.945086'))	04 Jul 2025		yuki92		191
	livio12@tim.it	Asmundo, Medici e Ceschi SPA	Dott. Antonello Fantozzi	1755	DROFLV99L70C893O	AB-	(Decimal('-24.9986815'), Decimal('-72.250710'))	30 Sep 2021		sandro23		453
1957-12-09	oliveiragiovanna@hotmail.com	Nogueira	Maria Alice Mendes	1973	21348756071	B+	(Decimal('-64.5488245'), Decimal('155.688351'))	2022-04-24	Separador	bellavargas		716
	yukifujii@hotmail.com	株式会社佐藤保険	小林 舞	624	681-69-0892	B+	(Decimal('-76.338105'), Decimal('-76.364495'))	2020/10/10		minorunishimura		57
	taichimatsumoto@yahoo.com	橋本ガス合同会社	福田 直樹	234	467-64-1705	O-	(Decimal('-88.783784'), Decimal('-153.336932'))	2020-11-03		hayashikaori		482
	schultzcharles@yahoo.com	Watson-Edwards	Alexandria Jones	2163	087-40-3520	O-	(Decimal('67.0488475'), Decimal('33.450551'))	2023/01/07	Health and safety inspector	caitlin65		254
	nishikawa@hotmail.com	合同会社村上電気	鈴木 直樹	1638	624-65-6267	B+	(Decimal('-64.178610'), Decimal('29.128919'))	2019-07-22		ryoheifujii		347
1969-04-03	asukasasaki@hotmail.com	松本通信有限会社	山本 くみ子	1302	771-20-0444	AB-	(Decimal('9.7139535'), Decimal('-107.779143'))	02/05/2020, 00:00:00		yumikomori		667
	jeremiah19@hotmail.com	Garcia-Gallagher	Ana Frye	1392	222-75-5515	AB-	(Decimal('-3.4971215'), Decimal('-174.514741'))	15 May 2019	Mechanical engineer	showard		409
	elfie94@hotmail.de	Mies	Peer Schottin-Schmiedt	1933	537-13-1761	A-	(Decimal('41.713368'), Decimal('19.730838'))	05 Jun 2021		elisabeth30		670
	hanakokimura@hotmail.com	有限会社村上銀行	加藤 翔太	1903	603-58-0516	B+	(Decimal('-32.030677'), Decimal('38.710783'))	2024/10/28	漫画家	ryosuke91		477
1934-12-28	manuelsmith@hotmail.com	Hammond, Gonzalez and Wolf	Mrs. Angela White	1365	198-36-2620	AB-	(Decimal('-16.733218'), Decimal('-148.547047'))	04/01/2025, 00:00:00		carneykevin		338
1944-02-16	pcarvalho@bol.com.br	Campos - ME	Yasmin Silva	610	82397641500	AB+	(Decimal('-66.2592045'), Decimal('49.469771'))	02/29/2020, 00:00:00	Açougueiro	da-luzvitor		537
	smithlindsay@yahoo.com	Shelton-Bass	Laura Moon	1421	430-42-5801	AB-	(Decimal('-40.4129705'), Decimal('-129.829586'))	2019/06/12		matthewbrown		513
	ccampano@outlook.com	Pedroni-Faggiani Group	Dott. Raffaello Zaccardo	1691	CTNLPD46B47D553V	A+	(Decimal('-29.1274865'), Decimal('-91.872047'))	16 Sep 2024		pierovercelloni		506
1995-11-28	rtaylor@hotmail.com	Griffith LLC	Brittany Medina	931	624-85-3838	A-	(Decimal('4.659136'), Decimal('-27.881069'))	11 Sep 2022		chavezryan		633
1916-04-12	obrewer@hotmail.com	May-Lopez	Leah Wright	363	168-55-2440	B+	(Decimal('43.700213'), Decimal('12.650002'))	03/12/2024, 00:00:00	Chief Marketing Officer	ncross		477
2008-02-16	cosima24@gmail.com	Kallert	Johanne Austermühle	623	310-95-2513	AB-		2022-03-22		ben47		52
	wkondo@yahoo.com	佐藤運輸有限会社	坂本 美加子	446	543-11-7757	A+	(Decimal('-10.526550'), Decimal('-26.377183'))	01 Jun 2024		kyosukeyoshida		717
2012-12-23	roehrdanzjohanne@googlemail.com	Jüttner GmbH & Co. KGaA	Sebastian Kambs	1745	061-51-6592	O-	(Decimal('-29.437006'), Decimal('97.867095'))	2023/07/31	Programmierer	eberhardterdogan		39
	danielesibilia@vodafone.it	Camanni, Mercati e Tutino SPA	Sophia Grifeo	1151	BSNBNN68R53I781S	AB+	(Decimal('78.072501'), Decimal('-143.725348'))	02/13/2025, 00:00:00		ferragninadia		564
1928-02-19	joshua32@gmail.com	Mueller-Anderson	Suzanne Jennings	453	606-83-1291	AB+	(Decimal('-42.2368375'), Decimal('18.767243'))	2021/03/23		jamesdickerson		486
	maiabe@yahoo.com	株式会社林電気	井上 陽子	1955	604-32-0290	A+	(Decimal('53.3396205'), Decimal('3.753625'))	06/14/2020, 00:00:00		taichi23		527
1982-09-30	magliomaria@gmail.com	Draghi SPA	Raffaello Bova	1814	FRRMCA69M41B265W	O-	(Decimal('15.5561725'), Decimal('15.093577'))	05 Sep 2020		melinaverga		417
1945-10-13	casey26@gmail.com	Nguyen and Sons	Kimberly Delgado	520	721-86-1676	B-	(Decimal('33.0947325'), Decimal('-32.356305'))	19 May 2024		jacquelinecarson		626
	noah20@gmail.com	Rodrigues	Pedro Cunha	412	17952308602	AB-	(Decimal('33.573558'), Decimal('88.013674'))	07/06/2022, 00:00:00		sfreitas		34
1979-10-28	wbosio@outlook.com	Tarantino, Caruso e Trezzini Group	Marcella Pellico	2040	CCRBPP30A59B716Y	O+	(Decimal('72.014868'), Decimal('-64.745090'))	03/16/2020, 00:00:00		morenaroccabonella		109
1997-11-10	vasquezmichael@hotmail.com	Pierce Ltd	Connie Riley	569	525-56-0516	O-	(Decimal('-56.983153'), Decimal('53.315588'))	07/24/2025, 00:00:00		eddiechristensen		612
1929-06-16	steueranneli@gmail.com	Radisch	Thea Wernecke	1486	501-39-2881	A+	(Decimal('76.418141'), Decimal('-33.712474'))	2021-02-16		xjuettner		644
	onistoluisa@yahoo.com	Ossola, Rossini e Pellico Group	Sante Toselli	1976	BRBDNL49C65G524T	AB-	(Decimal('-15.526710'), Decimal('34.517856'))	2021/07/31		emajewski		337
	jfritsch@gmx.de	Mälzer GmbH	Christl Rosemann	1281	290-09-2036	AB+	(Decimal('-64.1603595'), Decimal('-158.186195'))	05 May 2022	Elektroniker	arnethanel		342
1927-02-02	suzukihideki@gmail.com	田中水産合同会社	佐々木 健一	1347	556-21-5495	O-	(Decimal('0.149781'), Decimal('62.425474'))	2021/07/13		akira11		724
	kornelia56@aol.de	Bolander GmbH	Gerlind Liebelt	1048	406-43-3153	A+	(Decimal('21.988900'), Decimal('-4.469640'))	2023/09/27		lidija56		624
	ashley14@yahoo.com	Cook-Combs	April Bentley	1512	899-09-9200	A+	(Decimal('-67.960064'), Decimal('14.153719'))	2021-03-30		ataylor		408
1972-05-31	schoenlandannegrete@gmx.de	Scholz Schuster OHG mbH	Natalja Radisch	1773	572-68-1542	AB+	(Decimal('-76.4006725'), Decimal('-168.236940'))	04 Jul 2023	Artist	anna-marie33		494
	mary99@gmail.com	Proctor, Moore and Rodriguez	Shelley Barker	445	243-11-2433	AB+	(Decimal('29.8239805'), Decimal('-31.395764'))	2025/02/20		sperry		234
	yamamotomituru@gmail.com	株式会社山下農林	井上 陽子	2013	416-61-3674	AB+	(Decimal('4.572523'), Decimal('-25.925249'))	2021-10-22		watanabeshohei		482
	suzukiosamu@hotmail.com	長谷川通信株式会社	田中 さゆり	2042	724-76-9667	A-	(Decimal('-68.9020435'), Decimal('78.710042'))	2025/05/31	アイドル	chiyo87		258
1974-05-21	arnoldboucsein@web.de	Fliegner Albers OHG mbH	Nikolas Bolzmann B.A.	235	649-07-9931	O-	(Decimal('80.173045'), Decimal('-34.325698'))	2021/02/11		beerlaszlo		720
1910-06-09	ferreiratheo@yahoo.com.br	Camargo	Natália Nascimento	39	14086253771	B-		12/06/2024, 00:00:00	Designer de moda	jmoreira		200
1939-02-20	thomaswatts@gmail.com	Walker-Anderson	Mary Skinner	1386	391-10-8820	AB-	(Decimal('-47.731835'), Decimal('-135.038774'))	2022-12-14		lbailey		524
	jasongarcia@hotmail.com	Berry and Sons	Thomas Thompson	1366	644-61-8181	B-	(Decimal('7.550562'), Decimal('-47.916461'))	2024-04-19		qgardner		405
2022-07-15	tfujiwara@yahoo.com	有限会社佐藤運輸	小川 稔	638	891-60-8855	O-	(Decimal('-55.9674705'), Decimal('70.485584'))	2019-10-18		yosuke24		287
1999-07-17	jeffrey24@hotmail.com	Lopez-Parsons	Tyler Buchanan	848	248-05-8843	A-	(Decimal('8.043257'), Decimal('93.366318'))	01/10/2023, 00:00:00	Therapist, drama	michelejackson		598
1941-04-26	atraetta@vodafone.it	Fioravanti, Moretti e Littizzetto Group	Lando Badoglio-Visintini	913	SCLMLN46R19E729G	O+	(Decimal('33.2824545'), Decimal('-90.237835'))	2024-07-09		livia61		266
	rika83@gmail.com	合同会社松本印刷	佐藤 太郎	1607	217-85-3545	AB-	(Decimal('-45.7395205'), Decimal('-149.951127'))	12 Jan 2022		osamuwatanabe		402
	roggebeatrice@hotmail.de	Jacob	Ekkehard Gorlitz	408	365-80-7001	AB+	(Decimal('40.144605'), Decimal('94.852713'))	03/26/2025, 00:00:00		hkuehnert		268
	reimundgunpf@aol.de	Hahn	Mirella Hörle	1116	900-11-6623	O+	(Decimal('28.4704345'), Decimal('85.414614'))	2019/10/02		ejohann		457
2000-12-26	ceciliada-rocha@hotmail.com	Moraes Fogaça Ltda.	Dom Freitas	2035	81025743644	B-	(Decimal('61.6384165'), Decimal('13.840429'))	11/30/2018, 00:00:00		piresrebeca		568
1954-09-08	rachel09@gmail.com	Chavez, Kelly and Farley	Amber Burke	2155	382-91-8850	B-		2024/05/05	Barista	johnsonemily		130
1964-06-11	luana05@gmail.com	Ramos Araújo - ME	Ana Lívia Teixeira	177	98401725658	O+	(Decimal('-77.665332'), Decimal('57.640907'))	24 Jan 2022		alexandrejesus		65
1929-03-22	maria-lizteixeira@bol.com.br	Nogueira Ramos S.A.	Enzo Gabriel Moura	945	97548360193	O+	(Decimal('-12.6471105'), Decimal('-71.684351'))	2024/02/14		esiqueira		286
	omilanesi@gmail.com	Beccheria, Bataglia e Filzi e figli	Lidia Gianinazzi-Vespucci	1625	VGDPLA40E44B081F	A-	(Decimal('-11.8602035'), Decimal('-164.719047'))	10 Dec 2022	Television/film/video producer	vitovianello		666
	andradelevi@hotmail.com	Porto Montenegro S/A	Antônio Câmara	177	59327086112	B-	(Decimal('-1.156309'), Decimal('-173.239399'))	2022-06-14	Operador de telemarketing	biancacastro		709
	james54@gmail.com	Alexander, Marsh and Thompson	Michael Silva	1708	036-93-9227	A+	(Decimal('-11.2602525'), Decimal('-18.396099'))	2019-11-28	Social research officer, government	qsanders		398
1926-09-30	sabrina18@yahoo.com.br	Caldeira - EI	Bárbara Silva	449	51387069268	AB-	(Decimal('20.681863'), Decimal('-44.428112'))	06/11/2020, 00:00:00		brenooliveira		32
1934-12-07	manabutanaka@gmail.com	合同会社山本印刷	山口 篤司	41	810-02-9126	O+		2020-10-11		nakajimahideki		690
1950-06-25	wsato@hotmail.com	合同会社清水水産	山口 治	1094	257-25-9711	O+	(Decimal('67.3060685'), Decimal('114.328447'))	20 Oct 2019		rikaito		345
1964-08-22	miki12@yahoo.com	中村建設株式会社	中島 直人	2145	591-16-1671	AB+	(Decimal('-41.446621'), Decimal('-126.451454'))	2021-02-08		yamazakikaori		260
1929-05-28	kda-mata@bol.com.br	Duarte	Benicio Oliveira	2096	65789024300	O+	(Decimal('-56.8473785'), Decimal('176.682255'))	03 Jun 2023	Contra regra	da-luzcaleb		134
1995-02-14	friederickesoeding@web.de	Jacobi Jäckel AG	Henryk Hübel	599	447-68-4823	AB+	(Decimal('-16.027337'), Decimal('35.644807'))	15 Jul 2019		heinrichhans-dieter		29
	wpugh@gmail.com	Carroll-English	Jerry Barrera	291	654-05-5750	A-	(Decimal('5.3386315'), Decimal('-119.364754'))	2021-01-28		garrettsandra		679
	chiaraalfonsi@alice.it	Montalcini SPA	Fiorino Lopresti	1043	TMBGNN15S68E341S	B-	(Decimal('-86.8885525'), Decimal('-146.914527'))	2020-10-21		eleanora18		245
2000-08-29	willisjames@yahoo.com	Parker-Norman	Benjamin Owens	117	464-71-8679	A+	(Decimal('52.619420'), Decimal('-28.358554'))	01/06/2020, 00:00:00		wsmith		431
	gnogueira@uol.com.br	Siqueira	Vinicius Porto	107	12943675873	O+	(Decimal('10.423173'), Decimal('138.136289'))	21 Dec 2018		rafaela91		450
1965-07-27	pedro-henrique67@hotmail.com	Martins	Srta. Anna Liz Ramos	599	16439075810	B-	(Decimal('71.904132'), Decimal('173.070208'))	2023-03-24		liviafogaca		257
	jloos@yahoo.de	Ernst Stiftung & Co. KGaA	Hasan Wulff-Kruschwitz	876	930-75-6278	AB-	(Decimal('61.1791575'), Decimal('65.979366'))	2020-09-01	Forstwirt	obender		435
2018-01-21	murraydawn@gmail.com	Hoffman-Benson	Daisy Alvarez	1114	383-66-2087	AB+	(Decimal('-25.5159765'), Decimal('123.084866'))	11/29/2019, 00:00:00		michaelfoster		21
1948-08-21	akemimori@gmail.com	清水食品株式会社	伊藤 健一	564	690-28-1438	A-	(Decimal('71.6954335'), Decimal('-140.473116'))	16 Apr 2025	作曲家	kinoue		182
1938-08-30	ekroker@aol.de	Mielcarek Juncken GmbH & Co. KGaA	Karlfried Dehmel	512	516-86-1335	AB-	(Decimal('68.9374715'), Decimal('34.227341'))	25 Nov 2022		lachmannangelo		696
	sasakikaori@yahoo.com	合同会社小林運輸	松本 淳	254	200-09-8816	AB+	(Decimal('-69.3163095'), Decimal('-163.468768'))	02/16/2019, 00:00:00		tarosuzuki		203
1923-06-18	hmaeda@hotmail.com	吉田鉱業株式会社	岡田 裕太	1369	755-54-4593	AB-	(Decimal('56.309325'), Decimal('85.581564'))	2024-01-15		fkondo		448
2020-08-11	neuschaeferfrank-michael@googlemail.com	Bien	Guiseppe Zimmer-Gierschner	194	022-53-7233	A+	(Decimal('-7.063788'), Decimal('10.954118'))	2021/04/14		gwalter		699
	aparecidaalice@ig.com.br	Ferreira	Allana da Mota	953	06385927474	B-	(Decimal('-75.3646055'), Decimal('106.261474'))	09 May 2022		kamilly79		126
	rjovinelli@outlook.com	Geraci-Vivaldi s.r.l.	Luca Vespucci	122	ZCCZRA09H06D383A	AB+	(Decimal('79.8993985'), Decimal('3.754403'))	2020-12-11		dtutino		706
1948-04-26	britt68@hotmail.de	Käster	Carina Atzler B.A.	285	188-63-4306	B-	(Decimal('-56.113434'), Decimal('55.461418'))	2019-02-16		evelin52		70
	itotomoya@gmail.com	佐々木電気株式会社	藤田 直子	32	782-58-8657	B-	(Decimal('-12.7461935'), Decimal('-103.747751'))	2018/12/21		zsato		707
	fnorris@hotmail.com	Wilson-Dixon	Jack Haas	829	779-72-1809	A+	(Decimal('-52.0823485'), Decimal('93.389006'))	25 Aug 2019		lisagarcia		598
1918-07-24	cavalcantiana-luiza@uol.com.br	Correia e Filhos	Vinícius Cavalcanti	586	79803625195	B-	(Decimal('87.846602'), Decimal('-154.531124'))	12/05/2022, 00:00:00		juliaribeiro		364
1913-06-18	mendesvitoria@hotmail.com	Viana	Danilo Jesus	623	09124873640	AB+	(Decimal('-24.8358935'), Decimal('-124.641098'))	2019-03-24		da-cunhalunna		535
	zoecirino@gmail.com	Martins e Filhos	Maria Julia da Luz	631	79032814532	B+	(Decimal('55.1941195'), Decimal('-152.352944'))	2019-03-17	Ferramenteiro	vitor-hugo10		12
2023-11-11	nonisgiulietta@libero.it	Sabatini e figli	Claudio Scotto	462	BCCLRN37E09B630Z	O+	(Decimal('16.4337015'), Decimal('46.741030'))	24 Jul 2024		flavia95		406
1944-09-11	prios@gmail.com	Pereira Fonseca Ltda.	Dra. Marina Costela	1934	43207896103	B-	(Decimal('57.443056'), Decimal('58.919237'))	2021/12/26		ana-lizsantos		164
1970-09-01	togliattiettore@yahoo.com	Finotto, Storladi e Fantini Group	Orazio Turati	1178	MGGLRT83D30H745V	O-	(Decimal('69.1701385'), Decimal('82.855302'))	2023/01/29		xcilea		527
1960-12-11	rodrigo84@gmail.com	Ferreira	Dra. Maria Fernanda Marques	706	72653140934	AB+	(Decimal('19.707080'), Decimal('-129.631042'))	2025/04/15		monteiromaria-luiza		189
	atsushi48@gmail.com	中村通信有限会社	松本 零	1182	186-83-4999	O-	(Decimal('55.558525'), Decimal('95.603670'))	06/01/2025, 00:00:00		hkimura		725
	franklinjeffrey@gmail.com	Thompson and Sons	James Mcdaniel	1772	368-10-7003	O+	(Decimal('9.3568185'), Decimal('4.632340'))	2019-04-28	Industrial buyer	lnichols		52
1922-11-03	bmacedo@bol.com.br	da Paz	Luara Brito	955	69357480200	B+	(Decimal('-63.066451'), Decimal('120.584247'))	2021-02-09		qsiqueira		529
	clara13@hotmail.com	Ferreira	Olivia da Rosa	1428	71924306840	A-	(Decimal('71.9755655'), Decimal('-94.299316'))	2019-12-31		ana-ceciliamonteiro		120
1929-07-15	clarice23@ig.com.br	Moreira Almeida S.A.	Heitor Silveira	1994	40651283906	O-	(Decimal('-24.3663785'), Decimal('-132.735415'))	2025/03/04		esthermacedo		496
1957-07-18	manabu51@yahoo.com	有限会社山本印刷	井上 裕太	764	509-36-6946	B+	(Decimal('-9.808120'), Decimal('73.478943'))	12/23/2020, 00:00:00		manabumatsumoto		308
2006-11-28	traviapatrizio@yahoo.com	Salvemini SPA	Dott. Roberto Procacci	1918	PLLFST57R48B898X	A+	(Decimal('-14.1769655'), Decimal('-163.586150'))	16 Mar 2021	Media planner	oraziotravia		655
2014-06-27	murakamiyosuke@gmail.com	高橋農林有限会社	長谷川 涼平	1986	291-67-2776	A-	(Decimal('-35.890131'), Decimal('88.235170'))	2020/04/28	漫画家	yumikofujiwara		514
1991-05-06	ditschlerincenta@gmail.com	Wirth e.V.	Ralf-Peter Beyer-Scholz	2023	105-43-5114	AB-	(Decimal('32.6286225'), Decimal('101.820850'))	2018/12/31		markkobelt		170
	nuri53@web.de	Förster	Milos Stiebitz	834	928-53-0652	O-	(Decimal('28.840253'), Decimal('47.297732'))	02/13/2020, 00:00:00	Altenpfleger	klemteckehard		499
	matthewgutierrez@gmail.com	Hoffman Ltd	Lisa Davis	807	181-94-8018	AB-	(Decimal('-84.4655535'), Decimal('174.387741'))	12/08/2021, 00:00:00		uporter		652
	miuraosamu@yahoo.com	株式会社太田水産	青木 加奈	872	088-35-2941	B+		2022-08-07		maitakahashi		431
2005-02-24	kumikoikeda@hotmail.com	有限会社藤田水産	山本 美加子	53	107-97-2206	O-	(Decimal('20.467007'), Decimal('79.640586'))	08/21/2020, 00:00:00	アイドル	taro25		425
	tfox@hotmail.com	Lopez-Brown	Eric Lam	1341	440-99-5081	A-		2019/06/15		jennifer49		253
2017-04-04	rbianchi@tele2.it	Righi-Amato s.r.l.	Ermes Caboto	1708	SCHCSN61D28I828U	AB-	(Decimal('15.4005855'), Decimal('-120.775005'))	09/24/2019, 00:00:00	Dietitian	carmelo71		394
1959-01-14	ismet24@web.de	Bloch Textor GmbH	Ditmar Gertz	268	783-48-0555	A-	(Decimal('89.999222'), Decimal('50.558218'))	18 Nov 2021		donata34		623
1957-06-18	claudia29@gmail.com	Hardy-Cherry	Pamela Ellis	314	712-86-3509	O+	(Decimal('52.7075635'), Decimal('176.235980'))	09/26/2022, 00:00:00	Web designer	stephensalas		64
	yamamotoyasuhiro@hotmail.com	田中通信株式会社	山田 太郎	1203	243-82-3703	O-	(Decimal('-15.2155415'), Decimal('-84.334801'))	08/14/2025, 00:00:00		yui80		682
1948-03-29	bernhardine67@yahoo.de	Kohl	Ekkehart Hermighausen	1407	868-29-5047	A-	(Decimal('-81.333421'), Decimal('-70.940157'))	11/06/2021, 00:00:00		annhermighausen		345
1923-09-01	rezadoehn@aol.de	Ladeck	Stephanie Staude	1957	379-80-0913	AB+		2022/06/17	Beamter	ellalosekann		138
	hildegund16@gmx.de	Holt	Univ.Prof. Virginia Köhler B.Sc.	960	637-40-8712	B-	(Decimal('-38.2462755'), Decimal('-55.331545'))	12/23/2020, 00:00:00	Schornsteinfeger	eugeniehiller		213
	josueborges@yahoo.com.br	Rios da Rocha S/A	Dra. Luiza Lopes	1303	49158073639	AB-	(Decimal('10.997122'), Decimal('174.726325'))	12 Jan 2019		fbrito		406
	iluna@gmail.com	Jackson-Wood	Eric Sherman	224	038-64-2296	AB-	(Decimal('-65.9657525'), Decimal('17.395969'))	2019-07-30		alexandra22		98
2016-05-12	pierpaolo56@virgilio.it	Casini e figli	Alessio Piccio	2066	FRMNTL50T09A694L	A-	(Decimal('-7.4420635'), Decimal('47.324798'))	08 Apr 2022	Financial controller	petrucellirosario		230
	itokenichi@gmail.com	有限会社中村印刷	中村 裕樹	1118	519-97-0998	AB+	(Decimal('-27.5730135'), Decimal('-24.546558'))	2025-01-15	行政書士	reisuzuki		429
1966-12-08	luiz-fernandobrito@yahoo.com.br	Novaes S.A.	Sr. Caio Pires	972	74028631904	AB-	(Decimal('-18.452993'), Decimal('95.270851'))	11/17/2020, 00:00:00		monteirojuliana		340
	ocarvalho@yahoo.com.br	Aparecida Pires - ME	Sr. Davi Luiz Fonseca	1653	41035728923	A-	(Decimal('73.8968695'), Decimal('110.674626'))	2024/01/09		isis53		470
2005-03-06	kanatanaka@gmail.com	中島銀行有限会社	木村 香織	78	785-53-1885	B+	(Decimal('23.0060095'), Decimal('-115.114749'))	09 Aug 2025	漫画家	nishimuramituru		62
	ppanatta@libero.it	Rizzoli-Pigafetta SPA	Temistocle Foà-Versace	1379	SNSTTR60M52F842H	A-	(Decimal('-42.8408275'), Decimal('11.672409'))	11 Jan 2025	Aid worker	ivanregge		655
1981-04-18	guidottivirgilio@libero.it	Aulenti, Serao e Mazzanti SPA	Orazio Vivaldi	567	BLSRTR15L52F876G	A+		17 Feb 2021		obattelli		2
2020-05-05	scheuermannhans-helmut@web.de	Ernst AG	Dr. Hardy Cichorius	991	439-15-4141	O-	(Decimal('56.8834175'), Decimal('133.295124'))	2023-02-13	Bankkaufmann	antjehahn		96
	gsato@gmail.com	合同会社中村鉱業	吉田 さゆり	29	228-27-8408	A+	(Decimal('-4.3828925'), Decimal('12.715333'))	24 Jun 2019		nakagawarika		101
2024-08-12	amedeo49@virgilio.it	Balbo e figli	Alessandra Petrocelli	1212	CSLMRS09H15D120I	O+	(Decimal('-79.7003615'), Decimal('-9.299472'))	08/07/2019, 00:00:00	Pension scheme manager	darioemanuelli		341
1991-09-25	dyamazaki@gmail.com	長谷川通信合同会社	福田 亮介	976	682-82-3884	B-	(Decimal('63.342923'), Decimal('131.056265'))	23 Nov 2019		yui77		325
	camila39@hotmail.com	Vasconcelos	Nicole Montenegro	1375	32981045660	B+	(Decimal('-81.298379'), Decimal('171.236290'))	2023-03-21	Tecnólogo em irrigação e drenagem	marianamelo		440
1913-07-12	da-cruzzoe@gmail.com	Lopes	Eloá Jesus	1844	57396408148	A+	(Decimal('-61.055104'), Decimal('-171.914113'))	07/12/2019, 00:00:00		gabriela77		124
	vanessa02@gmail.com	Foscari SPA	Veronica Scalfaro-Bellocchio	1562	GNNGMR01D54H977I	AB-	(Decimal('44.1041645'), Decimal('-15.374052'))	31 Oct 2019	Theatre manager	simonemattarella		318
	victoriabutler@hotmail.com	Webster, Pratt and Figueroa	Christopher Miller	1003	220-42-6058	O-		12/23/2023, 00:00:00	Mudlogger	williamsjulie		245
2010-06-13	yyamazaki@gmail.com	有限会社岡田保険	村上 亮介	1749	326-65-5290	A-	(Decimal('32.7906155'), Decimal('-110.040413'))	2022/10/28		yosukeito		222
	vincenza21@outlook.com	Benigni, Padovano e Lovato SPA	Etta Pareto-Infantino	2145	SRAGRC82S24B579C	A+	(Decimal('-17.584013'), Decimal('139.747073'))	2025/04/12		anichiniadele		493
1976-11-17	yasuhirookamoto@hotmail.com	鈴木水産株式会社	渡辺 舞	452	348-89-4142	AB-		2020/02/17		naotoito		514
	raul08@bol.com.br	Farias Almeida - EI	Srta. Milena Nunes	1010	30582914698	B+	(Decimal('10.992268'), Decimal('-25.369213'))	09/14/2020, 00:00:00	Manobrista	nmoura		588
	tgomes@yahoo.com.br	Moreira Câmara S.A.	Srta. Stephany Oliveira	1358	86527043171	O-	(Decimal('-46.879399'), Decimal('26.947856'))	2023-11-27	Engenheiro de aquicultura	mariah21		161
	buonaurolamberto@libero.it	Sokolov, Campano e Galiazzo Group	Lazzaro Morandini-Marrone	901	FGNTZN73R07F342E	AB+	(Decimal('-32.4843735'), Decimal('-80.244923'))	03/11/2020, 00:00:00		romanafranscini		408
	yuta96@hotmail.com	株式会社林食品	高橋 里佳	1711	658-72-7118	AB+	(Decimal('33.9721695'), Decimal('61.026843'))	2025-03-24		osamu82		490
	lauraaustin@yahoo.com	Atkins, Myers and Friedman	Christina Mendoza	676	626-29-9328	AB-	(Decimal('-61.626794'), Decimal('97.279032'))	09/17/2023, 00:00:00		michaelroberts		204
1986-11-25	bda-mota@uol.com.br	da Mata	Aylla da Mata	619	97453182050	A+	(Decimal('45.778284'), Decimal('-21.431666'))	2024-09-01		fda-costa		554
1977-07-28	chiyo94@yahoo.com	合同会社斉藤運輸	藤田 知実	1494	678-66-9243	AB+	(Decimal('-38.6564485'), Decimal('35.721839'))	2022-07-20		momokohayashi		386
	stellarocha@yahoo.com.br	Pinto	Mateus Fogaça	2073	59463271007	B+		2022/09/29		gramos		330
1997-12-28	olivia97@gmail.com	Mendonça	Miguel Siqueira	1870	47590321850	B+	(Decimal('40.0978445'), Decimal('60.126208'))	01/16/2025, 00:00:00		calebe91		275
	claricesampaio@ig.com.br	Santos S/A	Alexandre da Rosa	1437	24951638746	AB+	(Decimal('-78.856999'), Decimal('-62.139845'))	16 Sep 2025		liam67		89
1989-04-21	xwarren@gmail.com	Rodriguez Inc	Sarah Davenport	135	795-43-1605	AB-	(Decimal('-87.320643'), Decimal('-65.179120'))	2021-01-16		ortizedwin		699
	xdavis@gmail.com	Armstrong, Baker and Francis	Melanie Hopkins	26	201-34-5261	O-	(Decimal('80.9752725'), Decimal('97.195349'))	2021/05/22		lmelton		621
1916-07-31	jacobsandor@gmx.de	Ebert	Univ.Prof. Irene Anders	329	261-08-8252	O-	(Decimal('-40.574794'), Decimal('12.986644'))	07 Sep 2024		ludwina83		424
1943-02-26	dietzdietmar@googlemail.com	Wohlgemut	Wilhelm Bauer	1238	786-11-4224	B-	(Decimal('-78.4410955'), Decimal('151.534562'))	24 Jan 2022		berendraedel		419
1981-09-20	ermannobasadonna@tin.it	Chechi, Puccini e Trezzini e figli	Lucio Casellati-Fabrizi	1484	GRMGNG62B67L314U	B-	(Decimal('-6.345047'), Decimal('58.473467'))	2019/01/20		ferruccimarina		34
	wkimura@hotmail.com	山下水産有限会社	加藤 明美	801	127-35-5988	B-	(Decimal('-65.961677'), Decimal('97.990868'))	09/05/2022, 00:00:00	アーティスト	kanahashimoto		635
	qbauer@hotmail.de	Mende	Prof. Mareen Klotz	1444	883-71-3318	AB-	(Decimal('19.3682485'), Decimal('-152.041582'))	2023/08/05		reimerbenthin		229
1926-02-21	ryosuke43@hotmail.com	有限会社中村ガス	加藤 香織	1763	449-56-8927	AB-	(Decimal('41.087266'), Decimal('-108.308522'))	20 Mar 2020	グラフィックデザイナー	sayuri03		496
	luigibaglioni@gmail.com	Errani-Costanzi e figli	Benito Notarbartolo	547	MTTLPD23C48L879G	B+	(Decimal('-10.018920'), Decimal('-104.251478'))	2020-12-26		hstein		227
1941-12-11	gnatzhenri@gmail.com	Kranz Bachmann KG	Univ.Prof. Cathleen Fischer B.Eng.	1193	537-45-4198	O-	(Decimal('36.542907'), Decimal('136.784615'))	2025-07-08		sstiffel		571
	paolo60@outlook.com	Cattaneo Group	Lisa Agostini-Biagiotti	977	VSNDNG64L64M265V	O+	(Decimal('89.3164545'), Decimal('-160.321223'))	07/30/2025, 00:00:00		gianna75		189
1921-03-13	cassianolavinia@bol.com.br	Alves	Oliver Campos	1918	72640891340	A+	(Decimal('-6.485063'), Decimal('112.759644'))	22 Nov 2019		bcassiano		403
1959-12-11	robinsonashley@hotmail.com	King Ltd	James Wu	1849	868-20-0139	A+	(Decimal('-17.9903395'), Decimal('4.282834'))	2025/02/26	Financial controller	carolinepierce		647
	ryohei08@yahoo.com	合同会社山田食品	坂本 裕美子	1137	788-71-4521	AB-	(Decimal('-3.0440215'), Decimal('96.300318'))	2019-08-30		jun70		176
	shota18@hotmail.com	株式会社橋本ガス	山本 加奈	694	747-75-3397	AB-	(Decimal('78.7755765'), Decimal('151.430311'))	07/14/2024, 00:00:00		miki50		189
	othomas@gmail.com	Carpenter, Perry and Woodard	Debbie Moore	566	059-41-8432	B+	(Decimal('-83.543219'), Decimal('-172.805068'))	2025-09-16		katherine91		579
	asukayamazaki@gmail.com	合同会社井上食品	松田 千代	550	288-92-3115	O+	(Decimal('71.9426315'), Decimal('-114.478106'))	2018-10-21	高等学校教員	yosuketanaka		460
	uyamashita@hotmail.com	高橋通信合同会社	井上 稔	1419	368-52-8927	A-	(Decimal('-20.679757'), Decimal('-53.244421'))	10/21/2018, 00:00:00	ウェブデザイナー	saitoyuki		252
1952-12-20	tarosasaki@gmail.com	福田情報有限会社	中川 幹	1722	429-71-2335	AB-	(Decimal('88.114281'), Decimal('36.465900'))	08 May 2025	介護ヘルパー	suzukiyoichi		310
	martennette@web.de	Wähner Förster Stiftung & Co. KG	Ercan Pieper	681	574-91-5273	AB+	(Decimal('3.891936'), Decimal('-41.922694'))	27 Jul 2023		liane79		384
	morlacchimassimiliano@outlook.com	Chechi-Correr Group	Pietro Fiorucci-Granatelli	32	MRCRBT15L59B586S	O+	(Decimal('-11.925934'), Decimal('158.024306'))	2020-11-14		brunelloloretta		282
	ghande@yahoo.de	Kuhl	Univ.Prof. Mechthild Wagenknecht B.A.	317	094-40-7177	O+	(Decimal('45.826534'), Decimal('-139.128958'))	11 Jan 2022		cordulasteinberg		521
1991-05-19	kristiane98@gmx.de	Fechner	Mohammed Speer	1657	257-18-8941	O+	(Decimal('-77.6259925'), Decimal('153.066872'))	2019-09-10		hansjoachim52		641
	escholz@web.de	Roskoth	Frank-Michael Henck-Oestrovsky	759	223-00-7460	B+	(Decimal('-28.740555'), Decimal('-155.039434'))	2024-09-21	Altenpfleger	yetzler		265
	sampaiomathias@bol.com.br	da Costa e Filhos	Sr. Henry Gabriel Cassiano	1769	45712869020	O-	(Decimal('40.4076445'), Decimal('-156.463682'))	2021-01-31		ycorreia		622
	luchinobragadin@yahoo.com	Giammusso, Barracco e Muratori Group	Tiziana Barillaro-Costalonga	1671	VNZLND95B51H872T	A+	(Decimal('70.6076385'), Decimal('110.752931'))	08/27/2019, 00:00:00		casalelivio		694
	mzimmer@hotmail.de	Gieß Beckmann GmbH	Edit Hettner	799	685-53-2078	B-	(Decimal('-31.7453815'), Decimal('-5.545569'))	12 Feb 2019		dknappe		343
	yasuhiro62@yahoo.com	株式会社井上銀行	中村 淳	529	407-59-2691	O-	(Decimal('-10.047243'), Decimal('-4.856641'))	2022/02/20		shimizuyoichi		342
1974-01-16	ihaenel@aol.de	Wilmsen Jessel GmbH	Irmhild Beier-Briemer	554	388-77-0770	AB+	(Decimal('-49.3578795'), Decimal('-23.185774'))	2024/06/19	Chemikant	ahentschel		484
	maayanakagawa@hotmail.com	田中通信合同会社	村上 和也	1913	364-68-4245	A-	(Decimal('-53.629798'), Decimal('-82.898502'))	14 Feb 2025	栄養士	momoko93		266
	donatello74@hotmail.com	Canevascini, Lussu e Ariasso e figli	Griselda Molesini	891	CRTVLR89D22F689N	A-	(Decimal('30.674782'), Decimal('161.024990'))	27 Aug 2019		elladio18		452
	yrohleder@gmail.com	Schmidt	Dr. Esther Gutknecht	1590	371-33-8729	AB+	(Decimal('32.0521455'), Decimal('-104.235212'))	07/31/2019, 00:00:00		pmentzel		324
1958-11-14	dierk07@hotmail.de	Preiß AG	Marie-Theres Johann	41	133-90-0549	A-	(Decimal('-15.1738475'), Decimal('-122.742355'))	2020-06-13	Fleischer	seipyasmin		262
	binaghirenata@gmail.com	Bassi e figli	Pierina Montesano	1905	BRSLNE36H07B300Q	B+	(Decimal('-86.554806'), Decimal('-112.826176'))	2023-12-29		manciniantonietta		631
1915-01-28	casa-grandehenry-gabriel@ig.com.br	Pires	Emanuella Freitas	326	79523468146	AB-	(Decimal('-22.9305785'), Decimal('49.427462'))	2019/01/03		isabelly26		602
1998-11-30	maysaaragao@ig.com.br	Aragão S/A	Benjamin Sales	1962	05389127668	O+	(Decimal('2.9691725'), Decimal('18.791513'))	08/17/2021, 00:00:00		jpinto		389
1932-08-16	hildegartauch-schlauchin@yahoo.de	Weinhold Austermühle Stiftung & Co. KG	Henny Mans B.Sc.	808	725-36-1347	O-	(Decimal('3.141656'), Decimal('18.323726'))	2019-12-24		ivanahering		159
	pkimura@yahoo.com	吉田印刷有限会社	山田 結衣	824	550-31-8847	O-	(Decimal('83.496522'), Decimal('86.988508'))	04 Oct 2022		ryosukeabe		722
1938-03-06	valentimda-costa@uol.com.br	Cavalcante Ramos S.A.	Liz Fogaça	1439	94635782000	O-	(Decimal('86.552313'), Decimal('150.856674'))	2023/05/11	Montador	leticia55		135
	panfilo72@libero.it	Bartoli-Anguissola s.r.l.	Milena Gioberti	1546	BLLFST45B43F568P	B-	(Decimal('51.2954965'), Decimal('-26.049809'))	2021-06-29		rubbiachiara		276
1986-03-11	krocha@bol.com.br	Fogaça	Benjamim Siqueira	1606	67950342838	A+	(Decimal('11.8981295'), Decimal('-122.023967'))	2022-12-28		macedobento		505
1934-03-12	campbellkelly@hotmail.com	Davis LLC	Margaret Bradley	1539	511-66-2915	B-	(Decimal('-24.8832835'), Decimal('-121.724408'))	2019/09/01	IT consultant	atrevino		266
1958-04-29	miurayui@yahoo.com	株式会社山崎鉱業	井上 聡太郎	2128	210-97-3478	B+	(Decimal('-3.3304495'), Decimal('168.424544'))	06/18/2023, 00:00:00		yokohayashi		30
	sayuri38@hotmail.com	株式会社佐々木保険	森 裕美子	816	623-22-8625	B-	(Decimal('-51.8113915'), Decimal('-40.425172'))	2023/10/02		tsubasafujita		673
2024-12-28	ryoshida@hotmail.com	合同会社伊藤情報	鈴木 桃子	259	004-43-7581	B-	(Decimal('-39.2015065'), Decimal('-25.970079'))	08 Mar 2023		mituruito		9
	larissa55@gmail.com	Pimenta Fogaça - EI	Maysa Sales	99	01768234507	AB+	(Decimal('38.2007945'), Decimal('-80.413393'))	10/02/2020, 00:00:00		melissaaragao		145
1935-08-28	vtoscani@poste.it	Canil Group	Osvaldo Trevisani	1395	PRLSRN02P20L726N	AB-	(Decimal('69.385993'), Decimal('133.427814'))	27 Nov 2018		sollimaliana		57
1957-07-24	araujoemanuella@uol.com.br	Viana	Sra. Manuela Fogaça	1322	19624830533	A-	(Decimal('-85.822310'), Decimal('114.173693'))	2019/06/02		nataliapinto		379
2020-01-17	ifaugno@gmail.com	Boccioni-Odescalchi Group	Benito Segrè	729	VNTPRN95C20F223W	O-	(Decimal('51.714199'), Decimal('-134.264147'))	18 Sep 2019		bettinbettina		152
	tullio73@hotmail.com	Binaghi e figli	Dott. Milo Rensi	923	FRRPNL68E59G997N	A-	(Decimal('64.2100625'), Decimal('58.656782'))	11/10/2023, 00:00:00		xnonis		174
	kaori05@yahoo.com	岡田保険有限会社	加藤 太郎	1638	421-65-4384	B+	(Decimal('50.2533575'), Decimal('-143.429775'))	31 Jan 2020	脚本家	shohei07		442
	marybuckley@hotmail.com	Turner, Miller and White	Andrea Gibson	2140	557-12-3358	AB-	(Decimal('60.818732'), Decimal('34.801560'))	2020/09/21		tdaniels		376
	schmiedtdirk@web.de	Walter AG	Irmi Trüb MBA.	1143	871-22-9583	O+	(Decimal('-58.305974'), Decimal('-83.960152'))	2024/05/22		klaere34		7
1998-03-17	yuki50@gmail.com	有限会社山本水産	佐々木 七夏	1653	347-58-1078	O-	(Decimal('66.3247425'), Decimal('-45.731622'))	2022/03/18		otaatsushi		312
1974-01-12	lorettamazzocchi@tim.it	Brunelleschi SPA	Santino Sabbatini-Fantozzi	853	STRRNT77E18F463T	AB-	(Decimal('5.7346155'), Decimal('63.946796'))	08 Apr 2019		calboantonia		134
2000-07-30	amartinez@hotmail.com	Tucker-Phillips	Jamie Baird	1184	415-72-2299	B+	(Decimal('79.725844'), Decimal('-119.914787'))	2025/04/09		meyeramy		210
1919-11-01	naoto92@yahoo.com	合同会社鈴木農林	橋本 あすか	826	585-32-6943	B+	(Decimal('40.4296015'), Decimal('-126.465547'))	2023-11-23	アーティスト	yamamotojun		117
	haruka99@yahoo.com	伊藤農林有限会社	山崎 裕樹	244	497-52-2098	O-	(Decimal('-45.4158865'), Decimal('162.017187'))	28 Aug 2020		takahashihanako		615
	gioachinotrillini@gmail.com	Ajello, Flaiano e Iannotti e figli	Dott. Lamberto Gulotta	988	BLLSBN29H68L369R	O+	(Decimal('-0.482071'), Decimal('30.707774'))	03/21/2025, 00:00:00		sandrotrincavelli		723
	leandroalbuquerque@uol.com.br	Nogueira	Letícia Pacheco	1175	92754138005	O+	(Decimal('-5.0659605'), Decimal('-110.663996'))	2022-08-14	Profissional de tecnologia de laticínios	wfonseca		76
1975-03-09	marianamachado@hotmail.com	das Neves	Isabela Ferreira	1735	53492016707	B-	(Decimal('7.004743'), Decimal('-124.152263'))	05 May 2021		agatharezende		221
	maryhill@gmail.com	Riley-Ingram	Maria Turner	1808	882-73-5662	O-	(Decimal('47.322275'), Decimal('-169.676253'))	2020-05-31		isilva		192
1975-05-03	joseph71@hotmail.com	Russell-Lowe	Jessica Wilcox	433	885-63-0443	O-	(Decimal('0.1968825'), Decimal('92.304320'))	2022/08/24		paula56		348
1999-01-28	tiziano26@alice.it	Guariento-Eco s.r.l.	Gianmarco Fo	1062	CSLSNR44B29A001P	B-	(Decimal('80.795597'), Decimal('-81.222575'))	2019/11/12		ciampigiampaolo		162
2002-02-21	hbates@gmail.com	Downs-Brown	John Miller	702	222-22-0026	O-	(Decimal('44.8830455'), Decimal('-140.629416'))	2023/05/01	Race relations officer	ilee		623
2006-03-24	rrios@hotmail.com	Camargo Moraes S.A.	Ana Sophia Camargo	585	89173540684	AB-	(Decimal('-52.4420745'), Decimal('-51.625616'))	03/06/2025, 00:00:00		ncunha		616
	momokoikeda@yahoo.com	中村銀行株式会社	村上 拓真	1802	840-55-9170	AB-	(Decimal('81.5004825'), Decimal('121.591655'))	02/08/2023, 00:00:00		hiroshi16		14
2024-04-12	ologan@hotmail.com	Watson LLC	Pedro Davis	42	676-19-8509	O-	(Decimal('38.2773145'), Decimal('62.701138'))	08 Dec 2020		natasharobinson		386
	hans-ulrich99@hotmail.de	Nerger e.V.	Toralf Ruppert	57	915-22-3594	O+	(Decimal('-44.6880455'), Decimal('-142.789781'))	2024/06/14		rohtnorbert		314
1949-03-23	ccarvalho@hotmail.com	da Costa	Dr. Luiz Gustavo Rios	1022	81673290469	O+	(Decimal('-62.7975485'), Decimal('-76.216289'))	04 Oct 2018		marcelasiqueira		87
	harrisamber@gmail.com	Jacobs-Davis	Brent Contreras	428	883-96-3576	B+	(Decimal('-51.303212'), Decimal('64.211554'))	22 Apr 2020		katrina30		701
1949-09-27	jgumprich@gmx.de	Niemeier	Ing. Hans-Erich Hande B.Sc.	1733	826-01-6057	B+	(Decimal('-38.614411'), Decimal('140.703814'))	02/12/2022, 00:00:00	Bankkaufmann	ffranke		202
	massimo23@alice.it	Camilleri-Segrè Group	Roberta Franscini	1470	MZZLVI02B07D933T	AB+	(Decimal('-47.7929205'), Decimal('-119.555581'))	01 Jan 2020		nicolo11		231
1995-10-09	stolzeheiko@gmx.de	Mende AG & Co. OHG	Manuel Schaaf	932	481-03-3095	B-	(Decimal('-25.062587'), Decimal('65.576431'))	2019-08-08	Fachinformatiker	stella64		695
1922-05-28	maaya56@yahoo.com	松田銀行有限会社	三浦 結衣	971	107-10-4195	AB-	(Decimal('37.3493955'), Decimal('122.118575'))	2021/04/13		reisuzuki		338
1912-01-18	bmooney@hotmail.com	Fischer-Bishop	Natasha Anderson	2095	704-13-5750	A-	(Decimal('51.817756'), Decimal('5.425832'))	2021-01-03		richardriley		106
	aaronrios@yahoo.com	Taylor, Robinson and Jacobs	Larry Walters	630	490-25-8624	A-	(Decimal('29.5836425'), Decimal('-83.569687'))	2020-12-20		philipbrown		615
1945-06-25	rafaela89@bol.com.br	Macedo S.A.	José Miguel da Cruz	2066	68790134222	AB-	(Decimal('59.137250'), Decimal('-126.364644'))	07 Jul 2022	Degustador	bborges		325
	michelleanderson@yahoo.com	Tucker-Fitzgerald	Andrew Walsh	219	485-19-9398	AB-	(Decimal('-85.039017'), Decimal('-92.260290'))	2022-12-11		llynn		114
	baptistatzler@yahoo.de	Grein Groth KG	Salvatore Hande B.A.	484	690-72-8986	O-	(Decimal('-59.5743315'), Decimal('2.381480'))	2023-07-14		vtaesche		118
1958-10-04	uabreu@uol.com.br	Aragão da Mata S/A	Hadassa Cunha	1053	62497851328	AB-	(Decimal('13.657691'), Decimal('-70.302762'))	01/07/2022, 00:00:00		dmarques		115
1976-05-21	piero40@poste.it	Vitturi s.r.l.	Dott. Germana Turchi	896	FGTRNT73B61G168Q	O+	(Decimal('-77.4288775'), Decimal('154.324988'))	24 Nov 2019		cgigli		31
1931-10-17	da-luzyasmin@gmail.com	Ramos Sousa S.A.	Davi Luiz Sousa	1871	61492503770	A-	(Decimal('11.442596'), Decimal('-24.884871'))	2022/04/29	Gravurista	casa-grandelaura		720
1977-07-28	mattiabonatti@yahoo.com	Toso-Paolucci Group	Dott. Flavio Tebaldi	1205	TSORSN04S27M298K	AB-	(Decimal('35.7575695'), Decimal('121.439548'))	2025-02-16	Teacher, secondary school	martinapalmisano		413
	catalanocarlo@gmail.com	Spadafora SPA	Sig.ra Marta Grasso	2169	PRTRMN35M07C265Z	AB+	(Decimal('86.751514'), Decimal('1.431861'))	10/20/2022, 00:00:00		sraffafernanda		331
1998-11-26	mariane65@bol.com.br	Garcia e Filhos	Clara Machado	1893	83175069240	O+	(Decimal('27.1941265'), Decimal('-85.607303'))	26 Sep 2018		uabreu		621
	mennearaimondo@tin.it	Cesarotti-Vespucci SPA	Ferdinando Basso	2036	RMLNNN56R42F631Z	O+	(Decimal('-6.3202365'), Decimal('-96.109795'))	08 Apr 2021	Health and safety inspector	pignattidaria		226
	renata73@hotmail.it	Carfagna, Cabibbo e Barese e figli	Dott. Gabriele Pasolini	730	GBBFLP53T11B346U	AB-	(Decimal('-54.769903'), Decimal('62.292853'))	06/12/2025, 00:00:00	Charity officer	condoleoimelda		356
1946-02-13	ubohnbach@hotmail.de	Winkler Rust KG	Mark Drewes	139	704-72-8933	AB+	(Decimal('-47.7802495'), Decimal('-157.238674'))	04/13/2021, 00:00:00		marielestahr		655
1978-12-19	camargojade@yahoo.com.br	Rios	André da Mota	28	32165094860	AB+	(Decimal('23.418119'), Decimal('-82.342147'))	2019-09-23		luiz-miguellopes		412
	fernandesolivia@hotmail.com	das Neves Moraes Ltda.	Miguel Pastor	213	62147938050	A-		04/08/2024, 00:00:00		almeidarebeca		41
	andre45@gmail.com	Lima	Bryan Garcia	2036	35027416970	AB+	(Decimal('-51.5220615'), Decimal('67.244798'))	2024-10-12		osousa		499
1914-07-29	jennifer38@yahoo.com	Allen, Robertson and Butler	Anthony Crawford	280	118-91-9040	AB-	(Decimal('-52.9021375'), Decimal('62.186642'))	2024/03/20		christopherthompson		7
	fedele52@yahoo.com	Martucci-Foscari Group	Sig.ra Elvira Scotto	1289	BRNLSE55A02A474J	O+	(Decimal('45.5800025'), Decimal('-100.985501'))	2019-10-08		flavia73		56
2014-03-03	tammy41@yahoo.com	Guzman, Nunez and Wright	Dr. Jessica Stanley	1075	185-41-2548	A+	(Decimal('40.398699'), Decimal('-142.559258'))	2024-03-28		yguzman		434
1937-01-03	tomoya90@hotmail.com	株式会社山崎保険	前田 篤司	802	251-04-4121	AB+	(Decimal('62.2320625'), Decimal('-103.142090'))	2019/01/01	検察官	yumikosaito		43
	rohtkatharina@aol.de	Haase GmbH & Co. KG	Univ.Prof. Mahmoud Scheel B.A.	2040	364-24-8272	B+	(Decimal('-85.8459715'), Decimal('69.285053'))	2021/08/08		hans-karl01		701
1948-10-25	bragagliaalessandro@libero.it	Marconi-Renault e figli	Donato Bonomo	1026	BTTMCL77H11F114O	AB+	(Decimal('-72.060538'), Decimal('77.899160'))	2020/05/06		talianipaolo		658
	amico19@libero.it	Querini-Paolini Group	Donato Satta	1863	GRSLSU01D06E804N	AB+	(Decimal('-31.9151385'), Decimal('-121.883457'))	2022/04/26		dgoldoni		273
	rebeccacox@yahoo.com	Maldonado-Moore	Mrs. Sherri Foster	1439	601-95-2502	AB-	(Decimal('31.242745'), Decimal('-134.722390'))	2024/10/21	Dramatherapist	gmcdaniel		701
	brendasilva@ig.com.br	Marques Campos S/A	Beatriz Pimenta	1817	12079358677	O+	(Decimal('-76.0815455'), Decimal('55.502584'))	12/24/2019, 00:00:00		brunosales		382
1911-01-14	benignisophia@tiscali.it	Piazzi Group	Monica Cadorna-Guidone	325	CTLMND39B18D787O	AB+		23 Nov 2020		camilla72		465
1911-05-24	ekkehartneureuther@web.de	Häring	Francesca Schleich	962	749-12-6625	B+	(Decimal('-18.2738405'), Decimal('-99.943550'))	2022-04-14	Pilot	mohauptgalina		593
1993-05-30	morgannathaniel@gmail.com	Miller Inc	Elizabeth Abbott	1508	707-05-6651	AB+	(Decimal('5.006809'), Decimal('102.150296'))	20 Oct 2019	Soil scientist	cindy07		389
1967-03-10	leslieharris@gmail.com	Bell, Henry and Estes	Anthony Craig	96	519-09-9871	B+	(Decimal('-51.9773715'), Decimal('138.930363'))	2023-11-17	Conservator, museum/gallery	kevinmorales		513
	maria-luisamoraes@uol.com.br	Guerra	Liam Dias	1463	29460573800	AB+	(Decimal('0.7080635'), Decimal('126.990461'))	21 May 2019		aragaogabriel		277
1946-10-24	xsampaio@gmail.com	Moreira - EI	Thiago Freitas	641	25864017353	A-	(Decimal('-64.3862035'), Decimal('-26.713230'))	2019-04-04		lcorreia		64
	hidekisaito@gmail.com	有限会社中村銀行	佐藤 治	520	409-75-9734	AB+	(Decimal('-71.7194155'), Decimal('21.286093'))	02/06/2021, 00:00:00		takumasasaki		263
1948-05-14	davissarah@gmail.com	Bentley, Mathews and Stafford	Kristina Meadows	1249	586-13-5283	A-	(Decimal('38.261663'), Decimal('28.962238'))	2020-04-23		sheltondaniel		245
	stozzo@libero.it	Brenna e figli	Lauretta Munari-Majewski	1359	SMLDLM76T62A710K	O-	(Decimal('66.751794'), Decimal('78.668546'))	04/18/2024, 00:00:00		mariano94		410
	cendronachille@tiscali.it	Rosiello SPA	Giovanna Toselli	1141	PVRDLS01H08G150D	O+	(Decimal('-70.025961'), Decimal('-86.990835'))	29 Sep 2019		costanzo10		289
	anthony94@gmail.com	Hanson LLC	John Martin	1882	103-77-1363	B-	(Decimal('-76.190296'), Decimal('7.441779'))	06/02/2021, 00:00:00		nmedina		71
	pavonefernanda@libero.it	Sobrero SPA	Filippa Bossi	1447	CMPTRT05D58H876V	AB-	(Decimal('-55.2370755'), Decimal('143.446030'))	17 Mar 2025		berenicefoa		444
	olopez@gmail.com	Payne, Sampson and Sosa	Olivia Castillo	2111	482-70-4421	B+	(Decimal('81.4085045'), Decimal('39.516014'))	2023/03/25		ryan90		615
	gamblejoseph@hotmail.com	Pacheco, Escobar and Armstrong	Amy Blackburn	1551	409-10-0480	AB-	(Decimal('14.0083805'), Decimal('157.417249'))	2022-12-21	Sports administrator	kbrady		311
1973-06-30	dianamcgee@gmail.com	Dunn Group	Taylor Taylor	224	185-30-9960	AB+	(Decimal('84.050521'), Decimal('-111.364801'))	2023/12/31	Photographer	melissadavenport		521
	sarah38@hotmail.de	Gnatz Stiftung & Co. KGaA	Dr. Sylvester Klingelhöfer B.Eng.	116	151-82-8900	B-		06 Feb 2024		yfreudenberger		545
1942-05-26	kyosuke41@hotmail.com	株式会社渡辺食品	田中 くみ子	1067	179-71-0242	A-	(Decimal('-32.787544'), Decimal('151.584152'))	2023-07-22		okadatomoya		19
1979-06-24	robertbanks@gmail.com	Richardson, Miller and Price	Tracey Wolf	1333	787-20-6540	A-	(Decimal('-54.2276965'), Decimal('88.378094'))	2024-08-15		thomas58		500
1910-08-17	sara63@uol.com.br	Jesus Moura Ltda.	Valentim Albuquerque	515	95368014260	AB-	(Decimal('75.7820915'), Decimal('131.405175'))	2023-03-01		caio05		278
1936-11-23	satohanako@gmail.com	中島ガス株式会社	渡辺 涼平	2054	505-31-9359	B+	(Decimal('27.435271'), Decimal('7.692994'))	12/05/2022, 00:00:00		tyamaguchi		557
1983-02-01	rei33@hotmail.com	合同会社中村水産	田中 陽子	1855	603-88-9156	B-	(Decimal('7.0520745'), Decimal('-29.843971'))	2019/08/14	作曲家	nanamiyamamoto		83
2023-04-21	tnette@gmail.com	Blümel Gertz AG	Laura Keudel-Hecker	59	078-20-1162	B+	(Decimal('12.049343'), Decimal('-121.866888'))	2024/09/28	Programmierer	kklapp		367
	jun61@hotmail.com	合同会社前田電気	斎藤 直子	502	880-02-9716	B+	(Decimal('52.094416'), Decimal('121.826657'))	01/14/2019, 00:00:00	ゲームクリエイター	sayuri85		116
	halvarez@gmail.com	Griffin, Harvey and Fletcher	Jennifer Martinez	1732	819-82-4907	O+	(Decimal('69.7408495'), Decimal('63.356686'))	11/30/2024, 00:00:00	Teacher, music	aharris		621
	da-costagiovanna@bol.com.br	Lopes	Isaac Pimenta	266	93726815040	A-	(Decimal('1.240311'), Decimal('-175.061420'))	04 Dec 2018		rgomes		693
	nmatsumoto@gmail.com	山下農林株式会社	村上 さゆり	1656	326-74-2382	O+	(Decimal('7.0990965'), Decimal('41.629488'))	06 Dec 2019		reiyamamoto		325
1931-06-29	yamaguchiryosuke@yahoo.com	小林印刷株式会社	石井 京助	381	755-51-7068	A+	(Decimal('29.899938'), Decimal('-169.618847'))	2019/02/07		chiyo24		616
	kananakamura@yahoo.com	合同会社青木電気	佐々木 幹	1030	589-87-9155	B+	(Decimal('9.6494755'), Decimal('115.209476'))	2024/03/19		asuka15		315
	holttatjana@hotmail.de	Tschentscher AG	Prof. Klemens Beckmann B.Sc.	1536	766-50-3845	A-	(Decimal('15.4762655'), Decimal('175.359743'))	04/24/2019, 00:00:00		ofiebig		161
	cuevasjeremy@gmail.com	Hayes Group	Joseph Pace	105	831-41-7257	A-	(Decimal('-76.2738245'), Decimal('-170.786923'))	2024/08/31		jacquelineacosta		373
1978-12-20	zampapellegrino@virgilio.it	Bellocchio-Cavanna s.r.l.	Giacinto Foà	1787	FRRGRN00H53I539K	AB+	(Decimal('52.4528155'), Decimal('-0.530681'))	15 Nov 2022		luisavecoli		414
1976-08-27	friedrich-wilhelmgumprich@aol.de	Gutknecht Stiftung & Co. KG	Burkhardt Gorlitz	1737	167-63-7974	A-	(Decimal('29.357444'), Decimal('-99.344226'))	2020/11/13		ivan86		253
1995-05-08	rosaceschi@tiscali.it	Zabarella-Alfonsi SPA	Leone Pagnotto	161	VNTPMP51R59E854O	A-	(Decimal('-16.6241175'), Decimal('104.845686'))	22 Aug 2024		dantonelli		384
1928-09-14	epimenta@bol.com.br	Silva - EI	Pietro Cavalcanti	1432	69830574148	A-	(Decimal('-43.6301495'), Decimal('-56.112321'))	08/28/2020, 00:00:00		ifernandes		259
	tonia30@tele2.it	Nitto-Canetta SPA	Ricciotti Comisso	878	CCLPNI32T04A129F	A+	(Decimal('-21.439631'), Decimal('-71.275071'))	2025-04-14		gabbanaorlando		155
1927-07-06	jwagner@yahoo.com	Oconnell, Miller and Mccarthy	David Moyer	565	446-19-5813	B-	(Decimal('-56.186678'), Decimal('74.613490'))	2021-07-11		david41		513
1985-02-01	barbosacaleb@uol.com.br	Teixeira	Catarina Câmara	340	42178605958	O+	(Decimal('31.472451'), Decimal('-47.142580'))	2022/12/26		vpinto		257
1970-12-15	christian95@hotmail.com	Sweeney Ltd	Lisa Gray	767	139-32-5276	A+	(Decimal('41.6074285'), Decimal('-164.212095'))	2022/04/03		mary16		428
1922-04-14	germana05@tin.it	Pisano, Comboni e Ravaglioli s.r.l.	Telemaco Bocca	1121	PVNLCU31D60B259E	O+	(Decimal('33.367338'), Decimal('175.696058'))	06/21/2019, 00:00:00		tgrifeo		320
2016-04-29	kitzmannvolkhard@aol.de	Rust GmbH	Undine Hentschel-Bauer	1970	712-41-8100	O-	(Decimal('41.749470'), Decimal('34.479007'))	2024/11/29		metinwulff		67
1992-02-10	eyoshida@gmail.com	合同会社山本印刷	佐藤 舞	1888	237-76-0002	B-	(Decimal('61.070677'), Decimal('159.044601'))	2025-03-26		eito		308
1942-06-03	rebekka74@gmx.de	Eimer Riehl KG	Prof. Henner Dehmel B.Sc.	584	773-72-1369	AB-	(Decimal('89.9160045'), Decimal('-124.872042'))	10/30/2020, 00:00:00		klotzraik		626
	fantinieugenia@gmail.com	Stefanelli, Bianchini e Monti s.r.l.	Loretta Federici	733	TRTTNO96S07G048C	A+	(Decimal('-12.567111'), Decimal('-173.916074'))	09/04/2021, 00:00:00		sole20		358
1989-01-02	sanchezjennifer@hotmail.com	Haas, Barber and Coleman	Lance Sullivan	186	430-71-1775	A-	(Decimal('5.4080615'), Decimal('31.756991'))	25 Oct 2024		vegakaren		617
	bcarsten@yahoo.de	Dippel	Heidemarie Seifert	1878	798-35-9618	O+	(Decimal('78.156843'), Decimal('116.367661'))	03/04/2025, 00:00:00	Designer	krebsrosmarie		289
	mathias29@gmail.com	Porto	Francisco da Cunha	186	46718529346	A-	(Decimal('-27.2223935'), Decimal('85.857911'))	04/08/2021, 00:00:00	Sociólogo	miguel74		340
1943-10-10	agagliano@fastwebnet.it	Camanni, Cherubini e Cagnotto SPA	Amico Sorrentino	1345	GRGMLN26S20D608J	A-	(Decimal('45.011217'), Decimal('165.927836'))	27 Jan 2024	Recycling officer	alessandra83		496
	adinolfialdo@poste.it	Medici-Mercantini Group	Sig.ra Jolanda Scarfoglio	496	PLSLRZ31S60D961X	O-	(Decimal('-36.7146835'), Decimal('90.815661'))	09 May 2019		tassonialessandro		594
1912-12-20	francisconogueira@ig.com.br	Sales e Filhos	Dra. Hadassa Albuquerque	1177	85213769012	B-	(Decimal('-41.4179935'), Decimal('118.808810'))	2024/06/18	Tecelão	luiz-gustavo31		460
2008-08-21	maedahideki@gmail.com	合同会社加藤通信	近藤 裕美子	1843	351-43-2956	A+	(Decimal('-37.6035095'), Decimal('153.198596'))	05/11/2021, 00:00:00		tanakahanako		231
	wguerra@hotmail.com	da Costa Barbosa S.A.	Ana Julia da Mota	1144	84532790123	B-	(Decimal('-35.381442'), Decimal('-108.288668'))	03/18/2019, 00:00:00	Técnico em segurança do trabalho	sousaamanda		353
	stacydelacruz@hotmail.com	Hill-Newton	David Dunn	894	027-61-5334	O-	(Decimal('-50.732008'), Decimal('13.715995'))	2021/07/04		robinsonsean		30
1998-12-05	maggioliezio@outlook.com	Errani-Capecchi s.r.l.	Dino Molesini	1173	LTTMND06L08C712X	A-	(Decimal('-57.973452'), Decimal('-129.625158'))	25 May 2022	Scientist, audiological	apalumbo		257
1933-02-02	weimerevamaria@hotmail.de	Carsten e.V.	Dr. Leonore Peukert	1308	571-53-2335	AB+	(Decimal('66.6785005'), Decimal('-10.746656'))	30 Dec 2022	Erzieher	boucseinewald		445
	peter35@yahoo.com	Hutchinson PLC	Anthony Lopez	1297	675-82-5339	B+	(Decimal('-88.580916'), Decimal('-156.225389'))	10/18/2018, 00:00:00		hward		139
	suzukimikako@gmail.com	石川建設合同会社	中川 千代	199	078-81-9794	O+	(Decimal('15.2760515'), Decimal('12.501701'))	05/16/2019, 00:00:00		yutayamazaki		418
2019-08-20	grete76@googlemail.com	Juncken KG	Dr. Helge Hartmann	882	049-80-7838	AB+	(Decimal('41.426181'), Decimal('-94.381567'))	2024/05/27		hans-jochen00		379
1939-06-18	rohlederhansjoerg@yahoo.de	Fechner KGaA	Reimer Stiffel-Metz	838	993-74-4030	O-	(Decimal('25.0480135'), Decimal('71.977400'))	2019-09-28		hilde99		25
1972-02-14	bradleypeters@gmail.com	Sanchez-Ingram	Katrina Clark	367	884-35-6298	O+	(Decimal('-28.056945'), Decimal('-152.293691'))	07/31/2025, 00:00:00		harrisanna		30
1999-11-05	christopherchavez@hotmail.com	Butler LLC	Michael Patterson	1196	490-04-0010	B+	(Decimal('-7.954916'), Decimal('147.089136'))	2023/06/27		carlsoncharles		93
1963-12-18	magliopasquale@yahoo.com	Semitecolo s.r.l.	Nina Rapisardi	988	SCLMME41P03D364T	AB-		2021/05/17	Architect	ioppifredo		215
2022-04-18	ribeiroevelyn@hotmail.com	Cardoso	Luigi Siqueira	187	49078123613	O-	(Decimal('-12.1609335'), Decimal('-125.142340'))	24 Sep 2018	Político	da-cunhamatteo		257
1968-07-26	telemaco37@gmail.com	Vespucci-Santi SPA	Fortunata Bellucci	1914	CRQBNC02S09I065L	O+	(Decimal('14.495079'), Decimal('-55.713870'))	2025-06-21	Chief Financial Officer	atenulf07		119
	elizabeth20@yahoo.com	Arellano, Nixon and Harrison	Juan Perez	797	571-80-0501	A-	(Decimal('-47.224101'), Decimal('79.769229'))	16 Aug 2021		colemanmichael		231
	fschmidtke@aol.de	Patberg	Univ.Prof. Etta Lindner	316	680-58-5919	A-	(Decimal('-70.5974325'), Decimal('107.219802'))	01/28/2023, 00:00:00		darius52		670
	heidrichdrago@aol.de	Mosemann Hölzenbecher AG & Co. OHG	Thea Junitz-Ditschlerin	657	964-65-7979	A-	(Decimal('-69.3161085'), Decimal('-167.991696'))	25 Nov 2022		aloisia52		451
1939-11-28	guerravinicius@hotmail.com	Andrade Rodrigues - ME	Dr. Dante Porto	2007	58963720438	B-	(Decimal('-87.7760645'), Decimal('-146.032019'))	2021-02-17		yanda-costa		537
1985-11-03	luanateixeira@uol.com.br	Costa	Srta. Stephany Pimenta	2087	83074256117	O-	(Decimal('-62.474507'), Decimal('-14.686230'))	20 Feb 2019	Veterinário	juliasa		32
	pacillosabatino@hotmail.it	Trapanese, Ferrazzi e Salvemini s.r.l.	Elena Mascagni	113	BRNLVR23M22E936V	B-	(Decimal('88.5200195'), Decimal('-133.417193'))	2022/05/31	Museum/gallery conservator	enugnes		200
1934-03-28	bryan83@gmail.com	Fogaça da Conceição S/A	Vinícius da Cruz	921	75491623016	B-	(Decimal('27.8694165'), Decimal('122.043977'))	12/05/2021, 00:00:00		mnunes		2
1975-04-13	gmoura@hotmail.com	Correia Sousa S/A	Alícia Alves	1165	54236078929	O-		06/20/2023, 00:00:00		felipe69		237
	ryan32@hotmail.com	Smith LLC	Julie Phillips	2103	807-55-7295	A+	(Decimal('18.184671'), Decimal('4.182291'))	07/11/2024, 00:00:00		alexandergray		465
1911-05-24	jda-rosa@bol.com.br	Fernandes	Zoe Nogueira	1512	30271985488	O+	(Decimal('-0.8547135'), Decimal('-45.847675'))	2025-09-05	Lanterneiro	malmeida		175
2011-02-07	turchifrancesco@virgilio.it	Ginesio-Barozzi Group	Agnolo Casellati-Udinesi	1852	NPLMRN59T22D684U	AB-	(Decimal('-66.095168'), Decimal('112.900191'))	07 Feb 2025		cscarpa		177
1913-12-22	vadim82@googlemail.com	Dussen van Stolze AG & Co. OHG	Irmhild Seip	1165	678-91-5344	O-	(Decimal('-55.849437'), Decimal('172.497034'))	2025-07-03		hanni92		41
1974-11-11	robert72@yahoo.com	Williams Ltd	Carlos Martin	2099	740-20-0514	A-	(Decimal('-46.0524205'), Decimal('82.859281'))	07/30/2020, 00:00:00		saragarcia		610
1958-07-20	ckondo@yahoo.com	有限会社森ガス	後藤 太一	145	634-50-5872	B-	(Decimal('65.222459'), Decimal('155.748210'))	11/21/2021, 00:00:00		yoshidamiki		460
	bacosiugolino@libero.it	Bianchi e figli	Calcedonio Callegari	1210	RCCSVR29R51F877F	O+		03/04/2022, 00:00:00	Facilities manager	orengogemma		405
2013-06-05	heinz-joachim03@aol.de	Hauffer AG	Veronique Löwer	1773	145-31-5876	B+	(Decimal('-83.501228'), Decimal('90.656449'))	04 Jan 2025		geiselcorinne		110
	paoki@yahoo.com	有限会社伊藤情報	吉田 裕樹	1640	613-39-3220	A+	(Decimal('65.558214'), Decimal('-163.249099'))	09/12/2019, 00:00:00	アイドル	yamashitamomoko		88
1974-12-15	arthur-miguelfarias@uol.com.br	Castro e Filhos	Dr. Gael Henrique Siqueira	62	73648051253	B-	(Decimal('0.964766'), Decimal('54.194680'))	26 Jun 2020	Guitarrista	ssa		510
1979-10-26	mariana95@yahoo.com.br	Aparecida S.A.	Maria Luiza Novaes	1845	20169745830	O-	(Decimal('58.4500885'), Decimal('-32.226906'))	2019/07/02		ferreiraana-sophia		720
	katherinehodges@hotmail.com	Bradshaw, Allison and Hickman	Mason Miller	148	495-54-3208	O-	(Decimal('82.4660715'), Decimal('46.017687'))	2020-11-16		sheppardamanda		571
	qjimenez@gmail.com	Hubbard-Compton	Joel Mendoza	1447	055-66-7456	A-	(Decimal('39.7575515'), Decimal('179.705930'))	01/05/2023, 00:00:00		theodoresmith		136
1939-01-01	christinahuynh@yahoo.com	Roth-Patterson	Shelby Shaw	1896	493-54-4136	B-	(Decimal('60.779960'), Decimal('-94.613880'))	2019-07-12		ogarcia		277
	cutulisalvi@poste.it	Chiesa, Cheda e Pausini SPA	Paulina Donatoni	1303	MRCCLR99M57L185J	B-	(Decimal('-0.1651375'), Decimal('117.727266'))	2019-01-04		rolando76		368
1966-05-15	nicolo38@fastwebnet.it	Nonis-Monaco e figli	Cassandra Lancisi-Morpurgo	885	NTTDNI03S01I337F	O+	(Decimal('-34.011786'), Decimal('172.332624'))	2020-12-05		ughinico		358
1957-03-07	lota@hotmail.com	岡田食品株式会社	佐藤 知実	498	769-45-8754	AB+	(Decimal('-54.8000335'), Decimal('-156.302178'))	2020-08-23	お笑い芸人	naokiyamamoto		104
1981-02-15	luisapedersoli@tele2.it	Cossiga-Alfieri e figli	Dott. Fiamma Nicoletti	1457	RSTMRA68A01E509S	O+	(Decimal('74.5672065'), Decimal('-143.653712'))	08/11/2023, 00:00:00		achiaramonte		183
	cleliaboezio@virgilio.it	Pascarella-Dibiasi Group	Evangelista Loredan	211	VCLLRA27B07E818D	A+	(Decimal('-3.8958595'), Decimal('-56.839574'))	2020/02/21		tbocelli		623
1977-05-16	calcedonioguarana@virgilio.it	Morabito-Panicucci s.r.l.	Federica Luria-Lussu	767	LRDLRN15T57F851A	AB-	(Decimal('39.699887'), Decimal('147.287821'))	06 May 2019	Buyer, retail	gpinamonte		708
	nheydrich@gmx.de	Caspar Rörricht GmbH & Co. KG	Nadeshda Reichmann	1770	844-89-7739	AB+	(Decimal('79.1235805'), Decimal('46.049947'))	2020/01/27	Techniker	uadler		105
	nanami43@hotmail.com	有限会社石井農林	近藤 学	1518	051-13-5543	AB+	(Decimal('-2.678119'), Decimal('123.185197'))	08/31/2023, 00:00:00		harukayamamoto		385
1909-12-07	naoki19@yahoo.com	山口農林株式会社	斎藤 加奈	2087	671-41-2608	A-	(Decimal('-44.5625455'), Decimal('-59.795261'))	12 Apr 2022	救急救命士	kyosuke61		674
1972-04-29	satoyui@gmail.com	株式会社山田情報	阿部 拓真	507	360-85-2532	O+	(Decimal('-63.4411275'), Decimal('-124.109772'))	2025-03-12		kenichi89		360
	jadefonseca@uol.com.br	Pimenta Castro Ltda.	Maria Isis Alves	739	76509483157	A-	(Decimal('-10.8781625'), Decimal('-1.922210'))	29 Nov 2021		framos		660
	benicio98@uol.com.br	Freitas - ME	Sr. Valentim Castro	68	85734192619	A+	(Decimal('-19.5531395'), Decimal('25.772537'))	15 Mar 2019		martinsbento		471
	larissa59@bol.com.br	Pimenta	Cecília Vargas	93	13765082902	B+	(Decimal('-35.582976'), Decimal('142.112781'))	2022-11-14		pfarias		553
	pcamargo@hotmail.com	Nascimento - EI	João Gomes	1026	95413860242	B-	(Decimal('30.9932695'), Decimal('80.858238'))	2021/03/20	Lutador de kung fu	nina84		201
1981-06-10	pimentaluana@bol.com.br	Montenegro Martins e Filhos	Mathias Aragão	172	36817905230	AB-	(Decimal('20.234066'), Decimal('130.297952'))	2021/12/20	Funileiro	enzo74		162
2004-04-27	ryoheisasaki@gmail.com	長谷川運輸合同会社	中村 幹	1972	726-46-7446	A+	(Decimal('21.164024'), Decimal('72.216655'))	02/12/2019, 00:00:00		yamamototaichi		289
	malbuquerque@uol.com.br	Melo S/A	Felipe Souza	6	25731946809	A-	(Decimal('61.429053'), Decimal('-127.549564'))	2022/04/20		rafaela55		527
1924-09-12	smithbrandon@hotmail.com	Jordan-Wood	Michael Decker	86	380-32-0695	B-	(Decimal('84.421544'), Decimal('67.544636'))	01/08/2023, 00:00:00		pachecodanielle		330
	dietlindeetzold@web.de	Putz GmbH	José Hertrampf	102	521-46-7556	O-	(Decimal('-60.8585945'), Decimal('68.158388'))	18 Jan 2021	Bankkaufmann	julius20		173
	melissarodriguez@hotmail.com	Knight Group	Shelia Sullivan MD	1793	565-92-3612	A+	(Decimal('-73.6685395'), Decimal('-167.280494'))	31 Jan 2020		lindseysummers		125
1927-06-14	junkenauguste@web.de	Graf GbR	Irmi Niemeier	634	187-52-8998	AB-	(Decimal('24.407243'), Decimal('-122.984498'))	10 Feb 2022	Programmierer	hoevelharri		485
1911-12-04	youngjeanette@gmail.com	Sanders LLC	John Li	31	034-78-1179	A-	(Decimal('72.1149765'), Decimal('-49.621896'))	2022/12/15		fsanchez		16
	zbonbach@yahoo.de	Metz	Frau Antonietta Vollbrecht	2157	245-89-1078	AB-	(Decimal('82.6654685'), Decimal('-173.652830'))	2019-12-25	Informatiker	leberhardt		356
	kyosukesuzuki@gmail.com	合同会社中村建設	田中 あすか	2063	171-86-0441	B-	(Decimal('-12.412978'), Decimal('68.376906'))	2022-06-05		yyamada		664
1996-11-25	wbrowning@gmail.com	Perez, Walker and Allen	Jonathan Moore	1199	319-47-1691	AB-	(Decimal('35.695861'), Decimal('38.359125'))	22 Apr 2019		sdorsey		82
1934-12-28	soniacalarco@libero.it	Gabba-Casini s.r.l.	Irma Doglioni-Bompiani	1321	TBLMRC49H68D963I	B+	(Decimal('-23.6921495'), Decimal('-1.240525'))	04/25/2021, 00:00:00		paoletta87		473
2020-01-28	pierreflantz@gmail.com	Steuer GmbH & Co. OHG	Herbert Holsten-Thanel	2024	986-07-7388	AB+	(Decimal('-81.560304'), Decimal('-11.465780'))	2020-02-15		axel31		497
	ryanlong@yahoo.com	Martin Inc	Susan Roach	217	518-34-1154	B-	(Decimal('-67.5506785'), Decimal('101.381554'))	2024-03-07		rrussell		645
1934-11-10	oderwaldcharles@gmx.de	Hettner Pruschke AG & Co. OHG	Stanislav Niemeier	1889	213-23-5718	O-	(Decimal('-36.1564805'), Decimal('22.933722'))	12/12/2021, 00:00:00		halinaluebs		680
	omontanariello@gmail.com	Vanvitelli-Renier e figli	Margherita Scialpi	247	BDGLVI69H50E382O	A+	(Decimal('-77.905523'), Decimal('27.302615'))	26 Dec 2018	Lecturer, higher education	pbonino		527
	stacey40@gmail.com	Chase, Cook and Valenzuela	Sonya Clark	190	859-12-1637	O-	(Decimal('18.2348935'), Decimal('42.026988'))	2021-05-25		jonesjessica		413
2014-07-11	ivansagnelli@fastwebnet.it	Sansoni-Rosselli s.r.l.	Marco Riccati	536	MNDCLD43T21H532Z	AB-	(Decimal('0.547753'), Decimal('155.041133'))	2024-04-07		isascamarcio		433
1983-06-13	angelinaredi@yahoo.com	Inzaghi SPA	Daniele Saracino	1642	MNTGTN88A66G007V	O+	(Decimal('34.360093'), Decimal('-91.477496'))	2024/11/16		bottaalfredo		376
1952-10-21	jhouse@gmail.com	Powell Inc	Wesley Oliver	266	422-67-0652	B+	(Decimal('74.885954'), Decimal('122.483467'))	12/22/2018, 00:00:00	Structural engineer	trevinojames		693
1944-11-09	theopereira@bol.com.br	Aparecida - EI	Sr. Augusto Cirino	783	95201467849	A-	(Decimal('31.9036635'), Decimal('-125.851533'))	2021-02-17		dda-rosa		360
	ribeiroapollo@ig.com.br	Barros	Anthony Moura	2097	29740615325	B+	(Decimal('2.476044'), Decimal('-86.280921'))	01 Apr 2024		eferreira		630
2018-07-26	taro18@hotmail.com	株式会社佐藤電気	三浦 零	309	795-59-7723	O-	(Decimal('3.516304'), Decimal('82.680112'))	14 Jul 2019		tsubasa68		15
1976-05-12	petarmuehle@yahoo.de	Ullrich KG	Dr. Severin Geisel B.Sc.	1800	076-13-2316	B-	(Decimal('27.347808'), Decimal('8.402043'))	11 Feb 2022	Medizininformatiker	jana77		684
1929-03-25	dawn22@gmail.com	Barnes LLC	Jonathan Warren	1140	559-71-2560	B-		13 Oct 2019	Scientist, marine	fleminglisa		429
1990-11-13	irocha@bol.com.br	Aparecida e Filhos	Sr. Davi Miguel Novais	215	32875196030	B+	(Decimal('-89.420232'), Decimal('-16.267864'))	02/27/2022, 00:00:00		luan58		185
	sabatinimercedes@libero.it	Galeati, Paoletti e Amato Group	Ermes Mimun	1423	BNTPSL28M66A149M	O-	(Decimal('-11.506185'), Decimal('17.110895'))	2025/06/08		ytarchetti		71
1961-07-02	rosario70@gmail.com	Strangio-Taccola s.r.l.	Dott. Alessandra Camilleri	1901	ZMRCSN50E07C732G	AB+	(Decimal('-42.227631'), Decimal('-127.180951'))	04/27/2024, 00:00:00		cericamillo		450
	miki59@gmail.com	株式会社森ガス	石川 結衣	209	530-35-5316	O+	(Decimal('62.0938505'), Decimal('-38.168477'))	2023-05-11		akirashimizu		425
	sabrinamendes@uol.com.br	Costela	Igor Costela	1231	49607835247	A+	(Decimal('11.4879325'), Decimal('45.203778'))	10/02/2023, 00:00:00	Jogador de badminton	clariceramos		342
	cardosogabriela@ig.com.br	Montenegro	Eduardo Azevedo	984	85294637146	AB+	(Decimal('55.005112'), Decimal('40.566834'))	2021/04/14		henry-gabrielgarcia		723
	jennifer54@gmail.com	Baker-Jones	Shannon Bernard	891	771-78-6452	A-	(Decimal('77.366179'), Decimal('104.413235'))	08 Feb 2022		annamurphy		639
2002-08-14	daviscameron@hotmail.com	Velez Inc	Christopher Payne	664	775-08-1944	B+	(Decimal('26.642488'), Decimal('66.708611'))	2020/06/15	Psychologist, clinical	villanuevapatricia		627
1914-01-21	rei81@yahoo.com	青木農林合同会社	山田 加奈	30	311-40-4540	AB+	(Decimal('86.7888945'), Decimal('31.264631'))	2019/03/23		hiroshi45		376
1971-10-15	campanellagianluca@live.com	Bazzi SPA	Sig.ra Caterina Ossani	912	ZNILNE24M41I362R	B-	(Decimal('-60.652742'), Decimal('51.205262'))	2025/09/09	Archivist	bergogliofausto		288
1943-05-18	kellynavarro@hotmail.com	Robinson LLC	Anthony Bell	975	504-02-7680	AB+	(Decimal('-85.8566935'), Decimal('-4.173115'))	2021-07-29	Community pharmacist	pwilson		41
	ytorres@hotmail.com	Butler-Ellis	Alexander Long	2010	895-15-8670	O-	(Decimal('-9.253199'), Decimal('-91.549820'))	08/13/2020, 00:00:00	Veterinary surgeon	cjoseph		571
	kevin58@yahoo.com	Skinner-Price	Stephanie Harris	726	156-41-1894	B+	(Decimal('78.687702'), Decimal('30.568087'))	02/10/2020, 00:00:00		sortiz		258
1987-05-30	shoheifujiwara@hotmail.com	株式会社阿部情報	佐藤 和也	1001	689-88-1805	B-	(Decimal('83.703825'), Decimal('162.468565'))	2024-05-05		rikafujiwara		31
1968-05-06	gioachinodallara@tiscali.it	Gullotta e figli	Napoleone Mantegazza-Orlando	767	SRDFDL60M45L516T	O+	(Decimal('76.7932595'), Decimal('-150.175377'))	10 Nov 2021		jbrugnaro		688
	schmiedeckemuzaffer@yahoo.de	Mies	Jochem Drubin-Bachmann	198	186-98-1503	O-	(Decimal('-3.8678545'), Decimal('-155.301000'))	2024-05-08		gkruschwitz		38
1998-04-16	fariasisis@hotmail.com	Aragão S.A.	Sabrina Costa	619	48629153024	B-	(Decimal('-62.7356505'), Decimal('-78.230797'))	11/26/2020, 00:00:00		maria-eduardavasconcelos		369
1918-10-13	da-rosaana-julia@gmail.com	da Mata	Marina Pacheco	668	31286704553	AB-	(Decimal('-68.1682455'), Decimal('94.138684'))	11/05/2023, 00:00:00	Pediatra	danilo42		536
1959-02-01	oliversilva@uol.com.br	Teixeira	Davi Martins	906	71329546016	A-	(Decimal('-13.3173905'), Decimal('-81.187744'))	08/02/2019, 00:00:00		aylafarias		7
	qoliveira@ig.com.br	Dias	Rebeca Freitas	1171	37210546871	O+	(Decimal('-49.3195065'), Decimal('138.625554'))	2022/07/23		leandro15		714
1933-07-14	bmills@hotmail.com	Sullivan-Lamb	Lisa Kelley	737	206-66-8150	B-	(Decimal('-74.2091985'), Decimal('178.556684'))	2024/08/18		victoriawoods		69
1919-12-24	curtisnatalie@gmail.com	Bryan Inc	Samantha Scott	176	294-46-0482	B+	(Decimal('-2.9455985'), Decimal('41.652811'))	07 Mar 2023		zachary27		354
1992-03-09	joana56@ig.com.br	Brito Silva S/A	Maria Júlia Cassiano	2004	50724369180	O+		27 Nov 2021		moraesagatha		585
1922-03-07	watanabetakuma@gmail.com	鈴木農林株式会社	山田 直樹	567	252-96-6068	A+	(Decimal('60.7941645'), Decimal('-166.701028'))	2023/04/30	アイドル	hayashikana		179
1978-05-22	gehringersiglinde@yahoo.de	Schleich Lachmann AG & Co. KG	Gilda Schüler	1899	081-67-5691	B+	(Decimal('-49.2223505'), Decimal('-104.823469'))	16 Nov 2023		petrosmaelzer		388
	naokitanaka@yahoo.com	鈴木通信株式会社	田中 知実	1606	541-85-1522	B+	(Decimal('26.720686'), Decimal('-123.201621'))	2023-12-23	配管工	reitanaka		415
	xpareto@alice.it	Falier-Pezzali e figli	Flora Satriani	1470	MRSZEI68H63C141S	O+	(Decimal('33.2741165'), Decimal('-16.396595'))	06/30/2025, 00:00:00		pozzeccobettina		504
	staceygomez@hotmail.com	Brooks, Clay and Le	Juan Marsh	2160	327-55-5927	AB-	(Decimal('24.6226775'), Decimal('144.223044'))	2021/08/05	Commissioning editor	fglenn		41
1936-09-09	romolovalmarana@tim.it	Rismondo, Fioravanti e Bazzi SPA	Arturo Argentero	1780	SNSPRS31R71D834F	O-	(Decimal('62.719803'), Decimal('-8.958467'))	07/09/2025, 00:00:00		salvatore77		684
2022-11-12	susan69@gmail.com	Mayo-Davis	Dr. John Barber PhD	21	775-87-7862	A+	(Decimal('60.2740345'), Decimal('-57.712786'))	08/05/2021, 00:00:00		michelle11		153
2000-01-24	biagioemanuelli@poste.it	Lucciano-Mercadante SPA	Dott. Letizia Zola	1346	CRCVTI53E66E234H	O-	(Decimal('-9.2683855'), Decimal('131.529202'))	15 Aug 2022		xtravia		55
	asuka28@yahoo.com	渡辺鉱業合同会社	伊藤 拓真	373	342-95-7883	O+	(Decimal('-51.482497'), Decimal('-110.731396'))	11 Jul 2019		oito		161
1924-11-30	alex44@googlemail.com	Textor	Fernando Bauer	619	971-52-9714	B+		2024/12/21	Pfleger	gkaul		566
2010-09-07	farinaparide@libero.it	Detti, Ariasso e Taliercio SPA	Livia Angeli	1084	GLTTNO78B48E784X	B-	(Decimal('-79.093279'), Decimal('-101.115768'))	2025-01-14		raffaellobarillaro		280
	ulopes@yahoo.com.br	Souza Jesus - ME	Dra. Ana Liz Aragão	152	68245713937	AB+	(Decimal('-77.1577705'), Decimal('134.604872'))	04 Jul 2021	Deputado	bmendes		129
1969-04-08	lunaosvaldo@gmail.com	Armani e figli	Natalia Boito-Padovano	139	CPPFLR51E15D883T	O+	(Decimal('16.037521'), Decimal('-15.107808'))	2020/10/28		tagliafierrocarmelo		537
	annetthoerle@googlemail.com	Bien Rosenow GmbH	Hans-Otto Henschel	135	911-47-0368	B-	(Decimal('42.064278'), Decimal('150.534831'))	2022/02/04	Binnenschiffer	heinrich38		703
1988-05-22	alessandrabosio@tim.it	Tamburi-Monaco Group	Donatello Fischetti	311	GRSRFL55P09M428N	A-	(Decimal('-52.3733125'), Decimal('-1.300121'))	10/01/2024, 00:00:00		alessioperuzzi		687
2012-07-05	kuehnertxaver@googlemail.com	Möchlichen KG	Evangelos Kraushaar	565	626-63-4981	O+	(Decimal('-69.9465315'), Decimal('127.404581'))	11 Oct 2021	Chemikant	aschwital		401
1980-11-17	trupianopiermaria@outlook.com	Mezzetta-Viviani SPA	Amico Cutuli	1803	MCHGCN47M44H989J	B-	(Decimal('-77.9512665'), Decimal('-116.631642'))	2025-03-11		baresenina		278
1977-12-06	andreeheintze@aol.de	Kuhl GmbH	Dipl.-Ing. Liane Rädel B.A.	1814	597-74-7470	AB-	(Decimal('-88.926582'), Decimal('14.308233'))	01/25/2020, 00:00:00	Pfleger	conradieduard		545
2023-12-16	ewawagenknecht@yahoo.de	Steuer	Mehmet Peukert-Hellwig	850	063-39-4421	A+	(Decimal('44.540632'), Decimal('-40.461507'))	2022/07/27		oderwaldcarmela		408
1921-08-11	yumikokondo@gmail.com	田中通信有限会社	鈴木 桃子	704	409-97-6853	AB+	(Decimal('64.6173125'), Decimal('136.505644'))	04/19/2022, 00:00:00		mhayashi		522
	tomoyatakahashi@gmail.com	株式会社山田農林	坂本 七夏	940	134-27-0934	B-	(Decimal('-13.6756135'), Decimal('-89.941461'))	08/09/2020, 00:00:00		ryoheitanaka		66
2016-06-28	tarofujita@hotmail.com	株式会社林保険	佐藤 聡太郎	1355	828-69-3549	A+	(Decimal('-26.502754'), Decimal('83.626258'))	2022/12/09		suzukiyasuhiro		360
	severino05@live.com	Leonetti s.r.l.	Giacomo Cerutti-Polizzi	1630	DBSRSN20T71A262A	AB+	(Decimal('45.467735'), Decimal('117.718648'))	08/06/2023, 00:00:00	Surveyor, minerals	franscinirosa		85
1948-02-15	yzamorani@poste.it	Angiolello, Zecchini e Combi e figli	Sig. Liberto Parri	1966	RTLMND52D18M379Z	AB+	(Decimal('-19.0664445'), Decimal('117.299577'))	2021-09-01	Forest/woodland manager	gabriellafoa		38
	yuta05@yahoo.com	株式会社中村運輸	石川 あすか	760	740-03-5490	A+	(Decimal('-22.224945'), Decimal('-12.200608'))	05/17/2023, 00:00:00		hayashijun		471
	yutatanaka@yahoo.com	井上鉱業合同会社	鈴木 翔太	1248	271-76-7984	A+	(Decimal('88.859875'), Decimal('-109.909219'))	2021/12/01		takumafujita		717
1941-07-14	sosazachary@hotmail.com	Hart-Ayala	Amber Ellis	1096	713-88-8183	AB-	(Decimal('51.9726735'), Decimal('-3.235453'))	19 Apr 2021		aaronlewis		125
	evapieper@gmail.com	Heintze e.V.	Katy Ernst-Nerger	42	170-64-9357	AB-	(Decimal('-39.551570'), Decimal('-16.665739'))	06/01/2019, 00:00:00	Binnenschiffer	zdietz		415
1960-03-10	michaelstone@hotmail.com	Jarvis LLC	Holly Smith	1466	796-64-0072	O-	(Decimal('-84.2171865'), Decimal('-70.522271'))	12/31/2020, 00:00:00		gloverkristin		653
1944-10-30	smithdavid@gmail.com	Robles, Salas and Scott	Paul Weiss	2016	406-86-0457	B+	(Decimal('-17.3262295'), Decimal('34.574663'))	26 Apr 2024	Curator	susan99		89
	riveraruth@hotmail.com	Jimenez and Sons	Gordon Ortiz	515	022-84-6566	A+	(Decimal('-45.6126885'), Decimal('-146.371253'))	2023-10-12		kwilliams		502
1935-08-28	rweinhold@gmail.com	Weller AG & Co. OHG	Folkert Holsten-Eigenwillig	352	997-68-0165	A+	(Decimal('-15.507832'), Decimal('95.138943'))	05/14/2024, 00:00:00		eveline75		449
	dolores07@alice.it	Querini, Disdero e Bianchi s.r.l.	Sig. Giustino Capuana	2066	FLLLRI65B03F391Z	B+	(Decimal('-23.945223'), Decimal('47.289472'))	2023/09/08	Information systems manager	wgreggio		135
1953-10-29	hgentry@yahoo.com	Jensen-Good	Lisa Kerr	1070	511-61-6069	O+	(Decimal('-61.2306875'), Decimal('-69.067269'))	2021-02-15		alexandra27		275
1998-04-03	rustbeatrix@gmail.com	Jockel Stiftung & Co. KGaA	Danielle Köhler	718	157-28-2301	B-	(Decimal('-62.1985155'), Decimal('-74.063814'))	2018/12/13	Chemikant	kochhanny		45
2008-01-23	eimerfrancesco@googlemail.com	Mülichen	Veli Ring	1715	210-34-4855	B-	(Decimal('28.3934215'), Decimal('130.357222'))	09/19/2019, 00:00:00		heinzmohaupt		719
	mathiasnogueira@uol.com.br	Sá da Conceição Ltda.	Vitor Gabriel Pereira	259	78143256928	A-	(Decimal('-36.609462'), Decimal('-118.031230'))	2020-01-02	Co-piloto	juanteixeira		670
2014-07-25	robin77@gmail.com	Contreras-Page	Matthew Garner	1470	862-50-8788	AB+	(Decimal('-9.454603'), Decimal('19.109467'))	11/16/2020, 00:00:00	Data scientist	parkeranita		302
	matthewreyes@gmail.com	Jones Ltd	Holly Campbell	1803	351-11-8267	B-	(Decimal('-31.8731955'), Decimal('0.538570'))	18 Apr 2021		vholden		115
1921-08-28	msuzuki@gmail.com	有限会社林情報	山本 篤司	1248	156-40-4610	O+	(Decimal('49.0321815'), Decimal('-38.393179'))	13 Aug 2023		yosukehayashi		607
	melogael-henrique@bol.com.br	Sampaio	Isaque da Costa	634	37820416580	O-	(Decimal('72.168709'), Decimal('-173.398824'))	04/08/2022, 00:00:00		isa		64
	flavia35@virgilio.it	Pacetti e figli	Sig. Donatello Scalera	940	PMTGRC93H45L145B	AB+	(Decimal('28.425080'), Decimal('86.840235'))	2019-03-10		margheritaraimondi		627
	uzobel@web.de	Gude GbR	Michaele Kraushaar	1653	544-46-1612	B+	(Decimal('71.720134'), Decimal('67.829385'))	11/14/2020, 00:00:00	Elektroniker	svenjakarz		463
1963-08-02	margittabaerer@yahoo.de	Nerger GmbH	Betty Mielcarek B.Eng.	1474	806-99-3246	A+	(Decimal('-11.7274965'), Decimal('95.736217'))	01/01/2020, 00:00:00	Asphaltbauer	stadelmannhans-d		372
	lmanning@yahoo.com	Liu, Johnson and Lopez	Vanessa Gutierrez	125	040-20-2425	AB+	(Decimal('74.8395795'), Decimal('32.627870'))	2020/12/01		wadeteresa		418
2010-12-28	gibsonpaige@yahoo.com	Robinson and Sons	Andrew Rogers	1222	084-85-6821	B-	(Decimal('79.8967975'), Decimal('87.006657'))	2020/08/08	Museum/gallery curator	zgomez		283
	steinbergfriedrich-wilhelm@web.de	Dobes AG & Co. KGaA	Dr. Heiko Hölzenbecher B.Eng.	1400	928-93-9236	A-	(Decimal('3.8135975'), Decimal('-83.476998'))	28 Jun 2022	Medizininformatiker	bkobelt		137
	loewerlilli@yahoo.de	Grein Groth GmbH & Co. OHG	Stephanie Ruppert B.A.	1193	724-23-1001	A+	(Decimal('-17.872196'), Decimal('-170.665890'))	2021-04-13	Techniker	massimokaul		416
1916-07-21	mitchellsuzanne@yahoo.com	Stout Group	Felicia Rivas	2019	542-36-0250	B-	(Decimal('23.5804455'), Decimal('22.773036'))	2024-04-19		tnelson		326
2014-06-12	dallanadia@tele2.it	Lombardi Group	Cesare Sorrentino	1933	GTTMRZ91T53C922P	O+	(Decimal('-45.5758935'), Decimal('100.531030'))	11/23/2024, 00:00:00		vbruscantini		664
	taroikeda@yahoo.com	加藤情報有限会社	藤井 涼平	1173	431-84-3733	B+	(Decimal('-85.9694295'), Decimal('-164.309911'))	12/08/2022, 00:00:00		maedayui		416
2014-05-19	traugottkrein@web.de	Aumann Mälzer e.V.	Kreszentia Tröst	1111	938-09-6879	AB-	(Decimal('21.4522645'), Decimal('-160.205470'))	2020/09/16	Beamter	hessanna		278
	denise10@hotmail.com	Garcia-Conner	Victor Brown	652	770-50-0117	A-	(Decimal('-72.0466895'), Decimal('28.342277'))	24 Aug 2019		syates		256
1923-12-04	rnakamura@yahoo.com	有限会社後藤保険	佐藤 修平	1531	065-67-2302	O-	(Decimal('-60.469674'), Decimal('133.946404'))	08/16/2020, 00:00:00		kazuyakimura		285
1964-08-16	myerstravis@gmail.com	Wyatt Group	Steven Anderson	2085	178-15-7639	O-		2021-02-24		tmills		702
	chantal12@gmx.de	Finke Zobel GmbH	Miodrag Trommler	2017	051-76-8682	B-	(Decimal('24.753738'), Decimal('-54.548673'))	07/07/2024, 00:00:00	Friseur	paertzeltklaus-ulrich		289
1918-10-11	ematsuda@hotmail.com	高橋印刷有限会社	山田 篤司	904	828-39-8864	B-	(Decimal('-52.006671'), Decimal('17.358912'))	2023/10/26	コピーライター	kaori56		617
	manabu06@hotmail.com	山本保険株式会社	佐藤 さゆり	1135	157-86-4112	A+		02/26/2022, 00:00:00		hsato		18
	okamotokana@gmail.com	有限会社加藤鉱業	福田 直人	2038	602-22-0897	A+	(Decimal('-27.6973285'), Decimal('106.011918'))	04/11/2020, 00:00:00	お笑い芸人	akemisato		465
1938-11-06	yoichi19@yahoo.com	高橋水産株式会社	佐藤 直子	1582	395-97-3595	O-	(Decimal('-89.082707'), Decimal('-173.612160'))	29 Nov 2020		ryohei79		415
	tmurray@gmail.com	Curry-Brooks	Hector Dudley	1168	667-62-4595	AB-	(Decimal('1.526808'), Decimal('-163.321185'))	25 Jan 2024		castroelizabeth		158
	rsegni@gmail.com	Abatantuono, Antonioni e Farina e figli	Dott. Ivan Einaudi	216	PRGBNC27P13E844N	A-	(Decimal('37.940859'), Decimal('74.941551'))	2024-01-15		emmapaolini		58
	ferreiralavinia@yahoo.com.br	Machado - EI	Mariah Vieira	239	89261370403	O-	(Decimal('-50.2678865'), Decimal('75.969643'))	02/20/2020, 00:00:00		inascimento		157
2019-03-23	nmans@web.de	Etzold	Felicia Fechner	1243	696-69-4366	A-	(Decimal('7.245831'), Decimal('-25.390993'))	2020-01-20		lhoevel		502
	edward16@hotmail.com	Williams-Bautista	Jason Caldwell	1741	546-65-0950	B+	(Decimal('-12.143903'), Decimal('78.560455'))	29 Dec 2021		meyersteven		311
	paertzelthartwig@hotmail.de	Reising GmbH	Fabian Kobelt	14	940-01-0539	B+	(Decimal('55.396153'), Decimal('108.636498'))	04 Apr 2022		groettnermargarita		48
	ecarvalho@gmail.com	da Conceição Freitas - EI	Marina Castro	776	49708625329	O-	(Decimal('-74.615896'), Decimal('-91.684572'))	2018-12-12	Gerente de inovações ou novos negócios	nogueiraapollo		183
1956-02-22	naoko81@gmail.com	岡本保険株式会社	木村 直樹	1275	403-46-1519	O+	(Decimal('22.2173465'), Decimal('-57.346533'))	2019-06-25	漫画家	bito		33
	kaoriyamaguchi@hotmail.com	森ガス合同会社	山崎 真綾	1253	786-22-0996	A-	(Decimal('-48.395193'), Decimal('-86.870802'))	2025/06/24		kanakimura		446
	kmanolesso@vodafone.it	Castiglione-Pometta e figli	Graziano Cugia	246	SPRLGO24S21D901S	O-		2022/07/09		manuntamariana		186
	sayurikimura@hotmail.com	青木運輸株式会社	太田 修平	1525	624-09-6217	AB-	(Decimal('39.493312'), Decimal('-14.580157'))	2023/03/09		katosayuri		62
	christin37@aol.de	Bonbach AG	Nicolai Benthin	17	591-09-8727	B-	(Decimal('-44.405044'), Decimal('-48.740303'))	12/22/2020, 00:00:00		hboerner		189
	tmicheletti@virgilio.it	Collina s.r.l.	Paulina Farinelli-Golino	175	CMPSLO65D30B580G	O+	(Decimal('55.925396'), Decimal('-123.911179'))	25 May 2024		luisaromagnoli		450
	lucasjose@gmail.com	Perry, Becker and Daniels	Melissa Miller	2054	856-43-0405	A+	(Decimal('55.8746305'), Decimal('50.487306'))	01/16/2025, 00:00:00		jenniferthomas		725
2014-09-24	xziegert@googlemail.com	Trupp Junk GmbH & Co. OHG	Claudia Schaaf	1614	176-76-4049	B+	(Decimal('-77.418752'), Decimal('-51.801411'))	07 Mar 2023		bennokaul		631
1990-01-26	reidrichard@hotmail.com	Lawrence, Davis and Lowe	Adam Jenkins	1967	022-37-4654	AB-	(Decimal('73.009084'), Decimal('-90.341305'))	2024/04/08	Herpetologist	qroberts		548
	siegried97@web.de	Jopich Gorlitz KG	Herr Theobald Trüb MBA.	750	658-62-4071	A-	(Decimal('-4.208902'), Decimal('-4.982119'))	14 May 2025	Friseur	rudolphkay-uwe		157
	carnerasilvestro@vodafone.it	Mastandrea-Rossetti e figli	Cesare Pederiva	452	SLRGLT20L10D290L	B-	(Decimal('35.9763775'), Decimal('-131.363756'))	03/15/2023, 00:00:00		lucia22		74
1937-06-22	okoester@gmx.de	Ditschlerin	Jadwiga Warmer	14	542-13-7487	A+	(Decimal('-50.296102'), Decimal('-67.737148'))	03/14/2024, 00:00:00		rusthans-heinrich		397
1994-08-09	rinaldidomenico@virgilio.it	Carpaccio-Tassoni e figli	Mario Trapanese	1197	CLNSVN66C60I862S	O+	(Decimal('-13.778582'), Decimal('-127.422066'))	2021-09-26		qbottigliero		619
1995-07-27	guelsen42@hotmail.de	Hettner	Hans Peter Gutknecht-Vogt	1656	450-37-7367	O+	(Decimal('8.7150445'), Decimal('144.714352'))	2024-03-13	Bäcker	gottlieb56		231
	bbeffa@libero.it	Orsini-Cesaroni s.r.l.	Renzo Collina	1841	RTLLDI90P06H523V	B+	(Decimal('22.573652'), Decimal('31.564887'))	2021/04/22		antonuccibettina		533
1966-08-01	grein-grothwilliam@web.de	Schweitzer Schmiedecke Stiftung & Co. KG	Heinz-Peter Jungfer MBA.	813	245-32-2485	A+	(Decimal('76.0805085'), Decimal('-44.208421'))	06 Mar 2024		ymielcarek		125
1976-12-28	bennokambs@googlemail.com	Junck Beyer GmbH	Ehrenfried Preiß B.A.	580	064-04-8887	B+	(Decimal('33.835297'), Decimal('-17.323502'))	2024-07-27		heinfriedbeer		628
1927-06-10	christianemma@yahoo.com	Aguirre LLC	Sally Martin	790	840-24-1240	AB-	(Decimal('24.5890025'), Decimal('-93.731783'))	2025-07-30	Restaurant manager, fast food	janehoffman		513
1994-04-26	reimergirschner@aol.de	Vogt	Roger Binner	1546	963-59-7411	B+	(Decimal('75.0935305'), Decimal('148.336296'))	02/26/2019, 00:00:00		ivanka30		519
1946-07-28	smitchell@yahoo.com	Erickson and Sons	Andrew Davis	308	637-56-1534	B+	(Decimal('65.5682245'), Decimal('68.585956'))	17 Oct 2024		vhill		562
	sarah90@yahoo.com	Villa-Rasmussen	Walter Wagner	1562	692-34-5390	B-	(Decimal('28.3396495'), Decimal('108.790818'))	02/17/2025, 00:00:00		hroberson		542
	richard51@yahoo.com	Butler Inc	Timothy Davenport	1575	253-94-0755	A+	(Decimal('-30.756570'), Decimal('72.232100'))	10/03/2020, 00:00:00	Chemist, analytical	gregoryingram		614
	stevenyork@hotmail.com	Reeves-Bowman	Lisa Peters	1257	763-68-2029	AB-	(Decimal('-37.5729185'), Decimal('-133.111852'))	2025/05/20	Conservation officer, historic buildings	eileenfisher		394
1963-04-11	egunpf@hotmail.de	Rose Barkholz KG	Dr. Cosimo Bolnbach MBA.	427	816-36-1821	AB+	(Decimal('-66.764073'), Decimal('-31.279138'))	14 May 2019		schomberandrew		256
	rezendeyuri@hotmail.com	Pastor Campos S.A.	Yago Moreira	714	07859642310	AB+	(Decimal('56.460447'), Decimal('-24.371698'))	2024-08-07		icirino		38
	ravi85@bol.com.br	Caldeira Cassiano S/A	Sr. Isaac Marques	1171	04526798185	AB+	(Decimal('-83.1544615'), Decimal('-178.147016'))	30 Jul 2022		fernandescalebe		57
	lrosenow@gmail.com	Gorlitz OHG mbH	Boris Ziegert-Bauer	499	148-06-1664	A+	(Decimal('34.845390'), Decimal('5.478205'))	11 May 2021	Florist	schollstanislav		315
	hideki03@hotmail.com	佐藤食品株式会社	高橋 千代	2094	888-27-2197	A+	(Decimal('-53.8855105'), Decimal('78.204968'))	2022/08/15		junnakajima		101
1964-03-09	xito@gmail.com	有限会社加藤農林	石井 京助	1761	211-62-3546	O+	(Decimal('75.311059'), Decimal('171.581632'))	2024/01/25		ykimura		287
1948-04-08	maria-sophia25@hotmail.com	Oliveira	Alice da Costa	60	32471960561	AB-	(Decimal('40.8913515'), Decimal('-57.224134'))	10 Apr 2023		vargashenrique		371
	josemoura@hotmail.com	Pimenta	Sr. Samuel da Costa	1073	85270314690	O+	(Decimal('22.8254175'), Decimal('-148.185956'))	11/17/2018, 00:00:00		antony01		519
2024-04-16	deniserobinson@yahoo.com	Vincent-Sandoval	Christopher Palmer	2129	709-48-9348	B+	(Decimal('-76.8569415'), Decimal('32.047567'))	2024/08/12		robertbentley		599
1940-11-27	dnovaes@ig.com.br	Azevedo	Srta. Clara Borges	1297	23710856426	B+	(Decimal('4.8175855'), Decimal('12.264188'))	01 Jan 2021		isabella39		606
2009-02-21	wboccaccio@fastwebnet.it	Geraci, Stein e Pigafetta SPA	Romina Stefanelli	1131	BFFGNT02C55H654V	O-	(Decimal('-43.8194085'), Decimal('-36.558046'))	01/02/2021, 00:00:00	Horticulturist, amenity	cianciologino		538
2006-08-01	satomiito@hotmail.com	合同会社佐藤建設	太田 亮介	531	592-35-9840	AB-	(Decimal('80.025754'), Decimal('4.972833'))	2023/09/01		yasuhiro31		699
2008-09-28	takahashitaichi@gmail.com	中島食品合同会社	伊藤 七夏	900	469-83-7657	AB+	(Decimal('-59.6566045'), Decimal('-44.852046'))	09/29/2018, 00:00:00	電気工事士	naotomaeda		77
2004-04-18	hvargas@gmail.com	Estrada LLC	Brian Sloan	1922	846-63-5115	AB+	(Decimal('75.962550'), Decimal('24.235971'))	2025/02/27		sherry14		644
1964-02-13	luiz-gustavo95@uol.com.br	Casa Grande S.A.	Davi Marques	599	03627495829	O-	(Decimal('-20.1711815'), Decimal('39.561079'))	2022/06/12	Flautista	da-motaalice		166
1991-09-22	wcosta@uol.com.br	Almeida Castro S/A	Marcelo Pacheco	2167	39642581051	A-	(Decimal('31.4468915'), Decimal('-66.963746'))	2020-02-02		josue03		193
1924-11-07	taragilbert@yahoo.com	Alvarez, Snyder and Chaney	Michelle Reid	135	810-31-3083	B+	(Decimal('-34.452340'), Decimal('166.566047'))	24 Jun 2020		goodwinsarah		23
	hans-ulrich49@yahoo.de	Möchlichen Stiftung & Co. KG	Ing. Othmar Rust	1101	075-24-8466	B+	(Decimal('30.161795'), Decimal('-166.654664'))	2019-12-22	Binnenschiffer	thecker		194
1943-12-05	yuiyamamoto@yahoo.com	有限会社高橋鉱業	加藤 充	174	814-28-6563	B+	(Decimal('-10.455729'), Decimal('146.696703'))	2019/01/16		mai84		234
	sandorspiess@gmx.de	Weinhage	Moritz Henschel	652	726-29-7933	O-	(Decimal('35.3487895'), Decimal('19.215636'))	07/08/2019, 00:00:00	Forstwirt	rebekkagrein-groth		363
	qdavis@yahoo.com	Miller-Klein	David Ball	2043	128-71-5489	AB+	(Decimal('26.8367215'), Decimal('-19.824611'))	22 Aug 2019		stanleyjoseph		712
1961-09-30	fordzachary@gmail.com	Wilson-Fisher	Jessica Brown	633	287-53-4270	AB+	(Decimal('36.9966215'), Decimal('-95.067542'))	05/09/2025, 00:00:00		donaldolsen		669
	steckelhatice@aol.de	Steuer Stiftung & Co. KGaA	Natalia Schinke	634	693-75-0301	A-	(Decimal('76.751112'), Decimal('90.299676'))	01/01/2021, 00:00:00		letzler		464
	ruggerotommaseo@hotmail.com	Salvemini-Pucci s.r.l.	Lidia Segni-Mastandrea	360	BMBNCL06D53B426Q	AB-	(Decimal('70.9942015'), Decimal('-38.653628'))	05/29/2020, 00:00:00		agnesinicolo		269
1961-10-22	antonella30@bol.com.br	Moraes	Vitor Gabriel da Mota	1485	15386940260	O+	(Decimal('-48.4795935'), Decimal('131.579848'))	2020/03/03	Soldador	ana-juliacorreia		316
	julia03@bol.com.br	Guerra	Emanuel Cunha	528	45908317675	B+	(Decimal('62.263451'), Decimal('139.788612'))	11/11/2021, 00:00:00		lizfernandes		118
	kimuramaaya@hotmail.com	有限会社太田農林	鈴木 翼	1704	229-09-9064	O-	(Decimal('-64.237783'), Decimal('-92.730385'))	2018-11-11	寿司職人	kobayashitomoya		678
1914-12-25	bradleysherry@hotmail.com	Walter Group	Kristen Stevens	1247	785-51-3663	AB+	(Decimal('-11.4212495'), Decimal('-107.632988'))	2019/08/13	Chemical engineer	xrivera		537
	kdisdero@hotmail.com	Flaiano, Alfonsi e Ginese Group	Tonino Trillini	1546	MNCVRN88H16A323Y	AB+	(Decimal('-36.8913905'), Decimal('168.072180'))	04/06/2021, 00:00:00	Geographical information systems officer	maria35		610
	maiishii@gmail.com	有限会社鈴木保険	高橋 洋介	151	341-61-1608	A+	(Decimal('-38.865339'), Decimal('152.948600'))	02/10/2022, 00:00:00	グラフィックデザイナー	usato		185
1926-09-05	jensneureuther@web.de	Henck Schmiedecke GmbH	Edward Henk	1129	074-28-0018	A-	(Decimal('-79.830617'), Decimal('-49.216971'))	08/23/2025, 00:00:00		zjungfer		128
	spastor@hotmail.com	Moraes Santos - EI	Sra. Manuella Sampaio	856	37058142653	A-	(Decimal('-36.060363'), Decimal('-82.464749'))	06/15/2021, 00:00:00		joao-vitor57		673
	danilojesus@yahoo.com.br	Pereira	Clara Nogueira	608	85031724960	A-	(Decimal('71.234152'), Decimal('125.550183'))	2022-05-13		larissacosta		453
	lidija58@yahoo.de	Metz KGaA	Reginald Beier	2096	416-39-0373	O-	(Decimal('-80.5987325'), Decimal('138.264221'))	2022/01/11		weimerfranco		302
	neuschaeferina@googlemail.com	Wilms AG	Univ.Prof. Inge Heinz	812	765-42-8091	B-	(Decimal('-58.5350445'), Decimal('-33.165703'))	12/08/2019, 00:00:00		susannekoehler		238
1987-02-03	dmattarella@tiscali.it	Boiardo-Luxardo Group	Angelica Berlusconi	983	SDDTZN55B43I389U	O-	(Decimal('-80.875767'), Decimal('156.556761'))	2018-10-31		acesaroni		642
	rhavijesus@hotmail.com	da Mota S/A	Ana Liz Carvalho	923	76048193548	O+	(Decimal('-49.4309135'), Decimal('-156.286952'))	2021/05/26		camargoanthony		174
1930-02-17	giuseppina07@gmail.com	Trubin Siering e.G.	Hermann-Josef Oestrovsky	1386	952-70-0077	A+	(Decimal('-49.159531'), Decimal('-19.644465'))	10 Jun 2024		adelheidkarge		549
	jesseriley@gmail.com	Hernandez Group	Patricia Burton	97	860-45-8850	O+	(Decimal('-54.968812'), Decimal('-7.935667'))	2024/12/17		elizabeth69		664
1966-11-26	taroikeda@hotmail.com	合同会社小林農林	高橋 治	991	661-54-4766	B+	(Decimal('-6.3324355'), Decimal('91.007295'))	2025-02-08		tanakaosamu		566
1966-08-14	farinaliberto@tin.it	Mocenigo, Campise e Gritti e figli	Giuliana Ferrazzi-Garibaldi	1280	BRNMRS85T10A491D	B-		23 Feb 2024		agualandi		543
1996-06-23	greengregory@hotmail.com	Mays, Harris and Martin	Jared Gregory	380	113-48-0072	AB+	(Decimal('0.066895'), Decimal('49.755150'))	07 Jul 2020	Engineer, materials	jillian68		354
1997-02-13	brandon85@yahoo.com	Jensen Inc	Miguel Hopkins	1371	842-88-0664	O-	(Decimal('-75.2470825'), Decimal('-152.665072'))	2025-03-27		cbradley		618
1935-03-19	froehlichkaty@hotmail.de	Gunpf	Prof. Cilly Barth	498	958-08-0137	B-	(Decimal('70.1278805'), Decimal('-86.210267'))	05 Jun 2021	Koreanistiker	truebkathi		172
	khenschel@hotmail.de	Köhler AG & Co. KGaA	Lili Krebs	854	476-41-4678	O+	(Decimal('44.123801'), Decimal('-155.307856'))	2025-03-22		marieluiseheinrich		584
1999-12-29	sotaro12@yahoo.com	佐藤運輸有限会社	鈴木 幹	2063	145-40-2436	AB+	(Decimal('-58.5216655'), Decimal('6.734460'))	20 Jun 2021	お笑い芸人	jtakahashi		468
1928-06-14	ldulbecco@tiscali.it	Zichichi s.r.l.	Gaetano Ricciardi	676	CSTNTT09A21I452T	O+	(Decimal('74.7230285'), Decimal('132.974570'))	2025-09-19		luisaeco		696
	larissa59@bol.com.br	Sampaio - ME	Luiz Fernando Câmara	407	35829641089	O-	(Decimal('32.204286'), Decimal('149.813954'))	2020/08/25		ferreiracatarina		668
1964-09-07	yokokobayashi@yahoo.com	株式会社橋本建設	松本 桃子	1512	249-81-5601	AB+	(Decimal('49.8358415'), Decimal('-168.875867'))	2024/06/01		kanahasegawa		34
1996-01-20	wgoto@gmail.com	鈴木電気株式会社	山田 桃子	1585	014-49-4478	O-	(Decimal('86.4242805'), Decimal('-129.321667'))	01/16/2021, 00:00:00		naokiishii		83
	saveriomontanariello@outlook.com	Iannelli SPA	Romina Orsini	628	TRPRSR33H20A386K	AB-		2023-02-01		giulietta83		519
	emans@googlemail.com	Seidel AG	Rochus Bolnbach	1435	627-13-1715	B+	(Decimal('-21.2915695'), Decimal('-22.999475'))	26 Oct 2022		eva-marie74		359
	kobelthedwig@web.de	Gutknecht	Francesca Wagenknecht	352	259-37-3592	O-	(Decimal('-25.294779'), Decimal('87.550018'))	02/13/2025, 00:00:00	Krankenschwester	henriettestroh		466
	vroemer@gmail.com	Grein Groth Mitschke GmbH & Co. KGaA	Annemarie Liebelt-Wohlgemut	312	111-23-9706	AB+	(Decimal('80.6666595'), Decimal('153.852205'))	03/07/2019, 00:00:00		annett26		458
	jolanda23@fastwebnet.it	Giulietti-Treves e figli	Fabia Nadi	1140	MRBMDA72D65D961Z	B+	(Decimal('59.768002'), Decimal('-95.709732'))	2025/04/14	Engineer, automotive	hsalvo		66
	lewisbrian@gmail.com	Davis, Griffith and King	James Hunt DDS	2089	328-73-1215	A-	(Decimal('66.620699'), Decimal('83.536681'))	2023-11-05		wadelauren		238
	cmedici@tin.it	Scandone, Trussardi e Trotta s.r.l.	Zaira Zaccagnini	1454	BRSGNR05P44G143H	A+	(Decimal('-43.174861'), Decimal('145.698784'))	2020/04/18		laurettacorbo		179
	hmondaini@alice.it	Fiorucci, Vianello e Cilibrasi e figli	Giuliano Campise	1417	TRNRTR40B64G803Z	A-	(Decimal('-89.8776215'), Decimal('-131.561106'))	10 Aug 2024	Ergonomist	amletomascheroni		268
	joao-lucas11@bol.com.br	Gonçalves Pereira e Filhos	Maria Flor da Paz	838	97605834101	AB-	(Decimal('-75.8534885'), Decimal('104.055767'))	05/21/2021, 00:00:00		leaodavi-miguel		502
1950-04-29	nicoletta75@hotmail.it	Grifeo, Zabarella e Cilibrasi SPA	Telemaco Udinese	1745	DNSLGN65P21C392P	O-	(Decimal('-69.665753'), Decimal('-84.436883'))	2021-02-02		gioffre95		653
1980-02-02	rabreu@uol.com.br	da Conceição	Marina da Costa	951	15709862312	A-	(Decimal('30.635622'), Decimal('75.927012'))	12 Sep 2021	Diplomata	pedro-lucascarvalho		491
	muzaffersiering@aol.de	Holt	Hajo Christoph	1325	950-56-9091	B-		03/03/2025, 00:00:00		ernst-otto05		455
1949-11-20	daniel86@hotmail.com	Ramirez, Lozano and Johnson	Kelly Martin	697	048-77-1824	A+	(Decimal('-40.741090'), Decimal('20.004247'))	09 Nov 2023		allison38		99
1930-06-11	vrodrigues@uol.com.br	Sá	Arthur Andrade	1976	64253701817	B+	(Decimal('-13.492065'), Decimal('92.255303'))	2022/10/14		caio57		230
	onakamura@yahoo.com	斎藤鉱業合同会社	阿部 康弘	1503	143-88-7333	AB+	(Decimal('-20.165064'), Decimal('-144.531129'))	03/25/2024, 00:00:00		maaya60		299
	flopez@hotmail.com	Lawrence-Fuentes	Nicholas Dixon	1016	388-61-1444	B+	(Decimal('56.095874'), Decimal('46.610862'))	2021/11/20	Community arts worker	scook		205
1984-11-05	mercedesmude@aol.de	Jacob AG	Nadine Siering-Henk	634	624-88-0504	A-	(Decimal('65.486477'), Decimal('106.742803'))	01/28/2020, 00:00:00		olavstriebitz		137
	gagginienrico@tin.it	Moccia s.r.l.	Annamaria Borromini	547	NGGLLR51D26C498U	AB+	(Decimal('-9.476909'), Decimal('-158.594755'))	2020-11-11		stefaniadraghi		430
	pierpaolopisani@libero.it	Filogamo-Persico SPA	Daria Troisi	1688	RMNRKE70A19I057E	O-	(Decimal('28.045624'), Decimal('50.858314'))	2019/07/14		pellicoiolanda		567
	hobbsdanielle@hotmail.com	Alexander and Sons	Tracy Peck	2031	484-91-1171	O+	(Decimal('48.856785'), Decimal('-111.603244'))	30 Oct 2019	Rural practice surveyor	rlewis		701
	massimo60@googlemail.com	Hörle AG	Lilly Juncken	411	340-73-0973	A-	(Decimal('-62.9544875'), Decimal('-13.382118'))	2024/04/16		striebitzfelicia		62
1933-07-13	maite18@ig.com.br	Nogueira - ME	Erick da Rosa	101	68154723026	B+	(Decimal('-78.869527'), Decimal('127.582910'))	2021/04/22		caua66		690
	xsa@uol.com.br	da Cruz Melo S.A.	Joana Aragão	36	52097413625	AB+	(Decimal('11.5773155'), Decimal('-167.481969'))	2019/08/19		mmendonca		667
1973-06-06	jkoester@web.de	Trub Neureuther OHG mbH	Meinhard Christoph B.A.	1617	801-68-9978	A-	(Decimal('67.9405315'), Decimal('-90.436307'))	2025/06/22	Krankenschwester	slinke		97
	raffaello51@hotmail.com	Biagiotti, Murri e Dallara e figli	Erika Biagi	434	BRNLLD81R56D161I	B+	(Decimal('60.5169525'), Decimal('163.232219'))	2024/03/29	Financial controller	ornellascarponi		392
	jsato@yahoo.com	株式会社石川運輸	木村 康弘	1571	636-78-8797	B+	(Decimal('55.6346975'), Decimal('-31.950806'))	2025/04/02		satomiki		219
	joannathornton@hotmail.com	Harrison Group	Marissa Moore	1716	793-60-7001	O+	(Decimal('83.246044'), Decimal('-72.904559'))	2019-08-31	Cytogeneticist	smithmarcus		479
1914-10-14	garrisonsergio@hotmail.com	Davis Group	Martin Huynh	655	439-90-1892	B+	(Decimal('-54.318613'), Decimal('-137.093709'))	2022/10/13		simsclinton		378
	amadeoagostinelli@tim.it	Ariosto s.r.l.	Tullio Tencalla	1442	CRSLSS61S55B275R	B-	(Decimal('77.6266145'), Decimal('131.061650'))	10/18/2018, 00:00:00	Sales promotion account executive	alessandramazzacurati		232
	vjessel@gmail.com	Fliegner Sager AG & Co. KG	Pietro Hiller	606	596-51-5456	O-	(Decimal('73.058507'), Decimal('-97.972389'))	2019/06/29		lottigumprich		96
2014-11-28	machadomathias@bol.com.br	da Luz	Helena Silveira	1836	84716923509	O-	(Decimal('31.5132495'), Decimal('-63.058894'))	04/15/2025, 00:00:00		yago02		449
	uscarpa@live.com	Marini e figli	Concetta Schiavone	1687	RSTLPN87D68H508I	A-	(Decimal('-84.7577185'), Decimal('-53.803727'))	2023/07/23		dcaccianemico		24
1943-05-14	jmeyer@aol.de	Grein Groth GbR	Aline Klotz-Dobes	1163	230-85-0596	O-	(Decimal('47.1614715'), Decimal('86.189320'))	2023-03-24		tomasberger		44
	solarimaura@tim.it	Moresi SPA	Margherita Gianetti	318	SNSTTR05T63D771R	A+	(Decimal('81.5175455'), Decimal('-38.986892'))	2020-06-18		giuseppe28		307
1975-05-25	nota@gmail.com	有限会社前田水産	西村 裕樹	1489	482-63-0955	AB+	(Decimal('50.9219715'), Decimal('-166.300618'))	27 Oct 2019		kanayamazaki		523
1969-11-14	machadobrayan@gmail.com	Machado da Rosa Ltda.	Ayla Fernandes	1687	79621340896	AB-	(Decimal('48.3826565'), Decimal('-165.641734'))	31 Oct 2020	Piloto de avião	ramosjoana		527
	adrienne74@gmail.com	Perry, Lester and Warren	Andre Brown	558	138-51-3082	O-	(Decimal('-23.469145'), Decimal('134.944093'))	2021-04-23	Restaurant manager, fast food	teresabailey		190
	wcox@yahoo.com	Rush-Riggs	Donna Dixon	1044	620-65-8605	AB-	(Decimal('-80.863793'), Decimal('-16.131044'))	2021-12-19		perezmatthew		0
1917-10-29	hscialpi@tele2.it	Moresi, Asprucci e Romiti e figli	Livia Ramazzotti	1276	GLZSLO34S27F463Y	B+	(Decimal('-26.410330'), Decimal('169.257464'))	08/03/2024, 00:00:00		renierangelo		438
	izorbach@web.de	Bärer KG	Magret Rudolph B.Sc.	1368	975-89-0613	AB+	(Decimal('7.734950'), Decimal('152.569208'))	2022/10/04		rhuebel		126
2016-06-03	nbiggen@yahoo.de	Sölzer Kraushaar AG	Suzanne Gorlitz	1202	672-94-2196	AB-	(Decimal('-71.344911'), Decimal('-161.813049'))	2020/10/03		vhoefig		87
	rikayamamoto@hotmail.com	鈴木通信合同会社	村上 涼平	358	777-60-7070	A-	(Decimal('70.258225'), Decimal('-110.026871'))	2025-05-16		abesayuri		718
	lmende@gmail.com	Dobes auch Schlauchin GmbH	Otmar Keudel B.Sc.	0	463-14-6123	AB+	(Decimal('54.669341'), Decimal('-77.221494'))	2022/10/02		danakostolzin		465
1961-09-09	marie-therese98@googlemail.com	Kroker GbR	Ingmar Mies	1580	654-56-0923	A-	(Decimal('76.914209'), Decimal('-58.703546'))	2019-11-26		kmende		641
1994-02-10	yroth@hotmail.com	Green, Bird and Blair	Phillip Jordan	1126	356-47-2961	AB+	(Decimal('88.8265815'), Decimal('18.946584'))	11/03/2022, 00:00:00	Community education officer	thomas54		701
	barrosluiz-henrique@hotmail.com	Rios S/A	Alexandre da Rocha	1754	74036859200	AB+	(Decimal('-86.6935505'), Decimal('-0.483043'))	12/07/2018, 00:00:00		fgarcia		9
	rosemannabraham@gmx.de	Höfig GmbH & Co. OHG	Herr Sören Kruschwitz B.Eng.	872	495-60-2970	A-	(Decimal('42.797231'), Decimal('107.096914'))	02 Mar 2022		bfoerster		706
	adelekitzmann@hotmail.de	Nerger	Jaqueline Bohlander	988	015-95-1843	O+	(Decimal('69.5106325'), Decimal('134.648166'))	2022-08-22	Artist	alwinafranke		409
	gesinejockel@gmx.de	Barkholz GmbH	Herr Witold Förster B.A.	1519	748-13-6482	A+	(Decimal('28.9564535'), Decimal('155.085357'))	12 Oct 2019		neuschaeferimmo		189
1923-04-25	hans-rainerhofmann@aol.de	Kranz AG	Wilfriede Flantz-Heydrich	1848	074-97-7831	O+	(Decimal('-76.6288025'), Decimal('82.690134'))	19 Mar 2019	Krankenschwester	ywesack		358
	ukobayashi@yahoo.com	株式会社清水印刷	鈴木 里佳	1196	641-61-9207	A+	(Decimal('86.3931315'), Decimal('132.876922'))	01 May 2024		rikayamamoto		437
	codymccormick@gmail.com	Nichols PLC	Kayla Brown	651	175-83-6352	B+	(Decimal('-79.9286565'), Decimal('139.738428'))	2023-11-09		alexis64		88
	biankatroest@hotmail.de	Wirth GmbH & Co. OHG	Eduard Bähr-Jessel	1163	760-94-3620	B+	(Decimal('36.056455'), Decimal('-41.251884'))	18 Jun 2024		ljudmilaeberth		551
	ceravolodario@gmail.com	Dallapé, Avogadro e Adinolfi SPA	Gioele Zichichi	1192	PGNNCL96L47F064B	AB+	(Decimal('40.3230705'), Decimal('-139.888304'))	2021-11-26		barbaraspanevello		139
2023-02-01	cisnerosdana@yahoo.com	Robinson-Alexander	Melanie Hall	339	545-48-9480	O+	(Decimal('-40.077289'), Decimal('125.058234'))	2019-03-14		penny29		288
	zmachado@hotmail.com	Siqueira e Filhos	Ana Liz Almeida	2041	81967340269	O+	(Decimal('-45.511269'), Decimal('6.676985'))	03/27/2022, 00:00:00		eloah41		665
1940-06-30	harukakobayashi@hotmail.com	合同会社小林農林	林 晃	1946	807-12-4114	A-	(Decimal('8.1299775'), Decimal('-75.593183'))	2019/10/07	高等学校教員	yamadayasuhiro		67
	fariasana-julia@bol.com.br	da Mota	Rafael Oliveira	937	07246819304	A+	(Decimal('-76.5288855'), Decimal('161.719341'))	07/05/2024, 00:00:00		lavinia74		577
	noah82@uol.com.br	Mendonça Guerra S/A	Thiago Oliveira	1129	05379168493	AB+	(Decimal('82.6169155'), Decimal('-165.702013'))	11/28/2021, 00:00:00		camaranicole		52
1940-03-08	shoheiyoshida@yahoo.com	合同会社佐々木保険	伊藤 修平	69	691-86-6644	B-	(Decimal('-27.307653'), Decimal('99.212693'))	2024/12/07		chiyo91		615
1952-09-17	sara44@ig.com.br	Rezende Melo Ltda.	Dr. Ian Cavalcante	1298	07962845392	A+	(Decimal('35.280903'), Decimal('56.760289'))	25 Feb 2022		azevedopietra		167
	ricardahoefig@googlemail.com	Faust	Dipl.-Ing. Mara Rosenow	117	165-76-4735	B+	(Decimal('11.0083445'), Decimal('-146.818598'))	2022-07-16		scheuermannwilhelmine		331
2013-04-26	alina52@gmail.com	Orlando SPA	Annamaria Ferragni	1589	BZOSTN99H56D428Z	O-	(Decimal('-18.6994235'), Decimal('-85.579432'))	2020/12/21		temistocletoselli		107
2017-12-25	kkato@hotmail.com	合同会社岡田銀行	佐藤 太一	446	145-45-7272	B+	(Decimal('-2.853102'), Decimal('-151.006334'))	2023/10/24		yamazakiyui		438
	sofia16@ig.com.br	Duarte	Eloah Castro	805	19645203716	O-	(Decimal('69.435732'), Decimal('-177.662079'))	2022-08-23		manuelamontenegro		170
1984-05-24	william97@yahoo.com	Herrera, Alvarez and Barnes	Chad Yoder	989	005-37-3013	O-	(Decimal('-66.9727435'), Decimal('-125.949173'))	21 May 2019		hardymatthew		546
	kmora@gmail.com	Larson Ltd	Craig Kelly	285	158-44-8625	O+		11/12/2019, 00:00:00	Farm manager	bakermisty		474
1955-03-01	ginamalone@yahoo.com	Miller-Harrison	Kristina Dyer	1644	630-57-1499	O-	(Decimal('-16.205135'), Decimal('20.979492'))	2020-05-21	Investment banker, operational	oyoung		327
1933-09-22	rikayamamoto@yahoo.com	高橋通信株式会社	小川 学	624	250-76-3279	AB-	(Decimal('54.9139005'), Decimal('58.339519'))	2021-11-10		ryoheiyamaguchi		664
	ana-luizasampaio@hotmail.com	Mendes Siqueira - EI	Sr. João Pedro da Cunha	1645	24906387500	A-	(Decimal('-19.2099855'), Decimal('-66.273721'))	2024-03-06		julia19		453
	teresamondadori@vodafone.it	Galilei-Alighieri SPA	Sig.ra Lisa Gadda	10	NTNLRT06R25D672B	AB+	(Decimal('-64.7164115'), Decimal('73.374305'))	2019/09/05	Museum/gallery exhibitions officer	stefano37		519
	irmtrudstadelmann@googlemail.com	Roskoth Heidrich AG	Jonathan Warmer	1505	273-60-8786	A-	(Decimal('37.639559'), Decimal('135.744926'))	09 Dec 2021	Fleischer	zaenkerantonietta		355
	iwilson@yahoo.com	Stokes LLC	Joseph Bennett	1237	353-47-0335	AB-	(Decimal('-48.069904'), Decimal('153.062457'))	11/18/2021, 00:00:00	Clinical embryologist	christophersmall		251
	satomituru@gmail.com	合同会社伊藤通信	加藤 春香	1303	651-15-2177	O-	(Decimal('-88.4597235'), Decimal('105.260144'))	05/23/2024, 00:00:00		qyamamoto		127
1950-03-22	vattimoluchino@gmail.com	Guarneri SPA	Allegra Borrani	520	SKLBNT33R54A837H	O-	(Decimal('-85.675156'), Decimal('89.698344'))	2025-04-02		amleto94		675
1999-11-02	bdixon@yahoo.com	Cummings-Sawyer	Kimberly Cooke	1042	460-11-5102	AB+	(Decimal('55.744515'), Decimal('120.433081'))	2023-10-30		michael77		523
	ottocarvalho@hotmail.com	Martins e Filhos	Maria Vitória Viana	1596	26547398056	A-	(Decimal('69.627465'), Decimal('-174.506174'))	10 Sep 2025		ana-julia08		531
	joshuacantu@hotmail.com	Moore, Wong and Massey	Matthew Rogers	1985	029-27-2224	A-	(Decimal('-79.0511295'), Decimal('45.998605'))	2020/03/08		howardmary		205
1925-08-05	tanyagonzalez@yahoo.com	Savage Ltd	Nicole Hernandez	1985	849-47-5740	O+	(Decimal('-42.4379865'), Decimal('114.086703'))	2022/06/27	Insurance broker	gfox		621
	castrobenjamim@bol.com.br	Borges	Dr. Calebe Lopes	1182	08472169502	A-	(Decimal('-32.6476735'), Decimal('73.143060'))	2020-03-31		auroramoraes		632
1913-01-28	garzaheather@yahoo.com	Taylor-Robinson	Michele Hall	347	880-04-5572	A-	(Decimal('-50.740861'), Decimal('124.876531'))	2024/04/27		nmason		209
1977-11-15	ruthild47@hotmail.de	Barkholz Stiftung & Co. KGaA	Eva Heintze	1653	430-85-1327	O+	(Decimal('0.9114165'), Decimal('162.935508'))	2019-03-29	Artist	martinrudolf		31
	xkoch@web.de	Sontag	Dr. Hildegart Steinberg	1292	920-32-1726	B-	(Decimal('-28.825094'), Decimal('-163.205055'))	2020-01-01		nschleich		543
1993-07-18	sergejgeissler@aol.de	Schleich Patberg OHG mbH	Evelyn Scholz	1501	439-54-3948	B+	(Decimal('71.864961'), Decimal('-59.365083'))	2023-09-25		gertraudejunck		45
1992-08-17	yoshidakenichi@hotmail.com	有限会社池田建設	橋本 幹	1139	714-04-1302	O-	(Decimal('-38.2827215'), Decimal('-7.995539'))	04/27/2019, 00:00:00		tsubasa26		401
1957-10-20	annajackson@gmail.com	Davis PLC	Mrs. Michele Horton	369	596-32-6671	O+	(Decimal('-13.5057985'), Decimal('144.840925'))	2023-07-21		robbinsmichael		351
	ofederico@hotmail.it	Pasolini, Nievo e Boezio SPA	Sig. Venancio Onio	1171	ZGRLBT11C60H238K	B+	(Decimal('-63.6628535'), Decimal('-115.642801'))	2023-09-21	Financial adviser	antonella34		297
	vitovivaldi@gmail.com	Nolcini, Polizzi e Marangoni e figli	Rembrandt Miniati	933	MRRGLR94S30M147O	AB+	(Decimal('0.604526'), Decimal('64.672390'))	06/10/2022, 00:00:00		melissa75		278
	valerio11@tele2.it	Nadi s.r.l.	Stefano Bragaglia	1320	SBRMRN11R25E061L	AB+	(Decimal('-13.8897515'), Decimal('-163.723306'))	2019/08/01		concettavisintini		398
1967-02-10	gpertini@libero.it	Lombardi SPA	Ottone Chindamo	1248	RSSNCI35S59G719D	AB-	(Decimal('-16.236799'), Decimal('-44.240577'))	2018/12/08		ippazio63		148
1925-03-18	mrohleder@aol.de	Baum AG	Emine Mentzel B.Sc.	1578	596-25-2260	A-	(Decimal('-70.793751'), Decimal('73.972245'))	01/03/2021, 00:00:00		rolf-peterpoelitz		172
	doloreshentschel@web.de	Baum	Ignaz Ruppert	1768	076-97-4370	A+	(Decimal('32.7225505'), Decimal('-19.144704'))	03/30/2023, 00:00:00	Chirurgiemechaniker	fsiering		635
	qallen@gmail.com	Peck Inc	Joshua West	1971	475-01-9574	AB-	(Decimal('32.787556'), Decimal('-66.757564'))	2020-07-31	Oceanographer	melinda81		627
	jinoue@yahoo.com	遠藤情報合同会社	松田 健一	1264	681-76-1538	O+	(Decimal('-38.372208'), Decimal('4.539466'))	23 Mar 2019		miturutanaka		428
1928-12-20	da-pazmaria-julia@ig.com.br	Mendonça	Srta. Gabriela Borges	319	85213609406	AB-	(Decimal('13.165169'), Decimal('-73.465907'))	02/16/2019, 00:00:00		gustavo-henriquecardoso		246
	niccolopetrucci@live.com	Spinola, Ruberto e Speri SPA	Emma Vendetti-Catenazzi	2145	SGSMRN41R59B816N	A-	(Decimal('-17.258386'), Decimal('88.581190'))	2022/02/04		boitanitina		24
1991-02-02	jacqueline09@yahoo.com	Mcdowell-Jenkins	Michael Porter	1422	740-59-4886	A+	(Decimal('-15.0173485'), Decimal('13.528992'))	01/11/2020, 00:00:00	Quarry manager	ckeller		651
	maria-luisa65@yahoo.com.br	da Cunha e Filhos	Alana Pacheco	387	48653290133	A+	(Decimal('-30.844991'), Decimal('-160.028144'))	2023/01/15		jade88		22
1945-01-09	bertapieper@gmx.de	Ehlert GmbH	Frau Margarita Schenk	1275	702-69-5525	O+	(Decimal('28.455429'), Decimal('42.945082'))	2021/04/26		branka39		5
1960-11-24	naotoyamazaki@yahoo.com	太田農林有限会社	山本 浩	1678	520-88-7241	A+	(Decimal('-14.320555'), Decimal('18.361196'))	06/25/2019, 00:00:00		hanako12		133
1912-04-25	raffaellajuvara@outlook.com	Bocelli, Quasimodo e Crespi e figli	Saverio Prati	1603	ZCCSTN35B01D608U	B+	(Decimal('-28.579873'), Decimal('-146.845705'))	06/17/2020, 00:00:00	Politician's assistant	liberto04		552
	reckbauer@yahoo.de	Trüb Patberg AG & Co. KGaA	Frank Karge	1464	866-45-4410	A+	(Decimal('35.528507'), Decimal('-118.897890'))	17 Aug 2024	Artist	hahnnatascha		47
	asukagoto@gmail.com	村上保険有限会社	清水 篤司	741	720-50-6592	A+	(Decimal('-17.815950'), Decimal('-63.519495'))	2025-07-10		taichimaeda		650
	heidelore12@yahoo.de	Speer	Fatih Käster	706	281-64-8578	A-	(Decimal('-58.614870'), Decimal('48.199656'))	2021/08/15		dwieloch		703
	gcadorna@hotmail.com	Ricolfi-Marrone SPA	Mattia Guariento	2133	PNNMRH45B19E597M	A-	(Decimal('-22.931164'), Decimal('-101.763824'))	29 Sep 2023	Customer service manager	eceravolo		129
2005-03-20	akiranakamura@yahoo.com	有限会社渡辺運輸	中川 あすか	72	667-86-3210	O-	(Decimal('-10.952428'), Decimal('-32.160473'))	2023-09-16	裁判官	asuka98		544
2020-10-04	mituru66@gmail.com	合同会社中島食品	山本 七夏	2016	724-04-2464	O+	(Decimal('87.7981205'), Decimal('-84.653549'))	2019/06/07	和紙職人	yuki68		403
	castellittocaterina@hotmail.it	Stradivari-Spinola SPA	Concetta Varano	1296	GDNBGI66R53D948U	AB-		2022-10-27		mbalotelli		315
1915-07-19	pcampos@uol.com.br	Pinto Sousa Ltda.	Sofia Sampaio	477	85142937619	B-	(Decimal('-83.827202'), Decimal('-37.237625'))	2025/02/14		alveskevin		209
	emilio72@hotmail.com	Casale e figli	Gabriele Ferraris	1354	CFFGNI00P52D596H	O-	(Decimal('54.315953'), Decimal('18.194426'))	2019-01-19	Chemical engineer	ubaldozampa		425
1950-03-10	willyloewer@aol.de	Fischer GmbH & Co. KG	Karl-Georg Loos-Hande	1842	667-65-7016	B-		2020/10/20		reimer36		95
2013-07-04	hmartin@web.de	Eimer	Ahmad Roht	1666	128-46-8259	O+	(Decimal('-7.225396'), Decimal('-22.769609'))	2020-06-11		jwiek		134
	ryanstuart@gmail.com	Perry Inc	Ashley Colon	446	622-03-3093	B-	(Decimal('38.9289775'), Decimal('-42.876342'))	2024/07/28		shannonbaldwin		484
1950-01-18	karlfried21@hotmail.de	Schacht AG	Dr. Gerlind Fritsch B.A.	864	435-34-0698	O-	(Decimal('72.8703155'), Decimal('-3.399515'))	01/27/2025, 00:00:00		jeanninedoering		465
1922-09-12	amanda09@gmail.com	Solomon Inc	Theresa Owen	2114	333-08-6495	AB-	(Decimal('45.6334145'), Decimal('62.677364'))	2020-10-18		hunter28		63
	aberika@gmail.com	有限会社中村情報	渡辺 康弘	1005	244-96-2307	AB+	(Decimal('-71.1432585'), Decimal('157.005659'))	09/06/2020, 00:00:00		tanakaasuka		205
	xstafford@hotmail.com	Mendoza-Willis	Nicholas Malone	2049	672-69-9431	B-	(Decimal('48.525712'), Decimal('-142.284833'))	26 Feb 2025		hernandezerin		62
	beigenwillig@aol.de	Johann	Ehrhard Vollbrecht-Wirth	228	835-74-9127	AB+	(Decimal('-73.227152'), Decimal('124.558782'))	03 Aug 2023	Informatiker	frankeriza		227
1943-05-31	korbinian26@yahoo.de	Stahr	Niels Koch II-Sager	108	597-31-4981	O-	(Decimal('-50.2680685'), Decimal('27.258782'))	2024-10-06		mangoldaysel		249
2020-10-03	holmesamy@yahoo.com	Choi-Lewis	Wesley Jordan	1498	576-22-7314	A+	(Decimal('-15.0970505'), Decimal('-45.827481'))	12/21/2024, 00:00:00		nchapman		666
2010-08-22	jacobgarcia@yahoo.com	Taylor Inc	Bryce Green	777	854-11-1161	O-	(Decimal('18.215739'), Decimal('90.367260'))	2023/11/04	Production designer, theatre/television/film	jerry60		632
	henryemily@gmail.com	Warren-Hart	Tammy Dalton	652	853-05-8498	A-	(Decimal('-38.1972045'), Decimal('-153.489833'))	09/14/2024, 00:00:00		clarkerika		174
1912-01-16	tsilveira@ig.com.br	Dias S.A.	Sr. Erick Castro	2070	36710582930	A+	(Decimal('-73.8881625'), Decimal('-37.799748'))	2023-08-19		daparecida		593
1993-01-16	venierleopoldo@live.com	Tasso, Battisti e Sommaruga SPA	Antonello Manunta	1235	NFNTNN41P49H517R	AB-	(Decimal('39.6164475'), Decimal('-5.956559'))	04/15/2025, 00:00:00		ugigli		185
	larissa24@gmail.com	Leão Caldeira S.A.	Isaque Peixoto	1740	85209473600	AB+	(Decimal('52.7194395'), Decimal('154.749387'))	2025/04/30	Profissional de educação física	jmendes		657
	bangiolello@poste.it	Trillini Group	Diana Gabbana	656	DNOMRN03D06E757D	AB-	(Decimal('-5.2576595'), Decimal('160.198262'))	2021/08/22		annunziatasanti		563
1956-06-13	brugnarogioffre@virgilio.it	Borzomì, Aporti e Pometta e figli	Chiara Piccinni	1862	CPNRNZ04T71L625N	A-	(Decimal('-15.504218'), Decimal('170.369778'))	28 Jun 2020		amarini		229
2011-07-15	julie26@hotmail.de	Adolph GmbH & Co. KG	Liesbeth Schacht	1226	059-34-9402	B+	(Decimal('-36.132367'), Decimal('-18.772110'))	02/12/2021, 00:00:00	Binnenschiffer	karl-heinz01		181
1933-07-20	abbagnalepaoletta@gmail.com	Spallanzani, Silvestri e Bergoglio s.r.l.	Matilda Gioberti-Onio	878	LTTNCL94B48B603H	B+	(Decimal('-80.5588005'), Decimal('-125.820423'))	2024/12/06	Biomedical engineer	enzioanguissola		437
1987-10-21	wvarano@tiscali.it	Schicchi s.r.l.	Melina Lamborghini	961	SLVBTC57L03H860K	A+	(Decimal('3.4355925'), Decimal('143.777447'))	2025/04/30		jamaldi		15
1949-03-18	giampieroprati@gmail.com	Mondaini, Tuzzolino e Carullo e figli	Dott. Cecilia Boccherini	1044	GBRFRN39A42B512S	O+		11/25/2020, 00:00:00	Engineer, mining	valeriaiannuzzi		158
1950-06-13	ryosuke86@yahoo.com	合同会社田中情報	渡辺 裕樹	47	698-11-4636	A+	(Decimal('62.694946'), Decimal('-65.751091'))	2025-09-18		oito		658
1997-11-11	schusteranette@gmail.com	Köster Mende GmbH	Evelyne Pruschke	1369	272-02-5002	B-	(Decimal('-87.5398305'), Decimal('-144.338667'))	2021-07-10		guentherhoevel		462
1926-02-26	ktakahashi@gmail.com	鈴木水産合同会社	山本 裕美子	1899	561-45-0263	AB-	(Decimal('-28.606518'), Decimal('-59.990255'))	01/13/2025, 00:00:00		matsumotoyumiko		155
2001-10-28	rezendenatalia@hotmail.com	Alves Ltda.	Dr. Rhavi Albuquerque	1965	80371965420	A+	(Decimal('-29.604269'), Decimal('-41.366893'))	2024-02-23		alexia67		727
2019-06-15	steventhompson@yahoo.com	Carter, Livingston and Hernandez	Wendy Robinson	1839	010-21-4752	AB-	(Decimal('66.2022445'), Decimal('-107.354231'))	03/26/2022, 00:00:00		kayla60		391
	schulzisidor@yahoo.de	Reichmann KGaA	Ing. Barbara Junk B.Eng.	1473	141-34-2545	A-	(Decimal('-9.8332515'), Decimal('-133.831339'))	2024-09-29	Beamter	christinehoerle		411
1969-01-27	jacob49@gmail.com	Robinson PLC	Timothy Flores	835	200-79-2664	A-	(Decimal('58.244106'), Decimal('140.305337'))	03 Sep 2020		wmolina		617
	samirpohl@gmx.de	Henk Binner GmbH	Franka Klemm	1650	908-46-2110	A-	(Decimal('-35.864298'), Decimal('118.540934'))	31 Mar 2022		magretfritsch		357
1954-07-19	misicheralwin@hotmail.de	Fiebig	Prof. Harriet Killer	1493	389-82-8809	AB-	(Decimal('20.5844715'), Decimal('-1.074330'))	2025/04/26		ullmanngabi		75
1955-10-26	briannichols@yahoo.com	Davis Inc	Janet Ford	1055	174-48-3847	A-	(Decimal('-89.101153'), Decimal('66.792595'))	04 Nov 2024		christina77		411
1986-05-20	stephensonkimberly@hotmail.com	Williams, Benjamin and Branch	Walter Dixon	730	138-50-5598	AB+	(Decimal('51.6309495'), Decimal('-151.602557'))	16 Oct 2018		donnawalker		105
1982-04-21	gioachino77@poste.it	Morandi, Luciani e Scalfaro s.r.l.	Piersanti Novaro	547	TRNGNC27B67F767D	O-	(Decimal('24.464630'), Decimal('-172.492801'))	2022-01-21		fpagliaro		599
1924-07-27	leooliveira@gmail.com	Vargas	Arthur Castro	708	56719824058	O-	(Decimal('-14.8571045'), Decimal('-113.042151'))	2022/07/12	Grafologista	abreucecilia		198
	jun77@hotmail.com	伊藤印刷合同会社	山口 桃子	604	652-84-4624	A-	(Decimal('-89.534812'), Decimal('-86.013402'))	04 May 2022		hiroshi14		698
	teresa71@yahoo.com	Stokes, Alexander and Davis	Stephanie Pitts	71	440-90-1326	A-	(Decimal('58.372247'), Decimal('-7.435325'))	12 Sep 2020		denisecook		522
	taichi45@yahoo.com	渡辺鉱業合同会社	井上 健一	1158	748-50-9946	A-		2022-02-08		shoheikobayashi		57
2019-08-30	mondainirosalia@fastwebnet.it	Donati-Borroni e figli	Gioffre Tonisto	856	DTTMLS29S15H824V	A+	(Decimal('-39.021750'), Decimal('168.673107'))	25 Jun 2024		rtamburini		155
	allenleonard@hotmail.com	Watts and Sons	Mr. Chad Gonzalez DDS	931	019-74-4085	O-	(Decimal('-69.1508635'), Decimal('93.614402'))	2025/03/26		nspencer		494
1961-07-21	sebastian02@gmx.de	Ackermann GmbH	Paul-Heinz Jungfer	686	121-90-1023	A+	(Decimal('39.768183'), Decimal('-156.097790'))	2024/09/04		gesa81		376
	momokokimura@yahoo.com	鈴木保険合同会社	鈴木 直樹	1199	552-83-4848	AB-	(Decimal('-47.762843'), Decimal('6.943980'))	2020/07/15		takahashishota		642
	bertholdschaaf@hotmail.de	Textor Hecker GbR	Gottfried Wesack	90	207-70-8990	A-	(Decimal('80.5868975'), Decimal('-152.348570'))	11/22/2024, 00:00:00		kaesterrichard		347
	raquelmoraes@bol.com.br	Melo S.A.	Sr. Benicio Barros	2114	89156407211	B-	(Decimal('-28.6154655'), Decimal('90.251194'))	2024-11-25	Delegado	lcunha		413
	domcardoso@bol.com.br	Casa Grande Ltda.	Vitor Hugo Duarte	506	07395124804	A-	(Decimal('-22.715701'), Decimal('56.954085'))	2023-06-13		esther66		280
	theo41@hotmail.de	Kraus	Dipl.-Ing. Gregor Sontag	1997	456-06-7401	A-		2020-07-23		suessebiersandra		104
	marcusoneal@gmail.com	Poole, Turner and Wood	Andrew Patterson	351	345-03-9838	A-	(Decimal('-59.9564865'), Decimal('-97.217852'))	2020-11-27	Broadcast presenter	rachelross		373
1988-01-28	nfilangieri@tim.it	Canali, Malipiero e Brancaccio Group	Luigina Tosto	2062	LFRDLS26R31C070X	O+	(Decimal('-8.1695725'), Decimal('-45.302245'))	2024/08/27		leone58		447
1971-02-13	bwilson@yahoo.com	Faulkner, Allen and Lee	Denise Bowers	1966	031-49-3208	O+	(Decimal('24.3746555'), Decimal('40.786291'))	03 Jun 2022		james86		712
	okadaakira@yahoo.com	藤田ガス有限会社	渡辺 舞	322	811-79-0638	A-	(Decimal('2.2420095'), Decimal('-176.200526'))	02/08/2020, 00:00:00	大学教授	kobayashitaro		654
2006-01-26	andre36@gmx.de	Jacob AG & Co. OHG	Pius Krebs	153	292-18-4802	AB-	(Decimal('11.462062'), Decimal('-35.688391'))	11/18/2024, 00:00:00		dowerghilmar		332
	hansjoerg67@aol.de	Löchel GmbH	Evamaria Süßebier	194	405-33-9443	B+	(Decimal('89.430463'), Decimal('150.834334'))	08 Mar 2025		priska32		297
1932-07-30	graykaren@hotmail.com	Rowland LLC	Haley Scott	1026	303-58-8244	AB+	(Decimal('8.3444595'), Decimal('42.320764'))	2023/07/26		david00		270
1967-09-09	kenichi97@gmail.com	株式会社山本建設	高橋 さゆり	836	639-32-9590	A+	(Decimal('-10.091364'), Decimal('-101.747133'))	10/12/2022, 00:00:00		csakamoto		431
1936-02-04	reedchristopher@gmail.com	Rivera, Phillips and Villegas	Sean Baker	338	898-40-0100	B+	(Decimal('-42.1286235'), Decimal('-113.575336'))	14 Mar 2019		sean09		102
1937-01-23	claudiaborromini@virgilio.it	Tiepolo s.r.l.	Federica Morellato	334	TRVNNI30S10D690B	O+	(Decimal('-82.604438'), Decimal('-73.390657'))	03/29/2019, 00:00:00		santesokolov		43
2017-05-17	james57@gmail.com	Wallace-Daniels	Robert Patel	1519	723-49-8283	AB+	(Decimal('28.4783425'), Decimal('-117.279388'))	10/24/2022, 00:00:00	Surveyor, building control	danielle35		54
2018-10-27	soedinghans-albert@gmx.de	Ruppersberger	Dr. Josef Schmidtke	2063	594-55-9463	A-	(Decimal('-40.710133'), Decimal('-153.400845'))	2024-10-04		manszehra		493
1912-05-12	rboitani@outlook.com	Bernardini-Garrone e figli	Priscilla Leoncavallo-Boitani	1990	VGDRML54M60D871K	A-	(Decimal('-15.297425'), Decimal('-129.671692'))	12/18/2023, 00:00:00		ibernetti		370
1974-07-17	ronaldharris@gmail.com	Ray-Martinez	Doris Miller	547	606-13-9036	AB-	(Decimal('-60.8383825'), Decimal('97.250838'))	2023-10-15		jamesdavid		473
2017-09-19	andrewbohlander@aol.de	Hauffer Staude GmbH	Bekir Juncken	57	832-65-9023	A-	(Decimal('-46.4230665'), Decimal('150.731965'))	08/10/2020, 00:00:00		llangern		496
1949-07-26	imurakami@yahoo.com	松本電気有限会社	高橋 裕太	158	583-75-7475	A+	(Decimal('-50.724089'), Decimal('105.748130'))	2023-03-24		reisato		674
1960-05-05	blakejoshua@hotmail.com	Nelson Group	Cynthia Mendoza	1252	224-12-8610	AB-	(Decimal('-52.6587915'), Decimal('110.898703'))	04/20/2025, 00:00:00	Chartered accountant	andrewsjessica		573
1971-08-24	shannon22@hotmail.com	Lewis PLC	Kristine Mason	1413	676-32-8398	A-	(Decimal('79.0201745'), Decimal('97.217891'))	2023/12/30	Designer, ceramics/pottery	hsmith		668
1928-06-28	guaranalauretta@tele2.it	Luxardo, Guarana e Beffa Group	Ninetta Antonioni-Palombi	588	FNZMRN98P46H236H	A+	(Decimal('66.1649725'), Decimal('-3.326752'))	2021/06/06	Music therapist	vcomeriato		22
1984-10-16	macedofelipe@bol.com.br	Fogaça S/A	Dr. Murilo Lima	1074	54639271891	AB+	(Decimal('81.5482595'), Decimal('118.882240'))	18 Mar 2023		giovanna00		217
1966-12-15	lene37@aol.de	Sauer Herrmann GmbH	Friedlinde Kitzmann	1353	169-46-7603	A+	(Decimal('24.726801'), Decimal('-120.768201'))	2023/05/10		ernest48		281
	kazuya07@hotmail.com	合同会社渡辺銀行	井上 明美	2148	706-61-1762	O+	(Decimal('-22.508765'), Decimal('0.028969'))	2023-05-03	薬剤師	miki35		270
2018-04-11	martinchristin@hotmail.de	Jockel	Heinz-Werner Mohaupt B.Sc.	1076	444-50-1685	O-	(Decimal('-25.984802'), Decimal('-152.516042'))	2019/03/25		mansann-kathrin		252
2019-05-19	anna-lizcosta@uol.com.br	Abreu S.A.	Levi Monteiro	566	13487259664	A+	(Decimal('11.448724'), Decimal('-51.846720'))	2021-08-07		mda-paz		555
1918-10-25	caroline44@gmail.com	Pollard and Sons	Donald Montoya	2114	596-64-5306	O+	(Decimal('78.304226'), Decimal('40.795674'))	05 Apr 2020		dunnmartin		729
	helena18@yahoo.com.br	Ramos S.A.	Dr. Henrique Pastor	1058	02937461506	B+	(Decimal('-55.2988235'), Decimal('-172.053072'))	2025-07-05		hcunha		517
1966-11-22	wfernandes@bol.com.br	Barros	Manuella Moreira	134	49756301848	O-		2021/09/28	Maquinista	andreda-paz		497
1961-09-03	leaoesther@uol.com.br	Abreu	Sr. Ravi Cardoso	1740	63240987104	AB+	(Decimal('-86.5447855'), Decimal('136.444325'))	25 Sep 2019		valbuquerque		591
1991-11-30	pschmiedecke@googlemail.com	Kostolzin Stiftung & Co. KGaA	Erna Adler-Grein Groth	1794	294-95-0872	B-	(Decimal('-10.975574'), Decimal('-151.764126'))	2024-10-22	Friseur	heintzekonstantin		521
	nedda18@poste.it	Casagrande-Cannizzaro SPA	Sandra Anguillara	469	CRSNTL37A66C510V	O+	(Decimal('-87.660086'), Decimal('52.536939'))	26 Feb 2022		lodovicorosselli		372
1988-10-16	pedro-lucas95@ig.com.br	da Rocha da Rocha e Filhos	Letícia Pereira	536	06349857100	O-	(Decimal('-75.327389'), Decimal('-117.395556'))	07/08/2025, 00:00:00	Guincheiro	mateusfonseca		21
1931-09-16	jda-luz@uol.com.br	Montenegro	Danilo Lopes	355	53694702199	O+	(Decimal('16.7188395'), Decimal('-24.139513'))	2023-06-24		beatrizrodrigues		218
2011-04-23	jsontag@googlemail.com	Textor AG	Arnim Rust	1491	515-87-0418	B+	(Decimal('28.649453'), Decimal('-150.349121'))	2018/10/05		gerlachtomislav		143
1911-08-15	chasepaul@gmail.com	Hess-Duncan	Steven Rogers	191	026-58-5260	B-	(Decimal('-60.2336505'), Decimal('121.743917'))	2020/11/16		sferguson		46
1978-05-09	pmorales@yahoo.com	Robles-Hernandez	James Cox	2003	704-02-7443	AB+	(Decimal('-40.3790485'), Decimal('-145.750282'))	03/20/2019, 00:00:00		suttonjulian		221
1965-09-16	qatkins@yahoo.com	Jones Inc	Marcus Terry	1563	734-68-2316	B-	(Decimal('28.8780485'), Decimal('-3.459280'))	11/17/2021, 00:00:00		lemichael		50
2014-11-06	yumikoito@hotmail.com	有限会社橋本保険	小川 香織	1132	432-04-2383	B+	(Decimal('-58.260515'), Decimal('-83.446727'))	2022/09/10		yamamotonaoki		538
	alwineloewer@yahoo.de	Oestrovsky AG & Co. KGaA	Eugen Keudel	1434	127-47-3033	B+		2021/10/26	Winzer	jacekeigenwillig		532
1925-01-14	loefflerpeter@aol.de	Häring Tintzmann GmbH	Leokadia Schwital B.Sc.	875	354-47-5785	A+	(Decimal('62.4406225'), Decimal('-176.133329'))	2019-12-29		mladeck		405
1960-09-13	alexander10@gmail.com	Casey, Johnson and Anderson	Janice Martinez	792	554-11-3993	A+	(Decimal('55.183839'), Decimal('-61.865256'))	01/03/2024, 00:00:00		huntercrystal		518
	michaelyoung@gmail.com	Morgan LLC	Jeffrey Arias	883	661-80-2204	O+	(Decimal('64.8436865'), Decimal('-13.043461'))	2020-10-26		austinchristopher		683
1994-09-07	minna53@gmx.de	Lübs	Anita Rogge	289	101-05-3805	O-	(Decimal('37.214208'), Decimal('-18.775625'))	26 Jan 2020		wielochfriedhilde		421
	sayuri59@gmail.com	小林印刷有限会社	福田 太郎	1683	320-72-0927	AB+	(Decimal('82.138688'), Decimal('-80.816163'))	24 Aug 2023		tanakaakira		567
1960-09-30	teresacamiscione@tin.it	Puglisi, Trillini e Ariosto Group	Gianluca Botticelli	1020	CMSMLI11A47C955N	AB-	(Decimal('-15.787245'), Decimal('4.872477'))	2022-07-12		lucchesiemma		520
1983-04-05	linda73@googlemail.com	Wilms Baum AG & Co. KGaA	Donata Staude-Kambs	79	647-69-7562	O+	(Decimal('57.1601345'), Decimal('130.576398'))	2022/10/20		priska73		328
2002-08-31	nishimuranaoto@yahoo.com	株式会社木村鉱業	山本 明美	212	283-14-8978	AB-	(Decimal('-62.5409005'), Decimal('121.923934'))	24 Dec 2021	アートディレクター	nyamaguchi		617
2010-07-05	stumpfandre@web.de	Wulff	Prof. Zoran Noack MBA.	1159	697-89-2288	A+	(Decimal('-81.6410065'), Decimal('-112.167974'))	2022-10-31		harri78		82
	utakahashi@hotmail.com	合同会社山口運輸	林 陽子	753	304-98-7887	AB-		2021/03/06	公認会計士	fhashimoto		72
	kirstensorgatz@web.de	Hellwig	Dipl.-Ing. Hans Jürgen Holsten	700	469-12-9815	B+	(Decimal('-85.505909'), Decimal('118.508842'))	05/15/2022, 00:00:00		sontagingeborg		43
1960-01-02	bianca75@yahoo.com	Villadicani-Scalera Group	Liliana Littizzetto	1688	GDTGDU28R64D917N	AB-	(Decimal('41.974939'), Decimal('-41.506986'))	22 Apr 2023	Engineer, electronics	mondadoricamilla		43
	victoriaonio@hotmail.it	Bertolucci, Schiavone e Errani e figli	Elisa Broggini	394	BRGSMT07S10G086J	B-	(Decimal('42.952592'), Decimal('-0.767205'))	2024-07-17		xtosi		252
	ucortese@gmail.com	Gaito-Satta Group	Gioachino Bombieri	1059	CRETNF00M65B417L	O+	(Decimal('-63.3759075'), Decimal('33.465574'))	2022/09/02		foscariclelia		75
1975-10-12	hramos@yahoo.com.br	Aparecida S/A	Sr. Murilo Carvalho	1537	08473596110	B-		2020-09-26		xbrito		14
1993-10-06	pward@yahoo.com	Barajas-Krause	Christine Terrell	1815	393-06-1533	O+	(Decimal('86.0603985'), Decimal('104.820466'))	30 Sep 2018		stephanie40		575
1989-07-30	fabio48@outlook.com	Condoleo s.r.l.	Lamberto Casellati	1650	GNVGNT98C67G006G	B-	(Decimal('68.829840'), Decimal('-77.316556'))	2020-10-22		dossettinino		327
	dmonteiro@uol.com.br	Cunha	Maria Vitória Jesus	1440	73458206965	O-	(Decimal('-70.972205'), Decimal('45.993310'))	2020/04/02		helenasiqueira		521
	silveiramarcela@uol.com.br	Vargas	Sr. Gael Henrique Sá	981	89402756329	A-	(Decimal('12.090602'), Decimal('149.741047'))	2024-08-04		jade79		26
	yoshidasayuri@hotmail.com	有限会社井上通信	林 春香	1836	199-99-8044	A+	(Decimal('-82.818802'), Decimal('-148.606666'))	10/21/2020, 00:00:00		yoichi80		555
2013-09-09	jinoue@hotmail.com	村上印刷有限会社	鈴木 結衣	1009	772-84-1307	O+	(Decimal('-66.125619'), Decimal('-16.539469'))	02 Apr 2022		naoki78		217
	david91@hotmail.com	Johnson Ltd	Amy Arellano	1095	597-67-0348	A-	(Decimal('67.848027'), Decimal('34.083784'))	09 Sep 2022		john87		549
1917-04-16	ciampiluigi@outlook.com	Bajamonti Group	Alberto Florio	718	DNZDNI27S06A324B	A-	(Decimal('82.027496'), Decimal('-49.667441'))	2023/08/30		zamengoluca		31
1958-02-01	william05@gmail.com	Neal, Leach and Rich	James Hall	1709	476-98-6594	B-	(Decimal('-65.6544575'), Decimal('129.151992'))	2021-02-19	Health and safety adviser	wthompson		695
	williamslinda@yahoo.com	Brown-Aguirre	Alexander Ward	1391	271-39-0907	A+	(Decimal('4.5666575'), Decimal('53.062408'))	2019-05-18		briantorres		556
1949-12-06	tabea72@googlemail.com	Textor Jacob AG	Liane Biggen	1239	300-89-3156	A-	(Decimal('5.5687345'), Decimal('174.278018'))	14 Oct 2023		rwaehner		550
2019-02-20	luiz-felipe77@gmail.com	Fonseca Ltda.	Sr. Samuel Sousa	216	25613790868	B+	(Decimal('-76.108991'), Decimal('-23.038380'))	25 Oct 2021	Lamboteiro	daniela77		320
	pieperenno@googlemail.com	Gute Hornig GmbH & Co. KG	Walli Jockel MBA.	1716	771-91-0498	B+	(Decimal('-4.3206385'), Decimal('-128.589730'))	2023/03/11		mitschkegisbert		364
1920-07-17	annunziata20@gmail.com	Tasso, Micheletti e Trezzini s.r.l.	Paloma Franceschi	1377	MNDLSI16P19D734C	B+	(Decimal('-83.0093695'), Decimal('-153.073978'))	04 Dec 2019	Further education lecturer	gabrielenavone		115
2011-05-23	hannelinke@yahoo.de	Birnbaum GmbH	Donata Girschner	651	114-78-1607	A-	(Decimal('-73.0275305'), Decimal('160.328992'))	2020/11/11	Informatiker	fhande		210
	florapugliese@live.com	Comisso, Brunello e Brunelleschi e figli	Morena Basadonna	1472	BRNLRA76P02A106Y	A+	(Decimal('66.112599'), Decimal('63.490375'))	31 Aug 2022	Toxicologist	rolando31		40
	bheuser@hotmail.de	Holsten Harloff AG	Nikola Hauffer	1874	048-22-5481	O+	(Decimal('-68.155414'), Decimal('-130.999328'))	01 Jan 2019		romyholzapfel		630
1918-11-10	richardhernandez@gmail.com	Lane-Turner	Joseph Edwards	1352	289-13-6709	A+		2022-10-21		ruthjohnson		328
	amanda09@bol.com.br	Vasconcelos Rios S.A.	Vicente Nogueira	1604	93405687292	B-	(Decimal('-37.7211885'), Decimal('17.687659'))	2019/10/08		sapedro-lucas		90
	robin27@yahoo.com	Beck, Vazquez and Schmidt	Aaron Macias	324	381-58-0743	O-	(Decimal('-44.257250'), Decimal('172.677883'))	2024-01-04	Naval architect	whitakerrobert		663
	cindy06@gmail.com	Osborn Inc	Kyle Barnes	1386	568-04-5723	AB-	(Decimal('69.390618'), Decimal('125.440039'))	25 Feb 2020		amanda04		656
1980-11-09	adelmo06@tele2.it	Alboni, Golgi e Monteverdi e figli	Biagio Rizzoli	980	NTNGNG12L57I173L	B+	(Decimal('-32.716980'), Decimal('-128.299947'))	2024/07/02	Runner, broadcasting/film/video	opetrucci		390
1924-01-04	kenichinakamura@yahoo.com	岡田保険合同会社	小川 千代	678	694-74-2218	B-	(Decimal('-6.2678195'), Decimal('-125.162757'))	09 May 2025		hidekisato		576
	erica42@gmail.com	Lee, Stevens and Moore	April Butler	300	430-93-7536	O+	(Decimal('62.178542'), Decimal('101.453574'))	04/12/2020, 00:00:00		karen10		610
1951-08-26	fwright@gmail.com	Owens, Keller and Weaver	Katie Green	1890	621-82-9663	B-	(Decimal('-34.1501275'), Decimal('8.417024'))	06/09/2021, 00:00:00		grayamy		307
1958-11-12	takahashiosamu@hotmail.com	鈴木銀行株式会社	清水 千代	852	101-56-9371	B+	(Decimal('17.931938'), Decimal('107.539426'))	2024/12/04		nanami62		97
	dcammarata@hotmail.it	Papetti-Pisacane s.r.l.	Luigi Lombardi-Soffici	2090	VLLRGR70S43A600A	A-	(Decimal('35.4783485'), Decimal('-170.270381'))	27 Feb 2023		casaleelladio		29
	nicolasguerra@ig.com.br	Marques Vieira - ME	Sofia Sá	14	43890721613	AB-	(Decimal('-39.538541'), Decimal('18.065198'))	01/20/2023, 00:00:00		larissadias		487
	adolphyilmaz@web.de	Dowerg AG & Co. KG	Alma Hamann B.A.	853	448-52-3314	B+	(Decimal('65.286510'), Decimal('160.588367'))	2018/10/05		sbauer		147
1921-08-29	lodovico30@alice.it	Moneta s.r.l.	Jolanda Maspero	152	BRGNNN51P59D600K	O-	(Decimal('34.8281905'), Decimal('106.670121'))	27 Apr 2020		npistoletto		53
2016-09-26	miturukobayashi@yahoo.com	合同会社坂本情報	井上 美加子	126	748-85-8394	AB+		2019-11-28		kenichiikeda		178
	awilms@gmx.de	Paffrath	Kata Klemm	53	250-02-3789	AB-	(Decimal('4.9094135'), Decimal('138.439972'))	2024-01-30	Koreanistiker	kmude		439
	katoakemi@gmail.com	合同会社加藤水産	藤田 さゆり	1913	349-41-9468	O+	(Decimal('15.304394'), Decimal('179.574421'))	04/17/2020, 00:00:00		shota21		530
1960-08-30	heinz-wilhelmklemt@web.de	Löffler Kambs AG	Dr. Vladimir Flantz	262	262-71-5044	AB-		02/07/2020, 00:00:00		ekkehard95		544
	tanakachiyo@yahoo.com	高橋食品有限会社	中村 直子	1532	770-84-0344	O-	(Decimal('-29.5613785'), Decimal('-151.322065'))	2023/05/29		hayashiosamu		365
	reihayashi@yahoo.com	有限会社中川水産	加藤 涼平	1741	027-74-3387	A+	(Decimal('-84.894539'), Decimal('130.227843'))	11/27/2018, 00:00:00	アートディレクター	wmatsumoto		668
	nakagawaatsushi@gmail.com	合同会社阿部農林	前田 晃	1875	611-59-2711	B+	(Decimal('-29.2885405'), Decimal('165.440734'))	21 Jan 2019	バスガイド	rikasasaki		396
1933-08-10	landobixio@tim.it	Tamborini e figli	Corrado Stein	906	MNLGTN18P65A521J	AB-	(Decimal('-7.385662'), Decimal('115.435733'))	2022/06/21		paride73		466
	barrosliam@ig.com.br	Carvalho S/A	Francisco Teixeira	1810	95763041216	A-	(Decimal('-65.6976505'), Decimal('59.469932'))	12 Sep 2020		joao-lucas04		654
	nino15@gmail.com	Miniati, Borsellino e Migliaccio Group	Osvaldo Mercadante	440	JVRLCZ95R16I954C	AB-	(Decimal('-78.547794'), Decimal('-178.603532'))	2023/10/15	Barrister's clerk	dianascarlatti		64
1982-05-19	schweitzerirma@aol.de	Weller Finke AG	Abdul Röhrdanz-Seidel	918	178-05-9025	AB-	(Decimal('10.304621'), Decimal('-132.213084'))	29 Apr 2021		carlokuhl		577
	mourasara@ig.com.br	Câmara	Augusto Peixoto	833	28659341015	A-		17 Oct 2024		viniciuscamargo		9
1936-12-31	ramosthiago@bol.com.br	Martins	Dr. Anthony Gabriel Abreu	212	86374952146	A+		2024-12-05		ravi-lucca49		227
1937-01-05	onealjennifer@gmail.com	Bean, Fleming and Kim	Debra Matthews	1571	106-25-5293	A-	(Decimal('51.389333'), Decimal('76.652852'))	02 Jun 2025		garciajeffrey		70
1925-11-05	giovanna74@hotmail.it	Tamburello Group	Filippo Ioppi	360	RSLPTZ24E68G957U	O-	(Decimal('-52.1604155'), Decimal('58.005482'))	25 Jan 2020		melissatencalla		75
	luciefechner@hotmail.de	Rogge	Dr. Christiane Werner B.Eng.	2034	093-35-4905	A-	(Decimal('-86.532624'), Decimal('85.150817'))	03/24/2019, 00:00:00	Artist	fpohl		308
1922-04-15	ferenclachmann@gmail.com	Kohl GmbH	Kreszentia Lange	1582	578-28-3929	B+	(Decimal('52.3730155'), Decimal('-79.674887'))	25 Sep 2021		georginedrewes		711
2015-08-09	deanna21@yahoo.com	Miller Inc	David Pearson	507	545-33-4191	AB+	(Decimal('77.772638'), Decimal('51.807454'))	19 Oct 2018		wmorales		221
	teixeiracaroline@ig.com.br	Sá S.A.	Maria Fernanda Santos	562	05387629186	O+	(Decimal('-62.2427495'), Decimal('64.961457'))	2021/05/25		arthur-miguelcorreia		147
	ysasaki@gmail.com	伊藤保険株式会社	西村 七夏	1440	029-66-9400	B-	(Decimal('86.9894875'), Decimal('70.495821'))	2024/04/23		okamotoryohei		555
	takumakobayashi@hotmail.com	有限会社渡辺農林	吉田 翼	595	615-64-7116	B+	(Decimal('68.1269435'), Decimal('-27.578155'))	2024-02-01	公認会計士	naotoaoki		528
	pjunk@hotmail.de	van der Dussen	Caterina Zirme	1561	568-09-2754	O+	(Decimal('-82.953630'), Decimal('-165.291295'))	2020-01-09		gerwin20		668
1940-04-21	arnulfopavone@fastwebnet.it	Lucciano SPA	Orazio Traetta	2144	RGGBTC81H25F717I	A-	(Decimal('-54.8514225'), Decimal('-85.171494'))	04/08/2025, 00:00:00		lucianogaggini		443
	pierpaolo56@libero.it	Abatantuono-Fuseli e figli	Dott. Dolores Monicelli	140	NNTLLN71S03E409Q	A+	(Decimal('-7.388851'), Decimal('-108.830637'))	2018-12-14		coccivanessa		661
	oandrade@yahoo.com.br	Araújo	Dom Fernandes	1743	14072865958	B-	(Decimal('-82.908670'), Decimal('65.774833'))	2023-05-06		nicole29		582
1950-06-11	kross@yahoo.com	Burns, Case and Foster	Bobby Williams	454	168-72-0813	AB+	(Decimal('-45.7405945'), Decimal('-47.247296'))	11 Nov 2020	Engineer, civil (contracting)	gina09		671
	jacquelinesmith@hotmail.com	Proctor and Sons	Katrina Massey	259	712-26-8671	B+	(Decimal('-64.812091'), Decimal('-6.577920'))	2019-01-01	Engineer, biomedical	mchavez		20
1946-06-19	akiratakahashi@gmail.com	合同会社中村水産	小林 陽子	674	708-55-0776	A-	(Decimal('-11.0375405'), Decimal('100.277475'))	31 Mar 2019		kaori58		414
1990-05-12	mitchelljohn@gmail.com	Montgomery, Burns and Collins	Trevor Pugh	1421	753-62-4687	AB+	(Decimal('58.1027955'), Decimal('173.284312'))	12 Feb 2025		ronaldthomas		648
	otavio28@uol.com.br	da Mota S/A	Ana Luiza Nunes	1081	08961245767	AB-	(Decimal('-32.363461'), Decimal('129.431512'))	2022/08/29		da-matabenjamin		330
1926-03-04	cassianodaniel@bol.com.br	Rodrigues	José Pedro Aparecida	1440	27968453119	B+	(Decimal('-60.846588'), Decimal('-87.264701'))	2019-10-23		calebeda-conceicao		599
2024-05-20	elmogiannelli@gmail.com	Bajardi e figli	Pierina Bettoni	2103	BGNLNA95R12L382Y	A-	(Decimal('75.4575035'), Decimal('-94.015304'))	02/20/2019, 00:00:00	Sales executive	morandiniantonina		365
	beckmannheide-marie@googlemail.com	Vogt AG	Ronald Schweitzer	657	983-99-9438	AB-	(Decimal('-66.8394375'), Decimal('63.738071'))	2021-02-22	Schornsteinfeger	bweitzel		299
2016-11-12	rvargas@hotmail.com	Cross LLC	Thomas Harris	1815	667-45-3573	B-	(Decimal('-89.146117'), Decimal('78.764990'))	2025-03-24		victor80		97
1970-04-24	amandaramirez@hotmail.com	Massey-Garcia	Ryan Preston	822	874-71-7794	AB-	(Decimal('66.4191055'), Decimal('158.871729'))	15 Sep 2021	Development worker, community	nancymcneil		387
	roemergunnar@googlemail.com	Hoffmann	Martina Drubin	1291	785-87-6654	AB-	(Decimal('-83.725270'), Decimal('-104.672219'))	23 Feb 2022		hans-gerd96		620
	sfracci@libero.it	Dovara e figli	Chiara Boccaccio	346	NCCMRA27R08B784R	O-		2025-01-09		adelasiavismara		493
	xcaspar@hotmail.de	Schottin Neureuther GmbH & Co. KGaA	Gottlieb Jähn	1467	934-04-1644	B-	(Decimal('84.5833145'), Decimal('-138.638865'))	03 Feb 2023	Arzt	gnatztatiana		268
	ogabrieli@live.com	Moschino-Carullo s.r.l.	Lidia Brugnaro	19	BJRDNL25L41A025H	AB+	(Decimal('-75.9503155'), Decimal('64.722958'))	2021-05-05		domenicobassi		193
1917-10-16	heimoweiss@web.de	Segebahn Steinberg GmbH & Co. KGaA	Karl-Dieter Schinke	2128	548-58-5322	B+	(Decimal('67.4642265'), Decimal('-50.862450'))	2019-12-03		dweller		566
1966-05-21	antonymartins@uol.com.br	Macedo - EI	Srta. Ana Laura Vieira	2126	09872543160	A+	(Decimal('54.1777695'), Decimal('-2.744947'))	2023-06-28	Piloto automobilístico	rnascimento		257
2018-05-30	stjepan99@web.de	Trommler	Lisbeth Schaaf	349	682-92-4540	A+	(Decimal('-79.065258'), Decimal('-26.174545'))	05/29/2025, 00:00:00		hornigdamian		152
1969-09-22	tanakakazuya@hotmail.com	合同会社吉田銀行	池田 舞	1590	623-57-3634	A+	(Decimal('-79.5245975'), Decimal('-14.447117'))	2020/05/09	農家	takuma02		184
	pfujii@gmail.com	山本情報有限会社	佐藤 裕太	834	626-54-4351	AB-	(Decimal('46.5585745'), Decimal('-133.761311'))	20 Mar 2024	司法書士	atsushi67		235
	gswanson@gmail.com	Baker-Huff	Jennifer Taylor	1686	710-72-5580	AB+	(Decimal('39.099994'), Decimal('-15.855933'))	2021-09-20	Ranger/warden	kristinabeltran		615
1913-05-21	pskinner@hotmail.com	King and Sons	Jennifer Lewis	1594	077-52-7844	A+	(Decimal('79.3803475'), Decimal('-84.668019'))	2023/06/17	Passenger transport manager	yjohnson		8
2007-07-30	pribeiro@yahoo.com.br	Machado	Luiz Gustavo Campos	1895	37804129505	O+	(Decimal('32.117323'), Decimal('73.498630'))	04/06/2019, 00:00:00		joaquim57		5
1936-02-17	williamscarrie@gmail.com	Rogers Group	Monica Anderson	2066	687-42-8028	A-	(Decimal('72.854010'), Decimal('41.578056'))	11/10/2019, 00:00:00	Translator	deaton		225
	da-luzaylla@gmail.com	Cirino	Maria Eduarda Sales	1042	29754608130	AB-	(Decimal('-30.225610'), Decimal('-27.260611'))	2021/10/26	Camelô	juanpereira		711
2017-02-12	handecarolin@googlemail.com	Langern Hermann AG & Co. KG	Ing. Jaroslaw Meyer B.A.	283	835-24-0231	B+	(Decimal('-60.7093975'), Decimal('-15.234036'))	02 Jan 2024	Techniker	jaentschjeannine		495
	erikenglish@gmail.com	Burke Ltd	Christine Harris	868	742-29-7285	AB+	(Decimal('81.7586025'), Decimal('16.970888'))	10/19/2018, 00:00:00		megan74		257
1923-03-13	metzdesiree@aol.de	Atzler	Arnulf Barth	1291	091-20-9113	O+	(Decimal('-49.9356645'), Decimal('13.086716'))	07 Jan 2022		eleonora87		675
2016-03-12	yamamotomomoko@gmail.com	斉藤水産有限会社	松本 亮介	770	031-73-9070	AB+	(Decimal('-80.9068225'), Decimal('-41.861676'))	2023/03/06		katoyui		417
1921-02-06	fbohnbach@yahoo.de	Ruppert Thies KG	Dipl.-Ing. Heinz-Georg Ackermann	1641	995-69-0199	A+	(Decimal('25.1363545'), Decimal('-100.796989'))	2019-03-15		dpreiss		349
1939-01-04	uweernst@yahoo.de	Wähner	Henni Döring	1842	681-51-6099	B-	(Decimal('-62.684394'), Decimal('-108.914652'))	2021/10/31		benbien		713
	casalodisalvi@gmail.com	Chechi, Scalfaro e Sgalambro Group	Loretta Tolentino-Cammarata	1836	MRCRGR07A68C240F	AB-	(Decimal('-79.557303'), Decimal('38.348970'))	2025-05-03		benitopepe		480
1964-03-23	laura52@ig.com.br	Novais	Gustavo Lima	476	59274360134	AB+	(Decimal('88.633882'), Decimal('86.570176'))	2025-08-22	Aeromoça	rezendejoao-lucas		215
2006-06-28	bodo26@gmail.com	Siering GmbH & Co. OHG	Univ.Prof. Beatrice Schenk B.Eng.	653	215-89-2761	B-		04/05/2024, 00:00:00	Programmierer	ispeer		184
	wdossetti@libero.it	Respighi-Gremese s.r.l.	Amalia Gargallo	236	FBBTNO22L70G402C	B+	(Decimal('52.1268165'), Decimal('-121.726435'))	09/18/2023, 00:00:00	Best boy	oreste75		425
1928-10-29	kkato@gmail.com	株式会社斎藤電気	鈴木 結衣	681	562-10-1798	A-	(Decimal('37.352849'), Decimal('90.736428'))	12/01/2020, 00:00:00	エンジニア演奏家	iito		708
2007-01-19	cgomes@yahoo.com.br	Ferreira S.A.	Emanuel Moreira	464	79024815649	AB+	(Decimal('17.9381325'), Decimal('-131.976463'))	2021-08-22		pintodante		134
1971-04-06	wohlgemutnevenka@googlemail.com	Steinberg AG & Co. OHG	Ingmar Ladeck	1877	676-17-4493	O+	(Decimal('72.623014'), Decimal('140.616392'))	10/29/2023, 00:00:00	Techniker	binnernicolai		162
1945-03-15	dmendez@hotmail.com	Mcdonald, King and Garrett	Jessica Mason	1912	402-24-1055	A+	(Decimal('-19.613875'), Decimal('-52.672092'))	31 Jul 2023		charles15		333
	foxmaria@hotmail.com	Wright Group	Amanda Cruz	552	721-41-1748	B+	(Decimal('39.300081'), Decimal('-8.250345'))	2021-04-06		umorton		663
	ryosuke15@gmail.com	株式会社吉田運輸	井上 翔太	1840	243-72-4417	O+	(Decimal('-0.970889'), Decimal('129.397877'))	10/11/2018, 00:00:00	裁判官	endotaichi		265
	phamdwayne@hotmail.com	Suarez-Jenkins	Jeff Hendrix	1154	257-94-5443	AB-	(Decimal('-27.014861'), Decimal('-103.006943'))	2023-12-06	Engineer, civil (consulting)	robert31		230
1909-12-17	looshinrich@yahoo.de	Wende Johann GmbH	Ing. Siegrid Hesse	531	616-10-0354	B-	(Decimal('-3.780204'), Decimal('-85.317968'))	2018-10-11	Arzt	darkohofmann		225
	qsato@hotmail.com	井上ガス合同会社	山本 晃	338	148-01-9632	O+	(Decimal('72.973624'), Decimal('-140.432620'))	08/13/2022, 00:00:00		mtakahashi		466
	costanzotaliani@hotmail.it	Michelangeli-Battisti e figli	Fiorenzo Jovinelli	1215	SRRFDC72E59A895Q	AB+	(Decimal('15.066245'), Decimal('-107.551804'))	02 Jul 2023	Magazine journalist	palomamarazzi		364
	barbara37@uol.com.br	Guerra	Joaquim Moura	496	17263804590	B+	(Decimal('-25.9792135'), Decimal('-18.928498'))	2023-01-04	Radialista programador	evelynfarias		350
1965-08-14	hiroshisato@hotmail.com	山本ガス株式会社	池田 和也	1172	265-97-6225	AB+	(Decimal('68.111645'), Decimal('-14.026886'))	2019-12-12	音響技術者	rika53		6
	cudaronaldo@libero.it	Satriani, Giacometti e Pirelli e figli	Lidia Maderno	176	FRRNTN81A07C449W	B-	(Decimal('-52.1903755'), Decimal('161.763483'))	2024/08/11	Environmental consultant	rmarcacci		36
	momokokato@yahoo.com	田中銀行株式会社	山口 千代	807	211-33-8150	A-	(Decimal('-51.7536455'), Decimal('-124.731328'))	28 Jan 2022		yuikondo		437
1976-11-05	janna49@gmail.com	Mangold	Bela Johann	202	641-37-5711	AB+	(Decimal('-75.5091005'), Decimal('85.541465'))	2020/01/05	Chirurgiemechaniker	janette49		339
1931-02-28	olivercarvalho@ig.com.br	Porto	Hadassa Cirino	1610	02637819413	AB-	(Decimal('18.958230'), Decimal('32.450396'))	04 Apr 2019	Flautista	toliveira		391
1979-12-15	taylor83@gmail.com	Gallagher-Owens	John Hunt	106	286-89-3868	O+	(Decimal('72.724462'), Decimal('-13.469667'))	2023-12-02	Advertising art director	chart		77
	kingarthur@hotmail.com	Washington-Wolfe	Jason Wilson	1004	591-12-6087	B+	(Decimal('88.418529'), Decimal('-148.022996'))	04 Dec 2022	Bookseller	justinwilliams		561
	casalodisalvi@poste.it	Marini, Tebaldi e Prati SPA	Paloma Sinisi	70	FGNPCC36H51D151A	AB-	(Decimal('33.587719'), Decimal('34.639146'))	2023-01-12		xnosiglia		482
	gmaderna@gmail.com	Mondadori-Casaleggio SPA	Giuseppe Filippini	1463	MDCRMN87P17M345B	AB-	(Decimal('64.8563955'), Decimal('-66.541916'))	17 Sep 2021		kfantoni		140
	napoleonequerini@vodafone.it	Vismara s.r.l.	Lucrezia Badoer	1492	NGLFMM66D08A243Y	AB+	(Decimal('52.1358095'), Decimal('8.010038'))	2021-04-04	Scientist, research (medical)	gmontalti		629
	steven36@gmail.com	Williams Group	Daniel Sanchez	1919	082-69-4741	O-	(Decimal('3.244355'), Decimal('25.082948'))	2025-07-03		dunnjames		471
1955-05-18	virginia12@yahoo.com	Evans-Flynn	Heather Aguilar	1414	395-03-2882	B+	(Decimal('-44.2777665'), Decimal('104.333230'))	2022-07-17		ljohns		471
2013-12-27	zaira32@gmail.com	Tuzzolino, Varano e Iannuzzi e figli	Sig.ra Susanna Caruso	1871	GRSSPH58B28D010Q	A-	(Decimal('59.4777495'), Decimal('110.375556'))	14 Dec 2023	Water quality scientist	arnulfobellucci		461
	graziellacignaroli@libero.it	Gentileschi-Caironi e figli	Sig.ra Paloma Ossani	1452	LPPPLT89C19A004V	A-	(Decimal('-58.576117'), Decimal('-49.174952'))	10 Jul 2021		wboezio		58
1926-12-18	tford@yahoo.com	Stephens and Sons	Bryan Allison DDS	1435	805-28-8800	A+	(Decimal('84.9802895'), Decimal('29.894546'))	12/22/2024, 00:00:00		cgonzales		254
1926-04-20	pincherlepatrizia@live.com	Raimondi, Scarfoglio e Catalano SPA	Giampiero Naccari	197	TRNMRN52C55H674E	B+	(Decimal('84.5089795'), Decimal('-128.623988'))	2023-11-22	Engineer, production	tbertoli		647
	usa@gmail.com	Ribeiro	Thomas Barbosa	2132	37049182613	A-	(Decimal('-59.100514'), Decimal('-11.763377'))	2023-09-27	Cenógrafo	gmartins		233
	theresia63@gmx.de	Stumpf GbR	Hans-Rudolf Bolander	505	343-24-7475	AB-	(Decimal('55.1777795'), Decimal('-120.290931'))	2023-04-01		qvollbrecht		301
2015-05-30	maedayuki@yahoo.com	佐藤農林有限会社	鈴木 裕美子	1401	893-57-9555	A-	(Decimal('-29.0322305'), Decimal('76.574915'))	2023-05-16		sotaro02		526
1937-12-23	stewartjeffrey@yahoo.com	Cole, Gilmore and Sanders	Michael Burton	624	503-46-5048	O-	(Decimal('-63.587291'), Decimal('-13.535462'))	30 May 2022		hunter87		627
2017-06-22	tsubasa90@yahoo.com	株式会社小林鉱業	小川 浩	367	890-13-9687	B-	(Decimal('38.4841625'), Decimal('131.728184'))	2023/09/23	グラフィックデザイナー	nakamurayoichi		557
1930-11-07	gabrielly00@yahoo.com.br	Araújo Abreu - EI	João Vitor Nunes	202	67209834150	AB-	(Decimal('63.4635865'), Decimal('103.300082'))	05/14/2021, 00:00:00	Fresador	maria-alicesilva		534
2017-05-15	binaghibenvenuto@gmail.com	Barberini-Borroni SPA	Gabriele Beccaria	1252	TRNLSN88P08I430B	B+	(Decimal('51.3534555'), Decimal('62.731787'))	23 Sep 2022		morlacchiennio		163
	greenlaura@hotmail.com	Stein, Salazar and Wallace	Jennifer King	1970	845-97-2164	O+	(Decimal('8.553712'), Decimal('-179.135045'))	2020/01/29		crystal68		13
1999-07-11	leslie47@gmail.com	Harper, Stein and Jacobson	Jocelyn Le	1727	182-94-1265	O+	(Decimal('-57.511577'), Decimal('121.046042'))	2025-06-03		williamsgary		209
2005-01-05	yuitanaka@yahoo.com	清水運輸合同会社	山口 美加子	1474	712-84-3469	B-	(Decimal('34.0138545'), Decimal('-92.220567'))	2023-05-22		osamu23		324
	charlessmith@gmail.com	Page Inc	Rebecca Massey	421	783-46-8490	A+	(Decimal('-89.1010505'), Decimal('130.909778'))	10 Jul 2021		bobbymitchell		239
	jporto@hotmail.com	Albuquerque	Benjamin Lima	1832	82430519704	O-	(Decimal('57.703454'), Decimal('89.819722'))	2020/05/08		isabel06		727
	yui63@hotmail.com	株式会社中島鉱業	加藤 里佳	808	501-84-0641	B+		13 Apr 2025		kyosukeogawa		182
	umaeda@gmail.com	合同会社小林運輸	中島 千代	722	017-88-7298	AB-	(Decimal('66.3435705'), Decimal('-127.027235'))	2023-07-13		lokada		58
1950-08-22	bushtroy@gmail.com	Jones, Kirk and Woods	Amy Smith	1882	851-54-5292	O-	(Decimal('76.1298655'), Decimal('-31.144564'))	12 Mar 2024		whitejo		639
1982-01-12	hannes92@gmail.com	Schäfer AG	Frau Mia Gertz B.Sc.	1838	461-30-5091	O-	(Decimal('75.6791095'), Decimal('61.572780'))	13 May 2025	Koreanistiker	heinz-guenterrosemann		71
1913-01-18	lewisrebecca@gmail.com	Martinez-Aguilar	Tonya Lester	1310	806-36-9124	B-	(Decimal('-58.569606'), Decimal('-73.449161'))	19 Jul 2023	Barrister	kimberlysantos		457
	saffilaureano@virgilio.it	Gabbana-Carocci e figli	Luigi Bevilacqua	1515	BMBNTN61E56I902B	O+	(Decimal('-70.1626525'), Decimal('74.379932'))	12 Apr 2025		aabbagnale		306
	davi-miguelcampos@uol.com.br	Guerra	Rhavi Rocha	752	07928143550	AB-	(Decimal('-69.2010165'), Decimal('-79.239818'))	06/01/2023, 00:00:00	Pára-quedista	da-costalorenzo		594
	alicia88@hotmail.com	Rodgers, Padilla and Vasquez	Kent Newman	670	593-58-5647	A-	(Decimal('71.114717'), Decimal('-160.561633'))	05 Dec 2022		jeremyoneal		560
1982-02-19	vincent23@yahoo.com	Martinez-Duran	Summer Anderson	1509	009-17-2375	A+	(Decimal('81.299753'), Decimal('154.053400'))	16 Nov 2018	Ceramics designer	simonsteven		460
	tamburimichela@virgilio.it	Niggli SPA	Gilberto Pace	901	BNMCLC73E69A319U	A-	(Decimal('-17.2955085'), Decimal('26.624395'))	16 Sep 2025		qveltroni		39
	licia11@libero.it	Beffa, Comeriato e Trezzini e figli	Danilo Naccari	1061	DNDSLV73A16I635Q	A+	(Decimal('19.9413485'), Decimal('19.733180'))	04 Jan 2019	Health and safety inspector	pgucci		665
1935-12-13	rgradenigo@outlook.com	Oscuro, Galilei e Sismondi s.r.l.	Sandro Caffarelli	1909	NTRCPN30T51B281B	A+	(Decimal('-53.0244905'), Decimal('-56.574182'))	2020/01/10	Occupational hygienist	qtrapani		712
	tcirino@ig.com.br	Santos Costela Ltda.	Elisa Gonçalves	1498	42617958094	O-	(Decimal('-80.503587'), Decimal('-35.112593'))	06 Apr 2021		bianca54		457
2002-02-21	shimizutomoya@yahoo.com	有限会社中村印刷	鈴木 陽一	1130	215-37-8757	O-	(Decimal('87.007719'), Decimal('-52.999059'))	03 Dec 2021		fhayashi		299
2009-10-07	timothy85@hotmail.com	Wright-Knight	Heather Rivera	519	018-40-7536	AB+	(Decimal('54.441598'), Decimal('0.719951'))	03/19/2022, 00:00:00		hooverbruce		398
	asuka63@hotmail.com	合同会社長谷川運輸	前田 明美	2043	677-05-4848	O+	(Decimal('87.8200485'), Decimal('-28.088055'))	2023-09-29		hinoue		460
2010-01-03	mirandakimberly@hotmail.com	Stuart and Sons	Elizabeth Phillips	1214	277-31-1933	AB+	(Decimal('-75.7866265'), Decimal('2.680725'))	2022/03/29	Teacher, secondary school	josegraham		297
	graurica@outlook.com	Trezzini, Dovara e Bragadin s.r.l.	Marina Palladio-Tomaselli	345	JVNSTN64E16C463T	AB+	(Decimal('-51.831620'), Decimal('-85.212385'))	2023/02/13	Soil scientist	rosario11		8
2005-01-18	iwona01@aol.de	Schleich Gorlitz Stiftung & Co. KG	Rudi Scheel	1536	163-66-0945	O+	(Decimal('-31.8583845'), Decimal('35.564559'))	11/24/2023, 00:00:00		bekirzaenker		354
	uroemer@web.de	Börner	Jane Stadelmann-Müller	1192	012-88-0002	O+	(Decimal('-18.631775'), Decimal('-0.568585'))	04/24/2021, 00:00:00		giorgio59		236
1972-07-10	hagen34@yahoo.de	Benthin Albers AG & Co. OHG	Sergei Hövel	866	915-07-1523	B+	(Decimal('0.391831'), Decimal('29.557849'))	09 Dec 2024		karola88		324
1978-07-23	tsouza@hotmail.com	Pires Monteiro - EI	Isaac Fernandes	281	03419572832	O-	(Decimal('-76.3864175'), Decimal('156.967203'))	01/13/2024, 00:00:00		umoraes		386
	kazuya30@gmail.com	高橋運輸合同会社	藤井 学	1839	741-89-5541	B-	(Decimal('-70.181972'), Decimal('127.424232'))	2021-02-08		qnakamura		367
1945-12-05	maria-alice26@gmail.com	Porto	Henrique Castro	2131	23891406703	A+	(Decimal('-80.994105'), Decimal('-19.749549'))	28 Sep 2023		peixotoisabela		458
2025-03-25	hsantoro@libero.it	Chiesa-Lombroso SPA	Agostino Monte	925	CLMRND62R62F494M	A-	(Decimal('21.7159015'), Decimal('-123.708513'))	29 May 2025	Adult guidance worker	giuseppina63		46
	smatsumoto@gmail.com	合同会社佐々木印刷	鈴木 学	192	003-55-4869	AB-	(Decimal('51.8043285'), Decimal('-11.222672'))	04/28/2020, 00:00:00		mikako05		311
1998-04-26	gustavo03@tim.it	Tamburello SPA	Ermes Tognazzi	950	BSOGLN42L62B897U	O+	(Decimal('-67.6375395'), Decimal('-119.377269'))	06/02/2024, 00:00:00		vercellonialberico		298
1957-07-14	ekato@yahoo.com	合同会社高橋鉱業	山口 直人	1681	448-58-5190	B-	(Decimal('-24.5812275'), Decimal('-132.718905'))	05/09/2022, 00:00:00	検察官	harukamaeda		671
1993-06-23	yasmin38@uol.com.br	Campos - EI	Felipe da Paz	1638	35620849198	AB-	(Decimal('-83.983536'), Decimal('-165.419885'))	2020-02-05		vitor-hugo61		402
	nlovato@libero.it	Malatesta, Acerbi e Comencini s.r.l.	Elmo Lovato	1824	BCCGVN08D60H976F	O-	(Decimal('63.011596'), Decimal('124.707203'))	05 Aug 2019		antoniettagalilei		72
1915-01-07	maysa17@bol.com.br	Sousa Alves S/A	Ana Laura Barbosa	1231	94702163507	AB+	(Decimal('46.313977'), Decimal('81.513764'))	05/25/2020, 00:00:00		davi-lucas12		50
2005-03-20	mirella36@yahoo.com.br	Macedo	Olivia Cunha	1711	79561420830	B-	(Decimal('49.397859'), Decimal('168.079843'))	2022-01-29		vmoraes		482
1974-12-19	falmeida@hotmail.com	Moura	Natália Correia	1037	59381460205	O-	(Decimal('89.2519815'), Decimal('-60.235438'))	2025/06/21		rodrigocassiano		662
1936-10-15	ucostela@ig.com.br	Sousa	Luan Cavalcante	1128	67854310262	AB+	(Decimal('89.8747495'), Decimal('68.367290'))	05/12/2019, 00:00:00	Projetista mecânico	ayla38		293
1927-11-06	akemikobayashi@gmail.com	松田通信合同会社	斎藤 真綾	1832	043-46-0658	AB-	(Decimal('-20.952790'), Decimal('90.688690'))	2018-09-25		hideki01		177
1974-05-30	moechlichensvetlana@yahoo.de	Adler GmbH	Melita Riehl	1617	017-04-0680	O+	(Decimal('72.4114175'), Decimal('29.843330'))	2022/10/08		fiebigmiroslawa		442
1940-03-10	miguelaraujo@bol.com.br	da Rocha	Sophie Rezende	1556	93670185259	A+	(Decimal('28.2636795'), Decimal('92.109841'))	11/04/2022, 00:00:00	Turismólogo	correiayan		697
1960-05-10	lindacrawford@gmail.com	Jennings Inc	Laura Elliott	1180	115-90-0493	B-	(Decimal('-74.165023'), Decimal('-53.935685'))	2024-01-17	Petroleum engineer	jonessharon		499
1982-11-06	knightaustin@hotmail.com	Vaughn, Lynch and Joseph	Denise Allen	1064	772-58-4568	O+	(Decimal('21.9004215'), Decimal('4.688545'))	2021/05/15	Research officer, trade union	curtis81		260
	rogawa@yahoo.com	有限会社高橋運輸	村上 智也	1234	486-07-5297	O+	(Decimal('3.867870'), Decimal('-73.252743'))	2020/04/25		hanako29		135
2000-06-27	tsubasa57@gmail.com	坂本ガス合同会社	近藤 七夏	1342	205-10-7369	O+	(Decimal('-71.7552485'), Decimal('145.591871'))	02/22/2024, 00:00:00	アートディレクター	oyamashita		681
1934-05-13	ferdilinke@gmail.com	Striebitz	Anka Sontag B.A.	1861	266-15-3150	B-	(Decimal('-45.017306'), Decimal('-147.955317'))	2023/09/07		annaliese75		433
	pietracorreia@gmail.com	da Mata	Nathan Monteiro	1798	80539627429	O-	(Decimal('49.948804'), Decimal('-118.174568'))	09/08/2025, 00:00:00	Diretor de fotografia	alexia27		712
	marinacamara@bol.com.br	Mendes Souza e Filhos	Raul Cirino	1792	96458310757	O+	(Decimal('-74.1279815'), Decimal('-97.262399'))	2022-11-10		kalbuquerque		618
2015-09-27	jochenseip@googlemail.com	Niemeier	Ing. Reni van der Dussen MBA.	125	297-15-5577	AB-		18 Mar 2024		eklemm		390
	kdias@gmail.com	Nunes	Emilly da Rocha	1949	24398501606	B+	(Decimal('-26.123162'), Decimal('-15.842162'))	2025/07/28	Físico nuclear	davi-miguel53		286
1921-12-05	santosmaria-laura@gmail.com	Pacheco	Isabel Peixoto	241	52967180467	A+	(Decimal('35.6931995'), Decimal('60.356949'))	2021-06-22		benjamim29		109
	isabellyvieira@yahoo.com.br	Fonseca - ME	Laura Sampaio	1142	12546083970	A+	(Decimal('6.163776'), Decimal('-87.662829'))	11/28/2020, 00:00:00		heloisada-cruz		727
1962-07-10	robert00@hotmail.com	Young-Norris	Andrea Aguilar	1893	298-27-1773	AB-	(Decimal('24.4059725'), Decimal('-39.595896'))	05/05/2024, 00:00:00	Biomedical scientist	jared63		413
	akiraishii@gmail.com	合同会社松田水産	村上 七夏	1692	375-64-6461	O+	(Decimal('-12.115643'), Decimal('-84.410647'))	2020-06-29		satotakuma		364
1923-10-05	louise70@hotmail.de	Junk Bender GmbH & Co. OHG	Tilman Mosemann	1982	844-09-7649	B-	(Decimal('86.523112'), Decimal('-116.458728'))	05/19/2019, 00:00:00		vklemm		125
1940-03-23	doeringslawomir@gmail.com	Rosenow	Willy Metz	207	909-35-8201	A-	(Decimal('17.8044415'), Decimal('-130.513438'))	2021/09/18	Florist	dniemeier		313
1935-10-07	ematsumoto@hotmail.com	株式会社佐藤ガス	村上 修平	2040	580-95-3013	B+	(Decimal('62.323372'), Decimal('-108.235483'))	19 Feb 2023	漫画家	nanaminakamura		143
	meloana-vitoria@ig.com.br	Monteiro e Filhos	Felipe Novais	743	14380795675	O+	(Decimal('4.131344'), Decimal('-160.191757'))	27 Jan 2020		da-conceicaovicente		91
	kobayashiakira@hotmail.com	田中印刷株式会社	中村 直子	308	296-13-3041	A+	(Decimal('-46.865523'), Decimal('-155.117237'))	31 Mar 2025		morirei		589
1993-02-12	tborges@yahoo.com.br	Alves - EI	Dra. Sarah Carvalho	1480	73549162006	AB+		2020/07/18		hduarte		573
2021-01-04	kenichi81@hotmail.com	太田農林有限会社	斎藤 美加子	857	121-77-1564	O+	(Decimal('-65.6467075'), Decimal('-58.296004'))	05/25/2020, 00:00:00		naokisato		709
	isabella37@virgilio.it	Abbagnale SPA	Amadeo Mantegna	843	PLTVRN49B03G467D	B+	(Decimal('-88.310848'), Decimal('6.968694'))	2023-08-22	Broadcast engineer	cubaldi		163
1926-10-25	antonia16@hotmail.it	Brichese-Gabrieli SPA	Ronaldo Lucchesi-Fibonacci	1481	PLLGRG02S17L631W	O-	(Decimal('1.238356'), Decimal('84.811362'))	06/03/2019, 00:00:00		roncalligiovanni		528
1918-10-12	mosemannbela@yahoo.de	Meyer	Dr. Nadja Langern	60	138-76-4011	B+	(Decimal('-0.018321'), Decimal('62.314187'))	04 Jun 2019		ygutknecht		639
1931-11-23	nishimurakenichi@gmail.com	有限会社中島運輸	小林 舞	1017	638-39-1579	B+	(Decimal('25.297003'), Decimal('93.270837'))	11 Feb 2022	検察官	akemi23		660
1986-05-17	yasuhiro11@yahoo.com	山下通信合同会社	山口 浩	1241	069-43-9421	B-	(Decimal('25.691251'), Decimal('-119.505350'))	2019/08/13	高等学校教員	naotoota		601
	heimohauffer@gmail.com	Süßebier Staude AG	Philomena Hein	2062	208-69-0743	AB-	(Decimal('-48.9661965'), Decimal('152.209610'))	2021-01-06		kensymarianne		54
1917-05-12	schmidtayse@web.de	Sontag	Prof. Reinhardt Klapp	1649	089-38-3507	O+	(Decimal('11.799079'), Decimal('-54.465481'))	2021-12-31		heintzebirgit		695
2014-01-28	yoichi48@gmail.com	有限会社岡田銀行	木村 陽子	1900	078-06-6528	O+	(Decimal('38.931726'), Decimal('5.130497'))	07 Sep 2021		ishiiakemi		690
1932-05-25	ramosjose@bol.com.br	Freitas	Maria Vitória Machado	1179	62089571330	AB+	(Decimal('84.4169775'), Decimal('44.491970'))	01/18/2024, 00:00:00		nicole70		362
1997-04-06	kenichi66@gmail.com	鈴木水産株式会社	佐藤 幹	663	409-53-2123	B+	(Decimal('14.0972855'), Decimal('137.575528'))	10/08/2023, 00:00:00		momoko36		81
	arose@hotmail.com	Alvarado-Rodriguez	Jennifer Smith	1502	532-72-6994	O+	(Decimal('-50.8744145'), Decimal('-169.464020'))	2022-09-18		hollowaylynn		327
1985-11-26	henry57@yahoo.com.br	Sales	Dr. Nathan Casa Grande	969	01748925601	AB-	(Decimal('-17.723564'), Decimal('10.592876'))	2022/03/28		kamillyfernandes		114
	sofficiroberta@gmail.com	Rubbia-Tomaselli SPA	Cecilia Righi-Fibonacci	554	TMBNNS06A28I360Y	B-	(Decimal('-16.7686835'), Decimal('173.163642'))	2023-05-17		marcantoniomercalli		209
2022-04-03	naoto50@hotmail.com	合同会社藤井銀行	加藤 陽子	1923	488-13-3755	AB+	(Decimal('-65.504626'), Decimal('46.683948'))	27 Oct 2022	モデル	nkato		145
1969-08-26	klemmgesine@web.de	Gutknecht	Frau Luzie Hering MBA.	1478	056-12-4171	A+	(Decimal('-75.457027'), Decimal('138.340437'))	2021/01/11		jerzymargraf		289
1952-10-11	hbush@hotmail.com	Lopez and Sons	Brooke Hunt	9	524-53-6677	A+	(Decimal('72.7887275'), Decimal('146.455051'))	03/15/2019, 00:00:00		jennifer13		182
	agatha67@web.de	Döhn Huhn Stiftung & Co. KG	Grazyna Anders	1353	587-92-4565	A+	(Decimal('-63.674375'), Decimal('-53.332704'))	05/07/2021, 00:00:00		sybilla71		725
	ewulf@yahoo.de	Hethur AG	Trudel Kreusel	476	760-15-2646	A-	(Decimal('79.704438'), Decimal('-30.734716'))	2019/03/17		ante00		231
1912-01-14	drusodionigi@live.com	Garibaldi Group	Piero Caccianemico-Sibilia	1423	VVNLLT84E26G443E	A-	(Decimal('80.3287095'), Decimal('177.734021'))	2021/04/25	Financial controller	acardano		420
	ivanbertolucci@gmail.com	Salgari, Vecellio e Luzi s.r.l.	Isa Bottigliero	475	GCMBNT96S62A363P	A-	(Decimal('37.3435415'), Decimal('129.716994'))	2023/01/28	Textile designer	donato55		591
1993-07-22	frescobaldigianluigi@virgilio.it	Gramsci s.r.l.	Isa Ortese	630	BGGNCT42M04G076V	O-	(Decimal('79.1189055'), Decimal('-125.431531'))	04/08/2022, 00:00:00		ivan18		223
1912-10-24	cherylclark@gmail.com	Jennings-Woods	Susan Hamilton	747	184-33-9381	A-	(Decimal('13.1870675'), Decimal('-146.021272'))	12 Feb 2024		ocarroll		241
	cabibboliana@gmail.com	Giannetti-Giannuzzi Group	Luca Leblanc	298	BNCDNL73L58D650U	A-	(Decimal('-72.5609925'), Decimal('0.935461'))	2025-07-01	Media buyer	zruberto		309
1987-08-02	ayamamoto@yahoo.com	福田電気株式会社	山本 稔	760	830-62-7815	A+	(Decimal('-13.3245905'), Decimal('-115.777826'))	01/25/2024, 00:00:00	アーティスト	byoshida		633
1969-03-14	thorntonjennifer@yahoo.com	Hatfield, Lewis and Gibson	Nancy Foster	355	818-23-4643	O+	(Decimal('7.589370'), Decimal('62.140494'))	15 Aug 2022		melissa87		298
	yutakobayashi@yahoo.com	株式会社藤田保険	佐藤 くみ子	976	240-04-8419	O-	(Decimal('-88.857685'), Decimal('101.546132'))	13 Jun 2022	漫画家	yoko31		592
1935-07-30	mchechi@hotmail.it	Cammarata-Caffarelli Group	Gianpietro Ottino	1973	RMNGLN72M09E030A	A+	(Decimal('23.5738035'), Decimal('-177.393529'))	21 Sep 2025		rosinamicca		363
	gyamamoto@gmail.com	合同会社坂本建設	遠藤 治	533	054-57-1140	A-	(Decimal('-47.702040'), Decimal('95.696695'))	2024-10-30	航海士	reimaeda		653
1912-09-20	wielochvictor@googlemail.com	Speer AG	Ing. Raimund Radisch B.A.	942	667-31-0657	O-	(Decimal('28.0490275'), Decimal('171.003718'))	04/05/2020, 00:00:00	Pfleger	caecilia33		592
	miuramaaya@hotmail.com	佐々木印刷合同会社	斉藤 篤司	257	328-19-9701	O-	(Decimal('89.0649265'), Decimal('-9.845510'))	2022-12-23		fhashimoto		681
	hpeterson@hotmail.com	Waters-Oneill	Melissa Morgan	942	540-87-2574	A+	(Decimal('73.4956115'), Decimal('-27.529838'))	10/01/2023, 00:00:00	IT consultant	michaelsmith		688
	telemaco00@tele2.it	Marconi, Falcone e Agnesi SPA	Paola Papafava	1976	LBNRND94S70A621X	A+	(Decimal('61.0193545'), Decimal('96.383376'))	16 Aug 2023		ritaccamariana		216
2017-09-19	fulviomarini@virgilio.it	Monaco, Bombieri e Berengario SPA	Mariano Piccio	2045	CCCCSN80P62F473W	O+	(Decimal('-2.551616'), Decimal('-40.870252'))	2023/07/27		xcarducci		131
	marksmith@gmail.com	Hunter-Dixon	Christopher Romero	2068	613-17-3777	O+	(Decimal('21.689866'), Decimal('-137.698728'))	03 Sep 2020		john32		337
1960-10-28	leandromonteiro@gmail.com	Marques S/A	Maria Clara Cardoso	202	45960813793	A+	(Decimal('2.018281'), Decimal('-2.642390'))	08 Apr 2021		pda-paz		378
	ipaffrath@yahoo.de	Atzler e.G.	Cäcilia Mosemann	652	147-07-2540	AB+	(Decimal('76.966105'), Decimal('53.163248'))	20 Oct 2018		yschmidt		485
1984-06-22	abeyoko@yahoo.com	松本運輸株式会社	石井 直人	1422	894-99-3825	AB-	(Decimal('2.0418575'), Decimal('-27.110701'))	26 Apr 2024	調理師	satonaoki		394
	charles08@yahoo.com	Tyler Inc	Brandy White	836	149-67-5067	B+	(Decimal('73.763073'), Decimal('-97.651016'))	23 Apr 2023		nguyenwilliam		62
	carolina30@libero.it	Angiolello e figli	Giorgio Gualtieri	1475	LVRBNC96A28B653D	B+	(Decimal('-88.4947625'), Decimal('-126.062645'))	26 Jul 2020		gustavo39		24
2015-02-06	annunziatavalguarnera@tiscali.it	Pisacane-Argenti e figli	Ninetta Orlando	792	RNLCNT53R06C550W	O-	(Decimal('75.536351'), Decimal('144.910866'))	02/05/2024, 00:00:00		gabrieleboaga		430
2006-12-15	maria-helenasales@ig.com.br	da Paz Casa Grande S/A	Dr. Gabriel da Paz	1662	89240756167	B-	(Decimal('-29.347667'), Decimal('-178.155871'))	2022/12/29		ottocirino		241
	gcainero@tele2.it	Gozzano-Toscanini s.r.l.	Serafina Chiappetta	1289	BCSLSN76R03B107C	AB-	(Decimal('-15.3709755'), Decimal('93.480022'))	2020-10-02		biagio80		230
	gotoyuta@hotmail.com	佐藤農林株式会社	山下 七夏	1904	688-51-7352	O+	(Decimal('14.2976075'), Decimal('67.442546'))	03 May 2020		kobayashisatomi		436
1972-02-03	larissamarques@ig.com.br	Andrade	Eloah Ramos	878	40189532670	B+	(Decimal('71.932273'), Decimal('-43.197088'))	2024/05/28		borgesana-julia		90
1979-05-06	takumayamaguchi@yahoo.com	中村鉱業合同会社	山田 聡太郎	550	862-91-2589	O+	(Decimal('41.931796'), Decimal('72.888513'))	02/17/2021, 00:00:00	司法書士	naokihasegawa		460
1921-07-26	stefanoguidotti@hotmail.com	Redi, Mercalli e Norbiato Group	Marcantonio Gentilini	1080	DRGPRR00B59E055Z	AB-	(Decimal('78.8379135'), Decimal('98.038060'))	2024-03-20	Microbiologist	jgravina		511
	moreiracarolina@yahoo.com.br	Camargo S.A.	Sr. Heitor Vargas	1063	86527304900	O+	(Decimal('60.544299'), Decimal('-109.664339'))	12/25/2023, 00:00:00		mariahandrade		400
1994-12-24	sergius28@tiscali.it	Bondumier, Badoglio e Cadorna Group	Guglielmo Agnesi-Vitturi	886	FNTRNR96S44B064H	AB+	(Decimal('-24.656456'), Decimal('-1.964882'))	17 Feb 2024		canevascinisonia		427
1954-10-13	joshua61@gmail.com	Carr Inc	Cassandra Cooke	58	748-37-1259	A-	(Decimal('61.6697465'), Decimal('66.011140'))	05/14/2020, 00:00:00	Magazine features editor	gary78		188
2015-01-19	arnaldocatalano@live.com	Celentano, Bondumier e Tosi e figli	Pasquale Malpighi	1710	NOIMTT44L52A792A	A-	(Decimal('-43.3041935'), Decimal('-4.283594'))	28 Apr 2020	Sales executive	luca12		341
	laureanocollina@gmail.com	Santoro, Stradivari e Omma s.r.l.	Enzo Mogherini	241	RMZLND25R46D932Q	A+	(Decimal('40.822867'), Decimal('143.454238'))	11 Sep 2019		alberico94		110
2014-06-03	jsilva@hotmail.com	Moreira	Sr. Renan Souza	1715	53174680948	O-		12/24/2020, 00:00:00		alvesliam		705
1985-10-18	bborges@yahoo.com.br	Alves	Mateus Farias	612	91754263070	O-	(Decimal('65.123171'), Decimal('-146.479305'))	2021/02/04	Fundidor de placa de gesso	kmontenegro		116
1934-05-03	enricosouza@gmail.com	Montenegro e Filhos	Dr. Davi Lucca Aragão	544	82437159673	AB-	(Decimal('33.702744'), Decimal('-1.679844'))	2025-09-19	Judoca	isabellaferreira		261
1950-10-04	katokenichi@gmail.com	株式会社山崎建設	木村 真綾	1348	679-63-0755	A-	(Decimal('27.406484'), Decimal('-36.969746'))	2022/02/03	コピーライター	vnakajima		664
2013-01-08	jkusch@yahoo.de	Hiller AG & Co. KGaA	Verena Schottin-Scholz	1001	000-36-9380	A-	(Decimal('-54.767236'), Decimal('-6.873931'))	2024/06/08		pechelgebhard		352
	montenegrojose@gmail.com	Mendes	Ana Laura Moura	1850	89357461264	A+	(Decimal('-48.7474895'), Decimal('-144.345757'))	27 May 2019	Adestrador de animais	riosmurilo		391
2025-03-17	flopes@bol.com.br	Almeida da Conceição S.A.	Pedro Lucas Farias	1442	27450986329	O+	(Decimal('-87.611085'), Decimal('-155.085327'))	2025-04-25		bpires		452
	ashleyhays@yahoo.com	Edwards Group	Jonathan Perez	305	249-80-2976	AB+	(Decimal('-53.8196615'), Decimal('-123.256042'))	2020/11/04	Psychotherapist, child	brenda37		146
	junmurakami@hotmail.com	合同会社中島鉱業	鈴木 直子	57	359-69-8899	AB-	(Decimal('-36.7940185'), Decimal('-138.773426'))	2023/04/13		okadamai		127
1976-02-22	giovanni77@tim.it	Maderna, Ludovisi e Rienzo e figli	Sonia Parri	85	GRNTLL67S60C707H	A-	(Decimal('-1.208229'), Decimal('-3.352622'))	06/04/2024, 00:00:00		gelsomina02		712
1946-10-06	tillmann26@gmail.com	Kaul KGaA	Univ.Prof. Selim Bonbach	1698	825-88-8120	AB+	(Decimal('-7.232465'), Decimal('83.898128'))	2023/03/03		neureuthergaby		183
1945-08-23	kazuyaota@hotmail.com	株式会社斉藤ガス	田中 太郎	939	677-85-5781	A+	(Decimal('15.0021225'), Decimal('25.920720'))	2022/11/23		yukiinoue		667
	rikaabe@gmail.com	田中通信有限会社	佐々木 稔	350	647-44-5679	B+	(Decimal('76.5993405'), Decimal('39.779749'))	02 Jan 2019	ゲームクリエイター	moriyui		22
1956-12-13	alderano62@tiscali.it	Sansoni, Palumbo e Comeriato Group	Leone Asprucci	1573	GLGRMN29L23E156K	B+	(Decimal('72.0444905'), Decimal('-3.193090'))	10/18/2021, 00:00:00	Accountant, chartered	monteverdileopoldo		12
1973-06-05	kda-conceicao@uol.com.br	Peixoto Siqueira - EI	Isabella da Rosa	298	13748625928	AB+	(Decimal('-59.499525'), Decimal('-155.442670'))	2020-10-14		abreugael-henrique		360
1935-06-24	xsousa@yahoo.com.br	Araújo	Mariana da Mata	1975	02491638533	B-	(Decimal('55.575693'), Decimal('118.019226'))	05 Apr 2019		marquesrenan		229
1997-06-01	enricopertini@virgilio.it	Giacometti e figli	Luigina Pedroni-Polesel	445	PZZRNL48H27G022K	O-	(Decimal('-25.2311355'), Decimal('115.783692'))	05/14/2021, 00:00:00	Oncologist	miloesposito		522
1971-05-27	rudolph58@gmx.de	Ernst GmbH	Wolf Krause MBA.	1615	375-66-0647	O+	(Decimal('20.572859'), Decimal('64.378085'))	15 Apr 2022		ayse64		715
1951-09-11	lbender@googlemail.com	Jähn Ruppersberger KGaA	Rüdiger Weihmann	554	976-17-7374	O+	(Decimal('20.8971765'), Decimal('-154.037629'))	18 Mar 2021		ann25		345
1989-11-21	fokada@yahoo.com	有限会社佐藤水産	青木 康弘	2056	204-54-1070	B+	(Decimal('26.2761485'), Decimal('-75.294632'))	06 May 2023		sotaro82		687
1924-01-16	lolita85@fastwebnet.it	Cundari-Calarco Group	Dott. Venancio Muratori	248	PNNGNL52H65C544W	A-	(Decimal('-55.045822'), Decimal('68.812154'))	10 Apr 2022		giacobbe62		151
	erranitonino@alice.it	Sauro s.r.l.	Antonietta Luria	1833	PLMNZE50R68H707D	A-	(Decimal('-23.9460855'), Decimal('63.186221'))	2022/07/13		ynovaro		162
	da-pazdaniela@bol.com.br	Cardoso e Filhos	Enzo Albuquerque	1902	90872413640	O-	(Decimal('-79.479556'), Decimal('-4.479645'))	2020-06-09		rafaelanogueira		304
	sonia57@gmail.com	Samele-Fogazzaro s.r.l.	Loredana Cuomo-Cutuli	356	CGNVTI21R67C717S	O+	(Decimal('-65.313927'), Decimal('115.326469'))	25 Aug 2019		luigi84		28
	ogriffith@yahoo.com	Tucker Ltd	Caroline Sanford	2053	822-33-2774	O-	(Decimal('-0.800275'), Decimal('-19.850181'))	2019/08/01	Hospital pharmacist	robertcollins		238
2003-09-28	molly82@gmail.com	James, Moran and Shaw	Christine Garcia	107	428-73-6645	O-	(Decimal('-67.2877275'), Decimal('116.391113'))	2019-09-13		clarkandrew		644
	douglas24@yahoo.com	Brown-Collins	Ryan Morris	2035	888-95-3969	A-	(Decimal('41.268186'), Decimal('-17.845674'))	05/02/2020, 00:00:00		zlong		440
2018-11-06	leoncavallolisa@hotmail.com	Stradivari-Borromini SPA	Bianca Antelami	1879	BBTRMI10B22C696C	O-	(Decimal('-4.803566'), Decimal('-49.964466'))	08 Feb 2019		ranieriscarlatti		644
1960-11-07	rafaelaaparecida@gmail.com	Nascimento	Carolina Vieira	1129	59874021667	B-	(Decimal('30.7306215'), Decimal('32.492217'))	2025-07-10		mcosta		79
1938-09-24	brayan72@uol.com.br	da Paz	Dra. Ísis Macedo	1783	12703956452	O-	(Decimal('-39.216019'), Decimal('-35.440851'))	02 Mar 2023		mda-mata		189
2018-03-10	pfattori@fastwebnet.it	Taliani e figli	Sig.ra Cristina Raurica	1190	VNTRFL29T07D871W	A-	(Decimal('-41.631942'), Decimal('-76.627531'))	2024/07/18	Television floor manager	beatrice78		643
1967-02-25	riccardibianca@gmail.com	Schicchi, Piazzi e Errigo s.r.l.	Valerio Orsini	1494	CMNNTA73S28H777J	AB-	(Decimal('41.330966'), Decimal('121.393483'))	16 Oct 2020	Wellsite geologist	fiorino73		349
	giuseppinagaribaldi@yahoo.com	Medici e figli	Girolamo Ficino	1472	PRTLGU99A63H447F	O-	(Decimal('28.497515'), Decimal('-28.137574'))	09 Jul 2019		giacintosorrentino		227
1932-05-21	morena84@tele2.it	Garrone SPA	Calogero Bersani	1363	BNGLBT33B46A178J	AB-	(Decimal('76.0406405'), Decimal('108.190355'))	2021-12-14	Lexicographer	sgarbimanuel		563
2018-12-04	leaobenjamim@uol.com.br	Araújo Rocha S.A.	Sr. Théo Pires	1613	65837421955	B+	(Decimal('-62.151701'), Decimal('75.528240'))	2021-12-27		borgesmaria		4
	michael72@gmail.com	Smith, Gomez and Sanders	Micheal Williams	612	413-08-7343	AB+	(Decimal('40.8988065'), Decimal('125.166404'))	10 Aug 2021		garciajennifer		547
	richard28@hotmail.com	Lopez PLC	Tara Ross	1184	243-68-3354	A-	(Decimal('57.532051'), Decimal('-84.154517'))	28 Oct 2018	Medical secretary	harrisshelby		103
	ryosukesasaki@hotmail.com	伊藤印刷合同会社	吉田 涼平	1561	579-75-7833	A-	(Decimal('-33.536984'), Decimal('30.725330'))	06/05/2022, 00:00:00	行政書士	fgoto		616
2025-06-07	sramos@hotmail.com	Lloyd, Nelson and Drake	Katherine Williams	1473	469-44-0592	B-	(Decimal('68.4369045'), Decimal('-67.055534'))	2019/07/13		vmcdonald		19
	jun66@gmail.com	高橋ガス株式会社	三浦 知実	1703	613-77-4031	A+	(Decimal('24.8682735'), Decimal('166.801886'))	2019-07-24	救急救命士	yamaguchimomoko		373
1915-05-29	waldemarrogge@yahoo.de	Eigenwillig	Manfred Langern	1757	507-01-9921	A+	(Decimal('-52.8618055'), Decimal('-131.439730'))	2020/11/09		alfonso20		438
	erick69@gmail.com	Câmara e Filhos	Dr. Ravy Barros	1703	72018935488	B+	(Decimal('21.928701'), Decimal('7.264490'))	2021-02-01	Estivador	casa-grandesamuel		577
	caponemartino@vodafone.it	Tommaseo, Anguissola e Zamorani Group	Dario Garozzo	552	SPRLLT90R21L656Q	A+	(Decimal('31.8248635'), Decimal('125.555464'))	2022/07/29	Illustrator	magnaniezio		400
	patbergfrancisco@yahoo.de	Johann GmbH	Christiane Gröttner-Oderwald	986	916-09-8267	A+	(Decimal('47.7065045'), Decimal('-171.356434'))	02/19/2022, 00:00:00		haufferreiner		475
2002-08-07	adam62@hotmail.com	Miller-Garrett	Kayla Velez	1031	244-13-1762	B+	(Decimal('-23.3402715'), Decimal('116.280267'))	10/31/2019, 00:00:00		ufields		150
1947-05-01	irena24@web.de	Harloff Conradi GmbH & Co. KG	Kunigunda Etzler	370	248-24-2880	AB-	(Decimal('-52.2710535'), Decimal('12.910405'))	02/07/2022, 00:00:00	Bankkaufmann	kadesylwia		688
	burghardmaelzer@yahoo.de	Ziegert	Prof. Eckart Wernecke B.A.	1308	840-58-5532	O-	(Decimal('-41.086260'), Decimal('161.005410'))	25 Jan 2020		ystoll		245
	laura06@hotmail.com	Iannucci Group	Natalia Parisi-Tuzzolino	919	SNGLDC41L53L673W	O+	(Decimal('61.713575'), Decimal('55.620716'))	2022-05-01	Development worker, international aid	mercedes94		295
1913-11-13	cbanks@hotmail.com	Reynolds-Stewart	Cassandra Elliott	1092	898-88-9386	B-	(Decimal('38.095058'), Decimal('24.364357'))	12/30/2023, 00:00:00	Fitness centre manager	browntony		441
1975-10-30	christopher40@gmail.com	Haney-White	John Graves	1016	070-59-5744	A-	(Decimal('70.6225145'), Decimal('-142.051877'))	2020-08-01	Teacher, early years/pre	pamela01		152
2004-01-01	julia71@bol.com.br	Duarte Araújo - EI	Sra. Ana Júlia Fonseca	1884	65702493125	A-	(Decimal('-21.997259'), Decimal('72.098877'))	2024-05-09		alexia82		224
	matthewsaunders@gmail.com	Hopkins Inc	Matthew Rodriguez	1394	792-99-2996	AB-	(Decimal('34.9656125'), Decimal('-50.984000'))	2024-01-17		fbennett		159
	gotohanako@yahoo.com	有限会社田中運輸	伊藤 真綾	879	482-05-8742	A+	(Decimal('-19.332627'), Decimal('-68.035054'))	25 Apr 2020	歯科医師	qkobayashi		94
2004-05-14	sarah84@hotmail.com	Smith, Evans and Stevens	Brian Garcia	250	313-45-0836	O-	(Decimal('-32.8511945'), Decimal('-165.006518'))	2019-05-26		zfowler		449
1984-08-28	ramseygregg@hotmail.com	Greene, Hopkins and Grimes	Erica Murillo MD	1669	691-73-6289	AB+	(Decimal('-88.8616075'), Decimal('128.065627'))	2020/07/28		terri91		296
1910-02-07	brightjohn@gmail.com	Colon-Mcdonald	Ariana Boyer	452	476-87-3259	A-	(Decimal('56.436268'), Decimal('-115.713843'))	03/31/2022, 00:00:00		kyle61		404
2013-09-09	xbutte@googlemail.com	Thanel Rohleder KG	Univ.Prof. Pamela Eberhardt	1957	663-25-6683	B-	(Decimal('-14.1245745'), Decimal('154.169392'))	2024-01-04		friedrich-karl84		423
1989-11-05	ethan12@hotmail.com	Oliver-Ramirez	Henry Bridges	1023	843-39-9246	AB-	(Decimal('-31.7722035'), Decimal('-67.743559'))	04 Apr 2019	Glass blower/designer	martin83		415
1919-09-19	lbrady@hotmail.com	Carson-Smith	Barbara Mann MD	233	661-02-0984	O-	(Decimal('-69.295914'), Decimal('73.933172'))	02/09/2022, 00:00:00		robertfarrell		316
	brandi27@yahoo.com	Lewis, Jenkins and Jones	Kayla Palmer	1919	824-53-6847	AB+	(Decimal('-29.227167'), Decimal('13.361150'))	2021-08-26	Health physicist	tchapman		129
	nanamisaito@gmail.com	有限会社岡田運輸	林 智也	230	002-32-3747	A+	(Decimal('7.9448425'), Decimal('-35.191865'))	2022/02/05	薬剤師	zkato		37
	pedrazzinidanilo@tele2.it	Veltroni s.r.l.	Gianpietro Ritacca	1023	GRMVNS99D01A076N	AB+	(Decimal('-35.2079865'), Decimal('114.670995'))	29 Jan 2023		cgori		716
	dsouza@bol.com.br	Pimenta	Srta. Lívia da Cruz	721	51870926340	AB+	(Decimal('-18.199560'), Decimal('179.077193'))	05 Nov 2018		stellateixeira		690
	hannah62@hotmail.com	Mcdaniel LLC	Daniel Long	1239	891-52-8609	A+	(Decimal('-8.6715105'), Decimal('174.750626'))	15 May 2025		farmstrong		215
1930-09-19	mai48@gmail.com	鈴木建設合同会社	松本 裕太	4	282-23-6098	O+	(Decimal('-50.5274095'), Decimal('128.031585'))	02 Jun 2025	運転士	ryoshida		690
2018-09-24	dylan87@hotmail.com	Mann and Sons	Rebecca Juarez	1276	450-32-1229	A+	(Decimal('-79.867817'), Decimal('62.007398'))	03/19/2025, 00:00:00		ksimmons		663
	satomi12@hotmail.com	佐藤電気合同会社	前田 淳	1850	027-34-5678	AB+	(Decimal('-41.4090495'), Decimal('-100.991344'))	24 Dec 2021		yuki30		17
	larry13@hotmail.com	Drake-Ward	Pamela Boyd	167	250-84-3795	A+	(Decimal('89.3341475'), Decimal('-73.702878'))	12/19/2022, 00:00:00		zyoung		70
2022-03-05	suzukimaaya@yahoo.com	小川水産合同会社	伊藤 舞	991	572-32-1841	AB-	(Decimal('88.267997'), Decimal('70.040794'))	17 Sep 2025		momoko83		552
	morgan95@gmail.com	Ortiz, Gray and Woods	Jacob Medina	776	251-63-2319	B+	(Decimal('32.0902485'), Decimal('-74.941410'))	05 Mar 2022		rebecca88		550
1941-12-09	panicucciguglielmo@gmail.com	Piovani-Gabbana SPA	Geronimo Zaguri	181	CPNMRL99B51H535M	A+	(Decimal('34.604608'), Decimal('-84.914961'))	2024-04-17		annettagotti		85
2018-11-09	suzanne35@yahoo.com	Peters, Williams and Rowe	James Delgado	474	856-27-2869	AB+	(Decimal('-38.5793595'), Decimal('62.810158'))	2023-03-05		sbrennan		11
	naoko83@gmail.com	有限会社岡田ガス	斉藤 充	206	082-13-5796	O-		2019-09-04		suzukimomoko		158
1937-04-04	laragranatelli@poste.it	Collina-Nibali Group	Dott. Ottone Frescobaldi	654	NCLPLN80P20B229I	A-	(Decimal('-19.5204855'), Decimal('49.650285'))	2022/09/08		nadiamocenigo		168
	nsuzuki@yahoo.com	山田保険株式会社	石川 涼平	1898	324-49-2937	A-	(Decimal('-51.426174'), Decimal('135.451753'))	2024-07-13	演歌歌手	junsuzuki		50
	pintoemanuelly@uol.com.br	da Mota Marques S/A	Murilo Fogaça	1889	31689752068	A+	(Decimal('-89.2448255'), Decimal('-76.631511'))	08/31/2024, 00:00:00		lucas47		590
2005-06-09	hporzio@hotmail.it	Totino SPA	Amalia Fagotto	563	FLRSVD94L59I221D	B+	(Decimal('-29.322189'), Decimal('94.845171'))	2018/10/24	Event organiser	ydellucci		393
	mariewheeler@yahoo.com	Phillips, Robinson and Myers	Alan Reynolds	1913	663-90-0631	B-	(Decimal('-84.506367'), Decimal('127.998630'))	2025/05/01		bjames		323
1914-06-04	woodsjeffrey@yahoo.com	Duran-Clark	James Mata	790	117-27-2145	O+	(Decimal('-71.300306'), Decimal('-165.231042'))	2025-08-28		trevinochristopher		698
	pereiracatarina@bol.com.br	Novais	Rafael Pastor	977	38695124746	A-	(Decimal('-73.836154'), Decimal('11.867427'))	01/03/2019, 00:00:00		oda-rosa		554
	tiffanylopez@gmail.com	Chen, Welch and Medina	Michelle Brown	1063	637-59-3342	B-	(Decimal('34.579310'), Decimal('4.733482'))	07/16/2022, 00:00:00	Surveyor, commercial/residential	tgardner		451
2017-10-27	ida-rosa@ig.com.br	Fonseca	Aylla Barbosa	1071	54982031606	A+	(Decimal('55.8621725'), Decimal('76.531222'))	08/11/2025, 00:00:00		cmendonca		321
1959-07-13	oliviaduarte@gmail.com	Garcia	Davi Silveira	1302	37162598021	A+	(Decimal('88.069627'), Decimal('77.546028'))	2025/06/27	Mestre-de-obras	uleao		10
2024-07-06	rosaria79@live.com	Tassoni-Bottaro s.r.l.	Annalisa Rossetti	1051	FRRLFA75M43I445R	B+	(Decimal('23.813929'), Decimal('108.811376'))	03/23/2021, 00:00:00		pdelle		56
	lmocenigo@vodafone.it	Cociarelli, Bragaglia e Gabbana SPA	Maria Cammarata-Spinola	1668	RCCRTI01L19A491W	O+	(Decimal('-26.6987015'), Decimal('-26.411422'))	2021/12/26		onioedoardo		309
	asuka78@yahoo.com	田中ガス有限会社	加藤 加奈	1836	875-50-5518	O-	(Decimal('-10.6330205'), Decimal('0.281818'))	07/19/2021, 00:00:00	高等学校教員	manabu78		476
	ryamamoto@gmail.com	有限会社井上ガス	山田 結衣	969	678-85-8997	B-	(Decimal('64.667698'), Decimal('-139.899621'))	2023/05/15		asuka43		563
	anthony32@yahoo.com	Dixon PLC	Roger Tucker	1549	876-34-3464	AB+	(Decimal('-0.6470795'), Decimal('17.295197'))	09 Dec 2021	Animal technologist	xhayes		712
	cabe@gmail.com	西村銀行株式会社	田中 修平	972	172-19-4976	A+	(Decimal('30.826360'), Decimal('16.978433'))	2019/12/23	脚本家	kazuyayamaguchi		566
1982-12-03	bernardoungaretti@gmail.com	Baresi, Rismondo e Fischetti SPA	Giulia Salvo	1684	CCCRBT96S46L771L	B-	(Decimal('-52.011899'), Decimal('65.295844'))	2025-04-09		vergerioleonardo		359
1974-12-24	giessayse@gmx.de	Heß	Gunar Christoph	181	187-19-8773	O+	(Decimal('-61.0242005'), Decimal('-167.356725'))	2022-12-22		jklingelhoefer		470
1926-12-22	raimondo83@libero.it	Moretti s.r.l.	Uberto Tozzi	1924	PSQNPN86H54F214C	B-	(Decimal('-15.792543'), Decimal('159.924528'))	08/21/2021, 00:00:00		natalia27		354
	wviola@gmail.com	Catenazzi SPA	Lauretta Cendron	714	BLDTNI42E14D208S	AB-	(Decimal('49.078113'), Decimal('-30.524739'))	08/09/2020, 00:00:00	Commercial/residential surveyor	jacopo93		414
1956-06-15	yowens@yahoo.com	Allen Ltd	Samantha Morrison	1799	303-57-0971	O-	(Decimal('1.933716'), Decimal('-132.840839'))	20 Dec 2018	Advice worker	michael67		377
	gregorynicholson@yahoo.com	Brown, Woods and Williams	Jonathan Holt	1791	797-69-3256	A-	(Decimal('-7.908608'), Decimal('104.426548'))	2023/06/02		stokesdaniel		196
1924-11-02	xlange@googlemail.com	Loos	Wiltrud Gnatz	1024	591-49-2827	B-	(Decimal('-33.495545'), Decimal('72.838448'))	2024-04-19		qjunitz		214
1969-11-01	rika42@gmail.com	合同会社山田銀行	佐藤 和也	28	353-37-1569	B-	(Decimal('-39.7358115'), Decimal('-157.038734'))	06 May 2022	公務員	yukifujii		578
	sabe@hotmail.com	鈴木銀行株式会社	吉田 桃子	835	282-24-0767	O-		15 Dec 2019		matsumotoyosuke		664
2013-03-19	anamartins@bol.com.br	Macedo	Lara Siqueira	84	01628543906	AB-	(Decimal('-29.2827375'), Decimal('-119.799833'))	2018-11-13		pporto		438
1932-12-17	gutknechthans-jochen@gmail.com	Heß OHG mbH	Dr. Gitte Schinke	1857	218-67-7681	AB+	(Decimal('-47.0769425'), Decimal('29.769839'))	2021/05/10	Pilot	willibert04		259
1937-11-11	yamazakiatsushi@gmail.com	佐々木水産合同会社	岡本 直人	526	047-48-0536	A-	(Decimal('-46.298668'), Decimal('-110.097712'))	2021/12/26		hidekiishikawa		601
	asukanakamura@yahoo.com	佐藤水産合同会社	池田 桃子	347	471-99-9801	A-	(Decimal('87.8452315'), Decimal('49.587148'))	2019-12-09		endomai		248
	haileytorres@gmail.com	Adams, Holmes and Hughes	Julia George	1071	086-38-2244	A-	(Decimal('33.673448'), Decimal('82.195686'))	14 Jul 2024		jared41		137
	mercadantedomenico@tiscali.it	Chindamo s.r.l.	Dario Tebaldi	2070	PROGSN70M54D630D	AB+	(Decimal('-62.440323'), Decimal('-73.449141'))	12/15/2024, 00:00:00	Surveyor, planning and development	wabatantuono		360
1925-05-16	claricearaujo@hotmail.com	Oliveira	Francisco Fogaça	1803	45036791800	B+	(Decimal('-56.730511'), Decimal('-159.691131'))	14 Oct 2019		emilly45		18
	carriewilliams@hotmail.com	Fleming, Thomas and Cook	Stephanie Morris	790	398-03-7957	A+	(Decimal('-66.8775095'), Decimal('-22.100374'))	2020/09/21		lhernandez		535
1924-08-29	fujiitaichi@gmail.com	合同会社遠藤電気	高橋 裕美子	184	841-01-4770	O+	(Decimal('35.450325'), Decimal('-128.431886'))	02 Nov 2021		fujitahiroshi		245
1957-01-28	loredangioffre@yahoo.com	Paltrinieri-Ferrata s.r.l.	Dott. Roberta Fantoni	1520	RCLRSL18C07F137F	AB-	(Decimal('-5.450876'), Decimal('102.179924'))	01/19/2023, 00:00:00		biagibettina		434
2003-10-22	marcelofogaca@hotmail.com	da Cunha Casa Grande Ltda.	Dra. Stephany Machado	604	58291074305	B+	(Decimal('-78.3846655'), Decimal('-63.039603'))	30 Jun 2023		cgomes		517
1960-08-15	ranieri92@hotmail.com	Zarlino, Alboni e Ruberto s.r.l.	Giuliana Bompiani	48	BRNMRC04L64L716X	AB+		2025/09/12		bongiornolucio		379
1995-05-29	beatrice54@yahoo.de	Dietz Junken GmbH	Hanna Wirth	507	110-93-0642	A+	(Decimal('-15.2882165'), Decimal('-11.394677'))	24 Mar 2021		paulamuehle		344
	nakajimaakemi@gmail.com	株式会社山下情報	田中 健一	2091	742-67-2803	AB-	(Decimal('-1.662457'), Decimal('-60.020018'))	06 Feb 2019		aokihideki		251
	nibaligastone@libero.it	Martinelli-Sermonti SPA	Severino Gargallo-Bocelli	1301	FRMNDD82R06E912Q	O+	(Decimal('-19.788513'), Decimal('148.935488'))	2022-03-16		pinamalaparte		420
1969-04-09	palladiodonatella@outlook.com	Visconti, Crespi e Varano e figli	Nicoletta Cipolla-Gadda	26	NNTMLD96E30G163V	AB-	(Decimal('-49.5165535'), Decimal('75.761548'))	2023/07/21		dionigirocca		714
1950-12-14	sagergislinde@gmail.com	Beer	Helmut Faust	131	898-63-1241	B+	(Decimal('87.029404'), Decimal('-1.496812'))	2023-02-21	Forstwirt	swen33		343
1911-11-04	ana-luiza24@ig.com.br	Costela	Juliana Cavalcanti	1533	41920875611	A-	(Decimal('41.7190495'), Decimal('103.696404'))	2024/07/10		da-costaluan		329
1991-01-05	albericocappelli@gmail.com	Tarchetti-Nievo e figli	Maurilio Guariento	1328	PCCDNI08A27L673G	A+	(Decimal('-83.1809485'), Decimal('4.780636'))	01/22/2021, 00:00:00		romeo58		243
1930-06-05	fujiwarananami@hotmail.com	有限会社池田情報	佐藤 浩	648	344-24-0177	B-	(Decimal('68.3910265'), Decimal('-93.819421'))	2022-04-27		takumasaito		660
1968-08-18	enniocastelli@gmail.com	Tartaglia, Mazzocchi e Alfonsi SPA	Bartolomeo Petrucci	707	CRMRSN04D12E155S	B+	(Decimal('-17.7198025'), Decimal('108.990776'))	03 Jun 2021		gaetano18		281
	sarasimpson@gmail.com	Edwards LLC	Isaiah Harris	1069	016-97-1132	A+	(Decimal('82.4172095'), Decimal('-177.950368'))	2022/10/12		ravenspence		494
2000-04-17	mariana87@gmail.com	Souza	Sofia Caldeira	2070	98640521360	A+	(Decimal('-10.8363615'), Decimal('-170.043676'))	08 Jul 2023		daniel87		401
	schuelerclemens@gmail.com	Weitzel Lange AG	Elmar Hahn-Lange	1654	014-30-1112	B+	(Decimal('34.892496'), Decimal('-143.481784'))	07/09/2025, 00:00:00	Bäcker	gunda70		443
	brunomantegazza@virgilio.it	Pacetti, Monduzzi e Pulci e figli	Armando Pavarotti	2102	ZGRDLS22P12I667U	O-	(Decimal('89.4924775'), Decimal('-173.167597'))	10 Apr 2024		tvolterra		622
1924-04-27	luca34@hotmail.it	Gualandi-Serlupi e figli	Dott. Silvia Sgarbi	1395	SCTLME38C64B514Q	AB+	(Decimal('23.097725'), Decimal('-48.693651'))	2019-11-08	Mental health nurse	qbonino		285
1911-12-08	heinz-wernergnatz@web.de	Zänker Schmidt KG	Zenta auch Schlauchin-Haering	2073	517-26-2555	O+	(Decimal('-48.188778'), Decimal('150.724728'))	24 Nov 2020		rolandhiller		401
	oatzler@googlemail.com	Pärtzelt GbR	Natascha Kallert-Kobelt	894	102-68-5554	O+	(Decimal('57.487820'), Decimal('-85.320641'))	11/13/2023, 00:00:00	Drogist	ehlertole		391
1984-11-28	larissa26@gmail.com	Castro	Dante Aragão	2131	48019657258	O-	(Decimal('28.3861855'), Decimal('138.919628'))	2020/02/09		laura56		364
	ikedarei@gmail.com	有限会社中村通信	前田 零	1621	208-34-7934	O+	(Decimal('-11.9394125'), Decimal('17.492913'))	02 Feb 2024		kinoue		683
1939-09-23	mikakokimura@yahoo.com	有限会社渡辺通信	森 知実	1900	483-58-2243	B+	(Decimal('-5.134155'), Decimal('-78.007105'))	04/30/2022, 00:00:00		hidekikobayashi		88
1941-02-08	momoko46@gmail.com	株式会社山口銀行	阿部 あすか	2001	375-02-3978	B+	(Decimal('35.3647485'), Decimal('58.498464'))	2023-02-04		fmurakami		344
1954-01-27	amy00@yahoo.com	Reyes, Evans and Young	Ryan Fields	233	404-17-4853	B+	(Decimal('-86.195023'), Decimal('111.039437'))	2021/09/26	Actor	sjones		502
	billy02@hotmail.com	Weaver-Rodriguez	Susan Maldonado	565	499-66-8195	A-	(Decimal('-70.1880835'), Decimal('29.125795'))	28 Dec 2021		ambercarr		588
1960-08-28	rudi09@yahoo.de	Köhler AG	Robert Karge	1832	744-54-8366	B+	(Decimal('38.235176'), Decimal('-171.883631'))	12 Feb 2019		carolinefliegner		145
1967-07-27	maisato@gmail.com	藤田農林株式会社	高橋 裕太	0	595-32-1685	AB+	(Decimal('-47.4460345'), Decimal('-76.591092'))	01/10/2021, 00:00:00	お笑い芸人	atsushitakahashi		259
2000-10-18	modianocirillo@alice.it	Missoni e figli	Tatiana Malacarne	2006	STRHGU69D60G150B	B+	(Decimal('-24.6195865'), Decimal('-67.103367'))	2019/02/14		scadutoserafina		127
	copelandjennifer@hotmail.com	Thomas PLC	Matthew Hayes	372	173-71-9064	O+	(Decimal('-28.7607285'), Decimal('88.002136'))	2020/11/28		brandonwilliams		96
1917-10-21	scott29@hotmail.com	Horton, Wallace and Mcdowell	Melissa Riley	173	875-81-7407	AB+	(Decimal('56.890581'), Decimal('35.598789'))	03/06/2022, 00:00:00		fmiller		114
	rgerlach@googlemail.com	van der Dussen	Emin Eimer	785	102-68-1748	AB-	(Decimal('-44.974430'), Decimal('-13.395199'))	12 May 2020		gotthilf27		614
2020-05-17	mituru17@hotmail.com	有限会社伊藤ガス	阿部 健一	454	051-94-7727	A+		2018-11-01		yosuketakahashi		106
